COD_ACIDENTE;DATA;LOG1;LOG2;NUMERO;BAIRRO;AMC;NATUREZA;ILUMINACAO;TEMPO;SUPERFICIEPISTA;TIPOCRUZAMENTO;CONTROLETRAFEGO;USOSOLO;MORTOS;FERIDOS;ILESOS;MOTOCICLETA;AUTOMOVEL;MICROONIBUS;CAMINHAO;ONIBUS;CICLOMOTOR;BICICLETA;OUTROS;TREM;TRACAOANIMAL;COORDENADAS
366002;2020-12-24 20:41:00;AVENIDA GODOFREDO MACIEL, 5959;, ; 5959;;;Atropelamento;;;;Meio de Quadra;;Longo da via;0;1;0;0;1;0;0;0;0;0;0;0;0;(-38.579662 -3.826977);
364658;2020-12-24 20:35:00;RD CE-060, ;, ; ;;;Atropelamento;;;;;;Longo da via;0;1;1;0;1;0;0;0;0;0;0;0;0;(-38.582111 -3.834064);
365013;2020-12-24 20:30:00;RUA NUNES FEIJO, ;RUA LUCIANO ALVES, ; ;;;Colisão;;Bom;Seca;Cruz;Não Há Controle;Cruzamento;0;2;0;0;1;0;0;1;0;0;0;0;0;(-38.509431 -3.845352);
366001;2020-12-24 20:12:00;AVENIDA JOAO PESSOA, ;AVENIDA CARNEIRO DE MENDONCA, ; ;;;Colisão;;;;T;Semáforo;Cruzamento;0;2;0;0;1;0;0;0;0;1;0;0;0;(-38.559808 -3.767222);
365177;2020-12-24 20:10:00;RD BR 116, 4000;, ; 4000;;;Atropelamento;;;;Meio de Quadra;;Longo da via;0;1;1;0;1;0;0;0;0;0;0;0;0;(-38.503869 -3.802354);
366000;2020-12-24 20:06:00;RD BR 116, ;, ; ;;;Atropelamento;;;;Meio de Quadra;;Longo da via;0;1;0;0;1;0;0;0;0;0;0;0;0;(0 0);
365999;2020-12-24 19:47:00;RUA GUSTAVO SAMPAIO, 3644;, ; 3644;;;Atropelamento;;;;Meio de Quadra;;Longo da via;0;1;0;1;0;0;0;0;0;0;0;0;0;(0 0);
365169;2020-12-24 18:50:00;RUA JOAO CORDEIRO, ;RUA ROCHA LIMA, ; ;;;Colisão;;;;Cruz;Pare;Cruzamento;0;2;0;1;1;0;0;0;0;0;0;0;0;(-38.517275 -3.738);
365998;2020-12-24 18:39:00;RUA NUNES FEIJO, 1710;, ; 1710;;;Colisão;;;;Meio de Quadra;;Longo da via;0;2;0;0;1;0;0;1;0;0;0;0;0;(-38.50966 -3.8453);
365997;2020-12-24 18:05:00;RUA POMPILIO GOMES, 1866;, ; 1866;;;Atropelamento;Anoitecer;;;Meio de Quadra;;Longo da via;0;1;0;1;0;0;0;0;0;0;0;0;0;(-38.5212437 -3.82814225);
365996;2020-12-24 18:00:00;RUA ESTADO DO RIO, 611;, ; 611;;;Atropelamento;Anoitecer;;;Meio de Quadra;;Longo da via;0;1;0;1;0;0;0;0;0;0;0;0;0;(-38.569118 -3.75574793);
365995;2020-12-24 17:49:00;AVENIDA GAL OSORIO DE PAIVA, ;, ; ;;;Colisão;Anoitecer;;;Meio de Quadra;;Longo da via;0;2;0;1;1;0;0;0;0;0;0;0;0;(0 0);
365994;2020-12-24 17:48:00;AVENIDA JOAO PESSOA, ;RUA VILA LOBOS, ; ;;;Colisão;Anoitecer;;;T;Pare;Cruzamento;0;2;0;1;1;0;0;0;0;0;0;0;0;(-38.561439 -3.771198);
364657;2020-12-24 17:40:00;RD CE-040, ;, ; ;;;Colisão;Anoitecer;;;Meio de Quadra;;Longo da via;0;0;2;0;2;0;0;0;0;0;0;0;0;(-38.47606989 -3.84962623);
365424;2020-12-24 17:25:00;RUA VICENTE LEITE, ;AVENIDA ANTONIO SALES, ; ;;;Colisão;Anoitecer;;;Cruz;Pare;Cruzamento;0;2;0;1;1;0;0;0;0;0;0;0;0;(-38.498468 -3.746656);
365173;2020-12-24 17:00:00;AVENIDA DR SILAS MUNGUBA, ;RUA CASIMIRO DE ABREU, ; ;;;Colisão Traseira;Anoitecer;Bom;Seca;T;Semáforo;Cruzamento;0;2;1;1;1;0;0;0;0;0;0;0;0;(-38.560637 -3.779395);
365993;2020-12-24 16:43:00;RUA TEODOMIRO DE CASTRO, 6192;, ; 6192;;;Colisão;Luz do Dia;;;Meio de Quadra;;Longo da via;0;2;0;0;1;0;0;1;0;0;0;0;0;(-38.57537 -3.7174);
365168;2020-12-24 16:30:00;AVENIDA DIOGUINHO, 4740;, ; 4740;;;Atropelamento;Luz do Dia;Bom;Seca;Outros;;Longo da via;0;2;0;0;1;0;0;0;0;0;0;0;0;(-38.445668 -3.756506);
365992;2020-12-24 16:24:00;AVENIDA DIOGUINHO, 4740;, ; 4740;;;Atropelamento;Luz do Dia;;;Meio de Quadra;;Longo da via;0;1;0;0;1;0;0;0;0;0;0;0;0;(-38.445668 -3.756506);
365011;2020-12-24 15:45:00;RUA EUZEBIO DE QUEIROS, ;RUA DOM CARLOTO TAVORA, ; ;;;Colisão;Luz do Dia;Bom;Seca;Cruz;Pare;Cruzamento;0;2;0;1;1;0;0;0;0;0;0;0;0;(-38.555338 -3.770181);
365174;2020-12-24 15:30:00;RUA ARI MAIA, ;RUA XAVIER DA SILVEIRA, ; ;;;Colisão Lateral;Luz do Dia;Bom;Seca;Cruz;Pare;Cruzamento;0;2;1;1;1;0;0;0;0;0;0;0;0;(-38.62288 -3.78912);
365990;2020-12-24 15:10:00;AVENIDA PRS COSTA E SILVA, ;, ; ;;;Colisão;Luz do Dia;;;Meio de Quadra;;Longo da via;0;2;0;1;1;0;0;0;0;0;0;0;0;(0 0);
365171;2020-12-24 14:45:00;RUA ALBERTO MAGNO, ;TRAVESSA ALBERTO MAGNO, ; ;;;Colisão Lateral;Luz do Dia;Bom;Seca;Cruz;Semáforo;Cruzamento;0;1;1;1;1;0;0;0;0;0;0;0;0;(-38.54754 -3.76206);
365009;2020-12-24 14:30:00;RUA IRM BAZET, ;RUA JOAO FIRMINO, ; ;;;Colisão Lateral;Luz do Dia;Bom;Seca;Cruz;Pare;Cruzamento;0;0;1;0;2;0;0;0;0;0;0;0;0;(-38.554308 -3.762808);
365172;2020-12-24 13:15:00;RUA MARGARIDA DE QUEIROZ, ;RUA TEOFREDO GOIANA, ; ;;;Colisão Lateral;Luz do Dia;Bom;Seca;Cruz;Pare;Cruzamento;0;2;0;1;1;0;0;0;0;0;0;0;0;(-38.503091 -3.793757);
365989;2020-12-24 12:52:00;RUA VINICIUS DE MORAES, 1955;, ; 1955;;;Queda;Luz do Dia;;;Meio de Quadra;;Longo da via;0;1;0;1;0;0;0;0;0;0;0;0;0;(-38.63191 -3.80527);
365988;2020-12-24 12:42:00;AVENIDA D CJ JOSE WALTER, ;, ; ;;;Colisão;Luz do Dia;;;Meio de Quadra;;Longo da via;0;2;0;0;2;0;0;0;0;0;0;0;0;(0 0);
365978;2020-12-24 12:19:00;AVENIDA GODOFREDO MACIEL, 3420;, ; 3420;;;Colisão;Luz do Dia;;;Meio de Quadra;;Longo da via;0;2;0;1;1;0;0;0;0;0;0;0;0;(-38.57257667 -3.804988167);
365977;2020-12-24 12:15:00;AVENIDA WASHINGTON SOARES, ;, ; ;;;Colisão;Luz do Dia;;;Meio de Quadra;;Longo da via;0;2;0;1;1;0;0;0;0;0;0;0;0;(0 0);
365167;2020-12-24 12:15:00;AVENIDA GODOFREDO MACIEL, 3420;, ; 3420;;;Outros;Luz do Dia;Bom;Seca;Outros;Semáforo;Longo da via;0;2;0;1;1;0;0;0;0;0;0;0;0;(-38.57257667 -3.804988167);
365976;2020-12-24 11:25:00;AVENIDA F CJ JOSE WALTER, 221;, ; 221;;;Colisão;Luz do Dia;;;Meio de Quadra;;Longo da via;0;2;0;1;1;0;0;0;0;0;0;0;0;(-38.5560561 -3.8361707);
365175;2020-12-24 10:50:00;RUA VICENTE LEITE, ;RUA MARIA TOMASIA, ; ;;;Colisão Transversal;Luz do Dia;Nublado;Seca;Cruz;Pare;Cruzamento;0;1;1;1;1;0;0;0;0;0;0;0;0;(-38.495094 -3.736169);
365975;2020-12-24 10:29:00;RUA ALVARO CORREIA, ;RUA CASTRO MONTE, ; ;;;Atropelamento;Luz do Dia;;;T;Não Há Controle;Cruzamento;0;1;0;0;1;0;0;0;0;0;0;0;0;(-38.48627 -3.72836);
365974;2020-12-24 10:05:00;RUA GUSTAVO SAMPAIO, ;, ; ;;;Colisão;Luz do Dia;;;Meio de Quadra;;Longo da via;0;1;0;0;0;0;0;0;0;0;0;0;0;(0 0);
365170;2020-12-24 10:00:00;RUA AIRES DA CUNHA, ;RUA TAQUARI, ; ;;;Colisão Transversal;Luz do Dia;Bom;Seca;Cruz;Pare;Cruzamento;0;0;3;0;3;0;0;0;0;0;0;0;0;(-38.603836 -3.775572);
365973;2020-12-24 09:39:00;RUA RIO GRANDE DO SUL, 679;, ; 679;;;Colisão;Luz do Dia;;;Meio de Quadra;;Longo da via;0;2;0;1;1;0;0;0;0;0;0;0;0;(-38.5652061 -3.75493371);
365972;2020-12-24 08:03:00;RUA ROSINHA SAMPAIO, ;RUA PDE TEODORO (QUNTINO CUNHA), ; ;;;Colisão;Luz do Dia;;;Cruz;Pare;Cruzamento;0;2;0;1;1;0;0;0;0;0;0;0;0;(-38.591336 -3.725989);
365015;2020-12-24 08:00:00;AVENIDA JOSE BASTOS, 3390;, ; 3390;;;Colisão;Luz do Dia;;;Meio de Quadra;;Longo da via;0;2;0;1;1;0;0;0;0;0;0;0;0;(-38.5487826 -3.7482325);
365971;2020-12-24 07:44:00;RUA JOSE ARAO, 1955;, ; 1955;;;Queda;Luz do Dia;;;Meio de Quadra;;Longo da via;0;1;0;1;0;0;0;0;0;0;0;0;0;(-38.63264 -3.80927);
365970;2020-12-24 07:16:00;RUA JATOBA D64, 55;, ; 55;;;Colisão;Luz do Dia;;;Meio de Quadra;;Longo da via;0;2;0;2;0;0;0;0;0;0;0;0;0;(0 0);
365969;2020-12-24 06:21:00;RUA BAR AQUIRAZ, ;RUA GURGEL DO AMARAL, ; ;;;Colisão;Luz do Dia;;;Cruz;Semáforo;Cruzamento;0;2;0;1;1;0;0;0;0;0;0;0;0;(-38.48991 -3.83378);
365968;2020-12-24 02:31:00;RUA JOSE BORBA VASCONCELOS, 440;, ; 440;;;Colisão;;;;Meio de Quadra;;Longo da via;0;1;0;0;1;0;0;0;0;0;0;0;0;(-38.47192 -3.74604);
365967;2020-12-24 02:22:00;RUA DR GILBERTO STUDART, 1839;, ; 1839;;;Colisão;;;;Meio de Quadra;;Longo da via;0;2;0;0;2;0;0;0;0;0;0;0;0;(-38.472016 -3.746506);
365966;2020-12-24 00:46:00;AVENIDA CASTELO DE CASTRO, ;AVENIDA MON AMARILIO RODRIGUES, ; ;;;Colisão;;;;Cruz;Semáforo;Cruzamento;0;2;0;2;0;0;0;0;0;0;0;0;0;(-38.521635 -3.835217);
365965;2020-12-23 22:58:00;RUA STA CATARINA (BELA VISTA / PAN AMERICANO), 816;, ; 816;;;Colisão;;;;Meio de Quadra;;Longo da via;0;2;0;1;1;0;0;0;0;0;0;0;0;(-38.5680842 -3.75811554);
365964;2020-12-23 22:43:00;AVENIDA DR SILAS MUNGUBA, 3407;, ; 3407;;;Colisão;;;;Meio de Quadra;;Longo da via;0;2;0;1;1;0;0;0;0;0;0;0;0;(-38.5432653 -3.78937992);
365963;2020-12-23 22:28:00;AVENIDA ANTONIO SALES, 236;, ; 236;;;Atropelamento;;;;Meio de Quadra;;Longo da via;0;1;0;0;1;0;0;0;0;0;0;0;0;(-38.519747 -3.740046);
365962;2020-12-23 21:08:00;RUA MARCILIO DIAS, ;RUA DOM HELIO CAMPOS D21, ; ;;;Colisão;;;;;;Cruzamento;0;1;0;0;0;0;0;0;0;0;0;0;0;(-38.554648 -3.710509);
365004;2020-12-23 21:00:00;AVENIDA PRS CASTELO BRANCO, ;, ; ;;;Atropelamento;Via Iluminada;Bom;Seca;Meio de Quadra;Não Há Controle;Longo da via;0;2;0;0;0;0;0;1;0;0;0;0;0;(0 0);
365961;2020-12-23 19:52:00;RUA PDE TEODORO (QUNTINO CUNHA), ;RUA CREUSA ROCHA, ; ;;;Colisão;;;;Cruz;Não Há Controle;Cruzamento;0;2;0;1;1;0;0;0;0;0;0;0;0;(-38.590117 -3.72181);
365960;2020-12-23 19:43:00;AVENIDA SEN FERNANDES TAVORA, 2354;, ; 2354;;;Atropelamento;;;;Meio de Quadra;;Longo da via;0;1;0;1;0;0;0;0;0;0;0;0;0;(-38.593198 -3.7563);
364660;2020-12-23 19:40:00;RD CE-040, ;, ; ;;;Colisão;;;;Meio de Quadra;;Longo da via;0;0;2;0;2;0;0;0;0;0;0;0;0;(-38.48153832 -3.825515822);
365959;2020-12-23 19:14:00;AVENIDA JOAO PESSOA, ;, ; ;;;Colisão;;;;Meio de Quadra;;Longo da via;0;2;0;1;1;0;0;0;0;0;0;0;0;(0 0);
365958;2020-12-23 18:31:00;AVENIDA 13 DE MAIO, 3111;, ; 3111;;;Colisão;;;;Meio de Quadra;;Longo da via;0;2;0;1;1;0;0;0;0;0;0;0;0;(-38.5427301 -3.73773033);
365957;2020-12-23 18:11:00;RUA SOBREIRA FILHO, 619;, ; 619;;;Colisão;Anoitecer;;;Meio de Quadra;;Longo da via;0;2;0;1;1;0;0;0;0;0;0;0;0;(-38.5831885 -3.77914849);
365956;2020-12-23 17:52:00;RUA JOAO MARIANO, 377;, ; 377;;;Queda;Anoitecer;;;Meio de Quadra;;Longo da via;0;1;0;1;0;0;0;0;0;0;0;0;0;(-38.4772367 -3.79116691);
365003;2020-12-23 17:50:00;AVENIDA ANTONIO JUSTA, ;RUA CEL LINHARES, ; ;;;Colisão;Anoitecer;Bom;Seca;T;Não Há Controle;Cruzamento;0;2;0;1;1;0;0;0;0;0;0;0;0;(-38.491594 -3.728586);
365955;2020-12-23 17:20:00;RUA BAR SOBRAL, ;AVENIDA JOAO PESSOA, ; ;;;Colisão;Anoitecer;;;Cruz;Semáforo;Cruzamento;0;1;0;0;0;0;0;0;0;0;0;0;0;(-38.5587057 -3.7645096);
365954;2020-12-23 16:33:00;AVENIDA OLIVEIRA PAIVA, ;, ; ;;;Colisão;Luz do Dia;;;Meio de Quadra;;Longo da via;0;1;0;0;0;0;0;0;0;0;0;0;0;(0 0);
365953;2020-12-23 16:28:00;AVENIDA AGUANAMBI, ;AVENIDA BORGES DE MELO, ; ;;;Colisão;Luz do Dia;;;T;Semáforo;Cruzamento;0;2;0;1;1;0;0;0;0;0;0;0;0;(-38.52388 -3.760928);
365951;2020-12-23 16:27:00;RUA ANTONIO BARBOSA, ;RUA LEITAO CERQUEIRA, ; ;;;Colisão;Luz do Dia;;;Cruz;Pare;Cruzamento;0;2;0;1;1;0;0;0;0;0;0;0;0;(-38.563988 -3.829333);
365950;2020-12-23 16:14:00;RUA BOM JESUS (GRANJA LISBOA), 1634;, ; 1634;;;Queda;Luz do Dia;;;Meio de Quadra;;Longo da via;0;1;0;1;0;0;0;0;0;0;0;0;0;(-38.606878 -3.7925843);
365949;2020-12-23 16:03:00;RUA BETEL, 1537;, ; 1537;;;Colisão;Luz do Dia;;;Meio de Quadra;;Longo da via;0;1;0;0;0;0;0;0;0;0;0;0;0;(-38.55274 -3.79252);
365002;2020-12-23 16:00:00;AVENIDA SANTOS DUMONT, ;RUA PRO OTAVIO LOBO, ; ;;;Colisão;Luz do Dia;Bom;Seca;Meio de Quadra;Semáforo;Cruzamento;0;1;1;0;2;0;0;0;0;0;0;0;0;(-38.477829 -3.742845);
365166;2020-12-23 16:00:00;AVENIDA MON TABOSA, ;RUA ANTONIO LIMA, ; ;;;Colisão Transversal;Luz do Dia;Bom;Seca;Cruz;Pare;Cruzamento;0;1;1;1;1;0;0;0;0;0;0;0;0;(-38.504149 -3.724573);
365948;2020-12-23 15:50:00;AVENIDA PDE ANTONIO TOMAS, 410;, ; 410;;;Colisão;Luz do Dia;;;Meio de Quadra;;Longo da via;0;2;0;1;1;0;0;0;0;0;0;0;0;(-38.499695 -3.740141);
365947;2020-12-23 15:47:00;RUA JACINTO MATOS, 590;, ; 590;;;Colisão;Luz do Dia;;;Meio de Quadra;;Longo da via;0;2;0;2;0;0;0;0;0;0;0;0;0;(-38.546468 -3.716168);
365000;2020-12-23 15:45:00;AVENIDA DOMINGOS OLIMPIO, ;RUA BAR ARATANHA, ; ;;;Colisão;Luz do Dia;Bom;Seca;Cruz;Semáforo;Cruzamento;0;2;0;1;1;0;0;0;0;0;0;0;0;(-38.527953 -3.737562);
365946;2020-12-23 15:28:00;RUA PDE MORORO, 775;, ; 775;;;Colisão;Luz do Dia;;;Meio de Quadra;;Longo da via;0;2;0;1;1;0;0;0;0;0;0;0;0;(-38.5368617 -3.723428);
364999;2020-12-23 15:20:00;AVENIDA JOAO PESSOA, ;RUA TEN MOACIR MATOS, ; ;;;Colisão;Luz do Dia;;;T;Semáforo;Cruzamento;0;2;0;1;1;0;0;0;0;0;0;0;0;(-38.558316 -3.763615);
365945;2020-12-23 15:11:00;AVENIDA GODOFREDO MACIEL, 556;, ; 556;;;Colisão;Luz do Dia;;;Meio de Quadra;;Longo da via;0;2;0;2;0;0;0;0;0;0;0;0;0;(-38.56526 -3.781163);
365944;2020-12-23 14:50:00;RUA RIO GRANDE DO SUL, 177;, ; 177;;;Colisão;Luz do Dia;;;Meio de Quadra;;Longo da via;0;2;0;0;1;0;0;0;0;1;0;0;0;(-38.56192 -3.75078);
364998;2020-12-23 14:10:00;RUA AMARO JOSE DE SOUZA, ;, ; ;;;Colisão Lateral;Luz do Dia;Bom;Seca;Meio de Quadra;Não Há Controle;Longo da via;0;2;0;0;0;0;2;0;0;0;0;0;0;(0 0);
365943;2020-12-23 13:37:00;RUA IRM BAZET, 408;, ; 408;;;Queda;Luz do Dia;;;Meio de Quadra;;Longo da via;0;1;0;1;0;0;0;0;0;0;0;0;0;(-38.5540403 -3.762997);
365942;2020-12-23 13:12:00;AVENIDA SEN FERNANDES TAVORA, 1646;, ; 1646;;;Colisão;Luz do Dia;;;Meio de Quadra;;Longo da via;0;2;0;1;1;0;0;0;0;0;0;0;0;(-38.5873531 -3.75941081);
365941;2020-12-23 12:29:00;RUA ROSINHA SAMPAIO, 1397;, ; 1397;;;Colisão;Luz do Dia;;;Meio de Quadra;;Longo da via;0;2;0;1;1;0;0;0;0;0;0;0;0;(-38.5912932 -3.72600139);
365164;2020-12-23 12:00:00;AVENIDA JOSE BASTOS, ;RUA GUSTAVO BRAGA, ; ;;;Colisão Traseira;Luz do Dia;Bom;Seca;T;Semáforo;Cruzamento;0;1;1;1;1;0;0;0;0;0;0;0;0;(-38.551989 -3.751535);
365940;2020-12-23 11:28:00;RUA QUINZE (CANINDEZINHO), ;, ; ;;;Queda;Luz do Dia;;;Meio de Quadra;;Longo da via;0;1;0;1;0;0;0;0;0;0;0;0;0;(0 0);
365001;2020-12-23 11:15:00;RUA JORGE DUMAR, ;, ; ;;;Colisão;Luz do Dia;Bom;Seca;Meio de Quadra;Semáforo;Longo da via;0;2;0;0;2;0;0;0;0;0;0;0;0;(0 0);
365939;2020-12-23 11:06:00;RUA ANDRADE FURTADO, 1830;, ; 1830;;;Colisão;Luz do Dia;;;Meio de Quadra;;Longo da via;0;2;0;1;1;0;0;0;0;0;0;0;0;(-38.473279 -3.74784075);
365938;2020-12-23 10:13:00;AVENIDA GOV RAUL BARBOSA, 3342;, ; 3342;;;Atropelamento;Luz do Dia;;;Meio de Quadra;;Longo da via;0;1;0;0;1;0;0;0;0;0;0;0;0;(-38.50463 -3.75654);
365937;2020-12-23 09:57:00;AVENIDA EDUARDO GIRAO, ;RUA JORGE DUMAR, ; ;;;Tombamento;Luz do Dia;;;Cruz;Semáforo;Cruzamento;0;1;0;0;0;0;0;0;0;0;0;0;0;(-38.538695 -3.749691);
364997;2020-12-23 09:40:00;AVENIDA PASTEUR, ;RUA NOSSA SRA DAS GRACAS, ; ;;;Colisão;Luz do Dia;;;Cruz;Não Há Controle;Cruzamento;0;2;0;0;2;0;0;0;0;0;0;0;0;(-38.558168 -3.708729);
365936;2020-12-23 09:22:00;RUA STA EFIGENIA, 145;, ; 145;;;Colisão;Luz do Dia;;;Meio de Quadra;;Longo da via;0;2;0;1;1;0;0;0;0;0;0;0;0;(-38.500581 -3.833938);
365935;2020-12-23 09:20:00;RUA GONCALO SOUTO, ;, ; ;;;Atropelamento;Luz do Dia;;;Meio de Quadra;;Longo da via;0;1;0;0;1;0;0;0;0;0;0;0;0;(0 0);
365934;2020-12-23 09:09:00;AVENIDA PRO JOSE ARTHUR CARVALHO, 1510;, ; 1510;;;Colisão;Luz do Dia;;;Meio de Quadra;;Longo da via;0;2;0;2;0;0;0;0;0;0;0;0;0;(-38.46575751 -3.82652183);
365165;2020-12-23 08:50:00;AVENIDA ABOLICAO, ;AVENIDA SEN VIRGILIO TAVORA, ; ;;;Colisão Traseira;Luz do Dia;Bom;Seca;Cruz;Semáforo;Cruzamento;0;1;1;0;2;0;0;0;0;0;0;0;0;(-38.49134 -3.7265854);
365933;2020-12-23 08:24:00;AVENIDA GAL OSORIO DE PAIVA, 6770;, ; 6770;;;Colisão;Luz do Dia;;;Meio de Quadra;;Longo da via;0;2;0;1;1;0;0;0;0;0;0;0;0;(-38.610073 -3.813008);
365931;2020-12-23 08:03:00;AVENIDA JOAO PESSOA, 7111;, ; 7111;;;Colisão;Luz do Dia;;;Meio de Quadra;;Longo da via;0;2;0;1;1;0;0;0;0;0;0;0;0;(-38.561726 -3.771886);
364659;2020-12-23 07:40:00;RD CE-040, ;, ; ;;;Colisão;Luz do Dia;;;Meio de Quadra;;Longo da via;0;0;2;0;2;0;0;0;0;0;0;0;0;(0 0);
364985;2020-12-22 23:50:00;AVENIDA ENG ALBERTO SA, ;, ; ;;;Colisão;;;;Meio de Quadra;;Longo da via;0;2;0;1;1;0;0;0;0;0;0;0;0;(0 0);
365930;2020-12-22 21:06:00;RUA JOSE HIPOLITO, 790;, ; 790;;;Queda;;;;Meio de Quadra;;Longo da via;0;1;0;1;0;0;0;0;0;0;0;0;0;(-38.48881 -3.834348);
365929;2020-12-22 20:48:00;RUA CHUI, 108;, ; 108;;;Colisão;;;;Meio de Quadra;;Longo da via;0;2;0;1;1;0;0;0;0;0;0;0;0;(-38.58915942 -3.7686543);
365928;2020-12-22 19:01:00;AVENIDA BEZERRA DE MENEZES, 2181;, ; 2181;;;Colisão;;;;Meio de Quadra;;Longo da via;0;2;0;1;1;0;0;0;0;0;0;0;0;(-38.564231 -3.735618);
364995;2020-12-22 17:55:00;AVENIDA ODILON GUIMARAES, ;RUA FRANCISCO LEANDRO, ; ;;;Colisão;Anoitecer;Bom;Seca;Cruz;Semáforo;Cruzamento;0;1;1;1;1;0;0;0;0;0;0;0;0;(-38.478709 -3.824509);
364996;2020-12-22 17:30:00;AVENIDA DES GONZAGA, ;RUA ESV AZEVEDO, ; ;;;Colisão;Anoitecer;Bom;Seca;Cruz;Pare;Cruzamento;0;2;0;1;1;0;0;0;0;0;0;0;0;(-38.501298 -3.794162);
365927;2020-12-22 17:12:00;RUA MONTE PASCOAL, 839;, ; 839;;;Colisão;Anoitecer;;;Meio de Quadra;;Longo da via;0;2;0;1;1;0;0;0;0;0;0;0;0;(-38.5961 -3.80649);
365926;2020-12-22 17:02:00;AVENIDA OLAVO BILAC, 315;, ; 315;;;Colisão;Anoitecer;;;Meio de Quadra;;Longo da via;0;2;0;1;1;0;0;0;0;0;0;0;0;(-38.566032 -3.72397134);
365925;2020-12-22 16:59:00;AVENIDA SEN FERNANDES TAVORA, ;RUA PRO HERIBALDO COSTA, ; ;;;Colisão;Luz do Dia;;;Cruz;Semáforo;Cruzamento;0;2;0;1;1;0;0;0;0;0;0;0;0;(-38.584384 -3.761006);
365924;2020-12-22 16:15:00;RUA PORTO VELHO, 657;, ; 657;;;Queda;Luz do Dia;;;Meio de Quadra;;Longo da via;0;1;0;1;0;0;0;0;0;0;0;0;0;(-38.58671 -3.7661753);
365923;2020-12-22 16:06:00;AVENIDA LUCIANO CARNEIRO, ;AVENIDA EDUARDO GIRAO, ; ;;;Queda;Luz do Dia;;;Cruz;Semáforo;Cruzamento;0;1;0;1;0;0;0;0;0;0;0;0;0;(-38.532811 -3.752275);
365907;2020-12-22 15:45:00;RUA CASTRO E SILVA, 1056;, ; 1056;;;Colisão;Luz do Dia;;;Meio de Quadra;;Longo da via;0;2;0;1;1;0;0;0;0;0;0;0;0;(-38.535095 -3.7213);
365906;2020-12-22 14:50:00;AVENIDA ROGACIANO LEITE, ;, ; ;;;Atropelamento;Luz do Dia;;;Meio de Quadra;;Longo da via;0;1;0;0;1;0;0;0;0;0;0;0;0;(0 0);
365905;2020-12-22 13:43:00;RUA BERNARDO MANUEL, ;, ; ;;;Colisão;Luz do Dia;;;Meio de Quadra;;Longo da via;0;2;0;0;0;0;0;0;0;0;0;0;0;(0 0);
365163;2020-12-22 13:30:00;AVENIDA BEZERRA DE MENEZES, ;, ; ;;;Colisão Lateral;Luz do Dia;Bom;Seca;Meio de Quadra;Não Há Controle;Longo da via;0;0;2;1;1;0;0;0;0;0;0;0;0;(0 0);
365904;2020-12-22 13:13:00;RUA DR JOSE LOURENCO, ;AVENIDA SORIANO ALBUQUERQUE, ; ;;;Colisão;Luz do Dia;;;Cruz;Pare;Cruzamento;0;2;0;1;1;0;0;0;0;0;0;0;0;(-38.512631 -3.74983);
365903;2020-12-22 12:10:00;AVENIDA BORGES DE MELO, ;, ; ;;;Queda;Luz do Dia;;;Meio de Quadra;;Longo da via;0;1;0;1;0;0;0;0;0;0;0;0;0;(0 0);
365902;2020-12-22 11:38:00;AVENIDA GODOFREDO MACIEL, ;, ; ;;;Queda;Luz do Dia;;;Meio de Quadra;;Longo da via;0;1;0;1;0;0;0;0;0;0;0;0;0;(0 0);
365901;2020-12-22 11:36:00;RUA SAO PAULO, ;RUA CONDE D´EU, ; ;;;Queda;Luz do Dia;;;;;Cruzamento;0;1;0;1;0;0;0;0;0;0;0;0;0;(-38.525887 -3.726599);
364661;2020-12-22 11:15:00;RD CE-040, ;, ; ;;;Colisão;Luz do Dia;;;Meio de Quadra;;Longo da via;0;0;2;0;2;0;0;0;0;0;0;0;0;(-38.48258304 -3.764650449);
365900;2020-12-22 11:15:00;AVENIDA GAL MURILO BORGES, ;, ; ;;;Colisão;Luz do Dia;;;Meio de Quadra;;Longo da via;0;2;0;1;1;0;0;0;0;0;0;0;0;(0 0);
365161;2020-12-22 10:05:00;RUA RAUL CABRAL, ;RUA EDMUNDO LINHARES, ; ;;;Colisão Transversal;Luz do Dia;Bom;Seca;Cruz;Pare;Cruzamento;0;1;1;1;1;0;0;0;0;0;0;0;0;(-38.54612 -3.76799);
365899;2020-12-22 09:37:00;AVENIDA CESAR CALS, 933;, ; 933;;;Colisão;Luz do Dia;;;Meio de Quadra;;Longo da via;0;2;0;1;1;0;0;0;0;0;0;0;0;(-38.4620476 -3.7256466);
365898;2020-12-22 09:02:00;RUA JORGE DUMAR, ;, ; ;;;Colisão;Luz do Dia;;;Meio de Quadra;;Longo da via;0;1;0;0;0;0;0;0;0;0;0;0;0;(0 0);
365897;2020-12-22 08:58:00;RUA ANARIO BRAGA, ;RUA PRA RAIMUNDA ADELIA, ; ;;;Colisão;Luz do Dia;;;;;Cruzamento;0;2;0;1;1;0;0;0;0;0;0;0;0;(-38.59311 -3.737);
365896;2020-12-22 08:48:00;RUA DNA MENDINHA, ;RUA COELHO NETO, ; ;;;Colisão;Luz do Dia;;;Cruz;Pare;Cruzamento;0;2;0;0;1;0;0;0;0;1;0;0;0;(-38.573 -3.71721);
365895;2020-12-22 08:17:00;AVENIDA PRS CASTELO BRANCO, ;, ; ;;;Colisão;Luz do Dia;;;Meio de Quadra;;Longo da via;0;2;0;1;1;0;0;0;0;0;0;0;0;(0 0);
365894;2020-12-22 08:17:00;RUA JORGE DUMAR, ;AVENIDA EDUARDO GIRAO, ; ;;;Colisão;Luz do Dia;;;Cruz;Semáforo;Cruzamento;0;1;0;0;0;0;0;0;0;0;0;0;0;(-38.538695 -3.749691);