COD_ACIDENTE;DATA;LOG1;LOG2;NUMERO;BAIRRO;AMC;NATUREZA;ILUMINACAO;TEMPO;SUPERFICIEPISTA;TIPOCRUZAMENTO;CONTROLETRAFEGO;USOSOLO;MORTOS;FERIDOS;ILESOS;MOTOCICLETA;AUTOMOVEL;MICROONIBUS;CAMINHAO;ONIBUS;CICLOMOTOR;BICICLETA;OUTROS;TREM;TRACAOANIMAL;COORDENADAS
364994;2020-12-22 08:15:00;RUA GAL SAMPAIO, ;RUA CASTRO E SILVA, ; ;;;Colisão;Luz do Dia;Bom;Seca;Cruz;Semáforo;Cruzamento;0;3;0;2;0;0;0;0;0;0;0;0;0;(-38.52967 -3.723098);
365162;2020-12-22 08:00:00;RUA JORGE DUMAR, ;, ; ;;;Colisão Transversal;Luz do Dia;Bom;Seca;Meio de Quadra;Não Há Controle;Longo da via;0;2;0;1;0;0;0;0;0;1;0;0;0;(0 0);
365893;2020-12-22 07:54:00;RUA RAQUEL FLORENCIO, 410;, ; 410;;;Queda;Luz do Dia;;;Meio de Quadra;;Longo da via;0;1;0;1;0;0;0;0;0;0;0;0;0;(0 0);
365892;2020-12-22 07:36:00;RUA NOSSA SRA DAS GRACAS, 537;, ; 537;;;Queda;Luz do Dia;;;Meio de Quadra;;Longo da via;0;1;0;1;0;0;0;0;0;0;0;0;0;(-38.55304951 -3.710253086);
365891;2020-12-22 07:15:00;RUA ABELARDO MARINHO, 337;, ; 337;;;Colisão;Luz do Dia;;;Meio de Quadra;;Longo da via;0;2;0;1;1;0;0;0;0;0;0;0;0;(0 0);
365160;2020-12-22 05:30:00;RUA GERMANO FRANCK, ;AVENIDA DR SILAS MUNGUBA, ; ;;;Choque c/ Obstáculo Fixo;Amanhecer;Bom;Seca;Cruz;Semáforo;Cruzamento;0;1;0;0;1;0;0;0;0;0;0;0;0;(-38.562004 -3.777251);
365890;2020-12-21 23:03:00;RD BR 116, ;, ; ;;;Colisão;;;;Meio de Quadra;;Longo da via;0;1;1;0;2;0;0;0;0;0;0;0;0;(-38.503053 -3.804691);
365176;2020-12-21 22:40:00;RD BR 116, 6000;, ; 6000;;;Colisão Lateral;;;;Meio de Quadra;;Longo da via;0;1;1;0;2;0;0;0;0;0;0;0;0;(-38.503053 -3.804691);
365888;2020-12-21 21:59:00;RUA L CJ VILA VELHA, 1366;, ; 1366;;;Queda;;;;Meio de Quadra;;Longo da via;0;1;0;0;0;0;0;0;0;1;0;0;0;(0 0);
365142;2020-12-21 21:45:00;RUA RIO GRANDE DO SUL, 885;, ; 885;;;Colisão Traseira;Mal Iluminada;Bom;Seca;Meio de Quadra;Não Há Controle;Longo da via;0;0;2;0;2;0;0;0;0;0;0;0;0;(-38.5663005 -3.75666123);
363593;2020-12-21 21:20:00;RUA CAP CLOVIS MAIA, ;RUA CAP VASCONCELOS D46, ; ;;;Colisão Transversal;Via Iluminada;Bom;Seca;Cruz;Pare;Cruzamento;0;1;0;0;0;0;0;0;0;0;0;0;0;(-38.516432 -3.769075);
364126;2020-12-21 21:00:00;RD BR 116, 4100;, ; 4100;;;Atropelamento;;;;Meio de Quadra;;Longo da via;1;1;0;0;1;0;0;0;0;0;0;0;0;(-38.503869 -3.802354);
365887;2020-12-21 20:51:00;RD BR 116, ;, ; ;;;Atropelamento;;;;Meio de Quadra;;Longo da via;0;1;0;0;1;0;0;0;0;0;0;0;0;(-38.503869 -3.802354);
364979;2020-12-21 20:25:00;AVENIDA FRANCISCO SA, ;AVENIDA JOSE JATAHY, ; ;;;Colisão;Luz do Dia;Bom;Seca;Cruz;Semáforo;Cruzamento;0;2;0;0;0;1;0;0;0;1;0;0;0;(-38.5467873 -3.720876);
365886;2020-12-21 20:25:00;AVENIDA MAE MANOEL MAVIGNIER, 980;, ; 980;;;Colisão;;;;Meio de Quadra;;Longo da via;0;2;0;1;1;0;0;0;0;0;0;0;0;(-38.44946 -3.80571);
365885;2020-12-21 20:04:00;AVENIDA GAL OSORIO DE PAIVA, 5386;, ; 5386;;;Atropelamento;;;;Meio de Quadra;;Longo da via;0;1;0;1;0;0;0;0;0;0;0;0;0;(-38.602059 -3.804708);
365884;2020-12-21 19:38:00;AVENIDA WASHINGTON SOARES, ;, ; ;;;Colisão;;;;Meio de Quadra;;Longo da via;0;2;0;0;1;0;0;0;0;1;0;0;0;(0 0);
365883;2020-12-21 18:46:00;RUA TERRA DAS FLORES, 1101;, ; 1101;;;Atropelamento;;;;Meio de Quadra;;Longo da via;0;1;0;1;0;0;0;0;0;0;0;0;0;(0 0);
365144;2020-12-21 18:30:00;AVENIDA AGUANAMBI, 889;, ; 889;;;Colisão Lateral;Anoitecer;Bom;Seca;Meio de Quadra;Semáforo;Longo da via;0;0;2;0;2;0;0;0;0;0;0;0;0;(-38.5255582 -3.74448667);
365882;2020-12-21 18:23:00;AVENIDA BEZERRA DE MENEZES, 1802;, ; 1802;;;Atropelamento;Anoitecer;;;Meio de Quadra;;Longo da via;0;1;0;1;0;0;0;0;0;0;0;0;0;(-38.560822 -3.734912);
365881;2020-12-21 17:41:00;RUA BELO HORIZONTE, 2830;, ; 2830;;;Colisão;Anoitecer;;;Meio de Quadra;;Longo da via;0;1;0;0;0;0;0;0;0;0;0;0;0;(-38.56852 -3.76557);
365880;2020-12-21 17:14:00;AVENIDA FRANCISCO SA, ;, ; ;;;Colisão;Anoitecer;;;Meio de Quadra;;Longo da via;0;1;0;0;0;0;0;0;0;0;0;0;0;(0 0);
365879;2020-12-21 17:09:00;AVENIDA WASHINGTON SOARES, 70;, ; 70;;;Colisão;Anoitecer;;;Meio de Quadra;;Longo da via;0;1;0;0;0;0;0;0;0;0;0;0;0;(-38.4903015 -3.7572685);
365878;2020-12-21 17:03:00;AVENIDA ODILON GUIMARAES, 1410;, ; 1410;;;Colisão;Anoitecer;;;Meio de Quadra;;Longo da via;0;2;0;1;1;0;0;0;0;0;0;0;0;(-38.47978 -3.82609);
365877;2020-12-21 16:29:00;AVENIDA GAL OSORIO DE PAIVA, 4455;, ; 4455;;;Colisão;Luz do Dia;;;Meio de Quadra;;Longo da via;0;2;0;1;0;0;1;0;0;0;0;0;0;(-38.595093 -3.797535);
365143;2020-12-21 15:50:00;AVENIDA PRS CASTELO BRANCO, 1223;, ; 1223;;;Colisão Traseira;Luz do Dia;Bom;Seca;Meio de Quadra;Semáforo;Longo da via;0;0;3;0;2;0;0;1;0;0;0;0;0;(-38.535277 -3.718179);
364984;2020-12-21 15:24:00;RUA PDE PEDRO DE ALENCAR, 2300;, ; 2300;;;Colisão;Luz do Dia;Bom;Seca;Meio de Quadra;Não Há Controle;Longo da via;0;2;0;1;0;0;0;1;0;0;0;0;0;(-38.495056 -3.8485684);
365876;2020-12-21 15:17:00;RUA JULIO SILVA, ;, ; ;;;Colisão;Luz do Dia;;;Meio de Quadra;;Longo da via;0;1;0;0;0;0;0;0;0;0;0;0;0;(0 0);
365875;2020-12-21 14:42:00;AVENIDA GOV RAUL BARBOSA, ;RUA CAP ARAGAO, ; ;;;Colisão;Luz do Dia;;;;;Cruzamento;0;2;0;1;1;0;0;0;0;0;0;0;0;(-38.508802 -3.763977);
365141;2020-12-21 14:20:00;RUA ANDRE REBOUCAS, 189;, ; 189;;;Colisão Lateral;Luz do Dia;Bom;Seca;Outros;;Longo da via;0;2;0;1;1;0;0;0;0;0;0;0;0;(-38.590048 -3.775058);
364977;2020-12-21 14:20:00;RUA MAL DEODORO, ;, ; ;;;Colisão Transversal;Luz do Dia;Bom;Seca;Meio de Quadra;Não Há Controle;Longo da via;0;2;0;0;2;0;0;0;0;0;0;0;0;(0 0);
365874;2020-12-21 14:18:00;RUA MIGUEL GURGEL, ;, ; ;;;Queda;Luz do Dia;;;Meio de Quadra;;Longo da via;0;1;0;1;0;0;0;0;0;0;0;0;0;(0 0);
365873;2020-12-21 13:57:00;RUA PDE PERDIGAO SAMPAIO, 241;, ; 241;;;Colisão;Luz do Dia;;;Meio de Quadra;;Longo da via;0;2;0;1;1;0;0;0;0;0;0;0;0;(-38.594995 -3.73756033);
365872;2020-12-21 13:35:00;AVENIDA RUI BARBOSA, ;, ; ;;;Queda;Luz do Dia;;;Meio de Quadra;;Longo da via;0;1;0;1;0;0;0;0;0;0;0;0;0;(0 0);
365871;2020-12-21 13:11:00;AVENIDA SEN FERNANDES TAVORA, ;, ; ;;;Colisão;Luz do Dia;;;Meio de Quadra;;Longo da via;0;1;0;0;0;0;0;0;0;0;0;0;0;(0 0);
365870;2020-12-21 13:02:00;RUA PDE PEDRO DE ALENCAR, 2300;, ; 2300;;;Colisão;Luz do Dia;;;Meio de Quadra;;Longo da via;0;2;0;0;0;0;0;0;0;0;1;0;0;(-38.495056 -3.8485684);
365869;2020-12-21 11:51:00;AVENIDA PRS JUSCELINO KUBITSCHEK (PASSARÉ), 3635;, ; 3635;;;Colisão;Luz do Dia;;;Meio de Quadra;;Longo da via;0;2;0;1;1;0;0;0;0;0;0;0;0;(-38.52985 -3.81404);
365868;2020-12-21 11:11:00;AVENIDA PERIMETRAL, ;, ; ;;;Queda;Luz do Dia;;;Meio de Quadra;;Longo da via;0;1;0;1;0;0;0;0;0;0;0;0;0;(0 0);
365153;2020-12-21 10:50:00;AVENIDA JOSE BASTOS, ;RUA PORFIRIO SAMPAIO, ; ;;;Colisão Transversal;Luz do Dia;Bom;Seca;T;Semáforo;Cruzamento;0;2;0;1;1;0;0;0;0;0;0;0;0;(-38.546271 -3.745851);
364974;2020-12-21 10:45:00;RUA PRO COSTA MENDES, ;, ; ;;;Atropelamento;Luz do Dia;Nublado;Molhada;Meio de Quadra;Semáforo;Longo da via;0;1;1;0;1;0;0;0;0;0;0;0;0;(0 0);
365159;2020-12-21 10:00:00;RUA CEL TIBURCIO, ;AVENIDA PRS COSTA E SILVA, ; ;;;Colisão Lateral;Luz do Dia;Bom;Seca;Cruz;Semáforo;Cruzamento;0;0;2;0;1;0;1;0;0;0;0;0;0;(-38.573703 -3.812167);
365157;2020-12-21 09:30:00;AVENIDA GODOFREDO MACIEL, ;AVENIDA BENJAMIM BRASIL, ; ;;;Colisão Traseira;Luz do Dia;Bom;Seca;Cruz;Semáforo;Cruzamento;0;2;2;1;3;0;0;0;0;0;0;0;0;(-38.57204 -3.803264);
364973;2020-12-21 09:10:00;RD BR 116, ;, ; ;;;Colisão;Luz do Dia;;;Meio de Quadra;;Longo da via;0;1;1;1;1;0;0;0;0;0;0;0;0;(-38.499242 -3.873523);
365867;2020-12-21 09:07:00;RUA PRO COSTA MENDES, ;, ; ;;;Atropelamento;Luz do Dia;;;Meio de Quadra;;Longo da via;0;1;0;0;1;0;0;0;0;0;0;0;0;(0 0);
365866;2020-12-21 08:53:00;AVENIDA MON TABOSA, 633;, ; 633;;;Colisão;Luz do Dia;;;Meio de Quadra;;Longo da via;0;1;0;1;1;0;0;0;0;0;0;0;0;(-38.5138106 -3.72392361);
365865;2020-12-21 08:28:00;RUA BAR AQUIRAZ, 637;, ; 637;;;Colisão;Luz do Dia;;;Meio de Quadra;;Longo da via;0;2;0;1;1;0;0;0;0;0;0;0;0;(-38.4894743 -3.83482633);
365864;2020-12-21 08:12:00;RUA ROMEU MARTINS, ;RUA JOAO FIRMINO, ; ;;;Colisão;Luz do Dia;;;Cruz;Pare;Cruzamento;0;2;0;1;1;0;0;0;0;0;0;0;0;(-38.555582 -3.764274);
365863;2020-12-21 08:06:00;RUA URSULA GARCIA, ;AVENIDA CARNEIRO DE MENDONCA, ; ;;;Colisão;Luz do Dia;;;T;Pare;Cruzamento;0;2;0;1;1;0;0;0;0;0;0;0;0;(-38.562346 -3.766169);
365862;2020-12-21 08:05:00;RUA M ESPLANADA CASTELAO, 100;, ; 100;;;Queda;Luz do Dia;;;Meio de Quadra;;Longo da via;0;2;0;0;0;0;0;0;0;1;0;0;0;(-38.5173497 -3.80984413);
365861;2020-12-21 08:05:00;AVENIDA 13 DE MAIO, 3281;, ; 3281;;;Queda;Luz do Dia;;;Meio de Quadra;;Longo da via;0;1;0;1;0;0;0;0;0;0;0;0;0;(-38.543694 -3.737282);
365148;2020-12-21 08:00:00;AVENIDA DEP PAULINO ROCHA, 1285;, ; 1285;;;Colisão Transversal;Luz do Dia;Chuva;Molhada;Meio de Quadra;Semáforo;Longo da via;0;2;0;1;1;0;0;0;0;0;0;0;0;(-38.50850024 -3.807868425);
365859;2020-12-21 07:58:00;AVENIDA JOAO PESSOA, 5767;, ; 5767;;;Atropelamento;Luz do Dia;;;Meio de Quadra;;Longo da via;0;1;0;1;0;0;0;0;0;0;0;0;0;(-38.557038 -3.760969);
365858;2020-12-21 07:57:00;AVENIDA 13 DE MAIO, ;AVENIDA JOSE JATAHY, ; ;;;Queda;Luz do Dia;;;;;Cruzamento;0;1;0;1;0;0;0;0;0;0;0;0;0;(-38.54374 -3.73723);
365857;2020-12-21 07:35:00;RUA CON DE CASTRO, 2648;, ; 2648;;;Colisão;Luz do Dia;;;Meio de Quadra;;Longo da via;0;2;0;1;1;0;0;0;0;0;0;0;0;(-38.580437 -3.79258);
365856;2020-12-21 07:33:00;RUA NEREU RAMOS, ;, ; ;;;Queda;Luz do Dia;;;Meio de Quadra;;Longo da via;0;1;0;1;0;0;0;0;0;0;0;0;0;(0 0);
365855;2020-12-21 07:21:00;RUA PRO JACINTO BOTELHO, 1600;, ; 1600;;;Colisão;Luz do Dia;;;Meio de Quadra;;Longo da via;0;1;0;0;0;0;0;0;0;0;0;0;0;(0 0);
365853;2020-12-21 07:15:00;AVENIDA DOMINGOS OLIMPIO, ;RUA ASSUNCAO, ; ;;;Queda;Luz do Dia;;;Cruz;Semáforo;Cruzamento;0;1;0;1;0;0;0;0;0;0;0;0;0;(-38.529548 -3.737192);
365848;2020-12-21 06:47:00;RD BR 116, 5360;, ; 5360;;;Queda;Luz do Dia;;;Meio de Quadra;;Longo da via;0;2;0;1;0;0;0;0;0;0;0;0;0;(-38.506787 -3.796502);
365847;2020-12-21 06:25:00;AVENIDA CARNEIRO DE MENDONCA, 426;, ; 426;;;Queda;Luz do Dia;;;Meio de Quadra;;Longo da via;0;1;0;1;0;0;0;0;0;0;0;0;0;(-38.563083 -3.765859);
365155;2020-12-21 06:10:00;AVENIDA DUQ CAXIAS, 240;, ; 240;;;Atropelamento;Luz do Dia;Chuva;Molhada;Meio de Quadra;Não Há Controle;Longo da via;0;2;0;1;0;0;0;0;0;0;0;0;0;(-38.52828 -3.73254);
365846;2020-12-21 05:59:00;AVENIDA DUQ CAXIAS, ;, ; ;;;Atropelamento;Amanhecer;;;Meio de Quadra;;Longo da via;0;1;0;1;0;0;0;0;0;0;0;0;0;(0 0);
365845;2020-12-21 05:49:00;AVENIDA WASHINGTON SOARES, 1460;, ; 1460;;;Queda;Amanhecer;;;Meio de Quadra;;Longo da via;0;1;0;1;0;0;0;0;0;0;0;0;0;(-38.481952 -3.77230998);
364980;2020-12-21 04:35:00;RUA CON DE CASTRO, 3620;, ; 3620;;;Colisão;Via Iluminada;Nublado;Molhada;Meio de Quadra;Não Há Controle;Longo da via;0;2;0;0;2;0;0;0;0;0;0;0;0;(-38.4959 -3.802);
365844;2020-12-21 04:05:00;RUA PAU BRASIL, 387;, ; 387;;;Queda;;;;Meio de Quadra;;Longo da via;0;1;0;1;0;0;0;0;0;0;0;0;0;(-38.5741 -3.77835);
365843;2020-12-21 03:32:00;RUA CON DE CASTRO, 1620;, ; 1620;;;Atropelamento;;;;Meio de Quadra;;Longo da via;0;1;0;0;1;0;0;0;0;0;0;0;0;(-38.5740895 -3.7857155);
365140;2020-12-21 02:30:00;RUA JOSE BORBA VASCONCELOS, 440;, ; 440;;;Colisão Frontal;Via Iluminada;Bom;Seca;Meio de Quadra;;Longo da via;0;2;0;0;1;0;1;0;0;0;0;0;0;(-38.47192 -3.74604);
365842;2020-12-20 23:26:00;RUA CEL FABRICIANO, 2682;, ; 2682;;;Atropelamento;;;;Meio de Quadra;;Longo da via;0;1;0;0;1;0;0;0;0;0;0;0;0;(-38.61303 -3.7813);
365841;2020-12-20 22:57:00;RUA JOAO FRANCA (PQ. 2 IRMÃOS), 147;, ; 147;;;Colisão;;;;Meio de Quadra;;Longo da via;0;2;0;1;1;0;0;0;0;0;0;0;0;(-38.54907 -3.79586);
365840;2020-12-20 22:54:00;RUA SAO JOAO D20, 762;, ; 762;;;Colisão;;;;Meio de Quadra;;Longo da via;0;2;0;1;1;0;0;0;0;0;0;0;0;(-38.595692 -3.771646);
365839;2020-12-20 22:46:00;RUA AFONSO LOPES, 925;, ; 925;;;Colisão;;;;Meio de Quadra;;Longo da via;0;1;0;1;1;0;0;0;0;0;0;0;0;(-38.54901 -3.795689);
364125;2020-12-20 22:40:00;RUA 212 CJ SAO CRISTOVAO, ;, ; ;;;Choque c/ Obstáculo Fixo;;;;Meio de Quadra;;Longo da via;1;0;0;1;0;0;0;0;0;0;0;0;0;(-38.59065 -3.81808);
365838;2020-12-20 22:37:00;RUA BOLEVAR, ;, ; ;;;Colisão;;;;;;Longo da via;0;2;0;1;1;0;0;0;0;0;0;0;0;(0 0);
365837;2020-12-20 21:15:00;AVENIDA DIOGUINHO, ;AVENIDA SANTOS DUMONT, ; ;;;Queda;;;;Outros;Semáforo;Cruzamento;0;1;0;1;0;0;0;0;0;0;0;0;0;(-38.450425 -3.747029);
365836;2020-12-20 21:09:00;RUA ANTONIO NERY, 769;, ; 769;;;Atropelamento;;;;Meio de Quadra;;Longo da via;0;1;0;1;0;0;0;0;0;0;0;0;0;(-38.6006471 -3.77976445);
364108;2020-12-20 20:45:00;AVENIDA ABOLICAO, 3450;, ; 3450;;;Atropelamento;Via Iluminada;Bom;Seca;Meio de Quadra;Outros;Longo da via;1;0;1;0;1;0;0;0;0;0;0;0;0;(-38.488671 -3.726258);
364972;2020-12-20 20:35:00;RUA CHICO MENDES, ;, ; ;;;Colisão;;;;Meio de Quadra;;Longo da via;0;2;0;0;1;0;1;0;0;0;0;0;0;(0 0);
365120;2020-12-20 20:00:00;AVENIDA PRO GOMES DE MATOS, 10;, ; 10;;;Colisão Lateral;Anoitecer;Bom;Seca;Meio de Quadra;Outros;Longo da via;0;1;1;1;1;0;0;0;0;0;0;0;0;(-38.540007 -3.754612);
364662;2020-12-20 19:30:00;RD CE-040, ;, ; ;;;Colisão;;;;Meio de Quadra;;Longo da via;0;0;2;0;2;0;0;0;0;0;0;0;0;(-38.48033084 -3.791613156);
365834;2020-12-20 19:05:00;RUA BERNARDO MANUEL, 13440;, ; 13440;;;Queda;;;;Meio de Quadra;;Longo da via;0;1;0;1;0;0;0;0;0;0;0;0;0;(-38.562372 -3.834859);
365833;2020-12-20 18:55:00;RUA VALPARAISO, 495;, ; 495;;;Tombamento;;;;Meio de Quadra;;Longo da via;0;1;0;0;0;0;0;0;0;0;0;0;0;(-38.5249229 -3.84488699);
365139;2020-12-20 18:30:00;RUA DOM XISTO ALBANO, ;RUA DARCY VARGAS, ; ;;;Colisão Transversal;Anoitecer;Bom;Seca;Cruz;Pare;Cruzamento;0;3;0;2;0;0;0;0;0;0;0;0;0;(-38.586618 -3.798206);
364663;2020-12-20 18:30:00;RD CE-040, ;, ; ;;;Colisão;Anoitecer;;;Meio de Quadra;;Longo da via;0;0;3;0;3;0;0;0;0;0;0;0;0;(-38.48033084 -3.791613156);
365832;2020-12-20 18:14:00;AVENIDA VILA DO MAR, ;, ; ;;;Queda;Anoitecer;;;Meio de Quadra;;Longo da via;0;1;0;1;0;0;0;0;0;0;0;0;0;(0 0);
365727;2020-12-20 18:07:00;RUA ANTONIO NERY, 770;, ; 770;;;Atropelamento;Anoitecer;;;Meio de Quadra;;Longo da via;0;1;0;1;0;0;0;0;0;0;0;0;0;(-38.600691 -3.779928);
365726;2020-12-20 17:47:00;RUA LERIA DE ANDRADE, ;RUA PDE ANCHIETA, ; ;;;Colisão;Anoitecer;;;Cruz;Pare;Cruzamento;0;2;0;1;1;0;0;0;0;0;0;0;0;(-38.55183 -3.72931);
365725;2020-12-20 17:42:00;AVENIDA PRS CASTELO BRANCO, ;, ; ;;;Colisão;Anoitecer;;;Meio de Quadra;;Longo da via;0;2;0;0;1;0;0;0;0;1;0;0;0;(0 0);
364970;2020-12-20 17:00:00;AVENIDA BEZERRA DE MENEZES, 2034;, ; 2034;;;Colisão;Anoitecer;Bom;Seca;Meio de Quadra;Semáforo;Longo da via;0;2;1;0;3;0;0;0;0;0;0;0;0;(-38.562991 -3.735357);
365724;2020-12-20 16:41:00;AVENIDA COS GOMES DE FREITAS (SAPIRANGA/COITE), ;, ; ;;;Queda;Luz do Dia;;;Meio de Quadra;;Longo da via;0;1;0;1;0;0;0;0;0;0;0;0;0;(0 0);
365723;2020-12-20 16:01:00;AVENIDA GAL MURILO BORGES, ;, ; ;;;Queda;Luz do Dia;;;Meio de Quadra;;Longo da via;0;2;0;1;0;0;0;0;0;0;0;0;0;(0 0);
364967;2020-12-20 16:00:00;RUA BAR ARATANHA, ;, ; ;;;Colisão;Luz do Dia;;;Meio de Quadra;;Longo da via;0;3;0;2;1;0;0;0;0;0;0;0;0;(0 0);
365722;2020-12-20 15:11:00;AVENIDA BEZERRA DE MENEZES, 2034;, ; 2034;;;Colisão;Luz do Dia;;;Meio de Quadra;;Longo da via;0;2;0;0;2;0;0;0;0;0;0;0;0;(-38.562991 -3.735357);
365721;2020-12-20 14:58:00;AVENIDA JOR THOMAZ COELHO, 2248;, ; 2248;;;Queda;Luz do Dia;;;Meio de Quadra;;Longo da via;0;2;0;1;0;0;0;0;0;0;0;0;0;(-38.5152816 -3.82796065);
364969;2020-12-20 14:25:00;AVENIDA BAR STUDART, ;RUA COSTA BARROS, ; ;;;Colisão;Luz do Dia;;;Cruz;Semáforo;Cruzamento;0;2;0;1;1;0;0;0;0;0;0;0;0;(-38.505837 -3.732231);
365720;2020-12-20 13:21:00;AVENIDA BAR STUDART, ;RUA COSTA BARROS, ; ;;;Colisão;Luz do Dia;;;Cruz;Semáforo;Cruzamento;0;2;0;1;1;0;0;0;0;0;0;0;0;(-38.505837 -3.732231);
365156;2020-12-20 13:15:00;RD BR 222, 1600;, ; 1600;;;Engavetamento;Luz do Dia;;;Meio de Quadra;;Longo da via;0;1;2;1;2;0;0;0;0;0;0;0;0;(-38.57814693 -3.737698444);
365158;2020-12-20 12:30:00;RD BR 020, ;, ; ;;;Engavetamento;Luz do Dia;;;Meio de Quadra;;Longo da via;0;1;3;1;2;0;1;0;0;0;0;0;0;(-38.524 -3.863);
365719;2020-12-20 12:14:00;RUA DOIS, 630;, ; 630;;;Colisão;Luz do Dia;;;Meio de Quadra;;Longo da via;0;2;0;2;0;0;0;0;0;0;0;0;0;(0 0);
364968;2020-12-20 11:45:00;AVENIDA GAL OSORIO DE PAIVA, 2995;, ; 2995;;;Colisão;Luz do Dia;Bom;Seca;Meio de Quadra;Semáforo;Longo da via;0;2;1;1;2;0;0;0;0;0;0;0;0;(-38.587177 -3.789407);
365717;2020-12-20 11:09:00;RUA STA ROSA D20/21 (JACARECANGA), ;, ; ;;;Colisão;Luz do Dia;;;Meio de Quadra;;Longo da via;0;1;0;0;0;0;0;0;0;0;1;0;0;(0 0);
365716;2020-12-20 09:41:00;AVENIDA GAL OSORIO DE PAIVA, ;, ; ;;;Colisão;Luz do Dia;;;Meio de Quadra;;Longo da via;0;2;0;1;1;0;0;0;0;0;0;0;0;(0 0);
365715;2020-12-20 09:40:00;AVENIDA BEIRA MAR, 4050;, ; 4050;;;Atropelamento;Luz do Dia;;;Meio de Quadra;;Longo da via;0;1;0;0;1;0;0;0;0;0;0;0;0;(-38.485761 -3.723281501);
365714;2020-12-20 08:18:00;AVENIDA JOVITA FEITOSA, 985;, ; 985;;;Queda;Luz do Dia;;;Meio de Quadra;;Longo da via;0;1;0;1;0;0;0;0;0;0;0;0;0;(-38.551932 -3.738945);
365137;2020-12-20 07:10:00;RUA ALBERTO MAGNO, ;RUA CESAR ROSSAS, ; ;;;Colisão Transversal;Luz do Dia;Nublado;;Cruz;Semáforo;Cruzamento;0;2;0;2;0;0;0;0;0;0;0;0;0;(-38.552686 -3.768561);
365708;2020-12-20 06:13:00;AVENIDA H CJ CEARA, ;AVENIDA J CJ CEARA, ; ;;;Colisão;Luz do Dia;;;Cruz;Outros;Cruzamento;0;2;0;2;0;0;0;0;0;0;0;0;0;(-38.621543 -3.777092);
365707;2020-12-20 06:11:00;AVENIDA CARNEIRO DE MENDONCA, ;AVENIDA LINEU MACHADO, ; ;;;Queda;Luz do Dia;;;Meio de Quadra;Semáforo;Cruzamento;0;1;0;1;0;0;0;0;0;0;0;0;0;(-38.574021 -3.760403);
365706;2020-12-20 05:20:00;RUA BERNARDO MANUEL, ;, ; ;;;Queda;Amanhecer;;;Meio de Quadra;;Longo da via;0;2;0;0;0;0;0;0;0;1;0;0;0;(0 0);
365705;2020-12-20 05:08:00;RUA EMILIO DE MENESES, 2880;, ; 2880;;;Colisão;Amanhecer;;;Meio de Quadra;;Longo da via;0;3;0;2;0;0;0;0;0;0;0;0;0;(-38.606283 -3.776425);
364971;2020-12-20 02:40:00;RUA 15 DE NOVEMBRO, ;RUA ANTONIO FIUZA, ; ;;;Colisão;Via Iluminada;Bom;Seca;Cruz;Não Há Controle;Cruzamento;0;2;0;1;1;0;0;0;0;0;0;0;0;(-38.552228 -3.770252);
365704;2020-12-20 02:36:00;AVENIDA GAL OSORIO DE PAIVA, 2982;, ; 2982;;;Queda;;;;Meio de Quadra;;Longo da via;0;1;0;1;0;0;0;0;0;0;0;0;0;(-38.587028 -3.789256);
365703;2020-12-20 01:13:00;AVENIDA DES GONZAGA, 496;, ; 496;;;Colisão;;;;Meio de Quadra;;Longo da via;0;2;0;1;1;0;0;0;0;0;0;0;0;(-38.5027365 -3.7910425);
365702;2020-12-20 01:01:00;RUA CHILE, 290;, ; 290;;;Colisão;;;;Meio de Quadra;;Longo da via;0;1;0;0;0;0;0;0;0;0;1;0;0;(-38.565276 -3.746178);
365136;2020-12-20 00:50:00;RUA VITAL BRASIL, ;RUA TAMIARANA, ; ;;;Colisão Transversal;Via Iluminada;Bom;Seca;T;Pare;Cruzamento;0;2;0;0;2;0;0;0;0;0;0;0;0;(-38.59422 -3.77908);
364109;2020-12-20 00:47:00;AVENIDA JOSE BASTOS, 4999;, ; 4999;;;Choque c/ Obstáculo Fixo;;;;Meio de Quadra;;Longo da via;2;0;0;1;0;0;0;0;0;0;0;0;0;(-38.56083817 -3.757387531);
365701;2020-12-20 00:40:00;AVENIDA PERIMETRAL, 3475;, ; 3475;;;Colisão;;;;Meio de Quadra;;Longo da via;0;2;0;1;1;0;0;0;0;0;0;0;0;(-38.5280555 -3.8291666);
365138;2020-12-20 00:00:00;AVENIDA N CJ JOSE WALTER, 495;, ; 495;;;Capotamento;Via Iluminada;Bom;Seca;Meio de Quadra;Outros;Longo da via;0;0;2;0;2;0;0;0;0;0;0;0;0;(0 0);
365700;2020-12-19 23:44:00;RUA AVILA GOULART, ;, ; ;;;Queda;;;;Meio de Quadra;;Longo da via;0;1;0;0;0;0;0;0;0;1;0;0;0;(0 0);
365699;2020-12-19 23:25:00;RUA EVILASIO A MIRANDA, 218;, ; 218;;;Queda;;;;Meio de Quadra;;Longo da via;0;1;0;1;0;0;0;0;0;0;0;0;0;(-38.4674838 -3.7919676);
365698;2020-12-19 23:08:00;RUA WALDEMAR ALCANTARA, 1742;, ; 1742;;;Queda;;;;Meio de Quadra;;Longo da via;0;2;0;1;0;0;0;0;0;0;0;0;0;(-38.46175 -3.79794);
364964;2020-12-19 22:35:00;RUA CEL JOAQUIM FRANKLIN, ;RUA SALGADO FILHO, ; ;;;Colisão;Anoitecer;Bom;Seca;Cruz;Pare;Cruzamento;0;3;0;1;2;0;0;0;0;0;0;0;0;(-38.594868 -3.743486);