COD_ACIDENTE;DATA;LOG1;LOG2;NUMERO;BAIRRO;AMC;NATUREZA;ILUMINACAO;TEMPO;SUPERFICIEPISTA;TIPOCRUZAMENTO;CONTROLETRAFEGO;USOSOLO;MORTOS;FERIDOS;ILESOS;MOTOCICLETA;AUTOMOVEL;MICROONIBUS;CAMINHAO;ONIBUS;CICLOMOTOR;BICICLETA;OUTROS;TREM;TRACAOANIMAL;COORDENADAS
365697;2020-12-19 22:23:00;RUA FRANCISCO GLICERIO, 937;, ; 937;;;Colisão;;;;Meio de Quadra;;Longo da via;0;2;0;1;1;0;0;0;0;0;0;0;0;(-38.571503 -3.795439);
365696;2020-12-19 21:38:00;AVENIDA PERIMETRAL, 1270;, ; 1270;;;Atropelamento;;;;Meio de Quadra;;Longo da via;0;1;0;0;1;0;0;0;0;0;0;0;0;(-38.58588 -3.76017);
365678;2020-12-19 21:17:00;RUA FRE ODILON, 401;, ; 401;;;Queda;;;;Meio de Quadra;;Longo da via;0;1;0;1;0;0;0;0;0;0;0;0;0;(-38.57176 -3.72341);
365677;2020-12-19 21:15:00;AVENIDA GAL MURILO BORGES, 75;, ; 75;;;Colisão;;;;Meio de Quadra;;Longo da via;0;2;0;1;1;0;0;0;0;0;0;0;0;(-38.59843 -3.72262);
365676;2020-12-19 21:02:00;RUA NOSSA SRA DE FATIMA, ;, ; ;;;Colisão;;;;Meio de Quadra;;Longo da via;0;2;0;2;0;0;0;0;0;0;0;0;0;(0 0);
364965;2020-12-19 20:50:00;AVENIDA SGT HERMINIO SAMPAIO, ;, ; ;;;Colisão Lateral;;;;Meio de Quadra;;Longo da via;0;0;2;0;1;0;1;0;0;0;0;0;0;(0 0);
364106;2020-12-19 20:47:00;AVENIDA CARNEIRO DE MENDONCA, ;RUA PEDRO MUNIZ, ; ;;;Colisão Transversal;Luz do Dia;Bom;Seca;Cruz;Semáforo;Cruzamento;1;0;1;1;0;0;1;0;0;0;0;0;0;(-38.563646 -3.765627);
365675;2020-12-19 20:28:00;RUA CEL JOAQUIM FRANKLIN, ;RUA SALGADO FILHO, ; ;;;Colisão;;;;Cruz;Pare;Cruzamento;0;1;1;1;1;0;0;0;0;0;0;0;0;(-38.594868 -3.743486);
365674;2020-12-19 20:24:00;RUA SALGADO FILHO, 734;, ; 734;;;Colisão;;;;Meio de Quadra;;Longo da via;0;2;0;1;1;0;0;0;0;0;0;0;0;(-38.5948425 -3.7436725);
364963;2020-12-19 20:10:00;AVENIDA JOVITA FEITOSA, ;RUA AMADEU FURTADO, ; ;;;Colisão Transversal;Anoitecer;Bom;Seca;Cruz;Semáforo;Cruzamento;0;2;0;1;1;0;0;0;0;0;0;0;0;(-38.562915 -3.741173);
365673;2020-12-19 19:50:00;AVENIDA 13 DE MAIO, 1820;, ; 1820;;;Atropelamento;;;;Meio de Quadra;;Longo da via;0;1;0;0;1;0;0;0;0;0;0;0;0;(-38.53398038 -3.745358327);
365672;2020-12-19 19:44:00;RUA MARIA GOMES DE SA, 1670;, ; 1670;;;Colisão;;;;Meio de Quadra;;Longo da via;0;2;0;1;1;0;0;0;0;0;0;0;0;(-38.584176 -3.823191);
365671;2020-12-19 19:13:00;RUA TARCISIO PEIXOTO, ;, ; ;;;Colisão;;;;Meio de Quadra;;Longo da via;0;2;0;2;0;0;0;0;0;0;0;0;0;(0 0);
365670;2020-12-19 18:50:00;RUA AUDISIO PINHEIRO, ;RUA PRO PAULO LOPES, ; ;;;Colisão;;;;Cruz;Pare;Cruzamento;0;2;0;1;1;0;0;0;0;0;0;0;0;(-38.587319 -3.755634);
365669;2020-12-19 18:46:00;AVENIDA BENJAMIM BRASIL, 559;, ; 559;;;Queda;;;;Meio de Quadra;;Longo da via;0;2;0;1;0;0;0;0;0;0;0;0;0;(-38.568639425 -3.804312172);
365668;2020-12-19 18:43:00;RUA HIPOLITO PAMPLONA, 341;, ; 341;;;Colisão;;;;Meio de Quadra;;Longo da via;0;2;0;0;1;0;0;0;0;1;0;0;0;(-38.5961574 -3.74474583);
365667;2020-12-19 18:35:00;RUA TARCISIO PEIXOTO, ;, ; ;;;Colisão;;;;Meio de Quadra;;Longo da via;0;2;0;2;0;0;0;0;0;0;0;0;0;(0 0);
364664;2020-12-19 18:30:00;RD CE-040, ;, ; ;;;Colisão;Anoitecer;;;Meio de Quadra;;Longo da via;0;0;2;0;2;0;0;0;0;0;0;0;0;(-38.4810839 -3.782614325);
365666;2020-12-19 18:21:00;AVENIDA CASTELO DE CASTRO, ;, ; ;;;Atropelamento;Anoitecer;;;Meio de Quadra;;Longo da via;0;1;0;0;0;0;0;0;0;0;0;0;0;(0 0);
365649;2020-12-19 18:18:00;RUA RUI MONTE, 1220;, ; 1220;;;Colisão;Anoitecer;;;Meio de Quadra;;Longo da via;0;1;0;0;0;0;0;0;0;0;0;0;0;(-38.58491 -3.74878);
365648;2020-12-19 18:13:00;AVENIDA DR THEBERGE, 2658;, ; 2658;;;Atropelamento;Anoitecer;;;Meio de Quadra;;Longo da via;0;1;0;0;1;0;0;0;0;0;0;0;0;(-38.568577 -3.7257385);
365636;2020-12-19 17:44:00;RUA BERNARDO MANUEL, ;, ; ;;;Colisão;Anoitecer;;;Meio de Quadra;;Longo da via;0;2;0;1;1;0;0;0;0;0;0;0;0;(0 0);
365635;2020-12-19 17:43:00;RUA 26 BATALHAO, 511;, ; 511;;;Atropelamento;Anoitecer;;;Meio de Quadra;;Longo da via;0;1;0;0;0;0;0;1;0;0;0;0;0;(-38.57036 -3.81261);
365099;2020-12-19 17:30:00;RUA MIRTES CORDEIRO, 1122;, ; 1122;;;Choque c/ Obstáculo Fixo;Anoitecer;Bom;Seca;Meio de Quadra;Não Há Controle;Longo da via;0;1;0;0;0;0;0;0;0;0;1;0;0;(-38.60131 -3.78831);
365098;2020-12-19 16:31:00;RUA EMILIO DE MENESES, 1348;, ; 1348;;;Colisão Traseira;Luz do Dia;Bom;Seca;Meio de Quadra;;Longo da via;0;1;1;0;2;0;0;0;0;0;0;0;0;(-38.59352 -3.77998);
365100;2020-12-19 15:20:00;AVENIDA ENG SANTANA JUNIOR, ;RUA BENTO ALBUQUERQUE, ; ;;;Colisão Traseira;Luz do Dia;Bom;Seca;Meio de Quadra;Semáforo;Cruzamento;0;1;1;1;1;0;0;0;0;0;0;0;0;(-38.486538 -3.742678);
365119;2020-12-19 15:10:00;AVENIDA ALM HENRIQUE SABOIA, ;, ; ;;;Colisão Traseira;Luz do Dia;;;Meio de Quadra;;Longo da via;0;3;0;1;2;0;0;0;0;0;0;0;0;(0 0);
364962;2020-12-19 15:09:00;AVENIDA EDUARDO GIRAO, 515;, ; 515;;;Colisão;Luz do Dia;;;Meio de Quadra;;Longo da via;0;2;0;0;2;0;0;0;0;0;0;0;0;(-38.52902 -3.75615);
365632;2020-12-19 15:04:00;RUA PRO HERIBALDO COSTA, ;RUA CURITIBA, ; ;;;Colisão;Luz do Dia;;;Cruz;Pare;Cruzamento;0;2;0;1;1;0;0;0;0;0;0;0;0;(-38.583853 -3.759992);
365629;2020-12-19 14:56:00;RUA CON DE CASTRO, 7132;, ; 7132;;;Colisão;Luz do Dia;;;Meio de Quadra;;Longo da via;0;1;0;0;0;0;0;0;0;0;0;0;0;(-38.6007654 -3.81727974);
365624;2020-12-19 14:50:00;RUA SAO FIDELIS D71, 1040;, ; 1040;;;Colisão;Luz do Dia;;;Meio de Quadra;;Longo da via;0;1;0;0;0;0;0;0;0;0;1;0;0;(0 0);
365623;2020-12-19 14:22:00;RUA PRO GOMES BRASIL, 129;, ; 129;;;Queda;Luz do Dia;;;Meio de Quadra;;Longo da via;0;1;0;1;0;0;0;0;0;0;0;0;0;(-38.56723 -3.7743402);
365622;2020-12-19 14:18:00;RUA 23 CJ POLAR, 161;, ; 161;;;Queda;Luz do Dia;;;Meio de Quadra;;Longo da via;0;2;0;1;0;0;0;0;0;0;0;0;0;(0 0);
365102;2020-12-19 13:40:00;RUA SEN ALENCAR, ;RUA MAJ FACUNDO, ; ;;;Colisão Transversal;Luz do Dia;Bom;Seca;Cruz;Pare;Cruzamento;0;2;1;1;1;0;0;0;0;0;0;0;0;(-38.527033 -3.725114);
365621;2020-12-19 13:07:00;AVENIDA GOV LEONEL BRIZOLA, 387;, ; 387;;;Colisão;Luz do Dia;;;Meio de Quadra;;Longo da via;0;2;0;1;1;0;0;0;0;0;0;0;0;(0 0);
365620;2020-12-19 12:52:00;AVENIDA MR HULL, 4174;, ; 4174;;;Colisão;Luz do Dia;;;Meio de Quadra;;Longo da via;0;2;0;1;1;0;0;0;0;0;0;0;0;(-38.582067 -3.738271);
365609;2020-12-19 12:45:00;AVENIDA MAE LISBOA, ;, ; ;;;Colisão;Luz do Dia;;;Meio de Quadra;;Longo da via;0;2;0;2;0;0;0;0;0;0;0;0;0;(0 0);
365113;2020-12-19 12:30:00;AVENIDA AMERICO BARREIRA, ;RUA CEARA, ; ;;;Colisão Traseira;Luz do Dia;Bom;Seca;Cruz;Pare;Cruzamento;0;1;1;1;1;0;0;0;0;0;0;0;0;(-38.5641879 -3.7599614);
365606;2020-12-19 12:30:00;AVENIDA JOSE BASTOS, 5522;, ; 5522;;;Colisão;Luz do Dia;;;Meio de Quadra;;Longo da via;0;2;0;1;1;0;0;0;0;0;0;0;0;(-38.5641826 -3.76011523);
365597;2020-12-19 12:30:00;RUA BETEL, ;, ; ;;;Queda;Luz do Dia;;;Meio de Quadra;;Longo da via;0;1;0;1;0;0;0;0;0;0;0;0;0;(0 0);
365591;2020-12-19 12:15:00;RUA MON FURTADO, ;RUA DELMIRO FARIAS, ; ;;;Colisão;Luz do Dia;;;Cruz;Não Há Controle;Cruzamento;0;2;0;0;1;0;0;0;0;1;0;0;0;(-38.55055 -3.747544);
365587;2020-12-19 11:32:00;RUA HONORIO VIEIRA, ;RUA KASEL, ; ;;;Colisão;Luz do Dia;;;;;Cruzamento;0;2;0;1;1;0;0;0;0;0;0;0;0;(-38.48641 -3.78628);
365584;2020-12-19 11:24:00;RUA CEL JUCA, ;RUA GAL TERTULIANO POTYGUARA, ; ;;;Colisão;Luz do Dia;;;Cruz;Pare;Cruzamento;0;2;0;1;0;0;1;0;0;0;0;0;0;(-38.493766 -3.745325);
365582;2020-12-19 11:10:00;AVENIDA DIOGUINHO, ;, ; ;;;Colisão;Luz do Dia;;;Meio de Quadra;;Longo da via;0;2;0;2;0;0;0;0;0;0;0;0;0;(0 0);
365581;2020-12-19 11:07:00;AVENIDA GENIBAU, ;RUA HUMAITA D73, ; ;;;Colisão;Luz do Dia;;;Cruz;Pare;Cruzamento;0;2;0;1;1;0;0;0;0;0;0;0;0;(-38.600613 -3.760652);
365579;2020-12-19 10:18:00;AVENIDA SGT HERMINIO SAMPAIO, 2680;, ; 2680;;;Colisão;Luz do Dia;;;Meio de Quadra;;Longo da via;0;2;0;1;1;0;0;0;0;0;0;0;0;(-38.5644391 -3.72706933);
365570;2020-12-19 09:49:00;RUA BERNARDO MANUEL, 1000;, ; 1000;;;Queda;Luz do Dia;;;Meio de Quadra;;Longo da via;0;1;0;1;0;0;0;0;0;0;0;0;0;(-38.545777301 -3.780145897);
365568;2020-12-19 09:38:00;AVENIDA CARNEIRO DE MENDONCA, 1256;, ; 1256;;;Atropelamento;Luz do Dia;;;Meio de Quadra;;Longo da via;0;1;0;0;0;0;0;0;0;0;0;0;0;(-38.570011 -3.762374);
364966;2020-12-19 09:20:00;AVENIDA MAJ ASSIS, ;RUA 43 CJ DOS BANCARIOS, ; ;;;Colisão;Luz do Dia;Bom;Molhada;T;Pare;Cruzamento;0;2;0;1;1;0;0;0;0;0;0;0;0;(-38.601233 -3.720369);
365154;2020-12-19 09:20:00;RD BR 222, 1000;, ; 1000;;;Colisão;Luz do Dia;;;Meio de Quadra;;Longo da via;0;1;1;0;0;0;1;0;0;0;0;0;0;(-38.57814693 -3.737698444);
365097;2020-12-19 09:20:00;AVENIDA ENG SANTANA JUNIOR, 2400;, ; 2400;;;Colisão Lateral;Luz do Dia;Bom;Seca;Meio de Quadra;Não Há Controle;Longo da via;0;1;1;1;1;0;0;0;0;0;0;0;0;(-38.487269 -3.743312);
365567;2020-12-19 09:05:00;AVENIDA ENG SANTANA JUNIOR, ;, ; ;;;Colisão;Luz do Dia;;;Meio de Quadra;;Longo da via;0;2;0;1;1;0;0;0;0;0;0;0;0;(0 0);
365117;2020-12-19 08:50:00;RUA JOAO CORDEIRO, ;RUA ROCHA LIMA, ; ;;;Colisão Lateral;Luz do Dia;Bom;Seca;Cruz;Pare;Cruzamento;0;0;2;1;1;0;0;0;0;0;0;0;0;(-38.517275 -3.738);
365555;2020-12-19 08:31:00;AVENIDA GODOFREDO MACIEL, ;RUA NEREU RAMOS, ; ;;;Colisão;Luz do Dia;;;T;Semáforo;Cruzamento;0;2;0;1;1;0;0;0;0;0;0;0;0;(-38.566802 -3.78725);
365118;2020-12-19 08:30:00;RUA VALMIR PONTES, ;, ; ;;;Colisão Transversal;Luz do Dia;Bom;Seca;Meio de Quadra;Pare;Longo da via;0;2;0;1;1;0;0;0;0;0;0;0;0;(0 0);
365554;2020-12-19 07:53:00;AVENIDA AGUANAMBI, ;, ; ;;;Colisão;Luz do Dia;;;Meio de Quadra;;Longo da via;0;2;0;2;0;0;0;0;0;0;0;0;0;(0 0);
365553;2020-12-19 07:41:00;AVENIDA CEL CARVALHO, 1996;, ; 1996;;;Colisão;Luz do Dia;;;Meio de Quadra;;Longo da via;0;1;0;0;0;0;0;0;0;0;0;0;0;(-38.5871988 -3.72026557);
365552;2020-12-19 07:31:00;RUA MON BRUNO, ;AVENIDA SANTOS DUMONT, ; ;;;Colisão;Luz do Dia;;;Cruz;Pare;Cruzamento;0;2;0;1;1;0;0;0;0;0;0;0;0;(-38.509506 -3.732595);
365551;2020-12-19 07:27:00;RUA PROF GLAUCO LOBO, 359;, ; 359;;;Queda;Luz do Dia;;;Meio de Quadra;;Longo da via;0;1;0;1;0;0;0;0;0;0;0;0;0;(-38.48341 -3.79514);
365550;2020-12-19 07:18:00;RUA TEN ROMA, 403;, ; 403;;;Queda;Luz do Dia;;;Meio de Quadra;;Longo da via;0;1;0;1;0;0;0;0;0;0;0;0;0;(-38.514387 -3.767726);
365549;2020-12-19 07:01:00;RUA PERNAMBUCO, 2101;, ; 2101;;;Colisão;Luz do Dia;;;Meio de Quadra;;Longo da via;0;2;0;1;1;0;0;0;0;0;0;0;0;(-38.5751666 -3.75455743);
365096;2020-12-19 06:00:00;AVENIDA DOS EXPEDICIONARIOS, 4508;, ; 4508;;;Capotamento;Luz do Dia;Bom;Seca;Meio de Quadra;Não Há Controle;Longo da via;0;2;0;0;1;0;0;0;0;0;0;0;0;(-38.5390883 -3.75800233);
365548;2020-12-19 05:38:00;RUA AMADEU FURTADO, 436;, ; 436;;;Colisão;Amanhecer;;;Meio de Quadra;;Longo da via;0;2;0;1;1;0;0;0;0;0;0;0;0;(-38.5632906 -3.7393586);
365547;2020-12-19 05:07:00;RUA PRO ALVARO COSTA, 1191;, ; 1191;;;Queda;Amanhecer;;;Meio de Quadra;;Longo da via;0;1;0;1;0;0;0;0;0;0;0;0;0;(-38.47323 -3.72729);
365546;2020-12-19 04:36:00;AVENIDA JOAO PESSOA, 7035;, ; 7035;;;Queda;;;;Meio de Quadra;;Longo da via;0;1;0;1;0;0;0;0;0;0;0;0;0;(-38.5615694 -3.77151073);
365545;2020-12-19 04:31:00;RUA PDE PEDRO DE ALENCAR, 1428;, ; 1428;;;Colisão;;;;Meio de Quadra;;Longo da via;0;2;0;1;1;0;0;0;0;0;0;0;0;(-38.49427566 -3.840644689);
365544;2020-12-19 04:08:00;AVENIDA CEL CARVALHO, 1926;, ; 1926;;;Queda;;;;Meio de Quadra;;Longo da via;0;2;0;1;0;0;0;0;0;0;0;0;0;(-38.58755 -3.71932);
365114;2020-12-19 04:00:00;RUA GAL SAMPAIO, ;RUA SEN ALENCAR, ; ;;;Colisão Transversal;Amanhecer;Bom;Seca;Cruz;Semáforo;Cruzamento;0;1;1;0;2;0;0;0;0;0;0;0;0;(-38.529984 -3.724192);
365101;2020-12-19 03:00:00;RUA BELGICA, 893;, ; 893;;;Choque c/ Obstáculo Fixo;Via Iluminada;Bom;Seca;Meio de Quadra;Não Há Controle;Longo da via;0;1;0;0;1;0;0;0;0;0;0;0;0;(-38.56586 -3.78964);
365115;2020-12-19 02:30:00;AVENIDA GODOFREDO MACIEL, ;RUA HOLANDA, ; ;;;Capotamento;Via Iluminada;Bom;Seca;T;Não Há Controle;Cruzamento;0;1;0;0;1;0;0;0;0;0;0;0;0;(-38.567077 -3.791113);
364961;2020-12-19 02:25:00;RUA TORRES CAMARA, ;, ; ;;;Colisão;Via Iluminada;Bom;Seca;Meio de Quadra;Semáforo;Longo da via;0;2;0;0;2;0;0;0;0;0;0;0;0;(0 0);
365152;2020-12-19 02:10:00;RD BR 116, 14000;, ; 14000;;;Queda;;;;Meio de Quadra;;Longo da via;0;1;0;1;0;0;0;0;0;0;0;0;0;(-38.499242 -3.873523);
365543;2020-12-19 02:10:00;RUA CAMBARA, 893;, ; 893;;;Colisão;;;;Meio de Quadra;;Longo da via;0;2;0;0;0;0;0;0;0;0;0;0;0;(-38.5632 -3.78078);
365542;2020-12-19 01:58:00;RUA HOLANDA, 33;, ; 33;;;Tombamento;;;;Meio de Quadra;;Longo da via;0;1;0;0;0;0;0;0;0;0;0;0;0;(-38.567077 -3.791113);
364666;2020-12-19 01:10:00;AVENIDA MIN JOSE AMERICO, 1000;, ; 1000;;;Colisão;;;;Meio de Quadra;;Longo da via;0;0;2;0;1;1;0;0;0;0;0;0;0;(-38.4912085 -3.8090986);
365541;2020-12-19 00:59:00;AVENIDA EDUARDO GIRAO, ;, ; ;;;Queda;;;;Meio de Quadra;;Longo da via;0;1;0;1;0;0;0;0;0;0;0;0;0;(0 0);
365540;2020-12-18 22:28:00;RUA PARANA, ;, ; ;;;Colisão;;;;Meio de Quadra;;Longo da via;0;2;0;1;1;0;0;0;0;0;0;0;0;(0 0);
364952;2020-12-18 22:00:00;RUA CACILDA BECKER, 29;, ; 29;;;Colisão;;;;Meio de Quadra;;Longo da via;0;1;0;0;1;0;0;0;0;0;0;0;0;(-38.587198 -3.775518);
365539;2020-12-18 21:24:00;RUA NAPOLEAO QUEZADO, ;, ; ;;;Atropelamento;;;;Meio de Quadra;;Longo da via;0;1;0;0;0;0;0;0;0;0;0;0;0;(0 0);
365538;2020-12-18 21:00:00;RUA GERARDO BARROS TEIXEIRA, ;AVENIDA WASHINGTON SOARES, ; ;;;Queda;;;;Cruz;Pare;Cruzamento;0;1;0;1;0;0;0;0;0;0;0;0;0;(-38.48171 -3.81973);
365537;2020-12-18 20:40:00;RUA CARLOS CAMARA, 1465;, ; 1465;;;Colisão;;;;Meio de Quadra;;Longo da via;0;2;0;1;1;0;0;0;0;0;0;0;0;(-38.5446278 -3.74874508);
365063;2020-12-18 20:30:00;RUA VERBENA, 29;, ; 29;;;Colisão Frontal;Via Iluminada;Bom;Seca;Meio de Quadra;Não Há Controle;Longo da via;0;1;1;0;1;0;0;0;0;0;0;0;0;(-38.58789 -3.77629);
365536;2020-12-18 20:23:00;AVENIDA PERIMETRAL, 152;, ; 152;;;Colisão;;;;Meio de Quadra;;Longo da via;0;2;0;0;1;0;0;0;0;0;0;0;0;(-38.58588 -3.76017);
365535;2020-12-18 19:59:00;RUA TIJUBANA, 295;, ; 295;;;Atropelamento;;;;Meio de Quadra;;Longo da via;0;1;0;0;0;0;0;0;0;0;0;0;0;(-38.539144 -3.72075933);
365534;2020-12-18 19:28:00;RUA EUDES CARDOSO, 220;, ; 220;;;Colisão;;;;Meio de Quadra;;Longo da via;0;2;0;1;1;0;0;0;0;0;0;0;0;(-38.4912042 -3.82563189);
365533;2020-12-18 19:17:00;AVENIDA CASTELO DE CASTRO, 527;, ; 527;;;Colisão;;;;Meio de Quadra;;Longo da via;0;2;0;1;1;0;0;0;0;0;0;0;0;(-38.521582 -3.833689);
365058;2020-12-18 19:12:00;AVENIDA CASTELO DE CASTRO, 10;, ; 10;;;Colisão Transversal;Via Iluminada;Bom;Seca;Meio de Quadra;Pare;Longo da via;0;1;1;0;1;0;0;0;0;0;0;0;0;(-38.52152 -3.82976);
365531;2020-12-18 18:18:00;RUA POMPILIO GOMES, 1123;, ; 1123;;;Colisão;Anoitecer;;;Meio de Quadra;;Longo da via;0;1;0;1;1;0;0;0;0;0;0;0;0;(-38.5212 -3.82559);
365530;2020-12-18 18:04:00;AVENIDA ALM HENRIQUE SABOIA, ;, ; ;;;Colisão;Anoitecer;;;Meio de Quadra;;Longo da via;0;2;0;1;1;0;0;0;0;0;0;0;0;(0 0);
365529;2020-12-18 18:04:00;RD QUARTO ANEL VIARIO, 2700;, ; 2700;;;Atropelamento;Anoitecer;;;Meio de Quadra;;Longo da via;0;1;0;1;0;0;0;0;0;0;0;0;0;(-38.5182322 -3.8647537);
365528;2020-12-18 17:44:00;AVENIDA JOSE LEON, 1117;, ; 1117;;;Colisão;Anoitecer;;;Meio de Quadra;;Longo da via;0;2;0;1;1;0;0;0;0;0;0;0;0;(-38.5020302 -3.787762);
365527;2020-12-18 17:31:00;AVENIDA ALM HENRIQUE SABOIA, ;, ; ;;;Colisão;Anoitecer;;;Meio de Quadra;;Longo da via;0;2;0;1;1;0;0;0;0;0;0;0;0;(0 0);
365526;2020-12-18 17:31:00;RUA PORTO VELHO, 1832;, ; 1832;;;Colisão;Anoitecer;;;Meio de Quadra;;Longo da via;0;2;0;1;1;0;0;0;0;0;0;0;0;(-38.594715 -3.761949);
365525;2020-12-18 17:27:00;RUA JULIO JORGE VIEIRA, 340;, ; 340;;;Colisão;Anoitecer;;;Meio de Quadra;;Longo da via;0;2;0;1;1;0;0;0;0;0;0;0;0;(-38.5066 -3.79193);
365524;2020-12-18 17:16:00;RUA BOM JESUS (GRANJA LISBOA), 1998;, ; 1998;;;Colisão;Anoitecer;;;Meio de Quadra;;Longo da via;0;2;0;1;1;0;0;0;0;0;0;0;0;(-38.61121 -3.791182);
364954;2020-12-18 17:10:00;RUA FREDERICO BORGES, ;RUA PEREIRA VALENTE, ; ;;;Colisão Transversal;Anoitecer;Bom;Seca;Cruz;Pare;Cruzamento;0;2;0;1;1;0;0;0;0;0;0;0;0;(-38.48912 -3.7348566);
365094;2020-12-18 16:40:00;AVENIDA PRS JUSCELINO KUBITSCHEK (PASSARÉ), ;, ; ;;;Colisão Transversal;Luz do Dia;Bom;Seca;Meio de Quadra;Não Há Controle;Longo da via;0;0;2;1;1;0;0;0;0;0;0;0;0;(0 0);
365077;2020-12-18 16:35:00;RUA PERNAMBUCO, ;RUA MINAS GERAIS, ; ;;;Colisão Transversal;Via Iluminada;Bom;Seca;Cruz;Pare;Cruzamento;0;0;2;0;2;0;0;0;0;0;0;0;0;(-38.56787 -3.760409);
365523;2020-12-18 16:16:00;AVENIDA FRANCISCO SA, 2224;, ; 2224;;;Colisão;Luz do Dia;;;Meio de Quadra;;Longo da via;0;2;0;1;1;0;0;0;0;0;0;0;0;(-38.545329 -3.721349);
365522;2020-12-18 16:13:00;AVENIDA FILOMENO GOMES, ;, ; ;;;Colisão;Luz do Dia;;;Meio de Quadra;;Longo da via;0;2;0;1;1;0;0;0;0;0;0;0;0;(0 0);
365095;2020-12-18 16:00:00;AVENIDA SEN FERNANDES TAVORA, ;RUA JOSE MENDONCA, ; ;;;Colisão Lateral;Luz do Dia;Bom;Seca;Cruz;Semáforo;Cruzamento;0;2;0;0;2;0;0;0;0;0;0;0;0;(-38.601696 -3.754492);
365504;2020-12-18 15:04:00;RUA RIO GRANDE DO SUL, 212;, ; 212;;;Colisão;Luz do Dia;;;Meio de Quadra;;Longo da via;0;1;0;0;0;0;0;0;0;0;1;0;0;(-38.562327 -3.751115);
365093;2020-12-18 15:00:00;AVENIDA SANTOS DUMONT, ;RUA LEONARDO MOTA, ; ;;;Colisão Traseira;Luz do Dia;Bom;Seca;Meio de Quadra;Não Há Controle;Cruzamento;0;1;1;1;1;0;0;0;0;0;0;0;0;(-38.496397 -3.736857);
365091;2020-12-18 14:30:00;AVENIDA CESAR CALS, ;RUA PRO HENRIQUE FIRMEZA, ; ;;;Colisão Transversal;Luz do Dia;Bom;Seca;Cruz;Não Há Controle;Cruzamento;0;2;0;1;0;0;1;0;0;0;0;0;0;(-38.465564 -3.718659);
365503;2020-12-18 14:16:00;RUA LUCIANO DE QUEIROS, 1694;, ; 1694;;;Colisão;Luz do Dia;;;Meio de Quadra;;Longo da via;0;2;0;1;1;0;0;0;0;0;0;0;0;(-38.5849435 -3.77015496);
365502;2020-12-18 13:45:00;RUA NELSON COELHO, 452;, ; 452;;;Colisão;Luz do Dia;;;Meio de Quadra;;Longo da via;0;1;0;0;0;0;0;0;0;0;0;0;0;(-38.4629295 -3.829927);
365501;2020-12-18 12:49:00;AVENIDA JOSE BASTOS, ;RUA RIO GRANDE DO NORTE, ; ;;;Colisão;Luz do Dia;;;T;Semáforo;Cruzamento;0;2;0;2;0;0;0;0;0;0;0;0;0;(-38.564477 -3.760562);
365500;2020-12-18 12:34:00;RUA CANDIDO MAIA, ;, ; ;;;Queda;Luz do Dia;;;Meio de Quadra;;Longo da via;0;1;0;1;0;0;0;0;0;0;0;0;0;(0 0);
365499;2020-12-18 12:08:00;RUA GAL CORDEIRO NETO, 1458;, ; 1458;;;Colisão;Luz do Dia;;;Meio de Quadra;;Longo da via;0;2;0;2;0;0;0;0;0;0;0;0;0;(-38.57397 -3.81643);
364958;2020-12-18 12:00:00;AVENIDA DUQ CAXIAS, ;RUA GAL SAMPAIO, ; ;;;Atropelamento;Luz do Dia;;;Cruz;Semáforo;Cruzamento;0;2;0;0;1;0;0;0;0;0;0;0;0;(-38.532029 -3.731096);
365073;2020-12-18 11:30:00;RUA FIRMINO ROCHA AGUIAR, ;RUA ELISEU UCHOA BECCO, ; ;;;Colisão Transversal;Luz do Dia;Bom;Seca;Cruz;Pare;Cruzamento;0;2;0;1;1;0;0;0;0;0;0;0;0;(-38.48612 -3.763391);
364956;2020-12-18 10:40:00;RUA DR SULIANO, ;, ; ;;;Colisão;Luz do Dia;Bom;Seca;Meio de Quadra;Pare;Longo da via;0;2;0;1;1;0;0;0;0;0;0;0;0;(0 0);
365092;2020-12-18 09:00:00;RUA ALBERTO MAGNO, ;RUA ANA NERY, ; ;;;Colisão Transversal;Luz do Dia;Bom;Seca;Cruz;Semáforo;Cruzamento;0;1;1;1;1;0;0;0;0;0;0;0;0;(-38.541115 -3.7546701);
365498;2020-12-18 08:53:00;RUA ERNESTO PEDRO SANTOS, ;, ; ;;;Colisão;Luz do Dia;;;Meio de Quadra;;Longo da via;0;2;0;1;1;0;0;0;0;0;0;0;0;(0 0);
364665;2020-12-18 07:40:00;RD CE-040, ;, ; ;;;Colisão;Luz do Dia;;;Meio de Quadra;;Longo da via;0;0;2;0;2;0;0;0;0;0;0;0;0;(-38.48258304 -3.764650449);
365151;2020-12-18 07:15:00;RD BR 116, 2679;, ; 2679;;;Colisão Transversal;Luz do Dia;;;Meio de Quadra;;Longo da via;0;2;0;1;0;0;0;0;0;1;0;0;0;(-38.503053 -3.804691);
365493;2020-12-18 06:22:00;RUA BERNARDO MANUEL, 8241;, ; 8241;;;Queda;Luz do Dia;;;Meio de Quadra;;Longo da via;0;1;0;0;0;0;0;0;0;1;0;0;0;(-38.549248 -3.791601);
365492;2020-12-18 03:10:00;AVENIDA GAL OSORIO DE PAIVA, ;RUA LUIS VIEIRA, ; ;;;Colisão;;;;Cruz;Semáforo;Cruzamento;0;2;0;1;1;0;0;0;0;0;0;0;0;(-38.588616 -3.790879);