COD_ACIDENTE;DATA;LOG1;LOG2;NUMERO;BAIRRO;AMC;NATUREZA;ILUMINACAO;TEMPO;SUPERFICIEPISTA;TIPOCRUZAMENTO;CONTROLETRAFEGO;USOSOLO;MORTOS;FERIDOS;ILESOS;MOTOCICLETA;AUTOMOVEL;MICROONIBUS;CAMINHAO;ONIBUS;CICLOMOTOR;BICICLETA;OUTROS;TREM;TRACAOANIMAL;COORDENADAS
365072;2020-12-18 00:30:00;RUA BENTO ALBUQUERQUE, ;RUA FRANCISCO MATOS, ; ;;;Colisão Transversal;Via Iluminada;;;Cruz;Pare;Cruzamento;0;1;1;1;1;0;0;0;0;0;0;0;0;(-38.470436 -3.747862);
365491;2020-12-17 22:46:00;AVENIDA GAL OSORIO DE PAIVA, ;, ; ;;;Colisão;;;;Meio de Quadra;;Longo da via;0;1;0;0;0;0;0;0;0;0;1;0;0;(0 0);
365490;2020-12-17 22:11:00;AVENIDA ISABEL BEZERRA, 700;, ; 700;;;Colisão;;;;Meio de Quadra;;Longo da via;0;2;0;1;1;0;0;0;0;0;0;0;0;(0 0);
364950;2020-12-17 21:20:00;AVENIDA GOV RAUL BARBOSA, 5598;, ; 5598;;;Atropelamento;;;;Meio de Quadra;;Longo da via;0;1;1;1;0;0;0;0;0;0;0;0;0;(-38.5098 -3.7681965);
365489;2020-12-17 20:06:00;AVENIDA FRE CIRILO, 4186;, ; 4186;;;Colisão;;;;Meio de Quadra;;Longo da via;0;2;0;1;1;0;0;0;0;0;0;0;0;(-38.495969667 -3.820634083);
363869;2020-12-17 20:00:00;AVENIDA FRE CIRILO, ;RUA PAULO SETUBAL, ; ;;;Colisão Lateral;Via Iluminada;Bom;Seca;Outros;Semáforo;Cruzamento;0;2;0;0;1;0;0;0;0;0;0;0;0;(-38.496028 -3.820502);
365488;2020-12-17 19:40:00;AVENIDA PRS CASTELO BRANCO, ;, ; ;;;Colisão;;;;Meio de Quadra;;Longo da via;0;1;0;0;0;0;0;0;0;0;1;0;0;(0 0);
365486;2020-12-17 19:29:00;RUA LONDRINA, 895;, ; 895;;;Colisão;;;;Meio de Quadra;;Longo da via;0;3;0;2;0;0;0;0;0;0;0;0;0;(-38.599145 -3.782173);
365485;2020-12-17 19:21:00;RUA PDE GUERRA, 2419;, ; 2419;;;Colisão;;;;Meio de Quadra;;Longo da via;0;1;0;0;0;0;0;0;0;0;2;0;0;(-38.56614 -3.74066);
365484;2020-12-17 17:47:00;AVENIDA DEP PAULINO ROCHA, ;, ; ;;;Colisão;Anoitecer;;;Meio de Quadra;;Longo da via;0;2;0;1;1;0;0;0;0;0;0;0;0;(0 0);
365483;2020-12-17 17:29:00;RUA SAO LUIZ DO OESTE, ;RUA HUMBERTO LOMEU, ; ;;;Colisão;Anoitecer;;;;;Cruzamento;0;2;0;1;0;0;1;0;0;0;0;0;0;(-38.60951 -3.78006);
365482;2020-12-17 17:22:00;RUA ALBERTO MAGNO, 1014;, ; 1014;;;Queda;Anoitecer;;;Meio de Quadra;;Longo da via;0;1;0;1;0;0;0;0;0;0;0;0;0;(-38.549187 -3.7639865);
365481;2020-12-17 17:08:00;RUA PEDRO MARTINS, 151;, ; 151;;;Colisão;Anoitecer;;;Meio de Quadra;;Longo da via;0;2;0;0;1;0;0;0;0;1;0;0;0;(-38.599374 -3.800394);
365480;2020-12-17 16:50:00;RUA LUMINOSA, 274;, ; 274;;;Queda;Luz do Dia;;;Meio de Quadra;;Longo da via;0;1;0;1;0;0;0;0;0;0;0;0;0;(-38.59145 -3.7891);
363853;2020-12-17 16:20:00;AVENIDA EDUARDO BRIGIDO MONTEIRO, 111;, ; 111;;;Queda;Luz do Dia;Bom;Seca;Meio de Quadra;Pare;Longo da via;0;1;0;0;0;0;0;0;0;1;0;0;0;(-38.48814 -3.78302);
363868;2020-12-17 15:46:00;RUA DR GILBERTO STUDART, 1949;, ; 1949;;;Colisão Transversal;Luz do Dia;Bom;Seca;Meio de Quadra;Não Há Controle;Longo da via;0;2;0;0;1;0;0;0;1;0;0;0;0;(-38.471497 -3.746655);
365479;2020-12-17 15:39:00;RUA TAVARES COUTINHO, 2050;, ; 2050;;;Queda;Luz do Dia;;;Meio de Quadra;;Longo da via;0;1;0;1;0;0;0;0;0;0;0;0;0;(-38.4844145 -3.7324725);
364942;2020-12-17 15:30:00;AVENIDA GAL OSORIO DE PAIVA, ;RUA ARARIPE PRATA, ; ;;;Colisão;Luz do Dia;;;;;Cruzamento;0;2;0;0;2;0;0;0;0;0;0;0;0;(-38.568029 -3.776593);
363885;2020-12-17 15:00:00;AVENIDA DOMINGOS OLIMPIO, ;RUA PRC ISABEL, ; ;;;Colisão Lateral;Luz do Dia;Bom;Seca;Cruz;Semáforo;Cruzamento;0;2;0;1;0;0;1;0;0;0;0;0;0;(-38.53779 -3.734438);
365478;2020-12-17 13:54:00;RUA BERNARDO MANUEL, 10241;, ; 10241;;;Colisão;Luz do Dia;;;Meio de Quadra;;Longo da via;0;2;0;1;1;0;0;0;0;0;0;0;0;(-38.554551 -3.808919973);
365477;2020-12-17 12:46:00;RUA BOM JESUS (GRANJA LISBOA), ;, ; ;;;Colisão;Luz do Dia;;;Meio de Quadra;;Longo da via;0;1;0;0;0;0;0;0;0;0;1;0;0;(0 0);
364124;2020-12-17 12:40:00;RUA GUARAREMA, ;RUA BOM JESUS (GRANJA LISBOA), ; ;;;Colisão Transversal;Luz do Dia;;;;;Cruzamento;1;0;0;1;0;0;0;0;0;0;0;0;0;(-38.61964 -3.788544);
365476;2020-12-17 12:18:00;RUA MON VICENTE MARTINS, 1457;, ; 1457;;;Queda;Luz do Dia;;;Meio de Quadra;;Longo da via;0;1;0;1;0;0;0;0;0;0;0;0;0;(-38.5810242 -3.77174);
365475;2020-12-17 11:24:00;AVENIDA CARNEIRO DE MENDONCA, ;RUA PEDRO MUNIZ, ; ;;;Colisão;Luz do Dia;;;Cruz;Semáforo;Cruzamento;0;2;0;1;1;0;0;0;0;0;0;0;0;(-38.563646 -3.765627);
365474;2020-12-17 10:20:00;RUA BOA ESPERANCA D43, 435;, ; 435;;;Queda;Luz do Dia;;;Meio de Quadra;;Longo da via;0;1;0;1;0;0;0;0;0;0;0;0;0;(-38.604662 -3.754801);
365473;2020-12-17 09:38:00;AVENIDA DUQ CAXIAS, ;RUA ASSUNCAO, ; ;;;Colisão;Luz do Dia;;;Cruz;Semáforo;Cruzamento;0;2;0;0;1;0;0;0;0;1;0;0;0;(-38.527952 -3.732405);
364637;2020-12-17 09:15:00;AVENIDA SEN CARLOS JEREISSATI (AEROPORTO), 1033;, ; 1033;;;Colisão;Luz do Dia;;;Meio de Quadra;;Longo da via;0;1;1;1;1;0;0;0;0;0;0;0;0;(0 0);
363879;2020-12-17 09:10:00;AVENIDA ALM HENRIQUE SABOIA, 1300;, ; 1300;;;Colisão Lateral;Luz do Dia;Bom;Seca;Meio de Quadra;Não Há Controle;Longo da via;0;1;1;0;1;0;0;0;0;0;0;0;0;(-38.48594 -3.737974);
365053;2020-12-17 09:10:00;AVENIDA OLIVEIRA PAIVA, ;RUA JUNIOR ROCHA, ; ;;;Colisão Traseira;Luz do Dia;Bom;Seca;Cruz;Semáforo;Cruzamento;0;1;1;0;1;0;1;0;0;0;0;0;0;(-38.488224 -3.796189);
365472;2020-12-17 08:58:00;AVENIDA TEN LISBOA, 3167;, ; 3167;;;Queda;Luz do Dia;;;Meio de Quadra;;Longo da via;0;2;0;0;0;0;0;0;0;1;0;0;0;(-38.563473 -3.72002);
363856;2020-12-17 08:30:00;AVENIDA PRS CASTELO BRANCO, 295;, ; 295;;;Colisão Traseira;Luz do Dia;Bom;Seca;Meio de Quadra;Não Há Controle;Longo da via;0;1;1;1;1;0;0;0;0;0;0;0;0;(-38.524576 -3.722157);
365471;2020-12-17 08:25:00;AVENIDA GODOFREDO MACIEL, 7060;, ; 7060;;;Colisão;Luz do Dia;;;Meio de Quadra;;Longo da via;0;1;0;0;0;0;0;0;0;0;0;0;0;(0 0);
363857;2020-12-17 08:10:00;AVENIDA PRO GOMES DE MATOS, 420;, ; 420;;;Colisão Traseira;Luz do Dia;Bom;Seca;Meio de Quadra;Não Há Controle;Longo da via;0;2;1;1;2;0;0;0;0;0;0;0;0;(-38.542589 -3.757627);
364636;2020-12-17 08:10:00;RD CE-060, ;, ; ;;;Capotamento;Luz do Dia;;;Meio de Quadra;;Longo da via;0;1;0;0;1;0;0;0;0;0;0;0;0;(-38.582111 -3.834064);
365470;2020-12-17 08:09:00;AVENIDA GODOFREDO MACIEL, 6060;, ; 6060;;;Colisão;Luz do Dia;;;Meio de Quadra;;Longo da via;0;1;0;0;1;0;0;0;0;0;0;0;0;(-38.579662 -3.826977);
363867;2020-12-17 07:45:00;RUA ESTADO DO RIO, ;RUA MARANHAO, ; ;;;Colisão Transversal;Luz do Dia;Bom;Seca;Cruz;Pare;Cruzamento;0;2;0;0;2;0;0;0;0;0;0;0;0;(-38.568106 -3.754149);
365468;2020-12-17 07:14:00;AVENIDA DUQ CAXIAS, ;RUA PDE IBIAPINA, ; ;;;Queda;Luz do Dia;;;Cruz;Semáforo;Cruzamento;0;1;0;1;0;0;0;0;0;0;0;0;0;(-38.540226 -3.728446);
365469;2020-12-17 07:14:00;AVENIDA ALM HENRIQUE SABOIA, 700;, ; 700;;;Colisão;Luz do Dia;;;Meio de Quadra;;Longo da via;0;1;0;0;1;0;1;0;0;0;0;0;0;(-38.480934 -3.7291942);
363866;2020-12-17 07:05:00;RUA MON SALAZAR, ;VILA SAO PEDRO D49, ; ;;;Colisão Transversal;Luz do Dia;Bom;Seca;T;Pare;Cruzamento;0;2;0;1;1;0;0;0;0;0;0;0;0;(-38.51927 -3.75664);
364635;2020-12-17 06:30:00;AVENIDA SEN CARLOS JEREISSATI (AEROPORTO), 3000;, ; 3000;;;Colisão;Luz do Dia;;;Meio de Quadra;;Longo da via;0;1;1;1;1;0;0;0;0;0;0;0;0;(-38.544038 -3.779641);
365561;2020-12-16 22:54:00;RUA DEMETRIO MENEZES, ;, ; ;;;Choque c/ Obstáculo Fixo;;;;Meio de Quadra;;Longo da via;0;1;0;0;1;0;0;0;0;0;0;0;0;(0 0);
365560;2020-12-16 22:22:00;RUA PRO JOAQUIM NOGUEIRA D29, 422;, ; 422;;;Atropelamento;;;;Meio de Quadra;;Longo da via;0;2;0;0;1;0;0;0;0;0;0;0;0;(-38.589984 -3.74331);
364941;2020-12-16 21:00:00;RUA BERNARDO MANUEL, ;, ; ;;;Colisão;;;;Meio de Quadra;;Longo da via;0;3;0;0;1;0;2;0;0;0;0;0;0;(0 0);
365559;2020-12-16 19:44:00;AVENIDA ROGACIANO LEITE, 3150;, ; 3150;;;Colisão;;;;Meio de Quadra;;Longo da via;0;2;0;1;1;0;0;0;0;0;0;0;0;(-38.503527 -3.787355);
365558;2020-12-16 19:44:00;AVENIDA ANTONIO SALES, 3443;, ; 3443;;;Colisão;;;;Meio de Quadra;;Longo da via;0;2;0;2;0;0;0;0;0;0;0;0;0;(-38.492552 -3.748462);
363687;2020-12-16 19:20:00;RUA HOLANDA, 1690;, ; 1690;;;Colisão Frontal;Via Iluminada;Bom;Seca;Meio de Quadra;Não Há Controle;Longo da via;0;2;0;0;1;0;0;0;0;1;0;0;0;(-38.559869 -3.802873);
365557;2020-12-16 19:19:00;RUA SAO RAIMUNDO D71, 1781;, ; 1781;;;Queda;;;;Meio de Quadra;;Longo da via;0;1;0;1;0;0;0;0;0;0;0;0;0;(0 0);
363834;2020-12-16 19:00:00;RUA ADOLFO CAMINHA, ;, ; ;;;Atropelamento;;Bom;Seca;Meio de Quadra;;Longo da via;0;2;0;1;0;0;0;0;0;0;0;0;0;(0 0);
363814;2020-12-16 19:00:00;AVENIDA ROGACIANO LEITE, ;AVENIDA JOSE LEON, ; ;;;Colisão Lateral;Via Iluminada;Bom;Seca;Cruz;Semáforo;Cruzamento;0;1;1;1;1;0;0;0;0;0;0;0;0;(-38.503527 -3.787355);
365150;2020-12-16 19:00:00;RD BR 222, 1400;, ; 1400;;;Tombamento;;;;Meio de Quadra;;Longo da via;0;1;0;1;0;0;0;0;0;0;0;0;0;(-38.57814693 -3.737698444);
365556;2020-12-16 18:56:00;AVENIDA WASHINGTON SOARES, 1781;, ; 1781;;;Queda;Luz do Dia;;;Meio de Quadra;;Longo da via;0;1;0;1;0;0;0;0;0;0;0;0;0;(-38.4817738 -3.77442409);
363836;2020-12-16 18:50:00;RUA VALPARAISO, ;RUA VERDE 3  ST SAO JOAO, ; ;;;Colisão Lateral;;Bom;Seca;Cruz;Pare;Cruzamento;0;1;1;1;1;0;0;0;0;0;0;0;0;(-38.518399 -3.84642);
363817;2020-12-16 18:30:00;AVENIDA DES GONZAGA, ;AVENIDA ROGACIANO LEITE, ; ;;;Colisão Transversal;Anoitecer;;;Cruz;Semáforo;Cruzamento;0;2;0;1;0;0;0;0;0;1;0;0;0;(-38.503866 -3.788545);
363835;2020-12-16 18:28:00;RUA ERICO MOTA, ;RUA NESTOR BARBOSA, ; ;;;Colisão Frontal;Via Iluminada;Bom;Seca;Cruz;Pare;Cruzamento;0;2;0;0;1;0;0;0;0;0;0;0;0;(-38.56098 -3.745189);
365521;2020-12-16 18:21:00;AVENIDA CARNEIRO DE MENDONCA, 2088;, ; 2088;;;Colisão;Anoitecer;;;Meio de Quadra;;Longo da via;0;2;0;1;1;0;0;0;0;0;0;0;0;(-38.5768593 -3.75900751);
363851;2020-12-16 17:40:00;AVENIDA AUGUSTO DOS ANJOS, ;RUA OLIVEIRA SOBRINHO, ; ;;;Colisão Transversal;Via Iluminada;Bom;Seca;Duplo T;Pare;Cruzamento;0;1;1;1;1;0;0;0;0;0;0;0;0;(-38.5824504 -3.7839223);
365520;2020-12-16 16:44:00;AVENIDA CARNEIRO DE MENDONCA, 330;, ; 330;;;Colisão;Luz do Dia;;;Meio de Quadra;;Longo da via;0;2;0;2;0;0;0;0;0;0;0;0;0;(-38.5626491 -3.76604173);
365515;2020-12-16 16:42:00;RUA BENTO ALBUQUERQUE, 588;, ; 588;;;Colisão;Luz do Dia;;;Meio de Quadra;;Longo da via;0;2;0;0;1;0;0;0;0;1;0;0;0;(-38.48239 -3.74404);
365519;2020-12-16 16:37:00;RUA STA ELISA D21, 1481;, ; 1481;;;Queda;Luz do Dia;;;Meio de Quadra;;Longo da via;0;1;0;0;0;0;0;0;0;1;0;0;0;(-38.5669591 -3.70351273);
364634;2020-12-16 15:50:00;AVENIDA SEN CARLOS JEREISSATI (AEROPORTO), ;, ; ;;;Colisão;Luz do Dia;;;Meio de Quadra;;Longo da via;0;0;2;0;2;0;0;0;0;0;0;0;0;(0 0);
365518;2020-12-16 15:40:00;RUA ERNESTO PEDRO SANTOS, ;, ; ;;;Capotamento;Luz do Dia;;;Meio de Quadra;;Longo da via;0;1;0;0;1;0;0;0;0;0;0;0;0;(0 0);
363823;2020-12-16 15:30:00;AVENIDA CONTORNO (CASTELÃO), ;, ; ;;;Colisão Lateral;Luz do Dia;Bom;Seca;Meio de Quadra;Não Há Controle;Longo da via;0;1;1;2;0;0;0;0;0;0;0;0;0;(0 0);
365517;2020-12-16 15:30:00;AVENIDA ALBERTO CRAVEIRO, ;, ; ;;;Colisão;Luz do Dia;;;Meio de Quadra;;Longo da via;0;2;0;2;0;0;0;0;0;0;0;0;0;(0 0);
365516;2020-12-16 15:26:00;AVENIDA SGT HERMINIO SAMPAIO, 2148;, ; 2148;;;Colisão;Luz do Dia;;;Meio de Quadra;;Longo da via;0;2;0;1;1;0;0;0;0;0;0;0;0;(-38.5594235 -3.7261805);
363825;2020-12-16 14:30:00;AVENIDA PONTES VIEIRA, ;RUA SABINO MONTE, ; ;;;Colisão Lateral;Luz do Dia;Bom;Seca;T;Semáforo;Cruzamento;0;1;1;1;1;0;0;0;0;0;0;0;0;(-38.512577 -3.752611);
363806;2020-12-16 13:30:00;AVENIDA BEZERRA DE MENEZES, 435;, ; 435;;;Colisão Traseira;Luz do Dia;Bom;Seca;Meio de Quadra;;Longo da via;0;1;2;0;3;0;0;0;0;0;0;0;0;(-38.548899 -3.732444);
365514;2020-12-16 13:27:00;AVENIDA DOM LUIS, 120;, ; 120;;;Colisão;Luz do Dia;;;Meio de Quadra;;Longo da via;0;2;0;1;1;0;0;0;0;0;0;0;0;(-38.500741 -3.7321219);
365513;2020-12-16 13:22:00;RUA TERTULIANO SALES, ;AVENIDA BORGES DE MELO, ; ;;;Colisão;Luz do Dia;;;T;Semáforo;Cruzamento;0;2;0;1;1;0;0;0;0;0;0;0;0;(-38.530465 -3.759583);
365512;2020-12-16 13:00:00;AVENIDA SEN FERNANDES TAVORA, 100;, ; 100;;;Colisão;Luz do Dia;;;Meio de Quadra;;Longo da via;0;2;0;1;1;0;0;0;0;0;0;0;0;(-38.573238 -3.767378);
365511;2020-12-16 12:08:00;AVENIDA DEP PAULINO ROCHA, 2353;, ; 2353;;;Colisão;Luz do Dia;;;Meio de Quadra;;Longo da via;0;2;0;2;0;0;0;0;0;0;0;0;0;(-38.51755 -3.81069);
363838;2020-12-16 11:30:00;RUA TEN TITO BARROS, ;RUA ENG HENRIQUE MORIZE, ; ;;;Colisão;Luz do Dia;Bom;Seca;T;Pare;Cruzamento;0;1;1;1;1;0;0;0;0;0;0;0;0;(-38.507575 -3.800589);
363824;2020-12-16 11:00:00;RUA PEDRO I, ;RUA VINTE E QUATRO DE MAIO, ; ;;;Colisão Transversal;Luz do Dia;Chuva;Molhada;Cruz;Pare;Cruzamento;0;1;1;1;1;0;0;0;0;0;0;0;0;(-38.532952 -3.72983);
363584;2020-12-16 11:00:00;AVENIDA FRE CIRILO, 4700;, ; 4700;;;Colisão Transversal;Luz do Dia;Bom;Seca;Meio de Quadra;;Longo da via;0;2;0;1;1;0;0;0;0;0;0;0;0;(-38.49423032 -3.824650663);
365510;2020-12-16 10:36:00;RUA BENI DE CARVALHO, 1011;, ; 1011;;;Colisão;Luz do Dia;;;Meio de Quadra;;Longo da via;0;2;0;2;0;0;0;0;0;0;0;0;0;(-38.491168173 -3.747189171);
365509;2020-12-16 10:29:00;RUA MAL DEODORO, 221;, ; 221;;;Colisão;Luz do Dia;;;Meio de Quadra;;Longo da via;0;2;0;0;2;0;0;0;0;0;0;0;0;(-38.534258 -3.737883);
363798;2020-12-16 10:20:00;RUA JOAQUIM MAGALHAES, ;RUA MAL DEODORO, ; ;;;Colisão Transversal;Luz do Dia;Nublado;Seca;Cruz;Pare;Cruzamento;0;1;2;1;1;0;0;0;0;0;0;0;0;(-38.534258 -3.737883);
365508;2020-12-16 09:36:00;AVENIDA DOLOR BARREIRA, ;, ; ;;;Queda;Luz do Dia;;;Meio de Quadra;;Longo da via;0;1;0;1;0;0;0;0;0;0;0;0;0;(0 0);
365507;2020-12-16 09:05:00;RUA BOM JESUS (GRANJA LISBOA), ;, ; ;;;Colisão;Luz do Dia;;;Meio de Quadra;;Longo da via;0;2;0;2;0;0;0;0;0;0;0;0;0;(0 0);
365506;2020-12-16 08:51:00;AVENIDA WASHINGTON SOARES, 6307;, ; 6307;;;Colisão;Luz do Dia;;;Meio de Quadra;;Longo da via;0;2;0;1;1;0;0;0;0;0;0;0;0;(-38.48032 -3.81389);
364633;2020-12-16 08:30:00;RD CE-040, ;, ; ;;;Colisão;Luz do Dia;;;Meio de Quadra;;Longo da via;0;2;1;1;1;0;0;0;0;0;0;0;0;(-38.48153832 -3.825515822);
365505;2020-12-16 08:30:00;AVENIDA PRS COSTA E SILVA, 776;, ; 776;;;Queda;Luz do Dia;;;Meio de Quadra;;Longo da via;0;1;0;1;0;0;0;0;0;0;0;0;0;(-38.57025 -3.81366);
364632;2020-12-16 08:00:00;AVENIDA SEN CARLOS JEREISSATI (AEROPORTO), ;, ; ;;;Colisão;Luz do Dia;;;Meio de Quadra;;Longo da via;0;0;2;0;2;0;0;0;0;0;0;0;0;(0 0);
365611;2020-12-16 07:54:00;RUA LEONARDO MOTA, ;AVENIDA SANTOS DUMONT, ; ;;;Colisão;Luz do Dia;;;Meio de Quadra;Não Há Controle;Cruzamento;0;2;0;0;1;0;1;0;0;0;0;0;0;(-38.496397 -3.736857);
363837;2020-12-16 07:30:00;AVENIDA TRISTAO GONCALVES, ;RUA PEDRO I, ; ;;;Colisão Lateral;Luz do Dia;Nublado;Molhada;Cruz;Semáforo;Cruzamento;0;1;1;0;0;0;0;1;1;0;0;0;0;(-38.533927 -3.729523);
365467;2020-12-16 07:19:00;AVENIDA WASHINGTON SOARES, ;, ; ;;;Atropelamento;Luz do Dia;;;Meio de Quadra;;Longo da via;0;2;0;0;1;0;0;0;0;0;0;0;0;(0 0);
363812;2020-12-16 07:00:00;AVENIDA JOSE BASTOS, ;RUA ANTONIO MARTINS, ; ;;;Engavetamento;Luz do Dia;Bom;Seca;T;Pare;Cruzamento;0;2;2;1;2;0;0;0;0;0;0;0;0;(-38.554113 -3.753653);
365466;2020-12-16 01:52:00;AVENIDA GAL OSORIO DE PAIVA, 1127;, ; 1127;;;Queda;;;;Meio de Quadra;;Longo da via;0;1;0;1;0;0;0;0;0;0;0;0;0;(-38.57207319 -3.779145525);
365465;2020-12-16 00:43:00;AVENIDA 13 DE MAIO, ;RUA SEN POMPEU, ; ;;;Queda;;;;Cruz;Semáforo;Cruzamento;0;1;0;1;0;0;0;0;0;0;0;0;0;(-38.534969 -3.744515);
365464;2020-12-15 23:46:00;AVENIDA WASHINGTON SOARES, ;, ; ;;;Queda;;;;Meio de Quadra;;Longo da via;0;1;0;1;0;0;0;0;0;0;0;0;0;(0 0);
365463;2020-12-15 22:22:00;AVENIDA DR THEBERGE, 2021;, ; 2021;;;Colisão;;;;Meio de Quadra;;Longo da via;0;2;0;1;1;0;0;0;0;0;0;0;0;(-38.566128429 -3.718213429);
365462;2020-12-15 21:46:00;RUA TOMAS RODRIGUES, 125;, ; 125;;;Colisão;;;;Meio de Quadra;;Longo da via;0;2;0;1;1;0;0;0;0;0;0;0;0;(-38.5942163 -3.73794467);
365461;2020-12-15 20:40:00;AVENIDA AUGUSTO DOS ANJOS, 1599;, ; 1599;;;Colisão;;;;Meio de Quadra;;Longo da via;0;2;0;1;1;0;0;0;0;0;0;0;0;(-38.579407 -3.780445);
365460;2020-12-15 19:44:00;RUA ALBERTO MAGNO, 30;, ; 30;;;Colisão;;;;Meio de Quadra;;Longo da via;0;2;0;1;1;0;0;0;0;0;0;0;0;(-38.541058 -3.754704);
365459;2020-12-15 19:34:00;RUA MIGUEL GURGEL, ;, ; ;;;Atropelamento;;;;Meio de Quadra;;Longo da via;0;2;0;0;0;0;0;0;0;0;0;0;0;(0 0);
365458;2020-12-15 18:43:00;AVENIDA SEN FERNANDES TAVORA, 2433;, ; 2433;;;Atropelamento;;;;Meio de Quadra;;Longo da via;0;2;0;0;0;0;0;0;0;0;0;0;0;(-38.593889 -3.755953);
365457;2020-12-15 18:06:00;AVENIDA WASHINGTON SOARES, ;, ; ;;;Colisão;Anoitecer;;;Meio de Quadra;;Longo da via;0;2;0;1;1;0;0;0;0;0;0;0;0;(0 0);
365456;2020-12-15 17:49:00;AVENIDA PRS JUSCELINO KUBITSCHEK (PASSARÉ), 3653;, ; 3653;;;Colisão;Anoitecer;;;Meio de Quadra;;Longo da via;0;2;0;1;1;0;0;0;0;0;0;0;0;(-38.53007125 -3.81415675);
365149;2020-12-15 17:40:00;RD BR 222, 2900;, ; 2900;;;Engavetamento;Anoitecer;;;Meio de Quadra;;Longo da via;0;1;4;0;4;0;0;0;0;0;0;0;0;(-38.59594097 -3.740300848);
365455;2020-12-15 17:23:00;AVENIDA JOAO PESSOA, ;, ; ;;;Queda;Anoitecer;;;Meio de Quadra;;Longo da via;0;1;0;0;0;0;0;0;0;1;0;0;0;(0 0);
363575;2020-12-15 17:00:00;AVENIDA SORIANO ALBUQUERQUE, ;RUA BAR ARACATI, ; ;;;Colisão Transversal;Luz do Dia;Bom;Seca;Duplo T;Pare;Cruzamento;0;1;1;1;1;0;0;0;0;0;0;0;0;(-38.51703 -3.748453);
365454;2020-12-15 16:29:00;AVENIDA PDE ANTONIO TOMAS, 2332;, ; 2332;;;Colisão;Luz do Dia;;;Meio de Quadra;;Longo da via;0;2;0;1;1;0;0;0;0;0;0;0;0;(-38.49115 -3.74298);
365453;2020-12-15 16:24:00;AVENIDA HERACLITO GRACA, 1515;, ; 1515;;;Atropelamento;Luz do Dia;;;Meio de Quadra;;Longo da via;0;2;0;1;0;0;0;0;0;0;0;0;0;(-38.5118583 -3.73775639);
365452;2020-12-15 15:56:00;AVENIDA CONTORNO NORTE D71, 1270;, ; 1270;;;Colisão;Luz do Dia;;;Meio de Quadra;;Longo da via;0;2;0;2;0;0;0;0;0;0;0;0;0;(-38.5887916 -3.81267567);
365192;2020-12-15 14:50:00;RUA DEP MOREIRA DA ROCHA, ;RUA ILDEFONSO ALBANO, ; ;;;Não informado;Luz do Dia;;;Cruz;Pare;Cruzamento;0;2;0;0;0;0;0;0;0;0;0;0;0;(-38.511072 -3.72648);
365451;2020-12-15 14:45:00;AVENIDA JOR THOMAZ COELHO, 1420;, ; 1420;;;Atropelamento;Luz do Dia;;;Meio de Quadra;;Longo da via;0;2;0;0;0;0;0;1;0;0;0;0;0;(-38.50762 -3.830289);
363796;2020-12-15 14:00:00;RUA EMILIO DE MENESES, ;RUA BRAGANCA, ; ;;;Colisão Traseira;Luz do Dia;Bom;Seca;Cruz;Semáforo;Cruzamento;0;3;0;1;1;0;0;0;0;0;0;0;0;(-38.596166 -3.779277);
365450;2020-12-15 13:51:00;RUA DES PRAXEDES, ;RUA QUEIROZ RIBEIRO, ; ;;;Colisão;Luz do Dia;;;Cruz;Pare;Cruzamento;0;2;0;1;1;0;0;0;0;0;0;0;0;(-38.545246 -3.7622986);
363762;2020-12-15 13:50:00;RUA ALAGOAS, ;RUA STO AMARO DO PICI, ; ;;;Colisão Transversal;Luz do Dia;Bom;Seca;Cruz;Pare;Cruzamento;0;4;0;2;0;0;0;0;0;0;0;0;0;(-38.57743 -3.75287);
365449;2020-12-15 12:10:00;AVENIDA JOAO PESSOA, ;AVENIDA CARNEIRO DE MENDONCA, ; ;;;Colisão;Luz do Dia;;;T;Semáforo;Cruzamento;0;2;0;2;0;0;0;0;0;0;0;0;0;(-38.559808 -3.767222);
365448;2020-12-15 11:57:00;RUA ANTONIO BARROS, 620;, ; 620;;;Colisão;Luz do Dia;;;Meio de Quadra;;Longo da via;0;2;0;1;1;0;0;0;0;0;0;0;0;(0 0);
365447;2020-12-15 09:39:00;RUA DEMETRIO MENEZES, ;, ; ;;;Queda;Luz do Dia;;;Meio de Quadra;;Longo da via;0;1;0;1;0;0;0;0;0;0;0;0;0;(0 0);
365446;2020-12-15 09:35:00;AVENIDA CEL CARVALHO, ;, ; ;;;Queda;Luz do Dia;;;Meio de Quadra;;Longo da via;0;1;0;1;0;0;0;0;0;0;0;0;0;(0 0);
365445;2020-12-15 09:33:00;AVENIDA C CJ CEARA, 47;, ; 47;;;Colisão;Luz do Dia;;;Meio de Quadra;;Longo da via;0;2;0;1;1;0;0;0;0;0;0;0;0;(-38.60817 -3.75942);
364631;2020-12-15 09:20:00;AVENIDA SEN CARLOS JEREISSATI (AEROPORTO), 1000;, ; 1000;;;Colisão;Luz do Dia;;;Meio de Quadra;;Longo da via;0;0;3;0;3;0;0;0;0;0;0;0;0;(-38.52685 -3.783753);
365444;2020-12-15 09:06:00;AVENIDA DES MOREIRA, ;RUA VICENTE LINHARES, ; ;;;Queda;Luz do Dia;;;Cruz;Semáforo;Cruzamento;0;1;0;1;0;0;0;0;0;0;0;0;0;(-38.500253 -3.742153);