COD_ACIDENTE;DATA;LOG1;LOG2;NUMERO;BAIRRO;AMC;NATUREZA;ILUMINACAO;TEMPO;SUPERFICIEPISTA;TIPOCRUZAMENTO;CONTROLETRAFEGO;USOSOLO;MORTOS;FERIDOS;ILESOS;MOTOCICLETA;AUTOMOVEL;MICROONIBUS;CAMINHAO;ONIBUS;CICLOMOTOR;BICICLETA;OUTROS;TREM;TRACAOANIMAL;COORDENADAS
365443;2020-12-15 09:05:00;AVENIDA WASHINGTON SOARES, ;, ; ;;;Queda;Luz do Dia;;;Meio de Quadra;;Longo da via;0;1;0;1;0;0;0;0;0;0;0;0;0;(0 0);
363787;2020-12-15 09:00:00;RUA DELMIRO FARIAS, ;RUA FRANCISCA CLOTILDE, ; ;;;Colisão Transversal;Luz do Dia;Nublado;Molhada;Cruz;Pare;Cruzamento;0;0;2;1;1;0;0;0;0;0;0;0;0;(-38.554231 -3.744217);
365442;2020-12-15 08:23:00;AVENIDA FRANCISCO SA, 556;, ; 556;;;Queda;Luz do Dia;;;Meio de Quadra;;Longo da via;0;1;0;1;0;0;0;0;0;0;0;0;0;(-38.55485 -3.71823);
363755;2020-12-15 08:10:00;RUA BERNARDO MANUEL, 10006;, ; 10006;;;Choque c/ Obstáculo Fixo;Luz do Dia;Bom;Seca;Meio de Quadra;Não Há Controle;Longo da via;0;0;1;0;0;0;1;0;0;0;0;0;0;(-38.553797951 -3.806636049);
365441;2020-12-15 08:06:00;RUA PDE GUERRA, ;, ; ;;;Queda;Luz do Dia;;;Meio de Quadra;;Longo da via;0;1;0;1;0;0;0;0;0;0;0;0;0;(0 0);
365440;2020-12-15 08:04:00;RUA PDE MORORO, 1313;, ; 1313;;;Colisão;Luz do Dia;;;Meio de Quadra;;Longo da via;0;2;0;1;1;0;0;0;0;0;0;0;0;(-38.53829 -3.728123);
365439;2020-12-15 07:58:00;AVENIDA PDE ANTONIO TOMAS, ;RUA OSVALDO CRUZ (ALDEOTA), ; ;;;Colisão;Luz do Dia;;;Cruz;Semáforo;Cruzamento;0;2;0;1;1;0;0;0;0;0;0;0;0;(-38.501588 -3.739538);
365438;2020-12-15 07:34:00;RUA FRANCISCA CLOTILDE, ;RUA DELMIRO FARIAS, ; ;;;Colisão;Luz do Dia;;;Cruz;Pare;Cruzamento;0;2;0;1;1;0;0;0;0;0;0;0;0;(-38.554231 -3.744217);
365437;2020-12-15 07:31:00;RUA EQUADOR, 331;, ; 331;;;Colisão;Luz do Dia;;;Meio de Quadra;;Longo da via;0;2;0;1;1;0;0;0;0;0;0;0;0;(-38.55139 -3.77085);
364630;2020-12-15 05:30:00;RD CE-025, ;, ; ;;;Queda;Amanhecer;;;;;Longo da via;0;1;0;1;0;0;0;0;0;0;0;0;0;(0 0);
365436;2020-12-15 03:24:00;AVENIDA DEP PAULINO ROCHA, ;, ; ;;;Queda;;;;Meio de Quadra;;Longo da via;0;1;0;1;0;0;0;0;0;0;0;0;0;(0 0);
363756;2020-12-15 03:00:00;RUA ALBERTO MAGNO, ;RUA BAR SOBRAL, ; ;;;Colisão Transversal;Via Iluminada;Bom;Seca;Cruz;Semáforo;Cruzamento;0;1;1;0;2;0;0;0;0;0;0;0;0;(-38.552417 -3.767991);
365435;2020-12-14 22:40:00;RUA MARIA CLARA, ;AVENIDA CEL CARVALHO, ; ;;;Colisão;;;;Cruz;Não Há Controle;Cruzamento;0;2;0;1;1;0;0;0;0;0;0;0;0;(-38.585818 -3.725382);
365434;2020-12-14 22:22:00;AVENIDA ENG LEAL LIMA VERDE (SAPIRANGA/COITE), 1650;, ; 1650;;;Colisão;;;;Meio de Quadra;;Longo da via;0;1;0;1;1;0;0;0;0;0;0;0;0;(-38.47488317 -3.805152333);
365433;2020-12-14 22:01:00;AVENIDA 20 DE JANEIRO, 143;, ; 143;;;Queda;;;;Meio de Quadra;;Longo da via;0;1;0;1;0;0;0;0;0;0;0;0;0;(-38.57216 -3.71206);
365432;2020-12-14 19:55:00;RUA DOM HELIO CAMPOS D21, 694;, ; 694;;;Atropelamento;;;;Meio de Quadra;;Longo da via;0;2;0;0;1;0;0;0;0;0;0;0;0;(-38.55482 -3.71169);
365431;2020-12-14 19:33:00;AVENIDA WASHINGTON SOARES, 5279;, ; 5279;;;Colisão;;;;Meio de Quadra;;Longo da via;0;2;0;1;1;0;0;0;0;0;0;0;0;(-38.4791695 -3.80497431);
364625;2020-12-14 19:30:00;RD CE-040, ;, ; ;;;Colisão;;;;Meio de Quadra;;Longo da via;0;0;3;1;2;0;0;0;0;0;0;0;0;(-38.48303286 -3.817159445);
364088;2020-12-14 19:30:00;AVENIDA BAR STUDART, ;AVENIDA ABOLICAO, ; ;;;Colisão Transversal;Via Iluminada;Bom;Seca;Cruz;Semáforo;Cruzamento;0;1;1;1;1;0;0;0;0;0;0;0;0;(-38.503445 -3.724762);
365430;2020-12-14 19:04:00;RUA OSCAR ARARIPE, 2306;, ; 2306;;;Colisão;;;;Meio de Quadra;;Longo da via;0;1;0;0;0;0;0;0;0;0;0;0;0;(-38.6115791 -3.78725189);
365429;2020-12-14 19:03:00;AVENIDA GAL OSORIO DE PAIVA, 5295;, ; 5295;;;Colisão;;;;Meio de Quadra;;Longo da via;0;2;0;2;0;0;0;0;0;0;0;0;0;(-38.601304 -3.803923);
364623;2020-12-14 18:44:00;RD CE-040, ;, ; ;;;Colisão;;;;Meio de Quadra;;Longo da via;0;0;2;0;2;0;0;0;0;0;0;0;0;(-38.48033084 -3.791613156);
365428;2020-12-14 18:07:00;AVENIDA SEN FERNANDES TAVORA, 2979;, ; 2979;;;Colisão;Anoitecer;;;Meio de Quadra;;Longo da via;0;2;0;1;1;0;0;0;0;0;0;0;0;(-38.599578 -3.75488);
365427;2020-12-14 17:58:00;AVENIDA WASHINGTON SOARES, ;, ; ;;;Colisão;Anoitecer;;;Meio de Quadra;;Longo da via;0;2;0;1;1;0;0;0;0;0;0;0;0;(0 0);
365426;2020-12-14 17:55:00;AVENIDA MAJ ASSIS, ;RUA ANTONIO ARRUDA, ; ;;;Colisão;Anoitecer;;;Cruz;Gesto;Cruzamento;0;2;0;1;1;0;0;0;0;0;0;0;0;(-38.594566 -3.722056);
365425;2020-12-14 17:29:00;AVENIDA GAL OSORIO DE PAIVA, 5273;, ; 5273;;;Queda;Anoitecer;;;Meio de Quadra;;Longo da via;0;1;0;1;0;0;0;0;0;0;0;0;0;(-38.6010193 -3.80363013);
364087;2020-12-14 17:28:00;AVENIDA ANTONIO SALES, ;RUA VICENTE LEITE, ; ;;;Colisão Transversal;Luz do Dia;Bom;Seca;Cruz;Pare;Cruzamento;0;1;1;1;1;0;0;0;0;0;0;0;0;(-38.498468 -3.746656);
365423;2020-12-14 17:12:00;RUA CASTRO MONTE, 203;, ; 203;;;Colisão;Anoitecer;;;Meio de Quadra;;Longo da via;0;2;0;1;1;0;0;0;0;0;0;0;0;(-38.4862194 -3.72957628);
364123;2020-12-14 17:00:00;RUA MONTEVIDEU, ;RUA EST JUCA D45, ; ;;;Colisão Transversal;Anoitecer;;;;;Cruzamento;1;0;0;1;0;0;0;0;0;0;0;0;0;(-38.543385 -3.787617);
365422;2020-12-14 16:58:00;RUA JOAQUIM NABUCO, ;RUA EDUARDO BEZERRA, ; ;;;Colisão;Luz do Dia;;;Cruz;Pare;Cruzamento;0;1;0;0;0;0;0;0;0;0;0;0;0;(-38.507115 -3.753238);
365421;2020-12-14 16:21:00;RD BR 116, 4911;, ; 4911;;;Colisão;Luz do Dia;;;Meio de Quadra;;Longo da via;0;1;0;0;0;0;0;0;0;0;0;0;0;(-38.514372 -3.779838);
363754;2020-12-14 15:30:00;AVENIDA PRS CASTELO BRANCO, ;RUA PDE MORORO, ; ;;;Colisão Lateral;Luz do Dia;Bom;Seca;T;Semáforo;Cruzamento;0;2;0;1;0;0;1;0;0;0;0;0;0;(-38.535277 -3.718179);
365420;2020-12-14 14:50:00;AVENIDA SEN FERNANDES TAVORA, ;RUA TUPI D35, ; ;;;Colisão;Luz do Dia;;;Cruz;Semáforo;Cruzamento;0;2;0;2;0;0;0;0;0;0;0;0;0;(-38.58041 -3.76313);
365419;2020-12-14 12:35:00;AVENIDA FRANCISCO SA, 2892;, ; 2892;;;Atropelamento;Luz do Dia;;;Meio de Quadra;;Longo da via;0;2;0;1;0;0;0;0;0;0;0;0;0;(-38.551375 -3.719391);
365418;2020-12-14 12:23:00;AVENIDA IMPERADOR, 1360;, ; 1360;;;Colisão;Luz do Dia;;;Meio de Quadra;;Longo da via;0;1;0;0;0;0;0;0;0;0;0;0;0;(-38.536179 -3.733045);
365417;2020-12-14 11:37:00;AVENIDA PERIMETRAL, ;, ; ;;;Colisão;Luz do Dia;;;Meio de Quadra;;Longo da via;0;2;0;2;0;0;0;0;0;0;0;0;0;(0 0);
364622;2020-12-14 11:00:00;ROD CE 010, 1000;, ; 1000;;;Tombamento;Luz do Dia;;;Meio de Quadra;;Longo da via;0;0;1;0;0;0;1;0;0;0;0;0;0;(-38.44083 -3.78623);
364086;2020-12-14 09:51:00;RUA CEARA, 623;, ; 623;;;Colisão Transversal;Luz do Dia;Bom;Seca;;;Longo da via;0;1;1;1;1;0;0;0;0;0;0;0;0;(-38.5633464 -3.7605112);
365416;2020-12-14 08:48:00;RUA PDE ANCHIETA, 1400;, ; 1400;;;Colisão;Luz do Dia;;;Meio de Quadra;;Longo da via;0;2;0;1;1;0;0;0;0;0;0;0;0;(-38.552246 -3.732672);
365415;2020-12-14 08:30:00;AVENIDA PRS COSTA E SILVA, ;, ; ;;;Queda;Luz do Dia;;;Meio de Quadra;;Longo da via;0;1;0;0;0;0;0;0;0;1;0;0;0;(0 0);
364085;2020-12-14 07:20:00;AVENIDA DOM MANUEL, 829;, ; 829;;;Choque c/ Obstáculo Fixo;Luz do Dia;Bom;Seca;Meio de Quadra;Não Há Controle;Longo da via;0;1;0;0;1;0;0;0;0;0;0;0;0;(-38.522042 -3.7312256);
365414;2020-12-14 07:03:00;RUA TEODOMIRO DE CASTRO, 4182;, ; 4182;;;Colisão;Luz do Dia;;;Meio de Quadra;;Longo da via;0;2;0;1;1;0;0;0;0;0;0;0;0;(-38.571404 -3.719221);
365413;2020-12-14 06:57:00;AVENIDA PERIMETRAL, 2580;, ; 2580;;;Queda;Luz do Dia;;;Meio de Quadra;;Longo da via;0;1;0;1;0;0;0;0;0;0;0;0;0;(-38.58588 -3.76017);
365412;2020-12-14 06:32:00;AVENIDA JOR THOMAZ COELHO, 1578;, ; 1578;;;Queda;Luz do Dia;;;Meio de Quadra;;Longo da via;0;1;0;0;0;0;0;0;0;1;0;0;0;(-38.50913561 -3.829904271);
365411;2020-12-14 04:51:00;AVENIDA PRS JUSCELINO KUBITSCHEK (PASSARÉ), 4950;, ; 4950;;;Atropelamento;;;;Meio de Quadra;;Longo da via;0;2;0;0;1;0;0;0;0;0;0;0;0;(-38.53641 -3.82265);
365410;2020-12-14 00:33:00;AVENIDA GODOFREDO MACIEL, 5618;, ; 5618;;;Queda;;;;Meio de Quadra;;Longo da via;0;2;0;1;0;0;0;0;0;0;0;0;0;(-38.57865 -3.8239255);
365409;2020-12-14 00:32:00;AVENIDA DR SILAS MUNGUBA, ;, ; ;;;Queda;;;;Meio de Quadra;;Longo da via;0;1;0;1;0;0;0;0;0;0;0;0;0;(0 0);
365408;2020-12-13 23:57:00;AVENIDA DES MOREIRA, 246;, ; 246;;;Colisão;;;;Meio de Quadra;;Longo da via;0;2;0;1;1;0;0;0;0;0;0;0;0;(-38.496113 -3.729331);
364122;2020-12-13 23:30:00;RUA OSCAR ARARIPE, ;RUA CEL VIRGILIO NOGUEIRA (BOM JARDIM), ; ;;;Colisão Transversal;;;;Cruz;Semáforo;Cruzamento;1;1;0;0;1;0;0;0;0;0;0;0;0;(-38.6086345 -3.7882527);
365407;2020-12-13 23:16:00;RUA PRO ALVARO COSTA, 398;, ; 398;;;Queda;;;;Meio de Quadra;;Longo da via;0;1;0;0;0;0;0;0;0;1;0;0;0;(-38.4661 -3.72375);
365406;2020-12-13 23:16:00;RUA MIN ALBUQUERQUE LIMA, ;, ; ;;;Colisão;;;;Meio de Quadra;;Longo da via;0;2;0;2;0;0;0;0;0;0;0;0;0;(0 0);
365405;2020-12-13 22:33:00;RUA OSVALDO CRUZ (ALDEOTA), ;RUA TORRES CAMARA, ; ;;;Colisão;;;;Cruz;Semáforo;Cruzamento;0;2;0;1;1;0;0;0;0;0;0;0;0;(-38.500953 -3.737574);
365147;2020-12-13 22:30:00;RD BR 222, ;, ; ;;;Colisão Lateral;;;;Meio de Quadra;;Longo da via;0;1;1;0;2;0;0;0;0;0;0;0;0;(-38.5969961 -3.7403624);
364121;2020-12-13 22:20:00;RUA TORRES CAMARA, ;, ; ;;;Colisão;;;;Meio de Quadra;;Longo da via;1;0;0;1;0;0;0;0;0;0;0;0;0;(-38.500954 -3.737581);
365404;2020-12-13 22:07:00;AVENIDA ALANIS MARIA LAURINDO DE OLIVEIRA, 1038;, ; 1038;;;Colisão;;;;Meio de Quadra;;Longo da via;0;1;0;0;0;0;0;0;0;0;0;0;0;(0 0);
365403;2020-12-13 21:38:00;RUA CHUI, 910;, ; 910;;;Queda;;;;Meio de Quadra;;Longo da via;0;1;0;1;0;0;0;0;0;0;0;0;0;(0 0);
365402;2020-12-13 20:29:00;RUA FRE MANSUETO, 1225;, ; 1225;;;Colisão;;;;Meio de Quadra;;Longo da via;0;2;0;1;1;0;0;0;0;0;0;0;0;(-38.4886653 -3.73499533);
365401;2020-12-13 19:45:00;RUA CON DE CASTRO, 1800;, ; 1800;;;Colisão;;;;Meio de Quadra;;Longo da via;0;2;0;2;0;0;0;0;0;0;0;0;0;(-38.574812 -3.78650471);
365400;2020-12-13 19:15:00;AVENIDA PERIMETRAL, ;, ; ;;;Queda;;;;Meio de Quadra;;Longo da via;0;1;0;1;0;0;0;0;0;0;0;0;0;(0 0);
363743;2020-12-13 18:55:00;RUA CEL MATOS DOURADO, 1339;, ; 1339;;;Queda;Anoitecer;Bom;Seca;Meio de Quadra;Não Há Controle;Longo da via;1;1;0;1;0;0;0;0;0;0;0;0;0;(-38.5829074 -3.75258091);
364084;2020-12-13 18:00:00;RUA PERGENTINO MAIA, ;RUA ANTONIO CANDEIA, ; ;;;Colisão Transversal;Mal Iluminada;Bom;Seca;T;Pare;Cruzamento;0;2;0;1;1;0;0;0;0;0;0;0;0;(-38.480791 -3.832562);
364083;2020-12-13 17:30:00;RUA PERGENTINO MAIA, 1540;, ; 1540;;;Colisão Frontal;Mal Iluminada;Bom;Seca;Meio de Quadra;Não Há Controle;Longo da via;0;1;0;0;2;0;0;0;0;0;0;0;0;(-38.4804745 -3.832607);
363741;2020-12-13 17:30:00;AVENIDA DOM MANUEL, ;AVENIDA HERACLITO GRACA, ; ;;;Colisão Lateral;Anoitecer;Bom;Seca;Cruz;Semáforo;Cruzamento;0;2;0;0;2;0;0;0;0;0;0;0;0;(-38.522952 -3.734013);
365398;2020-12-13 17:14:00;RUA RAIMUNDO RIBEIRO, 180;, ; 180;;;Colisão;Anoitecer;;;Meio de Quadra;;Longo da via;0;2;0;2;0;0;0;0;0;0;0;0;0;(-38.59468 -3.75202);
365397;2020-12-13 17:06:00;AVENIDA PRS CASTELO BRANCO, ;, ; ;;;Atropelamento;Anoitecer;;;Meio de Quadra;;Longo da via;0;2;0;1;0;0;0;0;0;0;0;0;0;(0 0);
365396;2020-12-13 16:57:00;RUA PDE FRANCISCO PINTO, 301;, ; 301;;;Queda;Luz do Dia;;;Meio de Quadra;;Longo da via;0;1;0;0;0;0;0;0;0;1;0;0;0;(-38.539673 -3.74380582);
365395;2020-12-13 16:47:00;RUA DOMINGOS DA VEIGA, ;RUA SEN ROBERT KENNEDY, ; ;;;Colisão;Luz do Dia;;;Cruz;Pare;Cruzamento;0;2;0;0;2;0;0;0;0;0;0;0;0;(-38.578553 -3.703095);
364938;2020-12-13 16:15:00;AVENIDA JOAO DE ARAUJO LIMA, 370;, ; 370;;;Colisão;Luz do Dia;;;Meio de Quadra;;Longo da via;0;2;0;1;1;0;0;0;0;0;0;0;0;(-38.558822 -3.824448);
365394;2020-12-13 15:50:00;AVENIDA GAL MURILO BORGES, ;, ; ;;;Queda;Luz do Dia;;;Meio de Quadra;;Longo da via;0;1;0;0;0;0;0;0;0;1;0;0;0;(0 0);
365393;2020-12-13 14:58:00;AVENIDA PRS JUSCELINO KUBITSCHEK (PASSARÉ), 3371;, ; 3371;;;Queda;Luz do Dia;;;Meio de Quadra;;Longo da via;0;2;0;1;0;0;0;0;0;0;0;0;0;(0 0);
364082;2020-12-13 13:30:00;AVENIDA SEN FERNANDES TAVORA, ;RUA RIO GRANDE DO SUL, ; ;;;Colisão Traseira;Luz do Dia;Nublado;Seca;T;Semáforo;Cruzamento;0;2;1;1;2;0;0;0;0;0;0;0;0;(-38.572159 -3.768083);
363740;2020-12-13 13:15:00;RUA COSTA BARROS, ;RUA VINTE E CINCO DE MARCO, ; ;;;Colisão Transversal;Luz do Dia;Bom;Seca;Cruz;Semáforo;Cruzamento;0;2;0;0;2;0;0;0;0;0;0;0;0;(-38.521787 -3.727056);
365391;2020-12-13 13:12:00;AVENIDA DR ALDY MENTOR, 7801;, ; 7801;;;Queda;Luz do Dia;;;Meio de Quadra;;Longo da via;0;2;0;1;0;0;0;0;0;0;0;0;0;(0 0);
365390;2020-12-13 13:09:00;AVENIDA DA UNIVERSIDADE, ;AVENIDA DOMINGOS OLIMPIO, ; ;;;Colisão;Luz do Dia;;;Cruz;Semáforo Intermitente;Cruzamento;0;2;0;2;0;0;0;0;0;0;0;0;0;(-38.534216 -3.735594);
365389;2020-12-13 12:41:00;AVENIDA SEN FERNANDES TAVORA, ;, ; ;;;Queda;Luz do Dia;;;Meio de Quadra;;Longo da via;0;1;0;1;0;0;0;0;0;0;0;0;0;(0 0);
365388;2020-12-13 11:48:00;AVENIDA MR HULL, 3836;, ; 3836;;;Colisão;Luz do Dia;;;Meio de Quadra;;Longo da via;0;2;0;1;1;0;0;0;0;0;0;0;0;(-38.578725 -3.737842);
365387;2020-12-13 10:49:00;RUA MON HIPOLITO BRASIL, ;, ; ;;;Colisão;Luz do Dia;;;Meio de Quadra;;Longo da via;0;3;0;1;1;0;0;0;0;0;0;0;0;(0 0);
365386;2020-12-13 09:51:00;TRAVESSA ANTONIO JOAQUIM, 80;, ; 80;;;Colisão;Luz do Dia;;;Meio de Quadra;;Longo da via;0;2;0;0;2;0;0;0;0;0;0;0;0;(-38.57039 -3.71741);
365363;2020-12-13 09:51:00;RUA PRO JOAQUIM ANTONIO, 80;, ; 80;;;Colisão;Luz do Dia;;;Meio de Quadra;;Longo da via;0;2;0;0;2;0;0;0;0;0;0;0;0;(-38.5656737 -3.72133557);
365362;2020-12-13 09:06:00;AVENIDA BEIRA MAR, 2020;, ; 2020;;;Queda;Luz do Dia;;;Meio de Quadra;;Longo da via;0;1;0;0;0;0;0;0;0;1;0;0;0;(-38.503048 -3.7240615);
365361;2020-12-13 08:19:00;RUA TEN MATIAS PEIXOTO, 120;, ; 120;;;Colisão;Luz do Dia;;;Meio de Quadra;;Longo da via;0;2;0;1;1;0;0;0;0;0;0;0;0;(-38.5618536 -3.836533);
365360;2020-12-13 07:48:00;AVENIDA PAROARAS, 1170;, ; 1170;;;Queda;Luz do Dia;;;Meio de Quadra;;Longo da via;0;1;0;1;0;0;0;0;0;0;0;0;0;(-38.54439 -3.8086);
364080;2020-12-13 06:41:00;AVENIDA AUGUSTO DOS ANJOS, ;RUA EMILIO DE MENESES, ; ;;;Colisão Transversal;Luz do Dia;Bom;Seca;T;Semáforo;Cruzamento;0;0;1;0;2;0;0;0;0;0;0;0;0;(-38.581896 -3.783313);
365359;2020-12-13 05:49:00;RD BR 116, ;, ; ;;;Atropelamento;Amanhecer;;;Meio de Quadra;;Longo da via;0;2;0;1;0;0;0;0;0;0;0;0;0;(0 0);
365358;2020-12-13 03:23:00;RUA CARLOS RIBEIRO, ;AVENIDA FELINO BARROSO, ; ;;;Colisão;;;;Cruz;Pare;Cruzamento;0;2;0;1;1;0;0;0;0;0;0;0;0;(-38.528145 -3.7467313);
365357;2020-12-13 03:16:00;RUA SUICA, 1016;, ; 1016;;;Colisão;;;;Meio de Quadra;;Longo da via;0;1;0;0;0;0;0;0;0;0;0;0;0;(-38.578609 -3.7937873);
365356;2020-12-13 02:28:00;AVENIDA FRANCISCO SA, 7700;, ; 7700;;;Queda;;;;Meio de Quadra;;Longo da via;0;1;0;1;0;0;0;0;0;0;0;0;0;(-38.5867465 -3.705954);
364081;2020-12-13 01:26:00;AVENIDA DES MOREIRA, ;RUA FRANCISCO HOLANDA, ; ;;;Colisão Transversal;Via Iluminada;Bom;Seca;Cruz;Semáforo;Cruzamento;0;1;1;0;1;0;0;0;0;1;0;0;0;(-38.50254 -3.749355);
365355;2020-12-12 23:47:00;RUA ASP MENDES, 41;, ; 41;;;Colisão;;;;Meio de Quadra;;Longo da via;0;2;0;2;0;0;0;0;0;0;0;0;0;(-38.51512 -3.7635);
365354;2020-12-12 23:40:00;RUA ANIBAL F BONAVIDES, ;, ; ;;;Atropelamento;;;;Meio de Quadra;;Longo da via;0;2;0;0;0;0;0;0;0;0;0;0;0;(0 0);
365353;2020-12-12 21:49:00;AVENIDA 13 DE MAIO, 1846;, ; 1846;;;Colisão;;;;Meio de Quadra;;Longo da via;0;2;0;1;1;0;0;0;0;0;0;0;0;(-38.5342183 -3.74515958);
365352;2020-12-12 21:46:00;RUA JOSE VILAR, ;RUA JOAO CARVALHO, ; ;;;Colisão;;;;Cruz;Semáforo;Cruzamento;0;2;0;1;1;0;0;0;0;0;0;0;0;(-38.505477 -3.738318);
365351;2020-12-12 21:31:00;RUA PORTO ALEGRE, 119;, ; 119;;;Colisão;;;;Meio de Quadra;;Longo da via;0;2;0;1;1;0;0;0;0;0;0;0;0;(-38.58045 -3.76566);
365350;2020-12-12 21:08:00;RUA CEL FABRICIANO, 2552;, ; 2552;;;Queda;;;;Meio de Quadra;;Longo da via;0;1;0;1;0;0;0;0;0;0;0;0;0;(-38.61172 -3.78165);
365349;2020-12-12 21:03:00;RUA SGT JOAO PINHEIRO, ;, ; ;;;Atropelamento;;;;Meio de Quadra;;Longo da via;0;2;0;1;0;0;0;0;0;0;0;0;0;(0 0);
364933;2020-12-12 20:15:00;AVENIDA GODOFREDO MACIEL, ;, ; ;;;Colisão;;;;Meio de Quadra;;Longo da via;0;2;0;0;1;0;0;0;1;0;0;0;0;(0 0);
365348;2020-12-12 20:10:00;RUA 58 CJ JOSE WALTER, 331;, ; 331;;;Colisão;;;;Meio de Quadra;;Longo da via;0;2;0;2;0;0;0;0;0;0;0;0;0;(-38.5561321 -3.83378596);
365347;2020-12-12 20:02:00;AVENIDA JOR THOMAZ COELHO, ;, ; ;;;Queda;;;;Meio de Quadra;;Longo da via;0;1;0;0;0;0;0;0;0;1;0;0;0;(0 0);
364078;2020-12-12 19:30:00;AVENIDA PINTO BANDEIRA D56, 1111;, ; 1111;;;Choque c/ Obstáculo Fixo;Via Iluminada;Bom;Seca;Meio de Quadra;Pare;Longo da via;0;1;0;0;1;0;0;0;0;0;0;0;0;(-38.4873759 -3.7754445);
365346;2020-12-12 18:19:00;RUA CON DE CASTRO, 4222;, ; 4222;;;Queda;Anoitecer;;;Meio de Quadra;;Longo da via;0;1;0;0;0;0;0;0;0;1;0;0;0;(-38.589924917 -3.802732245);
365345;2020-12-12 17:05:00;RUA ALVES BATISTA, ;RUA NOSSA SRA APARECIDA, ; ;;;Colisão;Anoitecer;;;Cruz;Não Há Controle;Cruzamento;0;2;0;1;1;0;0;0;0;0;0;0;0;(-38.60088 -3.7582);
365343;2020-12-12 16:40:00;AVENIDA VIS RIO BRANCO, ;RUA CEL ALVES TEIXEIRA, ; ;;;Colisão;Luz do Dia;;;Cruz;Pare;Cruzamento;0;2;0;1;1;0;0;0;0;0;0;0;0;(-38.522164 -3.745349);
365342;2020-12-12 16:36:00;AVENIDA ALBERTO CRAVEIRO, ;, ; ;;;Queda;Luz do Dia;;;Meio de Quadra;;Longo da via;0;1;0;1;0;0;0;0;0;0;0;0;0;(0 0);
364075;2020-12-12 16:14:00;AVENIDA BERNARDO MANUEL, 7217;, ; 7217;;;Colisão Lateral;Luz do Dia;Bom;Seca;Meio de Quadra;Gesto;Longo da via;0;1;3;1;3;0;0;0;0;0;0;0;0;(-38.56023 -3.82887);
364076;2020-12-12 16:07:00;RUA TEN MARQUES, ;RUA MEXICO, ; ;;;Colisão;Luz do Dia;Bom;Seca;Cruz;Pare;Cruzamento;0;2;0;0;2;0;0;0;0;0;0;0;0;(-38.573257 -3.734792);
365341;2020-12-12 16:00:00;RUA PERI, 180;, ; 180;;;Atropelamento;Luz do Dia;;;Meio de Quadra;;Longo da via;0;2;0;0;1;0;0;0;0;0;0;0;0;(-38.58472 -3.69923);
364077;2020-12-12 15:40:00;RUA PRO HERIBALDO COSTA, ;RUA PORTO VELHO, ; ;;;Colisão Lateral;Luz do Dia;Bom;Seca;Cruz;Semáforo;Cruzamento;0;2;1;1;1;0;0;0;0;0;0;0;0;(-38.587014 -3.765974);
365340;2020-12-12 15:24:00;RUA CON DE CASTRO, ;, ; ;;;Colisão;Luz do Dia;;;Meio de Quadra;;Longo da via;0;2;0;1;1;0;0;0;0;0;0;0;0;(0 0);
365339;2020-12-12 15:16:00;RUA BERNARDO MANUEL, 7221;, ; 7221;;;Colisão;Luz do Dia;;;Meio de Quadra;;Longo da via;0;2;0;1;1;0;0;0;0;0;0;0;0;(-38.5463 -3.7820042);
365338;2020-12-12 14:34:00;AVENIDA N CJ JOSE WALTER, 571;, ; 571;;;Queda;Luz do Dia;;;Meio de Quadra;;Longo da via;0;1;0;1;0;0;0;0;0;0;0;0;0;(0 0);
365337;2020-12-12 13:33:00;AVENIDA MAE LISBOA, 2730;, ; 2730;;;Colisão;Luz do Dia;;;Meio de Quadra;;Longo da via;0;1;0;0;0;0;0;0;0;0;0;0;0;(-38.454778 -3.806256);
364074;2020-12-12 13:30:00;RUA DOM HENRIQUE, 495;, ; 495;;;Colisão Frontal;Luz do Dia;Bom;Seca;Meio de Quadra;Não Há Controle;Longo da via;0;1;1;1;1;0;0;0;0;0;0;0;0;(-38.581977 -3.787101);
365336;2020-12-12 13:23:00;RUA PEDRO DE SOUZA, 500;, ; 500;;;Queda;Luz do Dia;;;Meio de Quadra;;Longo da via;0;1;0;1;0;0;0;0;0;0;0;0;0;(-38.5001422 -3.8522917);
365335;2020-12-12 12:54:00;RUA MIN ALBUQUERQUE LIMA, 31;, ; 31;;;Colisão;Luz do Dia;;;Meio de Quadra;;Longo da via;0;2;0;1;1;0;0;0;0;0;0;0;0;(-38.61339 -3.76445);
365334;2020-12-12 12:16:00;AVENIDA JOAO PESSOA, 7015;, ; 7015;;;Colisão;Luz do Dia;;;Meio de Quadra;;Longo da via;0;1;0;0;0;0;0;0;0;0;0;0;0;(-38.561439 -3.771198);
365333;2020-12-12 12:00:00;AVENIDA PRS CASTELO BRANCO, 4728;, ; 4728;;;Colisão;Luz do Dia;;;Meio de Quadra;;Longo da via;0;2;0;2;0;0;0;0;0;0;0;0;0;(-38.574068 -3.706329);
363736;2020-12-12 11:31:00;RUA ALBERTO MAGNO, ;RUA DELMIRO FARIAS, ; ;;;Colisão Lateral;Luz do Dia;Bom;Seca;Cruz;Pare;Cruzamento;0;1;1;0;2;0;0;0;0;0;0;0;0;(-38.541633 -3.755375);
365332;2020-12-12 09:58:00;AVENIDA JOR THOMAZ COELHO, ;, ; ;;;Atropelamento;Luz do Dia;;;Meio de Quadra;;Longo da via;0;2;0;1;0;0;0;0;0;0;0;0;0;(0 0);
365331;2020-12-12 09:36:00;AVENIDA HERACLITO GRACA, ;, ; ;;;Colisão;Luz do Dia;;;Meio de Quadra;;Longo da via;0;2;0;0;2;0;0;0;0;0;0;0;0;(0 0);