COD_ACIDENTE;DATA;LOG1;LOG2;NUMERO;BAIRRO;AMC;NATUREZA;ILUMINACAO;TEMPO;SUPERFICIEPISTA;TIPOCRUZAMENTO;CONTROLETRAFEGO;USOSOLO;MORTOS;FERIDOS;ILESOS;MOTOCICLETA;AUTOMOVEL;MICROONIBUS;CAMINHAO;ONIBUS;CICLOMOTOR;BICICLETA;OUTROS;TREM;TRACAOANIMAL;COORDENADAS
365330;2020-12-12 08:26:00;RUA JOSE MENDONCA, 265;, ; 265;;;Queda;Luz do Dia;;;Meio de Quadra;;Longo da via;0;1;0;1;0;0;0;0;0;0;0;0;0;(-38.602545 -3.759043);
364621;2020-12-12 08:20:00;RD CE-040, 7187;, ; 7187;;;Colisão;Luz do Dia;;;Meio de Quadra;;Longo da via;0;1;1;1;1;0;0;0;0;0;0;0;0;(-38.48303286 -3.817159445);
365146;2020-12-12 08:05:00;RD BR 116, 8000;, ; 8000;;;Atropelamento;Luz do Dia;;;Meio de Quadra;;Longo da via;0;2;0;0;0;0;0;0;1;0;0;0;0;(-38.503269 -3.822018);
364073;2020-12-12 07:33:00;AVENIDA PRS CASTELO BRANCO, 675;, ; 675;;;Colisão Traseira;Luz do Dia;Chuva;Molhada;Meio de Quadra;Semáforo;Longo da via;0;0;3;0;3;0;0;0;0;0;0;0;0;(-38.53242 -3.71924);
364072;2020-12-12 06:53:00;AVENIDA MON TABOSA, ;RUA ANTONIO LIMA, ; ;;;Choque c/ Obstáculo Fixo;Amanhecer;Nublado;Seca;Cruz;Pare;Cruzamento;0;1;0;0;1;0;0;0;0;0;0;0;0;(-38.504149 -3.724573);
365329;2020-12-12 06:12:00;AVENIDA PERIMETRAL, 914;, ; 914;;;Queda;Luz do Dia;;;Meio de Quadra;;Longo da via;0;1;0;1;0;0;0;0;0;0;0;0;0;(0 0);
365328;2020-12-12 06:09:00;RUA CEL ERNESTO MATOS, 507;, ; 507;;;Colisão;Luz do Dia;;;Meio de Quadra;;Longo da via;0;2;0;0;2;0;0;0;0;0;0;0;0;(-38.489871 -3.831264);
364071;2020-12-12 06:00:00;RUA PERGENTINO MAIA, ;RUA CEL ERNESTO MATOS, ; ;;;Não informado;Luz do Dia;Bom;Seca;Cruz;Pare;Cruzamento;0;2;0;0;2;0;0;0;0;0;0;0;0;(-38.489777 -3.8311858);
365327;2020-12-12 04:49:00;AVENIDA CONTORNO NORTE D71, 1249;, ; 1249;;;Queda;;;;Meio de Quadra;;Longo da via;0;1;0;1;0;0;0;0;0;0;0;0;0;(-38.588347 -3.813224);
365326;2020-12-12 04:06:00;RUA VINTE E QUATRO DE MAIO, 1230;, ; 1230;;;Colisão;;;;Meio de Quadra;;Longo da via;0;2;0;1;1;0;0;0;0;0;0;0;0;(-38.533848 -3.732626);
365325;2020-12-12 02:17:00;AVENIDA SGT HERMINIO SAMPAIO, ;, ; ;;;Queda;;;;Meio de Quadra;;Longo da via;0;1;0;1;0;0;0;0;0;0;0;0;0;(0 0);
363738;2020-12-12 02:00:00;AVENIDA SGT HERMINIO SAMPAIO, 3100;, ; 3100;;;Queda;Via Iluminada;Bom;Seca;Meio de Quadra;Semáforo;Longo da via;0;1;0;1;0;0;0;0;0;0;0;0;0;(-38.568349 -3.727754529);
365324;2020-12-12 01:51:00;RUA POMPILIO GOMES, 835;, ; 835;;;Queda;;;;Meio de Quadra;;Longo da via;0;1;0;1;0;0;0;0;0;0;0;0;0;(-38.5208303 -3.8196711);
365323;2020-12-11 23:10:00;AVENIDA DR SILAS MUNGUBA, 1700;, ; 1700;;;Colisão;;;;Meio de Quadra;;Longo da via;0;1;0;0;0;0;0;0;0;0;0;0;0;(-38.55302357 -3.784816031);
365322;2020-12-11 22:44:00;AVENIDA GAL OSORIO DE PAIVA, 4356;, ; 4356;;;Queda;;;;Meio de Quadra;;Longo da via;0;1;0;0;0;0;0;0;0;1;0;0;0;(-38.5932846 -3.79566063);
365321;2020-12-11 21:54:00;RUA RAIMUNDO PINHEIRO, 305;, ; 305;;;Colisão;;;;Meio de Quadra;;Longo da via;0;2;0;1;1;0;0;0;0;0;0;0;0;(-38.59664 -3.78767);
365320;2020-12-11 21:31:00;RUA EUDES CARDOSO, 139;, ; 139;;;Queda;;;;Meio de Quadra;;Longo da via;0;1;0;1;0;0;0;0;0;0;0;0;0;(-38.4918674 -3.82555221);
363735;2020-12-11 21:26:00;RUA CON DE CASTRO, 8612;, ; 8612;;;Colisão Traseira;Via Iluminada;Bom;Seca;Meio de Quadra;Não Há Controle;Longo da via;0;4;0;1;3;0;0;0;0;0;0;0;0;(0 0);
365318;2020-12-11 21:17:00;RUA EUDES CARDOSO, 366;, ; 366;;;Queda;;;;Meio de Quadra;;Longo da via;0;1;0;1;0;0;0;0;0;0;0;0;0;(-38.4898445 -3.82578311);
365317;2020-12-11 20:51:00;RUA SAO MATEUS D14, 320;, ; 320;;;Colisão;;;;Meio de Quadra;;Longo da via;0;2;0;1;1;0;0;0;0;0;0;0;0;(0 0);
365316;2020-12-11 20:49:00;AVENIDA 9 CJ PEQ MONDUBIM, 320;, ; 320;;;Atropelamento;;;;Meio de Quadra;;Longo da via;0;2;0;1;0;0;0;0;0;0;0;0;0;(0 0);
365315;2020-12-11 20:22:00;AVENIDA PRS CASTELO BRANCO, ;, ; ;;;Queda;;;;Meio de Quadra;;Longo da via;0;1;0;1;0;0;0;0;0;0;0;0;0;(0 0);
365314;2020-12-11 19:49:00;AVENIDA CONTORNO (CASTELÃO), ;, ; ;;;Queda;;;;Meio de Quadra;;Longo da via;0;1;0;1;0;0;0;0;0;0;0;0;0;(0 0);
364703;2020-12-11 19:36:00;AVENIDA OLAVO BILAC, 1593;, ; 1593;;;Colisão;;;;Meio de Quadra;;Longo da via;0;1;0;0;0;0;0;0;0;0;0;0;0;(-38.5643647 -3.73422244);
365313;2020-12-11 19:14:00;RUA LEONARDO MOTA, 970;, ; 970;;;Colisão;;;;Meio de Quadra;;Longo da via;0;2;0;2;0;0;0;0;0;0;0;0;0;(-38.495445 -3.733872);
365312;2020-12-11 18:40:00;RUA SAO FIDELIS D71, ;RUA OSORIO CORREIA, ; ;;;Colisão;;;;;;Cruzamento;0;2;0;2;0;0;0;0;0;0;0;0;0;(-38.59696 -3.82369);
365311;2020-12-11 18:33:00;RD BR 116, 16000;, ; 16000;;;Colisão;;;;Meio de Quadra;;Longo da via;0;2;0;1;1;0;0;0;0;0;0;0;0;(-38.5190567 -3.7611657);
365310;2020-12-11 18:23:00;RUA CANAL, 470;, ; 470;;;Queda;Anoitecer;;;Meio de Quadra;;Longo da via;0;1;0;1;0;0;0;0;0;0;0;0;0;(-38.61039 -3.79779);
365309;2020-12-11 18:19:00;RUA MAJ PEDRO SAMPAIO, 313;, ; 313;;;Colisão;Anoitecer;;;Meio de Quadra;;Longo da via;0;2;0;1;1;0;0;0;0;0;0;0;0;(-38.54842 -3.74108);
365308;2020-12-11 18:15:00;AVENIDA PERIMETRAL, 700;, ; 700;;;Colisão;Anoitecer;;;Meio de Quadra;;Longo da via;0;2;0;1;1;0;0;0;0;0;0;0;0;(0 0);
365307;2020-12-11 18:10:00;RUA PROF GLAUCO LOBO, 700;, ; 700;;;Colisão;Anoitecer;;;Meio de Quadra;;Longo da via;0;1;0;0;0;0;0;0;0;0;0;0;0;(0 0);
365145;2020-12-11 18:00:00;RD BR 116, 12000;, ; 12000;;;Colisão Traseira;Anoitecer;;;Meio de Quadra;;Longo da via;0;1;1;1;1;0;0;0;0;0;0;0;0;(-38.496066 -3.85574);
365306;2020-12-11 17:16:00;AVENIDA MR HULL, ;, ; ;;;Colisão;Anoitecer;;;Meio de Quadra;;Longo da via;0;2;0;1;1;0;0;0;0;0;0;0;0;(0 0);
365305;2020-12-11 17:09:00;AVENIDA G CJ JOSE WALTER, 741;, ; 741;;;Queda;Anoitecer;;;Meio de Quadra;;Longo da via;0;1;0;1;0;0;0;0;0;0;0;0;0;(-38.56089 -3.83733);
364070;2020-12-11 16:30:00;AVENIDA BEZERRA DE MENEZES, 802;, ; 802;;;Colisão Lateral;Luz do Dia;Bom;Seca;;;Longo da via;0;2;0;1;1;0;0;0;0;0;0;0;0;(-38.5521616 -3.73312864);
364069;2020-12-11 14:43:00;AVENIDA L CJ JOSE WALTER, ;AVENIDA G CJ JOSE WALTER, ; ;;;Colisão Transversal;Luz do Dia;Bom;Seca;Outros;Pare;Cruzamento;0;1;1;1;1;0;0;0;0;0;0;0;0;(-38.55951 -3.837707);
365304;2020-12-11 14:25:00;RUA CAETANO SILVA (PASSARÉ), 68;, ; 68;;;Queda;Luz do Dia;;;Meio de Quadra;;Longo da via;0;1;0;1;0;0;0;0;0;0;0;0;0;(0 0);
365303;2020-12-11 13:54:00;RUA MARIA CLARA, ;RUA RAIMUNDO BIZARRIA, ; ;;;Colisão;Luz do Dia;;;;;Cruzamento;0;2;0;1;1;0;0;0;0;0;0;0;0;(-38.579206 -3.72602);
365302;2020-12-11 13:18:00;RUA VALDETARIO MOTA, 686;, ; 686;;;Colisão;Luz do Dia;;;Meio de Quadra;;Longo da via;0;1;0;0;0;0;0;0;0;0;0;0;0;(-38.4799 -3.73559);
364068;2020-12-11 13:07:00;AVENIDA JOSE BASTOS, ;, ; ;;;Acidente Pessoal;Luz do Dia;Bom;Seca;Meio de Quadra;Não Há Controle;Longo da via;0;1;0;0;1;0;0;0;0;0;0;0;0;(-38.54658 -3.7460785);
365301;2020-12-11 12:40:00;AVENIDA PRS CASTELO BRANCO, ;, ; ;;;Colisão;Luz do Dia;;;Meio de Quadra;;Longo da via;0;2;0;0;1;0;0;0;0;1;0;0;0;(0 0);
365300;2020-12-11 11:20:00;AVENIDA GODOFREDO MACIEL, 2957;, ; 2957;;;Colisão;Luz do Dia;;;Meio de Quadra;;Longo da via;0;1;0;0;0;0;0;0;0;0;0;0;0;(-38.571541 -3.801663);
365299;2020-12-11 10:10:00;RUA DO CONTORNO UI 302, ;, ; ;;;Colisão;Luz do Dia;;;Meio de Quadra;;Longo da via;0;1;0;0;0;0;0;0;0;0;0;0;0;(0 0);
365298;2020-12-11 09:49:00;AVENIDA ABOLICAO, 2308;, ; 2308;;;Colisão;Luz do Dia;;;Meio de Quadra;;Longo da via;0;2;0;1;1;0;0;0;0;0;0;0;0;(-38.498436 -3.726373);
365297;2020-12-11 09:34:00;RUA JORGE DUMAR, ;, ; ;;;Atropelamento;Luz do Dia;;;Meio de Quadra;;Longo da via;0;2;0;1;0;0;0;0;0;0;0;0;0;(0 0);
364067;2020-12-11 09:27:00;AVENIDA DUQ CAXIAS, ;, ; ;;;Colisão Traseira;Luz do Dia;Bom;Seca;Meio de Quadra;Não Há Controle;Longo da via;0;0;3;1;2;0;0;0;0;0;0;0;0;(-38.525734 -3.7331836);
365296;2020-12-11 08:29:00;RUA CARLOS CHAGAS, 1070;, ; 1070;;;Colisão;Luz do Dia;;;Meio de Quadra;;Longo da via;0;2;0;1;1;0;0;0;0;0;0;0;0;(-38.58959 -3.77884);
365295;2020-12-11 08:23:00;RUA JOAQUIM M DE MACEDO, 179;, ; 179;;;Choque c/ Obstáculo Fixo;Luz do Dia;;;Meio de Quadra;;Longo da via;0;1;0;0;1;0;0;0;0;0;0;0;0;(-38.5797529 -3.75420358);
365294;2020-12-11 07:47:00;RUA CURITIBA, 1636;, ; 1636;;;Colisão;Luz do Dia;;;Meio de Quadra;;Longo da via;0;2;0;1;1;0;0;0;0;0;0;0;0;(-38.59832 -3.75385);
365293;2020-12-11 06:20:00;AVENIDA ALBERTO CRAVEIRO, ;, ; ;;;Colisão;Luz do Dia;;;Meio de Quadra;;Longo da via;0;2;0;1;1;0;0;0;0;0;0;0;0;(0 0);
365292;2020-12-11 06:10:00;AVENIDA N CJ JOSE WALTER, 833;, ; 833;;;Queda;Luz do Dia;;;Meio de Quadra;;Longo da via;0;1;0;1;0;0;0;0;0;0;0;0;0;(0 0);
365291;2020-12-11 06:07:00;RUA VALPARAISO, 1500;, ; 1500;;;Colisão;Luz do Dia;;;Meio de Quadra;;Longo da via;0;1;0;0;0;0;0;0;0;0;0;0;0;(-38.532701 -3.838532);
365290;2020-12-11 02:30:00;AVENIDA PERIMETRAL, 3391;, ; 3391;;;Colisão;;;;Meio de Quadra;;Longo da via;0;1;0;0;0;0;0;0;0;0;0;0;0;(-38.52684 -3.8294544);
363733;2020-12-11 02:15:00;AVENIDA PRS COSTA E SILVA, 3435;, ; 3435;;;Choque c/ Obstáculo Fixo;Via Iluminada;Bom;Seca;Meio de Quadra;Não Há Controle;Longo da via;1;1;0;1;0;0;0;0;0;0;0;0;0;(-38.55083 -3.82326);
365289;2020-12-10 23:48:00;AVENIDA BEZERRA DE MENEZES, 2275;, ; 2275;;;Queda;;;;Meio de Quadra;;Longo da via;0;1;0;1;0;0;0;0;0;0;0;0;0;(-38.565167 -3.735828);
364120;2020-12-10 23:00:00;AVENIDA FRANCISCO SA, ;, ; ;;;Atropelamento;;;;Meio de Quadra;;Longo da via;1;1;0;1;0;0;0;0;0;0;0;0;0;(-38.587804 -3.705311);
365288;2020-12-10 22:11:00;RUA OSCAR ARARIPE, 706;, ; 706;;;Queda;;;;Meio de Quadra;;Longo da via;0;1;0;1;0;0;0;0;0;0;0;0;0;(-38.5977972 -3.79167046);
365135;2020-12-10 21:35:00;RD BR 116, 9800;, ; 9800;;;Colisão Lateral;;;;Meio de Quadra;;Longo da via;0;0;2;0;2;0;0;0;0;0;0;0;0;(-38.503373 -3.834435);
365286;2020-12-10 21:04:00;RUA BENTO ALBUQUERQUE, 2074;, ; 2074;;;Colisão;;;;Meio de Quadra;;Longo da via;0;2;0;1;1;0;0;0;0;0;0;0;0;(-38.471347 -3.747564);
365284;2020-12-10 20:33:00;AVENIDA LUCIANO CARNEIRO, 869;, ; 869;;;Colisão;;;;Meio de Quadra;;Longo da via;0;2;0;0;2;0;0;0;0;0;0;0;0;(-38.533775 -3.755471);
364932;2020-12-10 20:30:00;RUA MARIA JULIA, ;, ; ;;;Colisão;;;;Meio de Quadra;;Longo da via;0;2;0;1;1;0;0;0;0;0;0;0;0;(0 0);
365134;2020-12-10 20:15:00;RD BR 116, 7000;, ; 7000;;;Colisão Lateral;;;;Meio de Quadra;;Longo da via;0;1;1;1;1;0;0;0;0;0;0;0;0;(-38.5115614 -3.786276359);
365283;2020-12-10 19:35:00;RUA LAURO MAIA, 999;, ; 999;;;Colisão;;;;Meio de Quadra;;Longo da via;0;2;0;1;1;0;0;0;0;0;0;0;0;(-38.522635 -3.74852776);
365282;2020-12-10 19:34:00;AVENIDA BENJAMIM BRASIL, 399;, ; 399;;;Colisão;;;;Meio de Quadra;;Longo da via;0;2;0;1;1;0;0;0;0;0;0;0;0;(-38.569567 -3.804034);
365281;2020-12-10 19:24:00;AVENIDA PRS CASTELO BRANCO, 1000;, ; 1000;;;Colisão;;;;Meio de Quadra;;Longo da via;0;2;0;1;1;0;0;0;0;0;0;0;0;(-38.53548 -3.71801);
364065;2020-12-10 19:20:00;RUA METON DE ALENCAR, ;RUA VINTE E QUATRO DE MAIO, ; ;;;Colisão Transversal;Via Iluminada;Bom;Seca;Cruz;Pare;Cruzamento;0;3;0;1;1;0;0;0;0;0;0;0;0;(-38.533848 -3.732626);
363732;2020-12-10 19:10:00;AVENIDA PRS COSTA E SILVA, 1011;, ; 1011;;;Colisão Lateral;Via Iluminada;Bom;Seca;Meio de Quadra;Semáforo;Longo da via;0;2;0;1;0;0;0;0;0;0;0;0;0;(-38.5704393 -3.81333177);
365280;2020-12-10 18:43:00;RUA GAL SAMPAIO, ;, ; ;;;Colisão;;;;Meio de Quadra;;Longo da via;0;2;0;1;1;0;0;0;0;0;0;0;0;(0 0);
364930;2020-12-10 18:00:00;AVENIDA SEN FERNANDES TAVORA, ;RUA VITORIA (AV. PERIMETRAL), ; ;;;Colisão;Anoitecer;;;Cruz;Semáforo;Cruzamento;0;2;0;2;0;0;0;0;0;0;0;0;0;(-38.585903 -3.760193);
364064;2020-12-10 17:10:00;AVENIDA COS GOMES DE FREITAS (SAPIRANGA/COITE), ;RUA ELISEU ORIA, ; ;;;Colisão Traseira;Luz do Dia;Bom;Seca;Cruz;Semáforo;Cruzamento;0;1;1;0;2;0;0;0;0;0;0;0;0;(-38.477418 -3.795487);
365279;2020-12-10 16:59:00;AVENIDA GOV LEONEL BRIZOLA, 425;, ; 425;;;Colisão;Luz do Dia;;;Meio de Quadra;;Longo da via;0;2;0;1;1;0;0;0;0;0;0;0;0;(0 0);
364066;2020-12-10 16:40:00;RUA FRANCISCANO, ;RUA MARIA JULIA, ; ;;;Colisão Transversal;Amanhecer;Bom;Seca;Cruz;Pare;Cruzamento;0;1;1;1;1;0;0;0;0;0;0;0;0;(-38.60275 -3.80091);
364931;2020-12-10 16:00:00;RUA TEN BENEVOLO, 1055;, ; 1055;;;Colisão;Luz do Dia;;;Meio de Quadra;;Longo da via;0;1;0;0;1;0;0;0;0;0;0;0;0;(-38.511818 -3.7270503);
365278;2020-12-10 15:53:00;RUA BERNARDO MANUEL, 9833;, ; 9833;;;Queda;Luz do Dia;;;Meio de Quadra;;Longo da via;0;1;0;1;0;0;0;0;0;0;0;0;0;(-38.5528933 -3.80363435);
365133;2020-12-10 15:50:00;RD BR 222, 500;, ; 500;;;Engavetamento;Luz do Dia;;;Meio de Quadra;;Longo da via;0;1;4;0;4;0;0;0;0;0;0;0;0;(-38.594063 -3.74008);
364063;2020-12-10 15:14:00;RUA WALDIR DIOGO, 507;, ; 507;;;Colisão Traseira;Luz do Dia;Bom;Seca;Meio de Quadra;Não Há Controle;Longo da via;0;2;0;0;2;0;0;0;0;0;0;0;0;(-38.582487 -3.80622);
364062;2020-12-10 15:03:00;AVENIDA FRANCISCO SA, ;, ; ;;;Colisão Lateral;Luz do Dia;Bom;Seca;Cruz;Semáforo;Longo da via;0;2;0;0;1;0;0;0;0;0;0;0;0;(-38.558277 -3.7168868);
365277;2020-12-10 14:00:00;RUA MIGUEL GURGEL, ;, ; ;;;Queda;Luz do Dia;;;Meio de Quadra;;Longo da via;0;1;0;1;0;0;0;0;0;0;0;0;0;(0 0);
365276;2020-12-10 12:21:00;AVENIDA RAD JOSE LIMA VERDE, ;, ; ;;;Colisão;Luz do Dia;;;Meio de Quadra;;Longo da via;0;2;0;1;1;0;0;0;0;0;0;0;0;(0 0);
365275;2020-12-10 11:27:00;AVENIDA 20 DE JANEIRO, ;RUA MOACIR, ; ;;;Colisão;Luz do Dia;;;;;Cruzamento;0;2;0;2;0;0;0;0;0;0;0;0;0;(-38.58071 -3.70591);
364061;2020-12-10 10:28:00;AVENIDA GOV RAUL BARBOSA, ;RUA CEL GONCALO D46, ; ;;;Colisão Transversal;Luz do Dia;Bom;Seca;Outros;Não Há Controle;Cruzamento;0;1;1;0;1;0;0;0;0;0;0;0;0;(-38.512739 -3.773687);
365273;2020-12-10 08:45:00;AVENIDA ALM HENRIQUE SABOIA, ;, ; ;;;Colisão;Luz do Dia;;;Meio de Quadra;;Longo da via;0;2;0;1;1;0;0;0;0;0;0;0;0;(0 0);
365132;2020-12-10 08:45:00;RD BR 116, 1000;, ; 1000;;;Outros;Luz do Dia;;;Meio de Quadra;;Longo da via;0;2;0;1;0;0;0;0;0;0;0;0;0;(-38.518702 -3.762554);
363731;2020-12-10 08:41:00;RUA SABIAGUABA, ;, ; ;;;Choque c/ Obstáculo Fixo;Luz do Dia;Bom;Seca;Meio de Quadra;;Longo da via;0;1;0;0;1;0;0;0;0;0;0;0;0;(0 0);
365272;2020-12-10 08:35:00;RUA OSCAR ARARIPE, 3781;, ; 3781;;;Colisão;Luz do Dia;;;Meio de Quadra;;Longo da via;0;1;0;0;0;0;0;0;0;0;0;0;0;(-38.624525 -3.783435);
364059;2020-12-10 08:18:00;AVENIDA AUGUSTO DOS ANJOS, 489;, ; 489;;;Colisão Lateral;Luz do Dia;Bom;Seca;Meio de Quadra;Não Há Controle;Longo da via;0;0;2;1;1;0;0;0;0;0;0;0;0;(-38.5727921 -3.773047);
364619;2020-12-10 08:00:00;RD CE-040, ;, ; ;;;Colisão;Luz do Dia;;;Meio de Quadra;;Longo da via;0;1;1;0;2;0;0;0;0;0;0;0;0;(-38.48303286 -3.817159445);
364620;2020-12-10 07:50:00;RD CE-025, ;, ; ;;;Colisão;Luz do Dia;;;Meio de Quadra;;Longo da via;0;0;2;0;2;0;0;0;0;0;0;0;0;(-38.42708101 -3.810983084);
365271;2020-12-10 07:28:00;RUA MIN ALBUQUERQUE LIMA, 100;, ; 100;;;Colisão;Luz do Dia;;;Meio de Quadra;;Longo da via;0;2;0;1;1;0;0;0;0;0;0;0;0;(-38.6100739 -3.76705352);
365270;2020-12-10 06:44:00;RUA VALPARAISO, ;, ; ;;;Colisão;Luz do Dia;;;Meio de Quadra;;Longo da via;0;1;0;1;0;0;0;0;0;0;0;0;0;(0 0);
365269;2020-12-10 05:49:00;AVENIDA PRS CASTELO BRANCO, 5986;, ; 5986;;;Colisão;Amanhecer;;;Meio de Quadra;;Longo da via;0;2;0;1;1;0;0;0;0;0;0;0;0;(-38.584022 -3.7018);
364618;2020-12-10 01:40:00;RD CE-040, ;, ; ;;;Colisão;Anoitecer;;;Meio de Quadra;;Longo da via;0;0;2;0;2;0;0;0;0;0;0;0;0;(-38.47953463 -3.800595823);
365268;2020-12-10 00:06:00;ESTRADA DO FIO (MESSEJANA), 31258;, ; 31258;;;Colisão;;;;Meio de Quadra;;Longo da via;0;2;0;2;0;0;0;0;0;0;0;0;0;(0 0);
365267;2020-12-09 22:27:00;RUA HOLANDA, 1600;, ; 1600;;;Colisão;;;;Meio de Quadra;;Longo da via;0;2;0;1;1;0;0;0;0;0;0;0;0;(-38.560329 -3.801853);
365266;2020-12-09 18:13:00;RUA DR PEDRO BORGES, 20;, ; 20;;;Atropelamento;Anoitecer;;;Meio de Quadra;;Longo da via;0;2;0;0;1;0;0;0;0;0;0;0;0;(-38.5261927 -3.72818683);
365265;2020-12-09 17:43:00;RUA JOSE FACANHA, 852;, ; 852;;;Colisão;Anoitecer;;;Meio de Quadra;;Longo da via;0;1;0;0;0;0;0;0;0;0;0;0;0;(-38.5584 -3.75105);
363713;2020-12-09 17:30:00;RUA RIO GRANDE DO NORTE, 660;, ; 660;;;Colisão Lateral;Anoitecer;Bom;Seca;Meio de Quadra;Não Há Controle;Longo da via;0;1;1;1;1;0;0;0;0;0;0;0;0;(-38.5648 -3.76034);
364057;2020-12-09 16:55:00;RUA TULIPA, ;RUA TEODOMIRO DE CASTRO, ; ;;;Colisão Transversal;Luz do Dia;Bom;Seca;Cruz;Semáforo;Cruzamento;0;2;0;1;1;0;0;0;0;0;0;0;0;(-38.579975 -3.715652);
364055;2020-12-09 16:50:00;AVENIDA OLIVEIRA PAIVA, ;RUA JUNIOR ROCHA, ; ;;;Capotamento;Luz do Dia;Bom;Seca;Cruz;Semáforo;Cruzamento;0;1;2;0;2;0;0;0;0;0;0;0;0;(-38.488224 -3.796189);
363730;2020-12-09 16:30:00;AVENIDA PRS JUSCELINO KUBITSCHEK (PASSARÉ), 3495;, ; 3495;;;Colisão Traseira;Luz do Dia;Bom;Seca;Meio de Quadra;Pare;Longo da via;0;1;2;1;2;0;0;0;0;0;0;0;0;(0 0);
364058;2020-12-09 16:21:00;RUA ROMEU MARTINS, ;RUA JOAO FIRMINO, ; ;;;Colisão Transversal;Luz do Dia;Bom;Seca;Cruz;Pare;Cruzamento;0;2;0;1;1;0;0;0;0;0;0;0;0;(-38.555582 -3.764274);
365264;2020-12-09 15:51:00;AVENIDA DIOGUINHO, 5530;, ; 5530;;;Atropelamento de Animal;Luz do Dia;;;Meio de Quadra;;Longo da via;0;1;0;1;0;0;0;0;0;0;0;0;0;(-38.44367 -3.760694);
365263;2020-12-09 15:46:00;RUA DNA LEOPOLDINA, 1606;, ; 1606;;;Colisão;Luz do Dia;;;Meio de Quadra;;Longo da via;0;2;0;1;1;0;0;0;0;0;0;0;0;(-38.522386 -3.739197);
365262;2020-12-09 14:54:00;AVENIDA JOSE BASTOS, 4699;, ; 4699;;;Atropelamento;Luz do Dia;;;Meio de Quadra;;Longo da via;0;2;0;1;0;0;0;0;0;0;0;0;0;(-38.559071 -3.757183);
365261;2020-12-09 14:16:00;RUA MANUEL MOURA, 596;, ; 596;;;Colisão;Luz do Dia;;;Meio de Quadra;;Longo da via;0;2;0;1;1;0;0;0;0;0;0;0;0;(-38.59241 -3.72664);
365260;2020-12-09 13:56:00;AVENIDA GAL OSORIO DE PAIVA, 3420;, ; 3420;;;Colisão;Luz do Dia;;;Meio de Quadra;;Longo da via;0;2;0;1;1;0;0;0;0;0;0;0;0;(-38.58883538 -3.791110692);
365259;2020-12-09 13:34:00;RUA ROSINHA SAMPAIO, 1629;, ; 1629;;;Colisão;Luz do Dia;;;Meio de Quadra;;Longo da via;0;2;0;1;1;0;0;0;0;0;0;0;0;(-38.593268 -3.725422);
364056;2020-12-09 12:30:00;RUA CURITIBA, ;RUA PRO HERIBALDO COSTA, ; ;;;Colisão Transversal;Luz do Dia;Bom;Seca;Cruz;Pare;Cruzamento;0;2;0;2;0;0;0;0;0;0;0;0;0;(-38.583853 -3.759992);
364054;2020-12-09 11:30:00;RUA TULIPA NEGRA, ;RUA VITORIA REGIA, ; ;;;Colisão Traseira;Luz do Dia;Bom;Seca;Meio de Quadra;Pare;Cruzamento;0;1;1;1;1;0;0;0;0;0;0;0;0;(-38.59644 -3.82031);
365258;2020-12-09 11:27:00;AVENIDA DEP PAULINO ROCHA, ;, ; ;;;Colisão;Luz do Dia;;;Meio de Quadra;;Longo da via;0;1;0;0;0;0;0;0;0;0;0;0;0;(0 0);
365131;2020-12-09 11:20:00;RD BR 116, 5800;, ; 5800;;;Tombamento;Luz do Dia;;;Meio de Quadra;;Longo da via;0;1;1;1;0;0;0;0;0;0;0;0;0;(-38.503053 -3.804691);
364052;2020-12-09 10:51:00;RUA PAULO FIRMEZA, 287;, ; 287;;;Colisão Traseira;Luz do Dia;Bom;Seca;Meio de Quadra;Não Há Controle;Longo da via;0;2;0;1;1;0;0;0;0;0;0;0;0;(-38.5173548 -3.75757445);
364050;2020-12-09 10:22:00;RUA SAO TOMAZ DE AQUINO, ;RUA PEDRO VERISSIMO, ; ;;;Colisão Transversal;Luz do Dia;Bom;Seca;Meio de Quadra;Não Há Controle;Cruzamento;0;2;0;0;2;0;0;0;0;0;0;0;0;(-38.5262 -3.81584);
364051;2020-12-09 09:40:00;RUA FAUSTO CABRAL, ;RUA RIO PRADO, ; ;;;Colisão Lateral;Luz do Dia;Bom;Seca;Meio de Quadra;Não Há Controle;Cruzamento;0;1;1;1;1;0;0;0;0;0;0;0;0;(-38.48209 -3.73203);
365257;2020-12-09 09:22:00;AVENIDA PASTEUR, 1301;, ; 1301;;;Queda;Luz do Dia;;;Meio de Quadra;;Longo da via;0;1;0;0;0;0;0;0;0;1;0;0;0;(-38.560923 -3.717379);
365256;2020-12-09 09:04:00;AVENIDA SANTOS DUMONT, 1075;, ; 1075;;;Queda;Luz do Dia;;;Meio de Quadra;;Longo da via;0;1;0;1;0;0;0;0;0;0;0;0;0;(-38.5141617 -3.73108127);
365255;2020-12-09 08:15:00;RUA ALBERTO MAGNO, ;RUA DELMIRO FARIAS, ; ;;;Colisão;Luz do Dia;;;Cruz;Pare;Cruzamento;0;2;0;1;1;0;0;0;0;0;0;0;0;(-38.541633 -3.755375);
365254;2020-12-09 08:12:00;RUA DOM HENRIQUE, 416;, ; 416;;;Queda;Luz do Dia;;;Meio de Quadra;;Longo da via;0;1;0;1;0;0;0;0;0;0;0;0;0;(-38.5811 -3.78783);