COD_ACIDENTE;DATA;LOG1;LOG2;NUMERO;BAIRRO;AMC;NATUREZA;ILUMINACAO;TEMPO;SUPERFICIEPISTA;TIPOCRUZAMENTO;CONTROLETRAFEGO;USOSOLO;MORTOS;FERIDOS;ILESOS;MOTOCICLETA;AUTOMOVEL;MICROONIBUS;CAMINHAO;ONIBUS;CICLOMOTOR;BICICLETA;OUTROS;TREM;TRACAOANIMAL;COORDENADAS
365253;2020-12-09 08:08:00;AVENIDA VIS RIO BRANCO, 3520;, ; 3520;;;Colisão;Luz do Dia;;;Meio de Quadra;;Longo da via;0;1;0;0;0;0;0;0;0;0;0;0;0;(-38.520804 -3.751925);
365252;2020-12-09 07:41:00;AVENIDA C CJ CEARA, 475;, ; 475;;;Colisão;Luz do Dia;;;Meio de Quadra;;Longo da via;0;2;0;1;1;0;0;0;0;0;0;0;0;(-38.60948 -3.76272);
365251;2020-12-09 07:40:00;RUA OSCAR LEITAO, 76;, ; 76;;;Colisão;Luz do Dia;;;Meio de Quadra;;Longo da via;0;2;0;2;0;0;0;0;0;0;0;0;0;(-38.4930865 -3.83915961);
365250;2020-12-09 07:26:00;RUA CON DE CASTRO, 1140;, ; 1140;;;Colisão;Luz do Dia;;;Meio de Quadra;;Longo da via;0;2;0;2;0;0;0;0;0;0;0;0;0;(-38.570643 -3.781974);
364049;2020-12-09 07:15:00;AVENIDA PRS COSTA E SILVA, ;RUA CEL TIBURCIO, ; ;;;Colisão Transversal;Luz do Dia;Bom;Seca;Cruz;Semáforo;Cruzamento;0;1;1;1;1;0;0;0;0;0;0;0;0;(-38.573703 -3.812167);
363712;2020-12-09 07:15:00;RUA 15 DE NOVEMBRO, 613;, ; 613;;;Colisão Traseira;Luz do Dia;Bom;;Meio de Quadra;Não Há Controle;Longo da via;0;0;2;1;1;0;0;0;0;0;0;0;0;(0 0);
365249;2020-12-09 06:44:00;RUA VALPARAISO, ;AVENIDA IRACEMA (CJ PALMEIRAS), ; ;;;Colisão;Luz do Dia;;;Cruz;Não Há Controle;Cruzamento;0;1;0;0;0;0;0;0;0;0;0;0;0;(-38.527034 -3.843199);
365248;2020-12-09 06:08:00;AVENIDA ANTONIO SALES, 1689;, ; 1689;;;Queda;Luz do Dia;;;Meio de Quadra;;Longo da via;0;1;0;1;0;0;0;0;0;0;0;0;0;(-38.5086 -3.74345);
364048;2020-12-08 20:20:00;RUA CON DE CASTRO, 6110;ESTRADA SIQUEIRA, ; 6110;;;Colisão;Via Iluminada;Bom;Seca;Meio de Quadra;Semáforo;Cruzamento;0;2;1;1;1;0;0;0;0;0;0;0;0;(-38.594418 -3.807658);
364045;2020-12-08 20:06:00;RUA AUDISIO PINHEIRO, ;RUA PORTO ALEGRE, ; ;;;Colisão;Anoitecer;Bom;Seca;Cruz;Pare;Cruzamento;0;1;1;1;1;0;0;0;0;0;0;0;0;(-38.589942 -3.760602);
363711;2020-12-08 19:48:00;RUA PDE CICERO, ;RUA MON FURTADO, ; ;;;Colisão Transversal;Via Iluminada;Bom;Seca;Cruz;Pare;Cruzamento;0;2;1;0;2;0;0;0;0;0;0;0;0;(-38.54639 -3.7430272);
364047;2020-12-08 19:00:00;RUA JORGE ACURCIO, ;RUA EPAMINONDAS FROTA, ; ;;;Colisão Lateral;Via Iluminada;Bom;Seca;Cruz;Pare;Cruzamento;0;1;1;1;1;0;0;0;0;0;0;0;0;(-38.53207 -3.766035);
364046;2020-12-08 17:45:00;RUA MARCOS MACEDO, 470;, ; 470;;;Colisão Lateral;Via Iluminada;Bom;Seca;;;Longo da via;0;1;1;1;1;0;0;0;0;0;0;0;0;(-38.497215 -3.7344065);
365494;2020-12-08 17:44:00;AVENIDA PRS COSTA E SILVA, 258;, ; 258;;;Colisão;Anoitecer;;;Meio de Quadra;;Longo da via;0;1;1;1;0;0;1;0;0;0;0;0;0;(-38.55885 -3.83723);
364926;2020-12-08 17:00:00;RUA VINTE E QUATRO DE MAIO, ;RUA METON DE ALENCAR, ; ;;;Colisão;Anoitecer;;;Cruz;Pare;Cruzamento;0;2;0;0;2;0;0;0;0;0;0;0;0;(-38.533848 -3.732626);
364044;2020-12-08 16:45:00;AVENIDA ALBERTO CRAVEIRO, 2650;, ; 2650;;;Colisão Lateral;Luz do Dia;Bom;Seca;Meio de Quadra;Semáforo;Longo da via;0;2;1;0;1;0;0;0;1;0;0;0;0;(-38.521477 -3.803129);
365495;2020-12-08 15:56:00;AVENIDA AUGUSTO DOS ANJOS, 1215;, ; 1215;;;Colisão;Luz do Dia;;;Meio de Quadra;;Longo da via;0;1;1;1;1;0;0;0;0;0;0;0;0;(-38.576811 -3.777483);
363708;2020-12-08 15:35:00;RUA LAURO NOGUEIRA, ;RUA CESAR FONSECA, ; ;;;Colisão Transversal;Luz do Dia;Bom;Seca;T;Semáforo;Cruzamento;0;1;1;1;1;0;0;0;0;0;0;0;0;(-38.472579 -3.741946);
365497;2020-12-08 15:30:00;AVENIDA GAL OSORIO DE PAIVA, 7700;, ; 7700;;;Colisão;Luz do Dia;;;Meio de Quadra;;Longo da via;0;2;0;0;0;0;0;0;0;0;0;0;0;(-38.616585 -3.819716);
364043;2020-12-08 15:29:00;RUA PORTO DAS ROSAS, ;, ; ;;;Não informado;Luz do Dia;Bom;Seca;Cruz;Pare;Longo da via;0;0;2;0;1;0;0;0;0;0;0;0;0;(0 0);
365496;2020-12-08 15:26:00;RD BR 116, 2000;, ; 2000;;;Queda;Luz do Dia;;;Meio de Quadra;;Longo da via;0;1;0;1;0;0;0;0;0;0;0;0;0;(-38.51678 -3.771391);
365566;2020-12-08 14:00:00;AVENIDA MIGUEL DIAS, 636;, ; 636;;;Colisão;Luz do Dia;;;Meio de Quadra;;Longo da via;0;1;1;1;1;0;0;0;0;0;0;0;0;(-38.48787 -3.763);
364042;2020-12-08 13:53:00;AVENIDA DOM MANUEL, 175;, ; 175;;;Atropelamento;Luz do Dia;Bom;Seca;Meio de Quadra;;Longo da via;0;2;0;1;0;0;0;0;0;0;0;0;0;(-38.5203053 -3.72584133);
365565;2020-12-08 12:23:00;RUA LAURO NOGUEIRA, ;RUA DES WALDETARIO P MOTA, ; ;;;Colisão;Luz do Dia;;;Cruz;Pare;Cruzamento;0;2;0;2;0;0;0;0;0;0;0;0;0;(-38.48196 -3.7389736);
365564;2020-12-08 12:09:00;RUA GAL CLARINDO DE QUEIROZ, ;RUA MAJ FACUNDO, ; ;;;Colisão;Luz do Dia;;;Cruz;Semáforo;Cruzamento;0;1;1;0;2;0;0;0;0;0;0;0;0;(-38.529587 -3.732895);
365563;2020-12-08 10:53:00;AVENIDA DIOGUINHO, 110;, ; 110;;;Colisão;Luz do Dia;;;Meio de Quadra;;Longo da via;0;1;1;1;1;0;0;0;0;0;0;0;0;(-38.46149 -3.72672);
365562;2020-12-08 10:32:00;RUA DJALMA PETIT, ;RUA PILOTO D46, ; ;;;Atropelamento;Luz do Dia;;;Cruz;Pare;Cruzamento;0;1;1;0;1;0;0;0;0;0;0;0;0;(-38.51051 -3.76512);
364079;2020-12-08 10:06:00;RUA TEODOMIRO DE CASTRO, ;RUA SILVIO ROMERO, ; ;;;Colisão Transversal;Luz do Dia;Bom;Seca;Cruz;Pare;Cruzamento;0;1;1;1;1;0;0;0;0;0;0;0;0;(-38.570794 -3.719538);
364039;2020-12-08 09:20:00;AVENIDA OLIVEIRA PAIVA, ;RUA PDE JANUARIO CAMPOS, ; ;;;Colisão Traseira;Luz do Dia;Bom;Seca;T;Semáforo;Cruzamento;0;0;1;1;1;0;0;0;0;0;0;0;0;(-38.489646 -3.796018);
364617;2020-12-08 08:30:00;AVENIDA SEN CARLOS JEREISSATI (AEROPORTO), 3500;, ; 3500;;;Colisão;Luz do Dia;;;Meio de Quadra;;Longo da via;0;1;1;1;0;0;0;1;0;0;0;0;0;(-38.54649 -3.77861);
364037;2020-12-08 07:43:00;RUA CEL JUCA, ;RUA GAL TERTULIANO POTYGUARA, ; ;;;Colisão;Luz do Dia;Bom;Seca;Cruz;Pare;Cruzamento;0;1;1;0;2;0;0;0;0;0;0;0;0;(-38.493766 -3.745325);
364038;2020-12-08 07:21:00;RUA MODESTA, 115;TV CORUMBI, ; 115;;;Colisão Lateral;Luz do Dia;Bom;Seca;T;Pare;Cruzamento;0;1;1;1;0;0;0;1;0;0;0;0;0;(-38.52871 -3.79913);
364035;2020-12-08 07:15:00;RUA COSTA BARROS, ;RUA SAO JOSE D20, ; ;;;Colisão Transversal;Luz do Dia;Bom;Seca;;;Cruzamento;0;2;1;1;1;0;0;0;0;0;0;0;0;(-38.55589 -3.81439);
365679;2020-12-08 07:08:00;ESTRADA DO FIO (MESSEJANA), ;, ; ;;;Colisão;Luz do Dia;;;Meio de Quadra;;Longo da via;0;1;1;1;1;0;0;0;0;0;0;0;0;(0 0);
365680;2020-12-08 06:33:00;AVENIDA MIN JOSE AMERICO, ;, ; ;;;Atropelamento;Luz do Dia;;;Meio de Quadra;;Longo da via;0;1;1;1;0;0;0;0;0;0;0;0;0;(0 0);
364036;2020-12-08 06:33:00;AVENIDA BENJAMIM BRASIL, 352;, ; 352;;;Colisão Transversal;Luz do Dia;Bom;Seca;Meio de Quadra;Não Há Controle;Longo da via;0;1;1;1;1;0;0;0;0;0;0;0;0;(-38.570528 -3.803725);
365681;2020-12-08 06:26:00;RUA CEL VIRGILIO NOGUEIRA (BOM JARDIM), 651;, ; 651;;;Colisão;Luz do Dia;;;Meio de Quadra;;Longo da via;0;1;1;2;0;0;0;0;0;0;0;0;0;(-38.60855 -3.78843);
365682;2020-12-08 05:57:00;AVENIDA CASTELO DE CASTRO, 115;, ; 115;;;Colisão;Amanhecer;;;Meio de Quadra;;Longo da via;0;2;0;0;0;0;0;0;0;0;0;0;0;(-38.52133 -3.83014);
363699;2020-12-07 22:30:00;RUA BAR CRATO, ;RUA CHASTINET GUIMARAES, ; ;;;Colisão Transversal;Via Iluminada;Bom;Seca;Cruz;Pare;Cruzamento;0;2;1;1;1;0;0;0;0;0;0;0;0;(-38.565856 -3.722909);
365683;2020-12-07 19:37:00;RUA DO CANAL (TAUAPE), 286;, ; 286;;;Atropelamento;;;;Meio de Quadra;;Longo da via;0;1;1;0;1;0;0;0;0;0;0;0;0;(-38.51543 -3.7617);
365686;2020-12-07 19:03:00;RUA JULIO VERNE, ;RUA EQUADOR, ; ;;;Colisão;;;;Cruz;Pare;Cruzamento;0;1;1;1;1;0;0;0;0;0;0;0;0;(-38.552843 -3.775427);
365685;2020-12-07 18:51:00;RUA ESPIRITO SANTO, 330;, ; 330;;;Colisão;;;;Meio de Quadra;;Longo da via;0;2;0;0;0;0;0;0;0;0;0;0;0;(-38.5674626 -3.75179167);
365684;2020-12-07 18:37:00;RUA A CJ PALMARES (G. LISBOA), 3762;, ; 3762;;;Colisão;;;;Meio de Quadra;;Longo da via;0;1;1;1;1;0;0;0;0;0;0;0;0;(0 0);
365687;2020-12-07 17:28:00;RUA GOV JOAO CARLOS, 801;, ; 801;;;Colisão;Anoitecer;;;Meio de Quadra;;Longo da via;0;1;1;1;1;0;0;0;0;0;0;0;0;(-38.5531998 -3.78215969);
364033;2020-12-07 17:13:00;AVENIDA DUQ CAXIAS, ;, ; ;;;Queda;Luz do Dia;Bom;Seca;Meio de Quadra;Não Há Controle;Longo da via;0;0;1;0;1;0;0;0;0;0;0;0;0;(-38.525734 -3.7331836);
365688;2020-12-07 16:49:00;RUA ALEMANHA, 530;, ; 530;;;Colisão;Luz do Dia;;;Meio de Quadra;;Longo da via;0;2;0;0;0;0;0;0;0;0;0;0;0;(-38.55697 -3.78329);
365689;2020-12-07 16:35:00;AVENIDA MIGUEL DIAS, 1411;, ; 1411;;;Queda;Luz do Dia;;;Meio de Quadra;;Longo da via;0;1;0;1;0;0;0;0;0;0;0;0;0;(-38.487103 -3.769025);
365690;2020-12-07 16:10:00;RUA MARIA JULIA, ;RUA MARTINS CARVALHO, ; ;;;Colisão;Luz do Dia;;;Cruz;Pare;Cruzamento;0;2;0;0;0;0;0;0;0;0;0;0;0;(-38.600949 -3.796333);
365692;2020-12-07 15:42:00;AVENIDA JOR THOMAZ COELHO, 2310;, ; 2310;;;Queda;Luz do Dia;;;Meio de Quadra;;Longo da via;0;1;0;1;0;0;0;0;0;0;0;0;0;(-38.5156312 -3.82799894);
365691;2020-12-07 15:40:00;AVENIDA ABOLICAO, 986;, ; 986;;;Atropelamento;Luz do Dia;;;Meio de Quadra;;Longo da via;0;1;1;0;0;0;0;1;0;0;0;0;0;(-38.50165 -3.72543);
365693;2020-12-07 15:36:00;RUA PDE PEDRO DE ALENCAR, ;, ; ;;;Colisão;Luz do Dia;;;Meio de Quadra;;Longo da via;0;1;1;1;0;0;1;0;0;0;0;0;0;(0 0);
365694;2020-12-07 15:25:00;RUA CEL VIRGILIO NOGUEIRA (BOM JARDIM), ;RUA OSCAR FRANCA, ; ;;;Colisão;Luz do Dia;;;Cruz;Semáforo;Cruzamento;0;1;1;2;0;0;0;0;0;0;0;0;0;(-38.608757 -3.788948);
365695;2020-12-07 15:12:00;AVENIDA DA UNIVERSIDADE, ;, ; ;;;Queda;Luz do Dia;;;Meio de Quadra;;Longo da via;0;1;0;1;0;0;0;0;0;0;0;0;0;(0 0);
365808;2020-12-07 14:44:00;RUA DR JOSE LOURENCO, 2936;, ; 2936;;;Queda;Luz do Dia;;;Meio de Quadra;;Longo da via;0;1;0;1;0;0;0;0;0;0;0;0;0;(-38.512478 -3.7492878);
365809;2020-12-07 14:34:00;RUA AMAZONAS, 600;, ; 600;;;Queda;Luz do Dia;;;Meio de Quadra;;Longo da via;0;1;0;1;0;0;0;0;0;0;0;0;0;(-38.562396 -3.754493);
364864;2020-12-07 14:10:00;RUA CEL FABRICIANO, 1791;, ; 1791;;;Colisão;Luz do Dia;;;Meio de Quadra;;Longo da via;0;2;0;0;1;0;1;0;0;0;0;0;0;(-38.607964 -3.78271569);
364031;2020-12-07 13:48:00;AVENIDA IMPERADOR, 1295;, ; 1295;;;Colisão Traseira;Luz do Dia;Bom;Seca;Meio de Quadra;Não Há Controle;Longo da via;0;1;1;1;1;0;0;0;0;0;0;0;0;(-38.535954 -3.7324765);
365812;2020-12-07 13:41:00;RUA PRO HERIBALDO COSTA, 1680;, ; 1680;;;Colisão;Luz do Dia;;;Meio de Quadra;;Longo da via;0;2;0;0;0;0;0;0;0;0;0;0;0;(-38.5871816 -3.76629995);
364616;2020-12-07 13:30:00;RD CE-040, ;, ; ;;;Colisão;Luz do Dia;;;Meio de Quadra;;Longo da via;0;4;0;0;2;0;0;0;0;0;0;0;0;(-38.4810839 -3.782614325);
365811;2020-12-07 13:26:00;RUA EDUARDO GARCIA, 659;, ; 659;;;Queda;Luz do Dia;;;Meio de Quadra;;Longo da via;0;1;0;1;0;0;0;0;0;0;0;0;0;(-38.493139 -3.740103);
365810;2020-12-07 12:52:00;RUA ALINE VIEIRA COLARES, ;RUA XXIX CIDADE OESTE, ; ;;;Colisão;Luz do Dia;;;;;Cruzamento;0;1;1;1;1;0;0;0;0;0;0;0;0;(-38.59437 -3.7333);
364615;2020-12-07 12:35:00;RD CE-040, ;, ; ;;;Colisão;Luz do Dia;;;Meio de Quadra;;Longo da via;0;0;2;0;1;0;0;0;0;0;0;0;0;(-38.48153832 -3.825515822);
364860;2020-12-07 12:22:00;RUA BERNARDO MANUEL, 9981;, ; 9981;;;Colisão;Luz do Dia;;;Meio de Quadra;;Longo da via;0;2;0;0;2;0;0;0;0;0;0;0;0;(-38.55344 -3.805915);
365821;2020-12-07 11:06:00;AVENIDA AUGUSTO DOS ANJOS, ;RUA OLIVEIRA SOBRINHO, ; ;;;Colisão;Luz do Dia;;;Duplo T;Pare;Cruzamento;0;1;1;1;1;0;0;0;0;0;0;0;0;(-38.5824504 -3.7839223);
365820;2020-12-07 10:42:00;RUA TULIPA NEGRA, 2058;, ; 2058;;;Colisão;Luz do Dia;;;Meio de Quadra;;Longo da via;0;2;1;1;1;0;0;0;0;0;0;0;0;(-38.598248 -3.81901);
365819;2020-12-07 10:36:00;TRAVESSA BOA VISTA, 47;, ; 47;;;Queda;Luz do Dia;;;Meio de Quadra;;Longo da via;0;1;0;1;0;0;0;0;0;0;0;0;0;(-38.56206 -3.8041);
365818;2020-12-07 09:56:00;RUA DIOGO CORREIA, 55;, ; 55;;;Queda;Luz do Dia;;;Meio de Quadra;;Longo da via;0;1;0;1;0;0;0;0;0;0;0;0;0;(-38.588518 -3.774216);
365817;2020-12-07 07:37:00;RUA LUIS VIEIRA, 944;, ; 944;;;Colisão;Luz do Dia;;;Meio de Quadra;;Longo da via;0;1;1;1;1;0;0;0;0;0;0;0;0;(-38.588647 -3.790802);
365816;2020-12-07 07:34:00;RUA OLEGARIO MARIANO, ;AVENIDA TEN LISBOA, ; ;;;Colisão;Luz do Dia;;;T;Não Há Controle;Cruzamento;0;2;1;1;1;0;0;0;0;0;0;0;0;(-38.546967 -3.7627623);
365815;2020-12-07 07:29:00;AVENIDA VIS RIO BRANCO, ;, ; ;;;Colisão;Luz do Dia;;;Meio de Quadra;;Longo da via;0;1;1;1;1;0;0;0;0;0;0;0;0;(0 0);
365814;2020-12-07 07:25:00;RUA BENTO GONCALVES, 700;, ; 700;;;Colisão;Luz do Dia;;;Meio de Quadra;;Longo da via;0;1;1;1;1;0;0;0;0;0;0;0;0;(0 0);
364041;2020-12-07 07:03:00;RUA POMPILIO GOMES, 1577;, ; 1577;;;Colisão Transversal;Luz do Dia;Bom;Seca;Meio de Quadra;Pare;Longo da via;0;1;1;1;1;0;0;0;0;0;0;0;0;(-38.521150636 -3.825591121);
365813;2020-12-07 06:59:00;AVENIDA SGT HERMINIO SAMPAIO, 2656;, ; 2656;;;Queda;Luz do Dia;;;Meio de Quadra;;Longo da via;0;1;0;1;0;0;0;0;0;0;0;0;0;(-38.56388 -3.7268689);
364029;2020-12-07 06:52:00;RUA GERMANO FRANCK, 395;, ; 395;;;Colisão Traseira;Luz do Dia;Bom;Seca;Meio de Quadra;Semáforo;Longo da via;0;1;1;1;1;0;0;0;0;0;0;0;0;(-38.560581 -3.776027);
364030;2020-12-07 05:59:00;AVENIDA GAL OSORIO DE PAIVA, ;RUA DOM HENRIQUE, ; ;;;Colisão Transversal;Amanhecer;Bom;Seca;Cruz;Semáforo;Cruzamento;0;2;1;1;0;0;0;1;0;0;0;0;0;(-38.583025 -3.7861);
364040;2020-12-07 05:50:00;TRAVESSA WALDIR DIOGO, ;RUA WALDIR DIOGO, ; ;;;Não informado;Amanhecer;Bom;Seca;Cruz;Pare;Cruzamento;0;1;0;0;2;0;0;0;0;0;0;0;0;(-38.583096 -3.805728);
364119;2020-12-07 02:40:00;AVENIDA PERIMETRAL, 1630;, ; 1630;;;Choque c/ Obstáculo Fixo;;;;;;Longo da via;1;0;0;0;1;0;0;0;0;0;0;0;0;(-38.508998 -3.829913);
365822;2020-12-07 02:38:00;AVENIDA FRANCISCO SA, 3572;, ; 3572;;;Queda;;;;Meio de Quadra;;Longo da via;0;1;0;1;0;0;0;0;0;0;0;0;0;(-38.556428 -3.717711);
365823;2020-12-07 01:19:00;RUA DIOGO CORREIA, 487;, ; 487;;;Colisão;;;;Meio de Quadra;;Longo da via;0;2;0;0;0;0;0;0;0;0;0;0;0;(-38.5904584 -3.77023543);
363694;2020-12-07 00:10:00;AVENIDA JOSE BASTOS, ;RUA DIAMANTINA, ; ;;;Colisão Traseira;;Bom;Seca;T;Semáforo;Cruzamento;0;2;1;2;0;0;0;0;0;0;0;0;0;(-38.567402 -3.764978);
365824;2020-12-06 23:40:00;RUA ANTONIO MARTINS, ;RUA FRE MARCELINO, ; ;;;Colisão;;;;Cruz;Pare;Cruzamento;0;2;0;2;0;0;0;0;0;0;0;0;0;(-38.558114 -3.750028);
365825;2020-12-06 20:29:00;RUA BERNARDO MANUEL, 8920;, ; 8920;;;Colisão;;;;Meio de Quadra;;Longo da via;0;1;1;1;1;0;0;0;0;0;0;0;0;(-38.551113 -3.7972224);
365826;2020-12-06 20:17:00;RUA CARLOS GONDIM, 191;, ; 191;;;Colisão;;;;Meio de Quadra;;Longo da via;0;1;1;1;1;0;0;0;0;0;0;0;0;(-38.5904 -3.72105);
365827;2020-12-06 20:04:00;RUA CEL FABRICIANO, ;RUA AIRES DA CUNHA, ; ;;;Queda;;;;;;Cruzamento;0;1;0;1;0;0;0;0;0;0;0;0;0;(-38.60603 -3.78327);
364519;2020-12-06 18:30:00;AVENIDA SEN CARLOS JEREISSATI (AEROPORTO), ;, ; ;;;Colisão;Anoitecer;;;Meio de Quadra;;Longo da via;0;0;2;0;2;0;0;0;0;0;0;0;0;(0 0);
365828;2020-12-06 18:26:00;RUA TEODOMIRO DE CASTRO, 3945;, ; 3945;;;Queda;Anoitecer;;;Meio de Quadra;;Longo da via;0;1;0;1;0;0;0;0;0;0;0;0;0;(-38.56892315 -3.7204927);
365829;2020-12-06 18:23:00;AVENIDA JOSE BASTOS, 3194;, ; 3194;;;Queda;Anoitecer;;;Meio de Quadra;;Longo da via;0;2;0;1;0;0;0;0;0;0;0;0;0;(-38.548183 -3.7477877);
365830;2020-12-06 18:17:00;RUA HOLANDA, 1690;, ; 1690;;;Colisão;Anoitecer;;;Meio de Quadra;;Longo da via;0;1;1;0;1;0;0;0;0;1;0;0;0;(-38.559869 -3.802873);
365831;2020-12-06 18:06:00;RUA ARARIPE MACEDO, 121;, ; 121;;;Atropelamento;Anoitecer;;;Meio de Quadra;;Longo da via;0;1;1;0;1;0;0;0;0;0;0;0;0;(-38.5758107 -3.77318491);
365849;2020-12-06 16:46:00;RD BR 116, 7200;, ; 7200;;;Queda;Luz do Dia;;;Meio de Quadra;;Longo da via;0;1;0;1;0;0;0;0;0;0;0;0;0;(-38.5115614 -3.786276359);
365850;2020-12-06 16:33:00;RUA TAVARES COUTINHO, 1879;, ; 1879;;;Colisão;Luz do Dia;;;Meio de Quadra;;Longo da via;0;1;1;1;1;0;0;0;0;0;0;0;0;(-38.4858803 -3.73255467);
365851;2020-12-06 16:26:00;RUA MARIA GOMES DE SA, 2150;, ; 2150;;;Queda;Luz do Dia;;;Meio de Quadra;;Longo da via;0;1;0;1;0;0;0;0;0;0;0;0;0;(-38.585518 -3.8212419);
365852;2020-12-06 16:24:00;RUA GUSTAVO BARROSO, 507;, ; 507;;;Queda;Luz do Dia;;;Meio de Quadra;;Longo da via;0;1;0;0;0;0;0;0;0;1;0;0;0;(-38.59659 -3.78696);
365854;2020-12-06 16:22:00;RUA ANA BILHAR, ;RUA MANUEL JESUINO, ; ;;;Colisão;Luz do Dia;;;Cruz;Pare;Cruzamento;0;1;0;1;1;0;0;0;0;0;0;0;0;(-38.485014 -3.731424);
364028;2020-12-06 16:05:00;RUA RUI MONTE, 555;, ; 555;;;Colisão Frontal;Luz do Dia;Bom;Seca;Meio de Quadra;Não Há Controle;Longo da via;0;1;2;0;2;0;0;0;0;0;0;0;0;(-38.5872066 -3.74376833);
365860;2020-12-06 12:49:00;RUA FERREIRA DOS SANTOS, 52;, ; 52;;;Colisão;Luz do Dia;;;Meio de Quadra;;Longo da via;0;1;1;1;1;0;0;0;0;0;0;0;0;(-38.56662 -3.71819);
364858;2020-12-06 12:25:00;RUA BERNARDO MANUEL, ;RUA INACIO PARENTE, ; ;;;Colisão;Luz do Dia;;;Cruz;Não Há Controle;Cruzamento;0;2;0;1;1;0;0;0;0;0;0;0;0;(-38.546074 -3.781268);
365910;2020-12-06 12:04:00;RUA ALMEIDA PRADO, ;RUA VILEBALDO AGUIAR, ; ;;;Colisão;Luz do Dia;;;Cruz;Pare;Cruzamento;0;1;1;1;1;0;0;0;0;0;0;0;0;(-38.475413 -3.744545);
364027;2020-12-06 11:20:00;AVENIDA DUQ CAXIAS, ;RUA SEN POMPEU, ; ;;;Colisão Transversal;Luz do Dia;Bom;Seca;Cruz;Semáforo;Cruzamento;0;1;2;0;3;0;0;0;0;0;0;0;0;(-38.530994 -3.73143);
365909;2020-12-06 11:03:00;RUA BERNARDO MANUEL, 7240;, ; 7240;;;Colisão;Luz do Dia;;;Meio de Quadra;;Longo da via;0;1;1;1;1;0;0;0;0;0;0;0;0;(-38.5462347 -3.78179219);
365908;2020-12-06 10:25:00;RUA PRO HERIBALDO COSTA, 766;, ; 766;;;Queda;Luz do Dia;;;Meio de Quadra;;Longo da via;0;1;0;1;0;0;0;0;0;0;0;0;0;(-38.58377 -3.75962);
365911;2020-12-06 09:49:00;AVENIDA BORGES DE MELO, ;, ; ;;;Queda;Luz do Dia;;;Meio de Quadra;;Longo da via;0;1;0;1;0;0;0;0;0;0;0;0;0;(0 0);
364026;2020-12-06 09:45:00;AVENIDA PRS CASTELO BRANCO, ;, ; ;;;Colisão Transversal;Luz do Dia;Bom;Seca;Meio de Quadra;Pare;Longo da via;0;1;1;1;0;0;0;0;0;1;0;0;0;(0 0);
364025;2020-12-06 06:58:00;AVENIDA GAL OSORIO DE PAIVA, ;, ; ;;;Choque c/ Obstáculo Fixo;Luz do Dia;Bom;Seca;Meio de Quadra;Não Há Controle;Longo da via;0;1;0;0;1;0;0;0;0;0;0;0;0;(-38.59222 -3.794599);
364518;2020-12-06 04:40:00;AVENIDA SEN CARLOS JEREISSATI (AEROPORTO), ;, ; ;;;Choque c/ Obstáculo Fixo;;;;Meio de Quadra;;Longo da via;0;0;1;0;1;0;0;0;0;0;0;0;0;(0 0);
365912;2020-12-06 04:36:00;AVENIDA MR HULL, 5956;, ; 5956;;;Queda;;;;Meio de Quadra;;Longo da via;0;1;0;1;0;0;0;0;0;0;0;0;0;(-38.59824 -3.740631);
364859;2020-12-06 03:30:00;RD DR MENDEL STEINBRUCH, 7035;, ; 7035;;;Colisão;;;;Meio de Quadra;;Longo da via;0;3;0;1;2;0;0;0;0;0;0;0;0;(-38.583948 -3.840118);
365913;2020-12-06 02:47:00;AVENIDA GAL OSORIO DE PAIVA, 2982;, ; 2982;;;Queda;;;;Meio de Quadra;;Longo da via;0;1;0;1;0;0;0;0;0;0;0;0;0;(-38.587028 -3.789256);
364517;2020-12-06 01:50:00;RD CE-065, ;, ; ;;;Colisão;;;;Meio de Quadra;;Longo da via;0;1;1;1;1;0;0;0;0;0;0;0;0;(-38.607411 -3.810107);
365914;2020-12-06 01:44:00;AVENIDA JOR THOMAZ COELHO, 209;, ; 209;;;Queda;;;;Meio de Quadra;;Longo da via;0;1;0;1;0;0;0;0;0;0;0;0;0;(-38.5026 -3.83162);
365915;2020-12-05 23:56:00;RUA PRO CABRAL, ;AVENIDA CONTORNO SUL D71, ; ;;;Queda;;;;;;Cruzamento;0;1;0;1;0;0;0;0;0;0;0;0;0;(-38.59234 -3.81492);
363665;2020-12-05 23:35:00;RUA LUIS GIRAO, ;RUA WALDEMAR ALCANTARA, ; ;;;Colisão Transversal;Via Iluminada;Bom;;Cruz;Pare;Cruzamento;0;1;1;1;1;0;0;0;0;0;0;0;0;(-38.482367 -3.798863);
365917;2020-12-05 22:25:00;RUA FRANKLIN TAVORA, 514;, ; 514;;;Atropelamento;;;;Meio de Quadra;;Longo da via;0;1;1;1;0;0;0;0;0;0;0;0;0;(-38.519746 -3.73052809);
365916;2020-12-05 21:46:00;RUA SAO JOAO D20, 945;, ; 945;;;Colisão;;;;Meio de Quadra;;Longo da via;0;1;1;2;0;0;0;0;0;0;0;0;0;(-38.596463 -3.77104);
363651;2020-12-05 21:30:00;AVENIDA OLIVEIRA PAIVA, 7700;, ; 7700;;;Colisão Traseira;;Bom;Seca;Meio de Quadra;;Longo da via;0;2;0;1;1;0;0;0;0;0;0;0;0;(0 0);