COD_ACIDENTE;DATA;LOG1;LOG2;NUMERO;BAIRRO;AMC;NATUREZA;ILUMINACAO;TEMPO;SUPERFICIEPISTA;TIPOCRUZAMENTO;CONTROLETRAFEGO;USOSOLO;MORTOS;FERIDOS;ILESOS;MOTOCICLETA;AUTOMOVEL;MICROONIBUS;CAMINHAO;ONIBUS;CICLOMOTOR;BICICLETA;OUTROS;TREM;TRACAOANIMAL;COORDENADAS
365918;2020-12-05 21:28:00;RUA CARLOS JUACABA, 1522;, ; 1522;;;Queda;;;;Meio de Quadra;;Longo da via;0;1;0;0;0;0;0;0;0;1;0;0;0;(-38.56341 -3.79511);
365920;2020-12-05 20:41:00;AVENIDA HEROIS DO ACRE, ;RUA ITAREMA, ; ;;;Colisão;;;;Duplo T;Pare;Cruzamento;0;1;1;1;1;0;0;0;0;0;0;0;0;(-38.534848 -3.803181);
365921;2020-12-05 20:41:00;AVENIDA GAL OSORIO DE PAIVA, 7674;, ; 7674;;;Colisão;;;;Meio de Quadra;;Longo da via;0;2;0;0;0;0;0;0;0;0;0;0;0;(-38.6161086 -3.819235);
364053;2020-12-05 20:30:00;AVENIDA PONTES VIEIRA, 247;, ; 247;;;Queda;Via Iluminada;Bom;Seca;Meio de Quadra;Não Há Controle;Longo da via;0;1;0;1;0;0;0;0;0;0;0;0;0;(-38.518209 -3.753282);
365130;2020-12-05 20:30:00;RD BR 116, 11400;, ; 11400;;;Colisão Traseira;;;;Meio de Quadra;;Longo da via;0;0;2;0;2;0;0;0;0;0;0;0;0;(-38.497176 -3.84716);
365922;2020-12-05 20:01:00;RUA RENATO BRAGA, ;AVENIDA DIOGUINHO, ; ;;;Queda;;;;Cruz;Semáforo;Cruzamento;0;1;0;1;0;0;0;0;0;0;0;0;0;(-38.458889 -3.731428);
364024;2020-12-05 20:00:00;AVENIDA ENG HUMBERTO MONTE, ;, ; ;;;Engavetamento;Via Iluminada;Bom;Seca;Meio de Quadra;Não Há Controle;Longo da via;0;0;3;0;3;0;0;0;0;0;0;0;0;(-38.569202 -3.7376);
365983;2020-12-05 19:56:00;RUA GEORGE SOSA, 314;, ; 314;;;Colisão;;;;Meio de Quadra;;Longo da via;0;2;0;1;1;0;0;0;0;0;0;0;0;(-38.46442 -3.8313);
365982;2020-12-05 19:50:00;TRAVESSA DEUZIMAR, ;RUA NOSSA SRA DAS GRACAS, ; ;;;Queda;;;;;;Cruzamento;0;1;0;0;0;0;0;0;0;1;0;0;0;(-38.548576 -3.711981);
365919;2020-12-05 19:46:00;AVENIDA AGUANAMBI, ;RUA ANTONIO POMPEU, ; ;;;Colisão;;;;;;Cruzamento;0;1;1;2;0;0;0;0;0;0;0;0;0;(-38.524082 -3.7368202);
365981;2020-12-05 19:32:00;RUA CACILDA BECKER, 531;, ; 531;;;Colisão;;;;Meio de Quadra;;Longo da via;0;1;1;1;1;0;0;0;0;0;0;0;0;(-38.589464 -3.770715);
365980;2020-12-05 19:27:00;AVENIDA DEP PAULINO ROCHA, 1001;, ; 1001;;;Atropelamento;;;;Meio de Quadra;;Longo da via;0;1;1;0;1;0;0;0;0;0;0;0;0;(-38.5084 -3.80762);
365979;2020-12-05 19:26:00;AVENIDA ENG ALBERTO SA, ;AVENIDA ENG SANTANA JUNIOR, ; ;;;Colisão;;;;Cruz;Semáforo;Cruzamento;0;1;1;1;1;0;0;0;0;0;0;0;0;(-38.480743 -3.733567);
364023;2020-12-05 19:26:00;AVENIDA PRS COSTA E SILVA, 5446;, ; 5446;;;Atropelamento;Via Iluminada;Bom;Seca;Meio de Quadra;Não Há Controle;Longo da via;0;1;1;0;1;0;0;0;0;0;0;0;0;(-38.5318815 -3.82830149);
365984;2020-12-05 19:18:00;AVENIDA PDE ANTONIO TOMAS, 585;, ; 585;;;Colisão;;;;Meio de Quadra;;Longo da via;0;1;1;1;1;0;0;0;0;0;0;0;0;(-38.498619 -3.740495);
365129;2020-12-05 19:15:00;RD BR 116, 2000;, ; 2000;;;Atropelamento;;;;Meio de Quadra;;Longo da via;0;1;1;0;1;0;0;0;0;0;0;0;0;(-38.51678 -3.771391);
365985;2020-12-05 19:03:00;RUA MARIA JULIA, 152;, ; 152;;;Atropelamento;;;;Meio de Quadra;;Longo da via;0;1;1;1;0;0;0;0;0;0;0;0;0;(-38.5982982 -3.78720936);
366072;2020-12-05 18:51:00;RUA GAL RABELO, 152;, ; 152;;;Atropelamento;;;;Meio de Quadra;;Longo da via;0;1;1;1;0;0;0;0;0;0;0;0;0;(-38.604651 -3.804636);
365986;2020-12-05 18:23:00;AVENIDA SEN FERNANDES TAVORA, ;RUA PRO VIRGILIO DE MORAIS, ; ;;;Colisão;Anoitecer;;;Cruz;Semáforo;Cruzamento;0;1;1;1;1;0;0;0;0;0;0;0;0;(-38.59735 -3.7552326);
366070;2020-12-05 18:19:00;AVENIDA PERIMETRAL, ;, ; ;;;Colisão;Anoitecer;;;Meio de Quadra;;Longo da via;0;1;1;0;0;0;0;0;0;0;0;0;0;(0 0);
365987;2020-12-05 18:15:00;RUA JOAO REGINO, 190;, ; 190;;;Colisão;Anoitecer;;;Meio de Quadra;;Longo da via;0;2;1;1;1;0;0;0;0;0;0;0;0;(-38.4830443 -3.789235);
366069;2020-12-05 17:43:00;RUA PDE RODOLFO, 271;, ; 271;;;Colisão;Anoitecer;;;Meio de Quadra;;Longo da via;0;1;1;2;0;0;0;0;0;0;0;0;0;(-38.5826858 -3.80698547);
364516;2020-12-05 17:35:00;RD CE-040, 327;, ; 327;;;Colisão;Anoitecer;;;Meio de Quadra;;Longo da via;0;1;1;1;1;0;0;0;0;0;0;0;0;(-38.48303286 -3.817159445);
366068;2020-12-05 17:28:00;LOGRADOURO SEM NOME, ;, ; ;;;Atropelamento;Anoitecer;;;Meio de Quadra;;Longo da via;0;1;1;1;0;0;0;0;0;0;0;0;0;(0 0);
366067;2020-12-05 17:03:00;AVENIDA G CJ CEARA, 705;, ; 705;;;Colisão;Anoitecer;;;Meio de Quadra;;Longo da via;0;2;0;0;0;0;0;0;0;0;0;0;0;(-38.609976 -3.774554);
366066;2020-12-05 16:00:00;AVENIDA AREIA BRANCA, 490;, ; 490;;;Colisão;Luz do Dia;;;Meio de Quadra;;Longo da via;0;1;1;1;1;0;0;0;0;0;0;0;0;(-38.475675 -3.727646);
366065;2020-12-05 15:59:00;RUA VERBENA, 1019;, ; 1019;;;Queda;Luz do Dia;;;Meio de Quadra;;Longo da via;0;1;0;0;0;0;0;0;0;1;0;0;0;(0 0);
366063;2020-12-05 15:56:00;RUA DO HORIZONTE, ;RUA DA CIOBA, ; ;;;Atropelamento de Animal;Luz do Dia;;;;;Cruzamento;0;1;0;1;0;0;0;0;0;0;0;0;0;(-38.47358 -3.72958);
364022;2020-12-05 15:39:00;AVENIDA AGUANAMBI, 1686;, ; 1686;;;Engavetamento;Luz do Dia;Bom;Seca;Meio de Quadra;Semáforo;Longo da via;0;0;5;0;5;0;0;0;0;0;0;0;0;(-38.52349 -3.751403);
366062;2020-12-05 15:20:00;RUA FRANCISCO COSTA, 36;, ; 36;;;Queda;Luz do Dia;;;Meio de Quadra;;Longo da via;0;1;0;1;0;0;0;0;0;0;0;0;0;(-38.5166355 -3.84071862);
366061;2020-12-05 15:13:00;RUA GURGEL DO AMARAL, 1522;, ; 1522;;;Colisão;Luz do Dia;;;Meio de Quadra;;Longo da via;0;1;1;1;1;0;0;0;0;0;0;0;0;(-38.48124 -3.83823);
364034;2020-12-05 14:47:00;AVENIDA SGT HERMINIO SAMPAIO, 1511;, ; 1511;;;Colisão Lateral;Luz do Dia;Bom;Seca;Meio de Quadra;Não Há Controle;Longo da via;0;1;1;1;1;0;0;0;0;0;0;0;0;(-38.55406895 -3.725194459);
364020;2020-12-05 14:43:00;AVENIDA AGUANAMBI, 1827;, ; 1827;;;Colisão Traseira;Luz do Dia;Bom;Seca;Meio de Quadra;Não Há Controle;Longo da via;0;1;1;0;2;0;0;0;0;0;0;0;0;(-38.52342451 -3.753216338);
364515;2020-12-05 14:40:00;RD CE-040, ;, ; ;;;Choque c/ Obstáculo Fixo;Luz do Dia;;;Meio de Quadra;;Longo da via;0;0;1;0;1;0;0;0;0;0;0;0;0;(-38.48033084 -3.791613156);
364019;2020-12-05 13:50:00;AVENIDA BERNARDO MANUEL, ;AVENIDA BENJAMIM BRASIL, ; ;;;Colisão Traseira;Luz do Dia;Bom;Seca;Cruz;Semáforo;Cruzamento;0;0;2;0;2;0;0;0;0;0;0;0;0;(-38.56261 -3.83539);
366060;2020-12-05 13:37:00;RUA CEARA, ;RUA STA CATARINA (BELA VISTA / PAN AMERICANO), ; ;;;Colisão;Luz do Dia;;;Cruz;Pare;Cruzamento;0;1;1;1;1;0;0;0;0;0;0;0;0;(-38.567775 -3.757641);
366059;2020-12-05 13:34:00;AVENIDA CASTELO DE CASTRO, 1552;, ; 1552;;;Atropelamento;Luz do Dia;;;Meio de Quadra;;Longo da via;0;2;0;1;0;0;0;0;0;0;0;0;0;(-38.52155599 -3.843355353);
366058;2020-12-05 13:04:00;AVENIDA PRS COSTA E SILVA, ;, ; ;;;Capotamento;Luz do Dia;;;Meio de Quadra;;Longo da via;0;2;0;0;1;0;0;0;0;0;0;0;0;(0 0);
364021;2020-12-05 12:57:00;RUA GERMANO FRANCK, 730;, ; 730;;;Colisão Transversal;Luz do Dia;Bom;Seca;Meio de Quadra;Não Há Controle;Longo da via;0;1;1;1;1;0;0;0;0;0;0;0;0;(-38.562273 -3.7774775);
366056;2020-12-05 12:53:00;AVENIDA ENG LEAL LIMA VERDE (SAPIRANGA/COITE), ;, ; ;;;Colisão;Luz do Dia;;;Meio de Quadra;;Longo da via;0;1;1;1;1;0;0;0;0;0;0;0;0;(0 0);
366055;2020-12-05 12:35:00;RUA JOAQUIM LEITAO, 921;, ; 921;;;Colisão;Luz do Dia;;;Meio de Quadra;;Longo da via;0;1;1;1;1;0;0;0;0;0;0;0;0;(-38.591794 -3.746381);
366054;2020-12-05 12:21:00;RUA ANA BATISTA, 553;, ; 553;;;Queda;Luz do Dia;;;Meio de Quadra;;Longo da via;0;1;0;1;0;0;0;0;0;0;0;0;0;(-38.58467 -3.72263);
366053;2020-12-05 12:19:00;RUA BOLEVAR, 317;, ; 317;;;Atropelamento;Luz do Dia;;;Meio de Quadra;;Longo da via;0;1;1;0;1;0;0;0;0;0;0;0;0;(-38.5546 -3.81424);
366052;2020-12-05 12:08:00;AVENIDA JOAO DE ARAUJO LIMA, 1580;, ; 1580;;;Colisão;Luz do Dia;;;Meio de Quadra;;Longo da via;0;1;1;1;1;0;0;0;0;0;0;0;0;(-38.56131 -3.83556);
363612;2020-12-05 10:40:00;RUA CRISANTO ARRUDA, ;RUA MARIA AMALIA, ; ;;;Colisão Transversal;Luz do Dia;Bom;Seca;Cruz;Pare;Cruzamento;0;1;1;1;1;0;0;0;0;0;0;0;0;(-38.52303 -3.812041);
366051;2020-12-05 10:30:00;RUA DAS PEDRINHAS, 422;, ; 422;;;Atropelamento;Luz do Dia;;;Meio de Quadra;;Longo da via;0;1;1;0;1;0;0;0;0;0;0;0;0;(-38.6003636 -3.7631346);
366050;2020-12-05 10:29:00;RUA BAR SOBRAL, 1369;, ; 1369;;;Queda;Luz do Dia;;;Meio de Quadra;;Longo da via;0;2;0;1;0;0;0;0;0;0;0;0;0;(-38.5604658 -3.76338776);
366049;2020-12-05 10:19:00;RUA SEN POMPEU, 2179;, ; 2179;;;Colisão;Luz do Dia;;;Meio de Quadra;;Longo da via;0;1;1;2;0;0;0;0;0;0;0;0;0;(-38.53271 -3.73782);
366048;2020-12-05 10:12:00;AVENIDA PRS COSTA E SILVA, 2252;, ; 2252;;;Colisão;Luz do Dia;;;Meio de Quadra;;Longo da via;0;2;0;0;0;0;0;0;0;0;0;0;0;(-38.5614876 -3.81961526);
366047;2020-12-05 09:59:00;AVENIDA PASTEUR, 908;, ; 908;;;Colisão;Luz do Dia;;;Meio de Quadra;;Longo da via;0;1;1;1;1;0;0;0;0;0;0;0;0;(-38.559742 -3.713905);
366046;2020-12-05 09:22:00;RUA CARLOS STUDART, ;RUA FRANCISCO GLICERIO, ; ;;;Colisão;Luz do Dia;;;Cruz;Pare;Cruzamento;0;2;0;0;0;0;0;0;0;0;0;0;0;(-38.56898 -3.7963068);
366045;2020-12-05 07:08:00;ESTRADA DO JATOBA, 2150;, ; 2150;;;Queda;Luz do Dia;;;Meio de Quadra;;Longo da via;0;1;0;1;0;0;0;0;0;0;0;0;0;(-38.62626 -3.79178);
364117;2020-12-05 04:55:00;RD CE-025, ;, ; ;;;Queda;;;;Meio de Quadra;;Longo da via;1;0;0;1;0;0;0;0;0;0;0;0;0;(-38.4700486 -3.807811443);
366044;2020-12-05 04:44:00;AVENIDA FRE CIRILO, 111;, ; 111;;;Queda;;;;Meio de Quadra;;Longo da via;0;1;0;1;0;0;0;0;0;0;0;0;0;(-38.50008 -3.81106);
366043;2020-12-05 00:44:00;AVENIDA GODOFREDO MACIEL, ;, ; ;;;Queda;;;;Meio de Quadra;;Longo da via;0;1;0;1;0;0;0;0;0;0;0;0;0;(0 0);
366042;2020-12-04 23:16:00;AVENIDA LUCIANO CARNEIRO, ;RUA ARMANDO MONTEIRO, ; ;;;Colisão;;;;Cruz;Pare;Cruzamento;0;1;1;1;1;0;0;0;0;0;0;0;0;(-38.536219 -3.763454);
366041;2020-12-04 22:50:00;AVENIDA VICENTE DE CASTRO, ;, ; ;;;Colisão;;;;Meio de Quadra;;Longo da via;0;2;0;0;0;0;0;0;0;0;0;0;0;(0 0);
366040;2020-12-04 22:42:00;RUA STA RITA, 363;, ; 363;;;Atropelamento;;;;Meio de Quadra;;Longo da via;0;1;1;1;0;0;0;0;0;0;0;0;0;(-38.58386 -3.69806);
366039;2020-12-04 22:36:00;AVENIDA PRS CASTELO BRANCO, 100;, ; 100;;;Atropelamento;;;;Meio de Quadra;;Longo da via;0;1;1;0;1;0;0;0;0;0;0;0;0;(-38.523117 -3.7227085);
366038;2020-12-04 21:40:00;RD CE-040, 10565;, ; 10565;;;Queda;;;;Meio de Quadra;;Longo da via;0;1;0;0;0;0;0;0;0;1;0;0;0;(-38.503373 -3.834435);
366037;2020-12-04 21:00:00;RUA FRANCISCO PAIVA, ;, ; ;;;Colisão;;;;Meio de Quadra;;Longo da via;0;2;0;0;0;0;0;0;0;0;0;0;0;(0 0);
364118;2020-12-04 20:00:00;RD BR 116, 5000;, ; 5000;;;Atropelamento;;;;Meio de Quadra;;Longo da via;1;1;0;0;1;0;0;0;0;0;0;0;0;(-38.506787 -3.796502);
365128;2020-12-04 19:50:00;RD BR 222, 400;, ; 400;;;Colisão Traseira;;;;Meio de Quadra;;Longo da via;0;2;1;1;1;0;0;0;0;0;0;0;0;(0 0);
366036;2020-12-04 18:31:00;RUA EMILIO DE MENESES, 528;, ; 528;;;Colisão;;;;Meio de Quadra;;Longo da via;0;2;0;0;0;0;0;0;0;0;0;0;0;(-38.5863133 -3.7820649);
364856;2020-12-04 18:30:00;RUA CON DE CASTRO, 1628;, ; 1628;;;Colisão;Anoitecer;;;Meio de Quadra;;Longo da via;0;3;0;0;3;0;0;0;0;0;0;0;0;(-38.5740895 -3.7857155);
366035;2020-12-04 18:19:00;RUA DIOGO CORREIA, 418;, ; 418;;;Atropelamento;Anoitecer;;;Meio de Quadra;;Longo da via;0;1;1;1;0;0;0;0;0;0;0;0;0;(-38.5902482 -3.77068267);
364018;2020-12-04 18:16:00;AVENIDA VIS RIO BRANCO, 3106;, ; 3106;;;Colisão Transversal;Via Iluminada;Bom;Seca;Meio de Quadra;Semáforo;Longo da via;0;2;0;1;1;0;0;0;0;0;0;0;0;(-38.52151 -3.74842);
366034;2020-12-04 17:59:00;AVENIDA PDE ANTONIO TOMAS, ;RUA BATISTA DE OLIVEIRA, ; ;;;Colisão;Anoitecer;;;Cruz;Semáforo;Cruzamento;0;2;1;1;1;0;0;0;0;0;0;0;0;(-38.481947 -3.745906);
366033;2020-12-04 17:20:00;AVENIDA ANTONIO JUSTA, ;RUA CASTRO MONTE, ; ;;;Colisão;Anoitecer;;;Cruz;Pare;Cruzamento;0;1;1;0;1;0;0;0;0;1;0;0;0;(-38.486149 -3.730583);
365127;2020-12-04 17:00:00;RD BR 116, 4000;, ; 4000;;;Tombamento;Anoitecer;;;Meio de Quadra;;Longo da via;0;2;0;1;0;0;0;0;0;0;0;0;0;(-38.503869 -3.802354);
366032;2020-12-04 16:45:00;RUA SAO PAULO, 1432;, ; 1432;;;Colisão;Luz do Dia;;;Meio de Quadra;;Longo da via;0;1;1;1;1;0;0;0;0;0;0;0;0;(-38.538855 -3.722289);
366031;2020-12-04 15:18:00;RUA MELQUIADES PINTO, 80;, ; 80;;;Atropelamento;Luz do Dia;;;Meio de Quadra;;Longo da via;0;1;1;0;1;0;0;0;0;0;0;0;0;(-38.5067821 -3.72961037);
364514;2020-12-04 15:00:00;RD CE-040, ;, ; ;;;Colisão;Luz do Dia;;;Meio de Quadra;;Longo da via;0;0;2;0;2;0;0;0;0;0;0;0;0;(-38.48088284 -3.84257666);
366030;2020-12-04 14:59:00;RUA CARLOS CHAGAS, 887;, ; 887;;;Colisão;Luz do Dia;;;Meio de Quadra;;Longo da via;0;1;1;1;1;0;0;0;0;0;0;0;0;(-38.5881157 -3.7793149);
366029;2020-12-04 14:40:00;RUA JERONIMO ALBUQUERQUE, ;RUA ESTEVAO DE CAMPOS, ; ;;;Colisão;Luz do Dia;;;Cruz;Pare;Cruzamento;0;1;1;1;1;0;0;0;0;0;0;0;0;(-38.576292 -3.706713);
366028;2020-12-04 14:13:00;AVENIDA PRS CASTELO BRANCO, 4028;, ; 4028;;;Colisão;Luz do Dia;;;Meio de Quadra;;Longo da via;0;2;0;2;0;0;0;0;0;0;0;0;0;(-38.568298 -3.7084405);
366027;2020-12-04 13:00:00;RUA ENG DIOGO VITAL CRUZ, 260;, ; 260;;;Queda;Luz do Dia;;;Meio de Quadra;;Longo da via;0;1;0;0;0;0;0;0;0;1;0;0;0;(-38.46567 -3.82853);
364017;2020-12-04 12:20:00;AVENIDA OLIVEIRA PAIVA, 1600;, ; 1600;;;Colisão Traseira;Luz do Dia;Bom;Seca;Meio de Quadra;;Longo da via;0;1;1;1;1;0;0;0;0;0;0;0;0;(-38.492028 -3.795739);
366026;2020-12-04 11:44:00;RUA PRO VIRGILIO DE MORAIS, 133;, ; 133;;;Colisão;Luz do Dia;;;Meio de Quadra;;Longo da via;0;1;1;1;1;0;0;0;0;0;0;0;0;(-38.596325 -3.749531);
366025;2020-12-04 11:39:00;AVENIDA JOVITA FEITOSA, 86;, ; 86;;;Colisão;Luz do Dia;;;Meio de Quadra;;Longo da via;0;1;1;1;1;0;0;0;0;0;0;0;0;(-38.54464 -3.73734);
366024;2020-12-04 11:31:00;AVENIDA DOMINGOS OLIMPIO, ;AVENIDA IMPERADOR, ; ;;;Colisão;Luz do Dia;;;Cruz;Semáforo;Cruzamento;0;1;1;1;1;0;0;0;0;0;0;0;0;(-38.536697 -3.73479);
366023;2020-12-04 10:40:00;ALAMEDA AMALIA MARIA, ;, ; ;;;Atropelamento;Luz do Dia;;;Meio de Quadra;;Longo da via;0;1;1;1;0;0;0;0;0;0;0;0;0;(0 0);
366022;2020-12-04 10:12:00;RUA TERNURA (PALMEIRAS), 1680;, ; 1680;;;Queda;Luz do Dia;;;Meio de Quadra;;Longo da via;0;1;0;1;0;0;0;0;0;0;0;0;0;(-38.52856 -3.8479);
365126;2020-12-04 09:22:00;RD BR 116, 3000;, ; 3000;;;Queda;Luz do Dia;;;Meio de Quadra;;Longo da via;0;2;0;1;0;0;0;0;0;0;0;0;0;(-38.514372 -3.779838);
364016;2020-12-04 09:00:00;RUA JOAQUIM LIMA, 900;, ; 900;;;Não informado;Luz do Dia;Bom;Seca;Meio de Quadra;Não Há Controle;Longo da via;0;0;2;0;2;0;0;0;0;0;0;0;0;(-38.479209 -3.741498);
366021;2020-12-04 08:50:00;RUA CIDADE ECOLOGICA, 55;, ; 55;;;Colisão;Luz do Dia;;;Meio de Quadra;;Longo da via;0;1;1;1;1;0;0;0;0;0;0;0;0;(-38.47122 -3.77208);
366020;2020-12-04 08:45:00;RUA MAJ PEDRO SAMPAIO, ;RUA CAPISTRANO, ; ;;;Queda;Luz do Dia;;;Cruz;Pare;Cruzamento;0;1;0;1;0;0;0;0;0;0;0;0;0;(-38.546283 -3.738332);
365125;2020-12-04 08:30:00;RD BR 116, 4000;, ; 4000;;;Colisão Traseira;Luz do Dia;;;Meio de Quadra;;Longo da via;0;2;1;1;1;0;0;0;0;0;0;0;0;(-38.503869 -3.802354);
366019;2020-12-04 08:16:00;AVENIDA SGT HERMINIO SAMPAIO, 1060;, ; 1060;;;Queda;Luz do Dia;;;Meio de Quadra;;Longo da via;0;1;0;1;0;0;0;0;0;0;0;0;0;(-38.55016467 -3.724616667);
364513;2020-12-04 08:00:00;RD CE-040, ;, ; ;;;Colisão;Luz do Dia;;;Meio de Quadra;;Longo da via;0;0;2;0;2;0;0;0;0;0;0;0;0;(-38.4810839 -3.782614325);
364060;2020-12-04 07:50:00;AVENIDA ENG SANTANA JUNIOR, ;AVENIDA ANTONIO SALES, ; ;;;Não informado;Luz do Dia;Bom;Seca;Outros;Não Há Controle;Cruzamento;0;0;2;0;2;0;0;0;0;0;0;0;0;(-38.490039 -3.749257);
366018;2020-12-04 05:24:00;AVENIDA DEP PAULINO ROCHA, ;, ; ;;;Colisão;Amanhecer;;;Meio de Quadra;;Longo da via;0;2;0;0;0;0;0;0;0;0;0;0;0;(0 0);
366017;2020-12-04 05:18:00;RUA ANSELMO NOGUEIRA, 2788;, ; 2788;;;Queda;Amanhecer;;;Meio de Quadra;;Longo da via;0;1;0;1;0;0;0;0;0;0;0;0;0;(0 0);
366016;2020-12-04 05:06:00;RUA HOLANDA, ;RUA FRANCA, ; ;;;Colisão;Amanhecer;;;Cruz;Pare;Cruzamento;0;2;0;0;0;0;0;0;0;0;0;0;0;(-38.56431 -3.79479);
366015;2020-12-04 02:56:00;AVENIDA PRS COSTA E SILVA, 2257;, ; 2257;;;Colisão;;;;Meio de Quadra;;Longo da via;0;2;0;0;0;0;0;0;0;0;0;0;0;(-38.5614546 -3.819631);
366014;2020-12-04 02:47:00;LOGRADOURO SEM NOME, 250;, ; 250;;;Queda;;;;Meio de Quadra;;Longo da via;0;1;0;0;0;0;0;0;0;1;0;0;0;(-38.5434879 -3.82196445);
366013;2020-12-04 00:02:00;RUA DES HERMES PARAHYBA, 369;, ; 369;;;Colisão;;;;Meio de Quadra;;Longo da via;0;2;1;1;1;0;0;0;0;0;0;0;0;(-38.5870956 -3.71397843);
366012;2020-12-03 21:10:00;RUA BOM JESUS (GRANJA LISBOA), 1398;, ; 1398;;;Atropelamento;;;;Meio de Quadra;;Longo da via;0;1;1;1;0;0;0;0;0;0;0;0;0;(-38.6047635 -3.79324295);
366011;2020-12-03 19:58:00;RUA TULIPA, 538;, ; 538;;;Colisão;;;;Meio de Quadra;;Longo da via;0;2;0;0;0;0;0;0;0;0;0;0;0;(-38.5797824 -3.7151113);
366010;2020-12-03 19:53:00;AVENIDA DR THEBERGE, ;RUA IRINEU DE SOUZA, ; ;;;Colisão;;;;;;Cruzamento;0;1;1;2;0;0;0;0;0;0;0;0;0;(-38.564134 -3.712143);
366009;2020-12-03 19:09:00;AVENIDA JOAO PESSOA, 4747;, ; 4747;;;Colisão;;;;;;Longo da via;0;2;1;1;1;0;0;0;0;0;0;0;0;(-38.5508938 -3.75401295);
365385;2020-12-03 18:40:00;AVENIDA D CJ JOSE WALTER, 440;, ; 440;;;Queda;;;;Meio de Quadra;;Longo da via;0;1;0;1;0;0;0;0;0;0;0;0;0;(-38.5568677 -3.8312374);
363637;2020-12-03 18:17:00;AVENIDA LUCIANO CARNEIRO, 2970;, ; 2970;;;Colisão Traseira;Anoitecer;Bom;Seca;Meio de Quadra;Não Há Controle;Longo da via;0;0;2;1;1;0;0;0;0;0;0;0;0;(0 0);
365384;2020-12-03 17:26:00;AVENIDA BEZERRA DE MENEZES, ;AVENIDA JOSE JATAHY, ; ;;;Atropelamento;Anoitecer;;;Cruz;Semáforo;Cruzamento;0;2;0;0;0;0;0;0;0;0;0;0;0;(-38.5450206 -3.7315183);
365383;2020-12-03 17:16:00;RUA BAR CRATO, 1280;, ; 1280;;;Queda;Anoitecer;;;Meio de Quadra;;Longo da via;0;1;0;1;0;0;0;0;0;0;0;0;0;(-38.561002 -3.721622);
365382;2020-12-03 15:46:00;AVENIDA CASTELO DE CASTRO, 288;, ; 288;;;Queda;Luz do Dia;;;Meio de Quadra;;Longo da via;0;1;0;1;0;0;0;0;0;0;0;0;0;(-38.52159 -3.83203);
363643;2020-12-03 14:20:00;RUA LEONARDO MOTA, ;RUA GAL TERTULIANO POTYGUARA, ; ;;;Colisão Transversal;Luz do Dia;Bom;Seca;Cruz;Semáforo;Cruzamento;0;1;1;1;0;0;1;0;0;0;0;0;0;(-38.498626 -3.743762);
364014;2020-12-03 12:57:00;RUA CEL PERGENTINO FERREIRA, ;RUA CAROLINO DE AQUINO, ; ;;;Colisão Transversal;Luz do Dia;Bom;Seca;Cruz;Pare;Cruzamento;0;0;2;0;2;0;0;0;0;0;0;0;0;(-38.527323 -3.749034);
364015;2020-12-03 12:25:00;RUA TEREZA CRISTINA, ;RUA PEDRO I, ; ;;;Colisão Lateral;Luz do Dia;Bom;Seca;Cruz;Pare;Cruzamento;0;0;2;0;1;0;0;1;0;0;0;0;0;(-38.537196 -3.728475);
363623;2020-12-03 10:50:00;RUA JOAQUIM MOREIRA D36, 241;, ; 241;;;Colisão Traseira;Luz do Dia;Bom;Seca;Meio de Quadra;;Longo da via;0;1;1;1;1;0;0;0;0;0;0;0;0;(-38.5634 -3.77235);
365381;2020-12-03 10:42:00;RUA MAJ FACUNDO, 661;, ; 661;;;Queda;Luz do Dia;;;Meio de Quadra;;Longo da via;0;1;0;1;0;0;0;0;0;0;0;0;0;(-38.5283071 -3.72899926);
364012;2020-12-03 10:31:00;AVENIDA PRS CASTELO BRANCO, ;AVENIDA FILOMENO GOMES, ; ;;;Colisão Transversal;Luz do Dia;Bom;Seca;T;Semáforo;Cruzamento;0;2;0;1;1;0;0;0;0;0;0;0;0;(-38.541982 -3.715542);
365380;2020-12-03 10:27:00;AVENIDA JOSE BASTOS, ;, ; ;;;Atropelamento;Luz do Dia;;;Meio de Quadra;;Longo da via;0;1;1;0;1;0;0;0;0;0;0;0;0;(0 0);
363641;2020-12-03 09:30:00;AVENIDA GOV RAUL BARBOSA, 300;, ; 300;;;Colisão Traseira;Luz do Dia;Bom;Seca;;;Longo da via;0;1;1;1;1;0;0;0;0;0;0;0;0;(-38.4732595 -3.7166204);
365379;2020-12-03 09:30:00;AVENIDA PRS CASTELO BRANCO, ;, ; ;;;Queda;Luz do Dia;;;Meio de Quadra;;Longo da via;0;2;0;1;0;0;0;0;0;0;0;0;0;(0 0);
364013;2020-12-03 09:16:00;AVENIDA FRANCISCO SA, ;RUA IRAPUA, ; ;;;Colisão Transversal;Luz do Dia;Bom;Seca;Cruz;Semáforo;Cruzamento;0;2;1;1;1;0;0;0;0;0;0;0;0;(-38.586099 -3.706356);
365487;2020-12-03 08:42:00;AVENIDA AUGUSTO DOS ANJOS, ;RUA ALUISIO AZEVEDO, ; ;;;Colisão;Luz do Dia;;;Duplo T;Semáforo;Cruzamento;0;2;0;0;0;0;0;0;0;0;0;0;0;(-38.5731614 -3.77339);