COD_ACIDENTE;DATA;LOG1;LOG2;NUMERO;BAIRRO;AMC;NATUREZA;ILUMINACAO;TEMPO;SUPERFICIEPISTA;TIPOCRUZAMENTO;CONTROLETRAFEGO;USOSOLO;MORTOS;FERIDOS;ILESOS;MOTOCICLETA;AUTOMOVEL;MICROONIBUS;CAMINHAO;ONIBUS;CICLOMOTOR;BICICLETA;OUTROS;TREM;TRACAOANIMAL;COORDENADAS
365378;2020-12-03 07:28:00;RUA CAMELIA, 549;, ; 549;;;Colisão;Luz do Dia;;;Meio de Quadra;;Longo da via;0;1;1;1;1;0;0;0;0;0;0;0;0;(-38.5665306 -3.708046);
365124;2020-12-03 07:25:00;RD BR 116, 13000;, ; 13000;;;Colisão Transversal;Luz do Dia;;;Meio de Quadra;;Longo da via;0;1;1;1;0;0;1;0;0;0;0;0;0;(-38.497727 -3.86467);
363631;2020-12-03 07:20:00;AVENIDA JOAO DE ARAUJO LIMA, 801;, ; 801;;;Queda;Luz do Dia;Chuva;Molhada;Meio de Quadra;Outros;Longo da via;0;2;0;1;0;0;0;0;0;0;0;0;0;(-38.55969384 -3.828955743);
365377;2020-12-03 07:10:00;AVENIDA PRS CASTELO BRANCO, 70;, ; 70;;;Colisão;Luz do Dia;;;Meio de Quadra;;Longo da via;0;1;1;1;1;0;0;0;0;0;0;0;0;(-38.522493 -3.7229185);
365376;2020-12-03 07:08:00;AVENIDA ANTONIO SALES, ;RUA JOAO CORDEIRO, ; ;;;Colisão;Luz do Dia;;;Cruz;Semáforo;Cruzamento;0;1;1;1;1;0;0;0;0;0;0;0;0;(-38.518068 -3.740588);
364011;2020-12-03 06:52:00;AVENIDA SGT HERMINIO SAMPAIO, 715;, ; 715;;;Colisão Traseira;Luz do Dia;Nublado;Molhada;Meio de Quadra;Não Há Controle;Longo da via;0;1;1;1;1;0;0;0;0;0;0;0;0;(-38.547127 -3.724593);
365123;2020-12-03 06:50:00;RD BR 116, 6500;, ; 6500;;;Colisão Traseira;Luz do Dia;;;Meio de Quadra;;Longo da via;0;1;1;1;0;0;0;1;0;0;0;0;0;(-38.503053 -3.804691);
365375;2020-12-03 06:40:00;AVENIDA ENG SANTANA JUNIOR, ;RUA GAL TERTULIANO POTYGUARA, ; ;;;Queda;Luz do Dia;;;T;Semáforo;Cruzamento;0;2;0;1;0;0;0;0;0;0;0;0;0;(-38.489463 -3.746669);
365374;2020-12-03 06:38:00;AVENIDA JOVITA FEITOSA, ;, ; ;;;Colisão;Luz do Dia;;;Meio de Quadra;;Longo da via;0;2;0;1;1;0;0;0;0;0;0;0;0;(0 0);
365373;2020-12-03 05:58:00;AVENIDA JOAO PESSOA, 3902;, ; 3902;;;Colisão;Amanhecer;;;Meio de Quadra;;Longo da via;0;2;0;0;0;0;0;0;0;0;0;0;0;(-38.5456096 -3.74814925);
364510;2020-12-03 05:50:00;ROD CE 010, 12000;, ; 12000;;;Colisão;Amanhecer;;;Meio de Quadra;;Longo da via;0;0;2;2;0;0;0;0;0;0;0;0;0;(0 0);
365372;2020-12-02 21:54:00;RUA CAP VASCONCELOS D46, 77;, ; 77;;;Colisão;;;;Meio de Quadra;;Longo da via;0;1;1;2;0;0;0;0;0;0;0;0;0;(-38.51759573 -3.762251243);
364010;2020-12-02 19:31:00;AVENIDA DR SILAS MUNGUBA, 6453;, ; 6453;;;Não informado;Via Iluminada;Bom;Seca;Rotatória;Semáforo;Longo da via;0;1;2;1;2;0;0;0;0;0;0;0;0;(-38.53017 -3.80077);
365371;2020-12-02 19:31:00;LOGRADOURO SEM NOME, ;, ; ;;;Atropelamento;;;;Meio de Quadra;;Longo da via;0;1;1;0;1;0;0;0;0;0;0;0;0;(0 0);
365122;2020-12-02 19:25:00;RD BR 116, 500;, ; 500;;;Atropelamento;;;;Meio de Quadra;;Longo da via;0;2;0;1;0;0;0;0;0;0;0;0;0;(-38.5071923 -3.7960359);
365370;2020-12-02 19:23:00;AVENIDA MR HULL, 3650;, ; 3650;;;Atropelamento;;;;Meio de Quadra;;Longo da via;0;1;1;1;0;0;0;0;0;0;0;0;0;(-38.5770885 -3.7376575);
365369;2020-12-02 19:14:00;AVENIDA I CJ CEARA, 220;, ; 220;;;Colisão;;;;Meio de Quadra;;Longo da via;0;1;1;1;1;0;0;0;0;0;0;0;0;(-38.60046 -3.76666);
363611;2020-12-02 18:35:00;RUA JULIO AZEVEDO, 750;, ; 750;;;Colisão Lateral;Via Iluminada;Bom;Seca;;;Longo da via;0;1;1;1;1;0;0;0;0;0;0;0;0;(-38.479416 -3.7383995);
365368;2020-12-02 18:21:00;RUA 10 (CJ JOAO PAULO II), 56;, ; 56;;;Queda;Anoitecer;;;Meio de Quadra;;Longo da via;0;1;0;1;0;0;0;0;0;0;0;0;0;(0 0);
365367;2020-12-02 18:06:00;RUA BERNARDO MANUEL, 333;, ; 333;;;Colisão;Anoitecer;;;Meio de Quadra;;Longo da via;0;1;1;1;1;0;0;0;0;0;0;0;0;(-38.56488 -3.84196);
365366;2020-12-02 17:54:00;AVENIDA SANTOS DUMONT, ;, ; ;;;Colisão;Anoitecer;;;Meio de Quadra;;Longo da via;0;1;1;1;1;0;0;0;0;0;0;0;0;(0 0);
365365;2020-12-02 17:41:00;AVENIDA I CJ JOSE WALTER, ;AVENIDA G CJ JOSE WALTER, ; ;;;Colisão;Anoitecer;;;Cruz;Pare;Cruzamento;0;1;1;1;1;0;0;0;0;0;0;0;0;(-38.554956 -3.839061);
365364;2020-12-02 17:38:00;AVENIDA WASHINGTON SOARES, ;, ; ;;;Colisão;Anoitecer;;;Meio de Quadra;;Longo da via;0;1;1;1;1;0;0;0;0;0;0;0;0;(0 0);
365241;2020-12-02 17:12:00;AVENIDA MR HULL, ;, ; ;;;Colisão;Anoitecer;;;Meio de Quadra;;Longo da via;0;2;0;0;0;0;0;0;0;0;0;0;0;(0 0);
365240;2020-12-02 16:53:00;AVENIDA GODOFREDO MACIEL, ;, ; ;;;Atropelamento;Luz do Dia;;;Meio de Quadra;;Longo da via;0;1;1;0;1;0;0;0;0;0;0;0;0;(0 0);
364009;2020-12-02 14:57:00;RUA BAR CANINDE, ;RUA ELCIAS LOPES, ; ;;;Colisão Transversal;Luz do Dia;Bom;Seca;Cruz;Pare;Cruzamento;0;1;1;0;1;0;0;1;0;0;0;0;0;(-38.557426 -3.770473);
364008;2020-12-02 14:26:00;RUA PROF. MANOEL LOURENCO, ;, ; ;;;Colisão Lateral;Luz do Dia;Bom;Seca;Meio de Quadra;Semáforo;Longo da via;0;0;2;1;1;0;0;0;0;0;0;0;0;(-38.57258 -3.7623014);
363610;2020-12-02 14:00:00;AVENIDA ALM HENRIQUE SABOIA, ;, ; ;;;Atropelamento;Luz do Dia;Bom;Seca;Meio de Quadra;Não Há Controle;Longo da via;0;2;0;0;0;0;0;0;0;1;0;0;0;(0 0);
364007;2020-12-02 13:15:00;AVENIDA BERNARDO MANUEL, 9980;, ; 9980;;;Colisão Traseira;Luz do Dia;Bom;Seca;Meio de Quadra;Não Há Controle;Longo da via;0;1;1;2;0;0;0;0;0;0;0;0;0;(-38.56058 -3.82964);
364854;2020-12-02 13:00:00;RUA BAR AQUIRAZ, ;, ; ;;;Colisão;Luz do Dia;;;Meio de Quadra;;Longo da via;0;2;0;0;2;0;0;0;0;0;0;0;0;(0 0);
363619;2020-12-02 13:00:00;AVENIDA FILOMENO GOMES, 430;, ; 430;;;Colisão Transversal;Luz do Dia;Bom;Seca;Meio de Quadra;;Longo da via;0;2;0;0;1;0;0;0;0;0;0;0;0;(-38.54165 -3.718784);
365239;2020-12-02 12:45:00;RUA COS ALVARO DE OLIVEIRA, 1331;, ; 1331;;;Colisão;Luz do Dia;;;Meio de Quadra;;Longo da via;0;1;1;1;1;0;0;0;0;0;0;0;0;(0 0);
365238;2020-12-02 11:33:00;RUA PORTO VELHO, 450;, ; 450;;;Colisão;Luz do Dia;;;Meio de Quadra;;Longo da via;0;1;1;2;0;0;0;0;0;0;0;0;0;(-38.585077 -3.7670015);
364005;2020-12-02 10:54:00;AVENIDA PRS CASTELO BRANCO, 1223;, ; 1223;;;Colisão;Luz do Dia;Bom;Seca;Meio de Quadra;Semáforo;Longo da via;0;1;1;1;1;0;0;0;0;0;0;0;0;(-38.535277 -3.718179);
365237;2020-12-02 09:04:00;AVENIDA GAL OSORIO DE PAIVA, 2257;, ; 2257;;;Colisão;Luz do Dia;;;Meio de Quadra;;Longo da via;0;1;1;1;1;0;0;0;0;0;0;0;0;(-38.581746 -3.785294);
365236;2020-12-02 08:32:00;RUA PRO JOAO BOSCO, ;RUA MAJ PEDRO SAMPAIO, ; ;;;Colisão;Luz do Dia;;;Cruz;Pare;Cruzamento;0;1;1;1;1;0;0;0;0;0;0;0;0;(-38.54678 -3.73888);
364004;2020-12-02 08:31:00;RUA ALBERTO MAGNO, ;RUA BAR SOBRAL, ; ;;;Colisão Lateral;Luz do Dia;Bom;Seca;Cruz;Semáforo;Cruzamento;0;0;2;0;1;0;0;0;0;0;0;0;0;(-38.552417 -3.767991);
363606;2020-12-02 08:25:00;AVENIDA PRS CASTELO BRANCO, 70;, ; 70;;;Colisão Traseira;Luz do Dia;Bom;Molhada;Outros;Outros;Longo da via;0;3;0;1;2;0;0;0;0;0;0;0;0;(-38.522493 -3.7229185);
365235;2020-12-02 07:42:00;RD BR 116, 9000;, ; 9000;;;Colisão;Luz do Dia;;;Meio de Quadra;;Longo da via;0;2;0;1;1;0;0;0;0;0;0;0;0;(-38.504865 -3.830837);
365121;2020-12-02 07:30:00;RD BR 116, 7000;, ; 7000;;;Colisão Traseira;Luz do Dia;;;Meio de Quadra;;Longo da via;0;1;3;0;4;0;0;0;0;0;0;0;0;(-38.5115614 -3.786276359);
364506;2020-12-02 06:50:00;RD CE-040, ;, ; ;;;Colisão;Luz do Dia;;;Meio de Quadra;;Longo da via;0;0;2;0;1;0;1;0;0;0;0;0;0;(-38.47953463 -3.800595823);
364003;2020-12-02 05:40:00;AVENIDA DOLOR BARREIRA, ;, ; ;;;Não informado;Luz do Dia;Bom;Seca;Meio de Quadra;Pare;Longo da via;0;1;0;0;1;0;0;0;0;0;0;0;0;(0 0);
365234;2020-12-02 01:19:00;AVENIDA 13 DE MAIO, ;, ; ;;;Queda;;;;Meio de Quadra;;Longo da via;0;1;0;1;0;0;0;0;0;0;0;0;0;(0 0);
365233;2020-12-02 00:59:00;RUA MIGUEL GURGEL, ;, ; ;;;Colisão;;;;Meio de Quadra;;Longo da via;0;2;0;0;0;0;0;0;0;0;0;0;0;(0 0);
365232;2020-12-01 23:27:00;AVENIDA ANTONIO SALES, 2269;, ; 2269;;;Atropelamento;;;;Meio de Quadra;;Longo da via;0;3;0;1;0;0;0;0;0;0;0;0;0;(-38.50346 -3.74504);
365231;2020-12-01 22:17:00;AVENIDA GENIBAU, 514;, ; 514;;;Colisão;;;;Meio de Quadra;;Longo da via;0;2;0;0;0;0;0;0;0;0;0;0;0;(-38.599888 -3.760779);
365230;2020-12-01 22:04:00;AVENIDA PRS CASTELO BRANCO, 240;, ; 240;;;Atropelamento;;;;Meio de Quadra;;Longo da via;0;1;1;0;1;0;0;0;0;0;0;0;0;(-38.5271 -3.7213);
364002;2020-12-01 21:24:00;AVENIDA RUI BARBOSA, ;RUA JOAO CARVALHO, ; ;;;Colisão Transversal;Via Iluminada;Bom;Seca;Cruz;Semáforo;Cruzamento;0;0;2;0;2;0;0;0;0;0;0;0;0;(-38.509731 -3.736928);
364487;2020-12-01 19:40:00;RD CE-040, ;, ; ;;;Engavetamento;;;;Meio de Quadra;;Longo da via;0;0;4;0;3;0;0;0;0;0;0;0;0;(-38.4810839 -3.782614325);
364502;2020-12-01 19:40:00;AVENIDA MIN JOSE AMERICO, 1000;, ; 1000;;;Colisão;;;;Meio de Quadra;;Longo da via;0;0;2;0;2;0;0;0;0;0;0;0;0;(-38.4912085 -3.8090986);
365229;2020-12-01 19:10:00;AVENIDA PRS CASTELO BRANCO, ;, ; ;;;Queda;;;;Meio de Quadra;;Longo da via;0;1;0;1;0;0;0;0;0;0;0;0;0;(0 0);
364853;2020-12-01 18:15:00;AVENIDA JOAO PESSOA, ;RUA JOAO SORONGO, ; ;;;Colisão;Anoitecer;;;Cruz;Pare;Cruzamento;0;1;2;2;1;0;0;0;0;0;0;0;0;(-38.546069 -3.748663);
365228;2020-12-01 18:07:00;AVENIDA PDE ANTONIO TOMAS, ;, ; ;;;Queda;Anoitecer;;;Meio de Quadra;;Longo da via;0;1;0;0;0;0;0;0;0;1;0;0;0;(0 0);
364006;2020-12-01 16:57:00;RUA JULIO VERNE, ;RUA PERU, ; ;;;Colisão Transversal;Luz do Dia;Bom;Seca;Cruz;Pare;Cruzamento;0;3;0;0;2;0;0;0;0;0;0;0;0;(-38.552009 -3.775725);
365227;2020-12-01 16:35:00;RUA VITAL BRASIL, 1948;, ; 1948;;;Colisão;Luz do Dia;;;Meio de Quadra;;Longo da via;0;2;0;0;0;0;0;0;0;0;0;0;0;(-38.597995 -3.778012);
365226;2020-12-01 16:33:00;AVENIDA BEIRA MAR, 982;, ; 982;;;Colisão;Luz do Dia;;;Meio de Quadra;;Longo da via;0;2;0;0;0;0;0;0;0;0;0;0;0;(-38.5104005 -3.720653501);
365225;2020-12-01 16:33:00;AVENIDA SEN FERNANDES TAVORA, 3002;, ; 3002;;;Colisão;Luz do Dia;;;Meio de Quadra;;Longo da via;0;2;0;0;0;0;0;0;0;0;0;0;0;(-38.599659 -3.754867);
364001;2020-12-01 15:28:00;AVENIDA DUQ CAXIAS, ;RUA RODRIGUES JUNIOR, ; ;;;Colisão Lateral;Luz do Dia;Bom;Seca;;;Cruzamento;0;1;2;1;1;0;0;0;0;0;0;0;0;(-38.52085 -3.7313);
365224;2020-12-01 12:52:00;RUA JOAO CORDEIRO, ;RUA COSTA BARROS, ; ;;;Colisão;Luz do Dia;;;Cruz;Semáforo;Cruzamento;0;1;1;1;1;0;0;0;0;0;0;0;0;(-38.514331 -3.729449);
363999;2020-12-01 12:50:00;AVENIDA VIS RIO BRANCO, 4027;, ; 4027;;;Colisão Traseira;Luz do Dia;Bom;Seca;Meio de Quadra;;Longo da via;0;1;1;1;1;0;0;0;0;0;0;0;0;(-38.51987 -3.756701);
364852;2020-12-01 11:26:00;AVENIDA PRS CASTELO BRANCO, ;, ; ;;;Colisão;Luz do Dia;;;Meio de Quadra;;Longo da via;0;2;0;1;1;0;0;0;0;0;0;0;0;(0 0);
364000;2020-12-01 11:25:00;RUA ALEXANDRE BARAUNA, ;RUA FRE MARCELINO, ; ;;;Colisão Transversal;Luz do Dia;Bom;Seca;Cruz;Pare;Cruzamento;0;1;1;0;2;0;0;0;0;0;0;0;0;(-38.554232 -3.745701);
365223;2020-12-01 11:01:00;RUA BALDUINO FREIRE, 727;, ; 727;;;Colisão;Luz do Dia;;;Meio de Quadra;;Longo da via;0;2;0;2;0;0;0;0;0;0;0;0;0;(-38.58218 -3.73498);
363997;2020-12-01 10:02:00;AVENIDA PRS JUSCELINO KUBITSCHEK (PASSARÉ), ;, ; ;;;Colisão Lateral;Luz do Dia;Bom;Seca;Rotatória;Dê Preferência;Longo da via;0;4;0;2;0;0;0;0;0;0;0;0;0;(0 0);
365222;2020-12-01 09:57:00;AVENIDA DEP PAULINO ROCHA, ;AVENIDA DR SILAS MUNGUBA, ; ;;;Colisão;Luz do Dia;;;;;Cruzamento;0;2;0;2;0;0;0;0;0;0;0;0;0;(-38.524782 -3.807229);
363996;2020-12-01 08:32:00;RUA CEL MATOS DOURADO, ;, ; ;;;Colisão Lateral;Luz do Dia;Bom;Seca;Outros;Pare;Longo da via;0;0;1;1;0;0;0;1;0;0;0;0;0;(-38.584602 -3.739515);
363998;2020-12-01 08:30:00;AVENIDA ALM HENRIQUE SABOIA, 505;, ; 505;;;Colisão Traseira;Luz do Dia;Bom;Seca;Meio de Quadra;;Longo da via;0;1;2;1;2;0;0;0;0;0;0;0;0;(-38.495514 -3.7510834);
365221;2020-12-01 07:08:00;AVENIDA GOV RAUL BARBOSA, 430;, ; 430;;;Colisão;Luz do Dia;;;Meio de Quadra;;Longo da via;0;1;1;1;1;0;0;0;0;0;0;0;0;(-38.50461 -3.75571);
365220;2020-12-01 07:02:00;AVENIDA ALBERTO CRAVEIRO, ;, ; ;;;Colisão;Luz do Dia;;;Meio de Quadra;;Longo da via;0;1;1;1;1;0;0;0;0;0;0;0;0;(0 0);
365219;2020-12-01 06:44:00;RUA PRO ANACLETO, 980;, ; 980;;;Queda;Luz do Dia;;;;;Longo da via;0;2;0;1;0;0;0;0;0;0;0;0;0;(0 0);
365218;2020-12-01 06:42:00;RUA ASTROGILDO FONTOURA, 379;, ; 379;;;Queda;Luz do Dia;;;Meio de Quadra;;Longo da via;0;1;0;1;0;0;0;0;0;0;0;0;0;(-38.5825346 -3.712098);
364105;2020-12-01 06:24:00;AVENIDA MR HULL, 4442;, ; 4442;;;Colisão;Luz do Dia;;;Meio de Quadra;;Longo da via;1;0;1;1;0;0;0;1;0;0;0;0;0;(-38.58441 -3.73845);
363995;2020-12-01 06:20:00;RUA PDE VALDEVINO, ;RUA CARLOS VASCONCELOS, ; ;;;Colisão Transversal;Luz do Dia;Nublado;Seca;Cruz;Semáforo;Cruzamento;0;1;1;1;1;0;0;0;0;0;0;0;0;(-38.51319 -3.740277);
365210;2020-12-01 05:55:00;AVENIDA SEN FERNANDES TAVORA, 2541;, ; 2541;;;Queda;Amanhecer;;;Meio de Quadra;;Longo da via;0;1;0;1;0;0;0;0;0;0;0;0;0;(-38.59596 -3.755556);
365209;2020-12-01 00:09:00;AVENIDA HIS RAIMUNDO GIRAO, 366;, ; 366;;;Queda;;;;Meio de Quadra;;Longo da via;0;1;0;1;0;0;0;0;0;0;0;0;0;(-38.5124667 -3.720664);
364732;2020-11-30 21:40:00;RUA JULIO BRAGA, ;, ; ;;;Colisão;;;;Meio de Quadra;;Longo da via;0;1;1;1;1;0;0;0;0;0;0;0;0;(0 0);
364756;2020-11-30 21:09:00;RUA PALESTINA D65, ;, ; ;;;Colisão;;;;Meio de Quadra;;Longo da via;0;1;0;0;0;0;0;0;0;0;1;0;0;(0 0);
362819;2020-11-30 21:00:00;RUA DOS SABIAS, ;AVENIDA PALESTINA D68, ; ;;;Colisão Transversal;Luz do Dia;Bom;Seca;Cruz;Pare;Cruzamento;0;1;1;1;1;0;0;0;0;0;0;0;0;(-38.538452 -3.805219);
364758;2020-11-30 20:48:00;RUA SGT JOAO PINHEIRO, ;, ; ;;;Atropelamento;;;;Meio de Quadra;;Longo da via;0;1;0;1;0;0;0;0;0;0;0;0;0;(0 0);
364760;2020-11-30 19:02:00;AVENIDA IMPERADOR, 1125;, ; 1125;;;Colisão;;;;Meio de Quadra;;Longo da via;0;2;0;2;0;0;0;0;0;0;0;0;0;(-38.5355724 -3.73098336);
364761;2020-11-30 18:10:00;RUA CEREJEIRAS, 1859;, ; 1859;;;Colisão;Anoitecer;;;Meio de Quadra;;Longo da via;0;2;0;1;1;0;0;0;0;0;0;0;0;(0 0);
364762;2020-11-30 18:02:00;RUA PEDRO SAMPAIO, 744;, ; 744;;;Queda;Anoitecer;;;Meio de Quadra;;Longo da via;0;1;0;1;0;0;0;0;0;0;0;0;0;(-38.59582 -3.72395);
362818;2020-11-30 17:19:00;RUA ANSELMO NOGUEIRA, ;RUA JULIO BRAGA, ; ;;;Colisão Transversal;Luz do Dia;Bom;Seca;Cruz;Semáforo;Cruzamento;0;1;1;1;1;0;0;0;0;0;0;0;0;(-38.57986 -3.77573);
364763;2020-11-30 17:15:00;RUA NOGUEIRA ACIOLI, 1822;, ; 1822;;;Colisão;Anoitecer;;;Meio de Quadra;;Longo da via;0;2;0;1;1;0;0;0;0;0;0;0;0;(-38.5201605 -3.73951914);
362817;2020-11-30 16:40:00;RUA HOLANDA, 19951;, ; 19951;;;Atropelamento;Luz do Dia;Bom;Seca;Meio de Quadra;Pare;Longo da via;0;2;0;0;0;0;0;0;0;0;0;0;0;(0 0);
364733;2020-11-30 16:36:00;RUA BERNARDO MANUEL, 7216;, ; 7216;;;Colisão;Luz do Dia;;;Meio de Quadra;;Longo da via;0;2;1;0;1;0;0;0;0;1;0;0;0;(-38.5461141 -3.78139905);
364764;2020-11-30 15:46:00;RUA HOLANDA, 990;, ; 990;;;Atropelamento;Luz do Dia;;;Meio de Quadra;;Longo da via;0;1;0;0;0;0;0;0;0;0;0;0;0;(-38.561168 -3.800572);
364765;2020-11-30 14:41:00;AVENIDA AGUANAMBI, ;, ; ;;;Queda;Luz do Dia;;;Meio de Quadra;;Longo da via;0;1;0;1;0;0;0;0;0;0;0;0;0;(0 0);
364766;2020-11-30 13:22:00;RUA CON DE CASTRO, ;RUA FERNANDO FARIAS DE MELO (MANUEL SÁTIRO), ; ;;;Queda;Luz do Dia;;;T;Pare;Cruzamento;0;1;0;0;0;0;0;0;0;1;0;0;0;(-38.578102 -3.790043);
364767;2020-11-30 13:13:00;AVENIDA B CJ ESPERANCA, ;AVENIDA F CJ ESPERANCA, ; ;;;Colisão;Luz do Dia;;;Cruz;Pare;Cruzamento;0;1;0;0;0;0;0;0;0;0;0;0;0;(-38.588467 -3.817486);
364768;2020-11-30 12:28:00;AVENIDA GODOFREDO MACIEL, 2420;, ; 2420;;;Queda;Luz do Dia;;;Meio de Quadra;;Longo da via;0;1;0;1;0;0;0;0;0;0;0;0;0;(-38.5699501 -3.79657962);
364769;2020-11-30 12:24:00;RUA STA LIDUINA D42, 144;, ; 144;;;Colisão;Luz do Dia;;;Meio de Quadra;;Longo da via;0;2;0;2;0;0;0;0;0;0;0;0;0;(-38.5851 -3.799581);
364770;2020-11-30 12:20:00;RUA PDE GUERRA, ;RUA CARVALHO MOTA, ; ;;;Colisão;Luz do Dia;;;;;Cruzamento;0;2;0;2;0;0;0;0;0;0;0;0;0;(-38.54495 -3.73631);
364771;2020-11-30 12:07:00;RUA JULIO PINTO D04, 2004;, ; 2004;;;Atropelamento;Luz do Dia;;;Meio de Quadra;;Longo da via;0;1;0;0;0;0;0;0;0;0;0;0;0;(-38.5424594 -3.7260457);
364772;2020-11-30 12:05:00;RUA JOAO AMORA, 1275;, ; 1275;;;Colisão;Luz do Dia;;;Meio de Quadra;;Longo da via;0;2;0;2;0;0;0;0;0;0;0;0;0;(-38.585104 -3.799663);
364667;2020-11-30 11:40:00;RD CE-040, ;, ; ;;;Colisão;Luz do Dia;;;Meio de Quadra;;Longo da via;0;0;2;0;1;1;0;0;0;0;0;0;0;(-38.4810839 -3.782614325);
364773;2020-11-30 09:06:00;AVENIDA ABOLICAO, ;AVENIDA DES MOREIRA, ; ;;;Queda;Luz do Dia;;;Cruz;Semáforo;Cruzamento;0;1;0;1;0;0;0;0;0;0;0;0;0;(-38.495474 -3.727331);
364774;2020-11-30 09:00:00;ESTRADA DO ANCURI, 913;, ; 913;;;Colisão;Luz do Dia;;;Meio de Quadra;;Longo da via;0;2;0;1;1;0;0;0;0;0;0;0;0;(-38.5158902 -3.86276476);
364091;2020-11-30 08:20:00;RUA TEODORO DE CASTRO, 2015;, ; 2015;;;Atropelamento;Luz do Dia;;;Meio de Quadra;;Longo da via;1;1;0;0;0;0;1;0;0;0;0;0;0;(-38.6090059 -3.77865233);
364775;2020-11-30 07:41:00;AVENIDA PRO JOSE ARTHUR CARVALHO, ;RUA CEL JUSTINO F RAMOS, ; ;;;Colisão;Luz do Dia;;;Cruz;Pare;Cruzamento;0;2;0;1;1;0;0;0;0;0;0;0;0;(-38.47441 -3.82629);
362816;2020-11-30 07:40:00;RUA DEP MANUEL MATOSO FILHO, ;RUA XXIX VILA VELHA, ; ;;;Colisão Lateral;Luz do Dia;Bom;Seca;Meio de Quadra;Pare;Cruzamento;0;1;1;1;1;0;0;0;0;0;0;0;0;(-38.55442 -3.72794);
362815;2020-11-30 07:19:00;AVENIDA ENG ALBERTO SA, ;, ; ;;;Não informado;Luz do Dia;Bom;Seca;Outros;Não Há Controle;Longo da via;0;0;1;0;1;0;0;0;0;0;0;0;0;(0 0);
364777;2020-11-30 06:49:00;AVENIDA ENG ALBERTO SA, ;, ; ;;;Atropelamento;Luz do Dia;;;Meio de Quadra;;Longo da via;0;1;0;0;1;0;0;0;0;0;0;0;0;(0 0);
364778;2020-11-30 06:28:00;AVENIDA SEN FERNANDES TAVORA, ;, ; ;;;Colisão;Luz do Dia;;;Meio de Quadra;;Longo da via;0;2;0;1;1;0;0;0;0;0;0;0;0;(0 0);
364779;2020-11-30 06:18:00;RUA 15 DE NOVEMBRO, 786;, ; 786;;;Queda;Luz do Dia;;;Meio de Quadra;;Longo da via;0;1;0;1;0;0;0;0;0;0;0;0;0;(-38.553169 -3.769909);
364781;2020-11-30 06:13:00;AVENIDA PRS CASTELO BRANCO, 2912;, ; 2912;;;Queda;Luz do Dia;;;Meio de Quadra;;Longo da via;0;2;0;1;0;0;0;0;0;0;0;0;0;(-38.5541971 -3.71212697);
364782;2020-11-30 05:56:00;RUA JULIO BRAGA, 1490;, ; 1490;;;Colisão;Amanhecer;;;Meio de Quadra;;Longo da via;0;2;0;1;1;0;0;0;0;0;0;0;0;(-38.583722 -3.773703);
364731;2020-11-30 01:13:00;RD BR 116, ;, ; ;;;Colisão;;;;Meio de Quadra;;Longo da via;0;1;1;1;1;0;0;0;0;0;0;0;0;(-38.503269 -3.822018);
364783;2020-11-29 23:32:00;RUA LINDOIA, 161;, ; 161;;;Queda;;;;Meio de Quadra;;Longo da via;0;1;0;1;0;0;0;0;0;0;0;0;0;(-38.47478 -3.72027);
364784;2020-11-29 22:56:00;AVENIDA ROGACIANO LEITE, ;, ; ;;;Queda;;;;Meio de Quadra;;Longo da via;0;1;0;1;0;0;0;0;0;0;0;0;0;(0 0);
364785;2020-11-29 22:25:00;AVENIDA VICENTE DE CASTRO, 6001;, ; 6001;;;Colisão;;;;Meio de Quadra;;Longo da via;0;2;0;1;1;0;0;0;0;0;0;0;0;(-38.475081 -3.716591);
364786;2020-11-29 21:57:00;RUA VALPARAISO, 1064;, ; 1064;;;Colisão;;;;Meio de Quadra;;Longo da via;0;2;0;1;1;0;0;0;0;0;0;0;0;(-38.528472 -3.842016);
364787;2020-11-29 21:20:00;RUA CEL JOAO CORREIA, 1159;, ; 1159;;;Colisão;;;;Meio de Quadra;;Longo da via;0;1;0;0;0;0;0;0;0;0;1;0;0;(-38.6030739 -3.79231371);
364789;2020-11-29 21:03:00;RUA RIO GRANDE DO NORTE, 1014;, ; 1014;;;Colisão;;;;Meio de Quadra;;Longo da via;0;1;0;1;1;0;0;0;0;0;0;0;0;(-38.5661107 -3.75954744);
364793;2020-11-29 20:26:00;AVENIDA MARIO CAMARA VIEIRA, ;, ; ;;;Queda;;;;Meio de Quadra;;Longo da via;0;1;0;1;0;0;0;0;0;0;0;0;0;(0 0);
362814;2020-11-29 20:25:00;AVENIDA ODILON GUIMARAES, ;RUA FRANCISCO LEANDRO, ; ;;;Colisão Transversal;Anoitecer;Bom;Seca;Cruz;Semáforo;Cruzamento;0;0;2;1;1;0;0;0;0;0;0;0;0;(-38.478709 -3.824509);
364092;2020-11-29 20:23:00;RD BR 116, ;, ; ;;;Atropelamento;;;;Meio de Quadra;;Longo da via;1;1;0;0;1;0;0;0;0;0;0;0;0;(-38.503869 -3.802354);
364795;2020-11-29 18:35:00;RUA DR JOAQUIM BENTO, ;RUA MEM DE SA, ; ;;;Colisão;;;;T;Semáforo;Cruzamento;0;2;0;0;1;0;0;0;0;1;0;0;0;(-38.48539 -3.82828);
364738;2020-11-29 18:15:00;AVENIDA DUQ CAXIAS, ;AVENIDA TRISTAO GONCALVES, ; ;;;Colisão;Anoitecer;;;Cruz;Semáforo;Cruzamento;0;2;0;1;0;0;0;0;0;0;0;0;0;(-38.534196 -3.7304);