COD_ACIDENTE;DATA;LOG1;LOG2;NUMERO;BAIRRO;AMC;NATUREZA;ILUMINACAO;TEMPO;SUPERFICIEPISTA;TIPOCRUZAMENTO;CONTROLETRAFEGO;USOSOLO;MORTOS;FERIDOS;ILESOS;MOTOCICLETA;AUTOMOVEL;MICROONIBUS;CAMINHAO;ONIBUS;CICLOMOTOR;BICICLETA;OUTROS;TREM;TRACAOANIMAL;COORDENADAS
364798;2020-11-29 17:33:00;AVENIDA PRO JOSE ARTHUR CARVALHO, 2526;, ; 2526;;;Colisão;Anoitecer;;;Meio de Quadra;;Longo da via;0;2;0;1;1;0;0;0;0;0;0;0;0;(-38.4572575 -3.82423355);
364735;2020-11-29 17:00:00;RUA LEONARDO MOTA, ;AVENIDA PDE ANTONIO TOMAS, ; ;;;Colisão;Anoitecer;;;Cruz;Semáforo;Cruzamento;0;2;1;0;1;0;0;0;0;1;0;0;0;(-38.497662 -3.740811);
364801;2020-11-29 16:48:00;RUA DR GILBERTO STUDART, 2871;, ; 2871;;;Colisão;Luz do Dia;;;Meio de Quadra;;Longo da via;0;2;0;1;1;0;0;0;0;0;0;0;0;(-38.46138 -3.74985);
364803;2020-11-29 16:17:00;AVENIDA SANTOS DUMONT, 7800;, ; 7800;;;Colisão;Luz do Dia;;;Meio de Quadra;;Longo da via;0;1;0;0;0;0;0;0;0;0;0;0;0;(-38.463794 -3.747363);
364809;2020-11-29 15:41:00;RUA CHILE, 840;, ; 840;;;Atropelamento;Luz do Dia;;;Meio de Quadra;;Longo da via;0;2;0;0;1;0;0;0;0;0;0;0;0;(-38.56838 -3.74924);
364668;2020-11-29 15:13:00;RD CE-060, ;, ; ;;;Colisão;Luz do Dia;;;Meio de Quadra;;Longo da via;0;0;2;0;2;0;0;0;0;0;0;0;0;(-38.585133 -3.843038);
364813;2020-11-29 15:07:00;RUA PEDRO MUNIZ, ;, ; ;;;Atropelamento;Luz do Dia;;;Meio de Quadra;;Longo da via;0;1;0;0;1;0;0;0;0;0;0;0;0;(0 0);
364815;2020-11-29 14:56:00;RUA JOAQUIM ALVES, ;, ; ;;;Atropelamento;Luz do Dia;;;Meio de Quadra;;Longo da via;0;1;0;0;1;0;0;0;0;0;0;0;0;(0 0);
362813;2020-11-29 14:22:00;RUA GOV JOAO CARLOS, ;RUA CON LIMA SUCUPIRA, ; ;;;Colisão Transversal;Luz do Dia;Bom;Seca;Cruz;Pare;Cruzamento;0;1;1;1;1;0;0;0;0;0;0;0;0;(-38.551518 -3.777951);
364817;2020-11-29 14:17:00;RUA G CJ VILA VELHA, 9;, ; 9;;;Atropelamento;Luz do Dia;;;Meio de Quadra;;Longo da via;0;1;0;0;0;0;0;0;0;0;0;0;0;(-38.6015946 -3.7164966);
364836;2020-11-29 13:42:00;RUA ARAPONGA, ;RUA COSTA FREIRE, ; ;;;Colisão;Luz do Dia;;;Cruz;Pare;Cruzamento;0;2;0;1;1;0;0;0;0;0;0;0;0;(-38.577606 -3.784514);
362812;2020-11-29 13:32:00;AVENIDA JOSE BASTOS, 3;, ; 3;;;Colisão Traseira;Luz do Dia;Bom;Seca;Meio de Quadra;Não Há Controle;Longo da via;0;0;2;0;2;0;0;0;0;0;0;0;0;(0 0);
364837;2020-11-29 12:51:00;RUA MONTE FLOR, 252;, ; 252;;;Colisão;Luz do Dia;;;Meio de Quadra;;Longo da via;0;2;0;1;1;0;0;0;0;0;0;0;0;(-38.57716 -3.84254);
365112;2020-11-29 12:48:00;AVENIDA DIOGUINHO, 57;, ; 57;;;Colisão;Luz do Dia;;;Meio de Quadra;;Longo da via;0;1;1;1;1;0;0;0;0;0;0;0;0;(-38.46146 -3.72659);
365111;2020-11-29 12:17:00;RUA FRANCISCO TEIXEIRA DE ALCANTARA, 50;, ; 50;;;Colisão;Luz do Dia;;;Meio de Quadra;;Longo da via;0;1;1;1;1;0;0;0;0;0;0;0;0;(-38.45549 -3.73704);
362811;2020-11-29 11:39:00;RUA PRO COSTA MENDES, 1440;, ; 1440;;;Choque c/ Obstáculo Fixo;Luz do Dia;Bom;Seca;Meio de Quadra;Semáforo;Longo da via;0;1;0;0;0;0;0;0;0;0;0;0;0;(-38.55159 -3.75041);
365110;2020-11-29 10:52:00;AVENIDA SANTOS DUMONT, ;AVENIDA ALM HENRIQUE SABOIA, ; ;;;Queda;Luz do Dia;;;Outros;Não Há Controle;Cruzamento;0;1;0;0;0;0;0;0;0;1;0;0;0;(-38.486835 -3.73968);
365109;2020-11-29 10:25:00;AVENIDA PRS CASTELO BRANCO, 4631;, ; 4631;;;Colisão;Luz do Dia;;;Meio de Quadra;;Longo da via;0;1;1;0;1;0;0;1;0;0;0;0;0;(-38.57320482 -3.706653091);
365108;2020-11-29 10:18:00;AVENIDA FRANCISCO SA, 2829;, ; 2829;;;Colisão;Luz do Dia;;;Meio de Quadra;;Longo da via;0;2;1;1;1;0;0;0;0;0;0;0;0;(-38.5507334 -3.7196044);
365107;2020-11-29 10:06:00;RUA CARNAUBAL, 837;, ; 837;;;Colisão;Luz do Dia;;;Meio de Quadra;;Longo da via;0;1;1;1;1;0;0;0;0;0;0;0;0;(-38.5855461 -3.7223015);
362809;2020-11-29 10:02:00;RUA PRO COSTA MENDES, 1440;, ; 1440;;;Choque c/ Obstáculo Fixo;Luz do Dia;Bom;Seca;Meio de Quadra;Semáforo;Longo da via;0;0;1;0;1;0;0;0;0;0;0;0;0;(-38.55159 -3.75041);
365106;2020-11-29 09:43:00;AVENIDA PRS CASTELO BRANCO, 2048;, ; 2048;;;Colisão;Luz do Dia;;;Meio de Quadra;;Longo da via;0;2;0;0;0;0;0;0;0;0;0;0;0;(-38.5463508 -3.71462228);
365105;2020-11-29 09:37:00;RUA VASCO DE ATAIDE, 1132;, ; 1132;;;Colisão;Luz do Dia;;;Meio de Quadra;;Longo da via;0;1;1;1;1;0;0;0;0;0;0;0;0;(-38.484023 -3.82439433);
362810;2020-11-29 09:24:00;AVENIDA BAR STUDART, ;RUA PEREIRA FILGUEIRAS, ; ;;;Colisão Transversal;Luz do Dia;Bom;Seca;Cruz;Semáforo;Cruzamento;0;4;1;0;1;0;0;1;0;0;0;0;0;(-38.505361 -3.73081);
365104;2020-11-29 08:45:00;AVENIDA CONTORNO SUL, 1561;, ; 1561;;;Atropelamento;Luz do Dia;;;Meio de Quadra;;Longo da via;0;1;1;0;1;0;0;0;0;0;0;0;0;(-38.59551 -3.81253);
362808;2020-11-29 07:56:00;AVENIDA OLIVEIRA PAIVA, 7562;, ; 7562;;;Não informado;Luz do Dia;Bom;Seca;Meio de Quadra;Não Há Controle;Longo da via;0;1;1;1;1;0;0;0;0;0;0;0;0;(0 0);
362807;2020-11-29 07:05:00;AVENIDA OLIVEIRA PAIVA, 1715;, ; 1715;;;Choque c/ Obstáculo Fixo;Luz do Dia;Bom;Seca;Meio de Quadra;Pare;Longo da via;0;2;1;0;1;0;0;0;0;0;0;0;0;(-38.491147 -3.795846);
365103;2020-11-29 07:00:00;AVENIDA PRS CASTELO BRANCO, 168;, ; 168;;;Colisão;Luz do Dia;;;Meio de Quadra;;Longo da via;0;1;1;1;1;0;0;0;0;0;0;0;0;(-38.521563 -3.72312);
365090;2020-11-29 06:58:00;AVENIDA ALBERTO CRAVEIRO, ;, ; ;;;Colisão;Luz do Dia;;;Meio de Quadra;;Longo da via;0;2;0;0;0;0;0;0;0;0;0;0;0;(0 0);
364737;2020-11-29 06:08:00;AVENIDA GAL OSORIO DE PAIVA, 7562;, ; 7562;;;Colisão;Luz do Dia;;;Meio de Quadra;;Longo da via;0;1;1;1;1;0;0;0;0;0;0;0;0;(-38.615219 -3.818297826);
362806;2020-11-29 04:31:00;AVENIDA JOSE JATAHY, ;AVENIDA JOVITA FEITOSA, ; ;;;Colisão;Via Iluminada;Bom;Seca;Cruz;Semáforo;Cruzamento;0;1;1;0;1;0;0;1;0;0;0;0;0;(-38.543936 -3.737273);
365089;2020-11-29 03:48:00;AVENIDA 13 DE MAIO, 3281;, ; 3281;;;Capotamento;;;;Meio de Quadra;;Longo da via;0;1;0;0;1;0;0;0;0;0;0;0;0;(-38.543694 -3.737282);
364734;2020-11-29 02:40:00;AVENIDA SANTOS DUMONT, ;RUA ANTONIO AUGUSTO, ; ;;;Colisão;;;;Cruz;Pare;Cruzamento;0;1;1;0;2;0;0;0;0;0;0;0;0;(-38.513733 -3.731222);
364089;2020-11-29 00:20:00;AVENIDA B CJ HAB ST SAO JOAO, 1007;, ; 1007;;;Colisão;;;;Meio de Quadra;;Longo da via;1;1;0;1;1;0;0;0;0;0;0;0;0;(-38.519196 -3.850427);
365087;2020-11-28 23:54:00;RUA COS ARAUJO LIMA, 534;, ; 534;;;Queda;;;;Meio de Quadra;;Longo da via;0;1;0;1;0;0;0;0;0;0;0;0;0;(-38.59208 -3.74892);
364740;2020-11-28 23:45:00;AVENIDA MR HULL, 2989;, ; 2989;;;Atropelamento;;;;Meio de Quadra;;Longo da via;0;1;1;0;1;0;0;0;0;0;0;0;0;(-38.57069 -3.73705);
365086;2020-11-28 23:37:00;AVENIDA PRS CASTELO BRANCO, 4375;, ; 4375;;;Queda;;;;Meio de Quadra;;Longo da via;0;1;0;1;0;0;0;0;0;0;0;0;0;(-38.571896 -3.707135);
362805;2020-11-28 21:37:00;RUA BAR ARATANHA, ;RUA PDE ROMA, ; ;;;Colisão Transversal;Mal Iluminada;Bom;Seca;Cruz;Pare;Cruzamento;0;1;1;0;2;0;0;0;0;0;0;0;0;(-38.530384 -3.744883);
365085;2020-11-28 20:55:00;AVENIDA PRUDENTE BRASIL, 1064;, ; 1064;;;Queda;;;;Meio de Quadra;;Longo da via;0;1;0;1;0;0;0;0;0;0;0;0;0;(-38.53503505 -3.811429908);
365084;2020-11-28 20:45:00;RUA SEBASTIAO DE ABREU, 200;, ; 200;;;Queda;;;;Meio de Quadra;;Longo da via;0;1;0;0;0;0;0;0;0;1;0;0;0;(-38.56719 -3.7936);
365083;2020-11-28 20:34:00;AVENIDA I CJ JOSE WALTER, ;AVENIDA G CJ JOSE WALTER, ; ;;;Colisão;;;;Cruz;Pare;Cruzamento;0;1;1;1;1;0;0;0;0;0;0;0;0;(-38.554956 -3.839061);
365082;2020-11-28 20:11:00;AVENIDA MOZART PINHEIRO DE LUCENA, 2280;, ; 2280;;;Colisão;;;;Meio de Quadra;;Longo da via;0;1;1;1;1;0;0;0;0;0;0;0;0;(-38.5970495 -3.7229305);
365081;2020-11-28 19:42:00;RUA MAJ MONTENEGRO, 654;, ; 654;;;Colisão;;;;Meio de Quadra;;Longo da via;0;2;1;1;1;0;0;0;0;0;0;0;0;(-38.5806146 -3.7982932);
365080;2020-11-28 19:34:00;RUA EDGAR FALCAO, ;, ; ;;;Atropelamento;;;;Meio de Quadra;;Longo da via;0;2;0;0;0;0;0;0;0;0;0;0;0;(0 0);
362804;2020-11-28 19:23:00;AVENIDA DUQ CAXIAS, ;RUA PDE IBIAPINA, ; ;;;Não informado;Via Iluminada;Bom;Seca;Cruz;Semáforo;Cruzamento;0;1;1;1;1;0;0;0;0;0;0;0;0;(-38.540226 -3.728446);
365079;2020-11-28 19:14:00;LOGRADOURO SEM NOME, 10;, ; 10;;;Atropelamento;;;;Meio de Quadra;;Longo da via;0;1;1;0;1;0;0;0;0;0;0;0;0;(-38.5999772 -3.81776522);
365078;2020-11-28 19:13:00;AVENIDA CASTELO DE CASTRO, 293;, ; 293;;;Atropelamento;;;;Meio de Quadra;;Longo da via;0;1;1;0;1;0;0;0;0;0;0;0;0;(-38.5214304 -3.8318385);
365076;2020-11-28 18:56:00;RUA MARCOS MACEDO, ;RUA MON CATAO, ; ;;;Colisão;;;;Cruz;Pare;Cruzamento;0;1;1;1;1;0;0;0;0;0;0;0;0;(-38.48993 -3.7368498);
364742;2020-11-28 18:19:00;RUA BRAGANCA, ;, ; ;;;Colisão;Anoitecer;;;;;Longo da via;0;2;1;1;1;0;0;0;0;0;0;0;0;(0 0);
365075;2020-11-28 17:59:00;RD BR 116, ;, ; ;;;Queda;Anoitecer;;;Meio de Quadra;;Longo da via;0;1;0;1;0;0;0;0;0;0;0;0;0;(0 0);
365074;2020-11-28 17:50:00;RUA OSVALDO CRUZ (ALDEOTA), ;RUA SILVA JATAHY, ; ;;;Colisão;Anoitecer;;;Cruz;Pare;Cruzamento;0;1;1;1;1;0;0;0;0;0;0;0;0;(-38.497767 -3.727694);
365071;2020-11-28 17:27:00;AVENIDA GOV RAUL BARBOSA, ;, ; ;;;Queda;Anoitecer;;;Meio de Quadra;;Longo da via;0;1;0;0;0;0;0;0;0;1;0;0;0;(0 0);
365070;2020-11-28 17:01:00;RUA SALGADO FILHO, 52;, ; 52;;;Atropelamento;Anoitecer;;;Meio de Quadra;;Longo da via;0;1;1;1;0;0;0;0;0;0;0;0;0;(-38.5954504 -3.73950562);
365069;2020-11-28 16:52:00;RUA K UI 209, 61;, ; 61;;;Atropelamento;Luz do Dia;;;Meio de Quadra;;Longo da via;0;1;1;1;0;0;0;0;0;0;0;0;0;(0 0);
365068;2020-11-28 16:28:00;RUA BETEL, ;, ; ;;;Colisão;Luz do Dia;;;Meio de Quadra;;Longo da via;0;1;1;1;1;0;0;0;0;0;0;0;0;(0 0);
365067;2020-11-28 16:23:00;RUA PIERRE LUZ, 625;, ; 625;;;Colisão;Luz do Dia;;;Meio de Quadra;;Longo da via;0;1;1;1;1;0;0;0;0;0;0;0;0;(-38.58843 -3.72472);
362803;2020-11-28 16:22:00;AVENIDA DEP PAULINO ROCHA, ;RUA JACARANDA, ; ;;;Colisão Lateral;Luz do Dia;Bom;Seca;Meio de Quadra;Pare;Cruzamento;0;0;2;0;2;0;0;0;0;0;0;0;0;(-38.50777 -3.80268);
365066;2020-11-28 16:21:00;RUA CEL VIRGILIO NOGUEIRA (BOM JARDIM), ;RUA CEL FABRICIANO, ; ;;;Colisão;Luz do Dia;;;;;Cruzamento;0;1;1;1;1;0;0;0;0;0;0;0;0;(-38.60945 -3.791);
365065;2020-11-28 15:47:00;RUA JOHN LENNON, 605;, ; 605;;;Colisão;Luz do Dia;;;Meio de Quadra;;Longo da via;0;1;1;1;1;0;0;0;0;0;0;0;0;(-38.49037 -3.82054);
365064;2020-11-28 15:21:00;AVENIDA JOR THOMAZ COELHO, 2246;, ; 2246;;;Colisão;Luz do Dia;;;Meio de Quadra;;Longo da via;0;1;1;1;1;0;0;0;0;0;0;0;0;(-38.5152703 -3.82795941);
365062;2020-11-28 14:43:00;RUA DEMETRIO MENEZES, 3572;, ; 3572;;;Colisão;Luz do Dia;;;Meio de Quadra;;Longo da via;0;1;1;1;1;0;0;0;0;0;0;0;0;(-38.58425 -3.73488);
365061;2020-11-28 14:17:00;LOGRADOURO SEM NOME, ;, ; ;;;Queda;Luz do Dia;;;Meio de Quadra;;Longo da via;0;1;0;1;0;0;0;0;0;0;0;0;0;(0 0);
362802;2020-11-28 14:15:00;RUA OSCAR ARARIPE, ;RUA VALVERDE, ; ;;;Colisão Traseira;Luz do Dia;Bom;Seca;Cruz;Pare;Cruzamento;0;1;1;1;1;0;0;0;0;0;0;0;0;(-38.603864 -3.789748);
365060;2020-11-28 13:50:00;RUA TEN QUEIROZ, ;RUA MAJ CELESTINO, ; ;;;Colisão;Luz do Dia;;;;;Cruzamento;0;2;0;0;0;0;0;0;0;0;0;0;0;(-38.59526 -3.74579);
365059;2020-11-28 13:13:00;AVENIDA SANTOS DUMONT, 5225;, ; 5225;;;Colisão;Luz do Dia;;;Meio de Quadra;;Longo da via;0;1;1;1;1;0;0;0;0;0;0;0;0;(-38.485132 -3.740506);
365057;2020-11-28 13:11:00;RUA DES JOSE GIL DE CARVALHO, 161;, ; 161;;;Queda;Luz do Dia;;;Meio de Quadra;;Longo da via;0;1;0;1;0;0;0;0;0;0;0;0;0;(-38.4926217 -3.801466);
365052;2020-11-28 12:56:00;RUA CON DE CASTRO, ;RUA MONTE PASCOAL, ; ;;;Colisão;Luz do Dia;;;;;Cruzamento;0;1;1;1;1;0;0;0;0;0;0;0;0;(-38.594251 -3.807556);
365051;2020-11-28 12:46:00;RUA 6 PQ BOATAN, 1128;, ; 1128;;;Colisão;Luz do Dia;;;Meio de Quadra;;Longo da via;0;1;1;0;1;0;1;0;0;0;0;0;0;(0 0);
365050;2020-11-28 12:34:00;AVENIDA BAR STUDART, 303;, ; 303;;;Queda;Luz do Dia;;;Meio de Quadra;;Longo da via;0;1;0;0;0;0;0;0;0;1;0;0;0;(-38.50397 -3.726431);
362801;2020-11-28 12:05:00;AVENIDA ENG ALBERTO SA, 173;, ; 173;;;Colisão Lateral;Luz do Dia;Bom;Seca;Meio de Quadra;Semáforo;Longo da via;0;1;1;1;1;0;0;0;0;0;0;0;0;(-38.4811738 -3.73316297);
365049;2020-11-28 11:59:00;RUA CEL VIRGILIO NOGUEIRA (BOM JARDIM), 424;, ; 424;;;Colisão;Luz do Dia;;;Meio de Quadra;;Longo da via;0;2;0;0;0;0;0;0;0;0;0;0;0;(0 0);
364669;2020-11-28 11:10:00;AVENIDA SEN CARLOS JEREISSATI (AEROPORTO), ;, ; ;;;Colisão;Luz do Dia;;;Meio de Quadra;;Longo da via;0;0;2;0;2;0;0;0;0;0;0;0;0;(-38.544038 -3.779641);
365048;2020-11-28 11:05:00;RUA TEOFREDO GOIANA, 840;, ; 840;;;Colisão;Luz do Dia;;;Meio de Quadra;;Longo da via;0;1;1;1;1;0;0;0;0;0;0;0;0;(-38.5027195 -3.79450827);
365046;2020-11-28 10:37:00;RUA JOSE RANGEL, ;RUA ALMEIDA PRADO, ; ;;;Colisão;Luz do Dia;;;Cruz;Pare;Cruzamento;0;1;1;1;1;0;0;0;0;0;0;0;0;(-38.473315 -3.737957);
364670;2020-11-28 10:15:00;RD CE-040, ;, ; ;;;Choque c/ Obstáculo Fixo;Luz do Dia;;;Meio de Quadra;;Longo da via;0;0;1;0;1;0;0;0;0;0;0;0;0;(-38.48033084 -3.791613156);
365044;2020-11-28 09:54:00;RUA NEWTON CRAVEIRO, 120;, ; 120;;;Atropelamento;Luz do Dia;;;Meio de Quadra;;Longo da via;0;1;1;0;1;0;0;0;0;0;0;0;0;(-38.49981 -3.80951);
365041;2020-11-28 09:17:00;RUA LINS DO REGO, ;RUA COSTA FREIRE, ; ;;;Colisão;Luz do Dia;;;Cruz;Pare;Cruzamento;0;1;1;2;0;0;0;0;0;0;0;0;0;(-38.576684 -3.783248);
364094;2020-11-28 07:50:00;RD BR 116, 14000;, ; 14000;;;Atropelamento;Luz do Dia;;;Meio de Quadra;;Longo da via;1;1;0;0;1;0;0;0;0;0;0;0;0;(-38.499242 -3.873523);
365039;2020-11-28 07:31:00;AVENIDA PRS CASTELO BRANCO, 1999;, ; 1999;;;Colisão;Luz do Dia;;;Meio de Quadra;;Longo da via;0;1;1;1;1;0;0;0;0;0;0;0;0;(-38.54481 -3.7151);
362800;2020-11-28 05:06:00;RUA PRO DIAS DA ROCHA, ;RUA REPUBLICA DO LIBANO, ; ;;;Choque c/ Obstáculo Fixo;Amanhecer;Bom;Seca;Cruz;Pare;Cruzamento;0;1;1;0;1;0;0;0;0;0;0;0;0;(-38.490922 -3.733163);
365035;2020-11-28 03:12:00;RUA CEL JOAQUIM FRANKLIN, 530;, ; 530;;;Queda;;;;Meio de Quadra;;Longo da via;0;1;0;1;0;0;0;0;0;0;0;0;0;(-38.5911156 -3.74291957);
364673;2020-11-28 02:20:00;RD CE-025, ;, ; ;;;Choque c/ Obstáculo Fixo;;;;;;Longo da via;0;1;1;1;1;0;0;0;0;0;0;0;0;(-38.4700486 -3.807811443);
365034;2020-11-28 02:14:00;AVENIDA MON TABOSA, ;, ; ;;;Queda;;;;Meio de Quadra;;Longo da via;0;1;0;1;0;0;0;0;0;0;0;0;0;(0 0);
365033;2020-11-28 01:18:00;AVENIDA DR SILAS MUNGUBA, ;, ; ;;;Colisão;;;;Meio de Quadra;;Longo da via;0;1;1;1;1;0;0;0;0;0;0;0;0;(0 0);
365032;2020-11-27 23:14:00;AVENIDA WASHINGTON SOARES, 4567;, ; 4567;;;Queda;;;;Meio de Quadra;;Longo da via;0;1;0;1;0;0;0;0;0;0;0;0;0;(-38.479714 -3.798655);
365031;2020-11-27 23:06:00;AVENIDA SEN FERNANDES TAVORA, 44;, ; 44;;;Colisão;;;;Meio de Quadra;;Longo da via;0;2;1;1;1;0;0;0;0;0;0;0;0;(-38.60561 -3.75379);
365030;2020-11-27 22:54:00;RUA LAURO NOGUEIRA, ;RUA BATISTA DE OLIVEIRA, ; ;;;Colisão;;;;Cruz;Não Há Controle;Cruzamento;0;1;1;1;1;0;0;0;0;0;0;0;0;(-38.478301 -3.740086);
362799;2020-11-27 22:51:00;AVENIDA LINEU MACHADO, 1619;, ; 1619;;;Colisão;Via Iluminada;Bom;Seca;;;Longo da via;0;1;1;1;0;1;0;0;0;0;0;0;0;(-38.580904 -3.773624);
365027;2020-11-27 22:14:00;AVENIDA C CJ CEARA, 1829;, ; 1829;;;Queda;;;;Meio de Quadra;;Longo da via;0;1;0;1;0;0;0;0;0;0;0;0;0;(-38.615826 -3.774384);
365026;2020-11-27 21:16:00;AVENIDA BENJAMIM BRASIL, 339;, ; 339;;;Atropelamento;;;;Meio de Quadra;;Longo da via;0;1;1;0;1;0;0;0;0;0;0;0;0;(-38.570091182 -3.803865455);
365025;2020-11-27 21:05:00;RUA BETEL, ;, ; ;;;Atropelamento;;;;Meio de Quadra;;Longo da via;0;2;0;0;0;0;0;0;0;0;0;0;0;(0 0);
364743;2020-11-27 21:04:00;RUA VITAL BRASIL, ;RUA TAUBATE, ; ;;;Colisão;;;;Cruz;Pare;Cruzamento;0;1;1;1;1;0;0;0;0;0;0;0;0;(-38.597995 -3.778012);
365022;2020-11-27 20:03:00;AVENIDA CASTELO DE CASTRO, 82;, ; 82;;;Atropelamento;;;;Meio de Quadra;;Longo da via;0;1;1;1;0;0;0;0;0;0;0;0;0;(-38.5214485 -3.829482);
365019;2020-11-27 19:34:00;AVENIDA PRS CASTELO BRANCO, 4301;, ; 4301;;;Colisão;;;;Meio de Quadra;;Longo da via;0;2;0;2;0;0;0;0;0;0;0;0;0;(-38.5707723 -3.707541);
365018;2020-11-27 19:30:00;AVENIDA ARY THIERS, 579;, ; 579;;;Colisão;;;;Meio de Quadra;;Longo da via;0;2;0;0;0;0;0;0;0;0;0;0;0;(0 0);
362798;2020-11-27 18:54:00;RUA CASTRO E SILVA, ;RUA BAR RIO BRANCO, ; ;;;Colisão;Via Iluminada;Bom;Seca;Cruz;Semáforo;Cruzamento;0;1;2;0;1;0;0;1;0;0;0;0;0;(-38.527429 -3.723847);
365014;2020-11-27 17:56:00;AVENIDA ENG SANTANA JUNIOR, ;AVENIDA ENG ALBERTO SA, ; ;;;Colisão;Anoitecer;;;Cruz;Semáforo;Cruzamento;0;1;1;1;1;0;0;0;0;0;0;0;0;(-38.480624 -3.733357);
365012;2020-11-27 17:56:00;AVENIDA PRS COSTA E SILVA, ;, ; ;;;Colisão;Anoitecer;;;Meio de Quadra;;Longo da via;0;1;1;1;1;0;0;0;0;0;0;0;0;(0 0);
365010;2020-11-27 17:54:00;AVENIDA SIQUEIRA CAMPOS, 356;, ; 356;;;Colisão;Anoitecer;;;Meio de Quadra;;Longo da via;0;1;1;1;1;0;0;0;0;0;0;0;0;(-38.621012 -3.819381);
365008;2020-11-27 17:39:00;AVENIDA SGT HERMINIO SAMPAIO, 1798;, ; 1798;;;Colisão;Anoitecer;;;Meio de Quadra;;Longo da via;0;2;0;0;0;0;0;0;0;0;0;0;0;(-38.556885 -3.7257);
365007;2020-11-27 17:33:00;AVENIDA GAL OSORIO DE PAIVA, 6399;, ; 6399;;;Queda;Anoitecer;;;Meio de Quadra;;Longo da via;0;1;0;1;0;0;0;0;0;0;0;0;0;(-38.6059711 -3.8088987);
365006;2020-11-27 17:32:00;RUA AFONSO HENRIQUE, ;AVENIDA ODILON GUIMARAES, ; ;;;Colisão;Anoitecer;;;T;Pare;Cruzamento;0;2;1;1;1;0;0;0;0;0;0;0;0;(-38.48033 -3.82672);
365005;2020-11-27 17:19:00;AVENIDA DUQ CAXIAS, ;, ; ;;;Queda;Anoitecer;;;Meio de Quadra;;Longo da via;0;1;0;0;0;0;0;0;0;1;0;0;0;(0 0);
364744;2020-11-27 17:03:00;AVENIDA PRS CASTELO BRANCO, 901;, ; 901;;;Colisão;Anoitecer;;;Meio de Quadra;;Longo da via;0;1;1;1;1;0;0;0;0;0;0;0;0;(-38.53134654 -3.719760919);
364745;2020-11-27 16:32:00;RUA ANTONIO ALVES RIBEIRO, ;, ; ;;;Colisão;Luz do Dia;;;;;Longo da via;0;1;1;1;1;0;0;0;0;0;0;0;0;(0 0);
364672;2020-11-27 16:00:00;RD CE-040, ;, ; ;;;Colisão;Luz do Dia;;;Meio de Quadra;;Longo da via;0;0;3;0;3;0;0;0;0;0;0;0;0;(-38.47873348 -3.809596804);
364993;2020-11-27 15:59:00;RUA ESV AZEVEDO, ;, ; ;;;Colisão;Luz do Dia;;;Meio de Quadra;;Longo da via;0;1;1;0;2;0;0;0;0;0;0;0;0;(0 0);
364992;2020-11-27 15:43:00;RUA GAL CORDEIRO NETO, 712;, ; 712;;;Colisão;Luz do Dia;;;Meio de Quadra;;Longo da via;0;1;1;1;1;0;0;0;0;0;0;0;0;(-38.57209 -3.81061);
362797;2020-11-27 14:43:00;AVENIDA OLIVEIRA PAIVA, 2503;, ; 2503;;;Colisão Traseira;Luz do Dia;Bom;Seca;Meio de Quadra;Semáforo;Longo da via;0;1;1;1;0;0;0;1;0;0;0;0;0;(-38.484139 -3.796087);
364991;2020-11-27 14:33:00;RUA FRANCISCO MATIAS, ;, ; ;;;Choque c/ Obstáculo Fixo;Luz do Dia;;;Meio de Quadra;;Longo da via;0;1;0;0;1;0;0;0;0;0;0;0;0;(0 0);
364990;2020-11-27 14:32:00;AVENIDA CONTORNO NORTE D71, 1395;, ; 1395;;;Colisão;Luz do Dia;;;Meio de Quadra;;Longo da via;0;1;1;1;1;0;0;0;0;0;0;0;0;(-38.589473 -3.811796);
364989;2020-11-27 12:44:00;AVENIDA SEN FERNANDES TAVORA, ;AVENIDA LINEU MACHADO, ; ;;;Colisão;Luz do Dia;;;Cruz;Semáforo;Cruzamento;0;1;1;1;1;0;0;0;0;0;0;0;0;(-38.57654 -3.765199);
364988;2020-11-27 11:56:00;RUA PLANALTINA (PL AYRTON SENNA), ;RUA JOAQUIM CORREIA, ; ;;;Colisão;Luz do Dia;;;;;Cruzamento;0;1;1;1;1;0;0;0;0;0;0;0;0;(-38.568885 -3.835665);
364987;2020-11-27 11:49:00;AVENIDA DR JOAO MACIEL FILHO, 450;, ; 450;;;Queda;Luz do Dia;;;Meio de Quadra;;Longo da via;0;1;0;1;0;0;0;0;0;0;0;0;0;(-38.4959316 -3.78686671);
364986;2020-11-27 11:21:00;RUA ANDRADE FURTADO, ;RUA JOSE BORBA VASCONCELOS, ; ;;;Colisão;Luz do Dia;;;T;Pare;Cruzamento;0;1;1;1;1;0;0;0;0;0;0;0;0;(-38.47152 -3.74494);
362796;2020-11-27 11:17:00;AVENIDA HERACLITO GRACA, ;RUA RODRIGUES JUNIOR, ; ;;;Colisão Transversal;Luz do Dia;Bom;Seca;Meio de Quadra;Semáforo;Cruzamento;0;1;1;1;0;0;1;0;0;0;0;0;0;(-38.521831 -3.734374);
364983;2020-11-27 11:01:00;RUA DA FE, 196;, ; 196;;;Atropelamento;Luz do Dia;;;Meio de Quadra;;Longo da via;0;1;1;0;1;0;0;0;0;0;0;0;0;(-38.5578672 -3.71521336);
364671;2020-11-27 09:00:00;RD CE-060, ;, ; ;;;Colisão;Luz do Dia;;;Meio de Quadra;;Longo da via;0;1;1;1;1;0;0;0;0;0;0;0;0;(-38.582111 -3.834064);