COD_ACIDENTE;DATA;LOG1;LOG2;NUMERO;BAIRRO;AMC;NATUREZA;ILUMINACAO;TEMPO;SUPERFICIEPISTA;TIPOCRUZAMENTO;CONTROLETRAFEGO;USOSOLO;MORTOS;FERIDOS;ILESOS;MOTOCICLETA;AUTOMOVEL;MICROONIBUS;CAMINHAO;ONIBUS;CICLOMOTOR;BICICLETA;OUTROS;TREM;TRACAOANIMAL;COORDENADAS
364982;2020-11-27 08:43:00;RUA ROTARY, 183;, ; 183;;;Queda;Luz do Dia;;;Meio de Quadra;;Longo da via;0;1;0;0;0;0;0;0;0;1;0;0;0;(-38.5554339 -3.74185233);
364981;2020-11-27 08:08:00;AVENIDA CARAPINIMA, 2573;, ; 2573;;;Colisão;Luz do Dia;;;Meio de Quadra;;Longo da via;0;1;1;1;0;0;1;0;0;0;0;0;0;(0 0);
364978;2020-11-27 07:53:00;RUA VIANA DE CARVALHO, 50;, ; 50;;;Queda;Luz do Dia;;;Meio de Quadra;;Longo da via;0;1;0;1;0;0;0;0;0;0;0;0;0;(-38.554515 -3.72245978);
364976;2020-11-27 07:48:00;RUA BERNARDO MANUEL, ;AVENIDA PRS COSTA E SILVA, ; ;;;Colisão;Luz do Dia;;;Cruz;Semáforo;Cruzamento;0;2;0;0;0;0;0;0;0;0;0;0;0;(-38.558276 -3.821079);
362794;2020-11-27 07:38:00;AVENIDA JOSE JATAHY, ;AVENIDA JOSE BASTOS, ; ;;;Choque c/ Obstáculo Fixo;Luz do Dia;Bom;Seca;Outros;Não Há Controle;Cruzamento;0;1;1;1;0;0;1;0;0;0;0;0;0;(-38.54602 -3.72608);
362795;2020-11-27 07:36:00;RUA GUSTAVO SAMPAIO, ;RUA DOM LINO, ; ;;;Colisão Lateral;Luz do Dia;Bom;Seca;Cruz;Semáforo;Cruzamento;0;1;1;0;1;0;0;0;1;0;0;0;0;(-38.557313 -3.735435);
364975;2020-11-27 07:08:00;AVENIDA MOZART PINHEIRO DE LUCENA, 15;, ; 15;;;Colisão;Luz do Dia;;;Meio de Quadra;;Longo da via;0;1;1;1;1;0;0;0;0;0;0;0;0;(-38.59213 -3.70629);
362793;2020-11-27 03:42:00;AVENIDA ALM HENRIQUE SABOIA, ;, ; ;;;Choque c/ Obstáculo Fixo;Via Iluminada;Bom;Seca;Meio de Quadra;Não Há Controle;Longo da via;0;1;2;0;2;0;0;0;0;0;0;0;0;(0 0);
364947;2020-11-26 23:25:00;AVENIDA DR SILAS MUNGUBA, 3530;, ; 3530;;;Colisão;;;;Meio de Quadra;;Longo da via;0;2;0;0;0;0;0;0;0;0;0;0;0;(-38.542008 -3.789802714);
364948;2020-11-26 22:30:00;AVENIDA ROGACIANO LEITE, 2440;, ; 2440;;;Atropelamento;;;;Meio de Quadra;;Longo da via;0;1;1;0;1;0;0;0;0;0;0;0;0;(-38.500618 -3.7766862);
364949;2020-11-26 22:16:00;RUA PRO ALVARO COSTA, 356;, ; 356;;;Colisão;;;;Meio de Quadra;;Longo da via;0;1;1;1;1;0;0;0;0;0;0;0;0;(-38.46578 -3.72358);
364951;2020-11-26 22:12:00;RUA ALBERTO MAGNO, 548;, ; 548;;;Colisão;;;;Meio de Quadra;;Longo da via;0;1;2;1;1;0;0;0;0;0;0;0;0;(-38.5462286 -3.76057883);
364953;2020-11-26 21:05:00;RUA DALVA DE OLIVEIRA, 1295;, ; 1295;;;Colisão;;;;Meio de Quadra;;Longo da via;0;2;0;0;0;0;0;0;0;0;0;0;0;(-38.53069 -3.84337);
364746;2020-11-26 20:40:00;AVENIDA SANTOS DUMONT, ;, ; ;;;Colisão;;;;Meio de Quadra;;Longo da via;0;2;0;0;0;0;0;0;0;0;0;0;0;(0 0);
364955;2020-11-26 19:41:00;RUA PERGENTINO MAIA, 620;, ; 620;;;Colisão;;;;Meio de Quadra;;Longo da via;0;1;1;0;2;0;0;0;0;0;0;0;0;(-38.489058 -3.83138);
364957;2020-11-26 19:35:00;AVENIDA ALM HENRIQUE SABOIA, ;, ; ;;;Colisão;;;;Meio de Quadra;;Longo da via;0;2;1;1;1;0;0;0;0;0;0;0;0;(0 0);
364959;2020-11-26 18:43:00;RUA CON DE CASTRO, ;, ; ;;;Colisão;;;;Meio de Quadra;;Longo da via;0;1;1;1;1;0;0;0;0;0;0;0;0;(0 0);
364937;2020-11-26 18:40:00;AVENIDA MOZART PINHEIRO DE LUCENA, 131;, ; 131;;;Colisão;;;;Meio de Quadra;;Longo da via;0;2;0;1;1;0;0;0;0;0;0;0;0;(-38.5922 -3.70653);
364960;2020-11-26 18:40:00;RUA COM GARCIA, 967;, ; 967;;;Colisão;;;;Meio de Quadra;;Longo da via;0;1;1;1;1;0;0;0;0;0;0;0;0;(-38.5828102 -3.79271674);
364936;2020-11-26 18:14:00;AVENIDA SEN FERNANDES TAVORA, ;, ; ;;;Colisão;Anoitecer;;;Meio de Quadra;;Longo da via;0;2;0;2;0;0;0;0;0;0;0;0;0;(0 0);
364934;2020-11-26 17:37:00;AVENIDA ALM MAXIMIANO DA FONSECA, 1193;, ; 1193;;;Colisão;Anoitecer;;;Meio de Quadra;;Longo da via;0;2;0;1;1;0;0;0;0;0;0;0;0;(-38.485002 -3.771258);
364929;2020-11-26 17:27:00;RD BR 116, ;, ; ;;;Colisão;Anoitecer;;;Meio de Quadra;;Longo da via;0;2;0;1;1;0;0;0;0;0;0;0;0;(-38.503269 -3.822018);
364928;2020-11-26 16:37:00;RUA BAR ARATANHA, 225;, ; 225;;;Colisão;Luz do Dia;;;Meio de Quadra;;Longo da via;0;2;0;1;1;0;0;0;0;0;0;0;0;(-38.5270477 -3.73490694);
364927;2020-11-26 15:57:00;AVENIDA SGT HERMINIO SAMPAIO, ;RUA ERETIDES MARTINS, ; ;;;Colisão;Luz do Dia;;;;;Cruzamento;0;2;0;2;0;0;0;0;0;0;0;0;0;(-38.560489 -3.726371);
364925;2020-11-26 15:42:00;AVENIDA OLIVEIRA PAIVA, 1691;, ; 1691;;;Colisão;Luz do Dia;;;Meio de Quadra;;Longo da via;0;2;0;1;1;0;0;0;0;0;0;0;0;(-38.49136 -3.79584);
364924;2020-11-26 14:12:00;AVENIDA ANTONIO SALES, ;RUA SILVA PAULET, ; ;;;Atropelamento;Luz do Dia;;;Cruz;Semáforo;Cruzamento;0;1;0;0;1;0;0;0;0;0;0;0;0;(-38.508383 -3.743595);
364923;2020-11-26 14:12:00;RUA ERICO MOTA, 488;, ; 488;;;Colisão;Luz do Dia;;;Meio de Quadra;;Longo da via;0;4;0;0;0;0;0;0;0;0;0;0;0;(-38.5619385 -3.74051725);
364922;2020-11-26 14:05:00;RUA JOAQUIM NABUCO, ;RUA CANUTO DE AGUIAR, ; ;;;Colisão;Luz do Dia;;;Cruz;Pare;Cruzamento;0;2;0;1;1;0;0;0;0;0;0;0;0;(-38.49939 -3.72936);
362791;2020-11-26 13:45:00;AVENIDA JOVITA FEITOSA, ;RUA ERICO MOTA, ; ;;;Colisão Transversal;Luz do Dia;Bom;Seca;Cruz;Semáforo;Cruzamento;0;1;1;1;1;0;0;0;0;0;0;0;0;(-38.56185 -3.740938);
364921;2020-11-26 13:44:00;RUA TEN ELIEZER COSTA, ;RUA ANTONIO ARRUDA, ; ;;;Colisão;Luz do Dia;;;Cruz;Pare;Cruzamento;0;2;0;2;0;0;0;0;0;0;0;0;0;(-38.59105 -3.7101974);
362792;2020-11-26 13:34:00;RUA CARVALHO JUNIOR, ;RUA ALVARO BOMILCAR, ; ;;;Colisão Transversal;Luz do Dia;Bom;Seca;Cruz;Pare;Cruzamento;0;1;1;1;1;0;0;0;0;0;0;0;0;(-38.50971 -3.75845);
364916;2020-11-26 13:01:00;AVENIDA WASHINGTON SOARES, ;, ; ;;;Colisão;Luz do Dia;;;Meio de Quadra;;Longo da via;0;2;0;2;0;0;0;0;0;0;0;0;0;(0 0);
364903;2020-11-26 10:51:00;AVENIDA GOV RAUL BARBOSA, ;AVENIDA GAL MURILO BORGES, ; ;;;Colisão;Luz do Dia;;;;;Cruzamento;0;2;0;1;1;0;0;0;0;0;0;0;0;(-38.508802 -3.763977);
364902;2020-11-26 10:22:00;RUA LUIS GUIMARAES, 713;, ; 713;;;Colisão;Luz do Dia;;;Meio de Quadra;;Longo da via;0;1;1;1;1;0;0;0;0;0;0;0;0;(0 0);
364898;2020-11-26 10:09:00;RUA PDE PEDRO DE ALENCAR, 1971;, ; 1971;;;Colisão;Luz do Dia;;;Meio de Quadra;;Longo da via;0;2;0;0;0;0;0;0;0;0;0;0;0;(-38.49451 -3.8454275);
364893;2020-11-26 08:00:00;AVENIDA GAL OSORIO DE PAIVA, 1127;, ; 1127;;;Queda;Luz do Dia;;;Meio de Quadra;;Longo da via;0;1;0;1;0;0;0;0;0;0;0;0;0;(-38.57207319 -3.779145525);
364688;2020-11-26 07:58:00;AVENIDA ALANIS MARIA LAURINDO DE OLIVEIRA, 1150;, ; 1150;;;Colisão;Luz do Dia;;;Meio de Quadra;;Longo da via;0;1;0;0;0;0;0;0;0;0;1;0;0;(-38.609676 -3.7710953);
364891;2020-11-26 07:58:00;AVENIDA H CJ CEARA, 1150;, ; 1150;;;Colisão;Luz do Dia;;;Meio de Quadra;;Longo da via;0;1;0;0;0;0;0;0;0;0;1;0;0;(-38.608042 -3.775514);
364890;2020-11-26 07:45:00;RD BR 116, ;, ; ;;;Colisão;Luz do Dia;;;Meio de Quadra;;Longo da via;0;2;0;1;1;0;0;0;0;0;0;0;0;(-38.497727 -3.86467);
364886;2020-11-26 07:37:00;RUA PDE MIGUELINHO, 1369;, ; 1369;;;Colisão;Luz do Dia;;;Meio de Quadra;;Longo da via;0;2;0;1;1;0;0;0;0;0;0;0;0;(-38.53407 -3.74252);
364882;2020-11-26 06:57:00;RUA POMPILIO GOMES, 410;, ; 410;;;Colisão;Luz do Dia;;;Meio de Quadra;;Longo da via;0;2;0;1;1;0;0;0;0;0;0;0;0;(0 0);
364527;2020-11-26 06:21:00;RD BR 116, ;, ; ;;;Colisão;Luz do Dia;;;Meio de Quadra;;Longo da via;0;1;0;1;1;0;0;0;0;0;0;0;0;(0 0);
364526;2020-11-26 00:34:00;AVENIDA ENG ALBERTO SA, 220;, ; 220;;;Colisão;;;;Meio de Quadra;;Longo da via;0;1;0;1;1;0;0;0;0;0;0;0;0;(-38.47861 -3.733758);
364675;2020-11-26 00:30:00;AVENIDA SEN CARLOS JEREISSATI (AEROPORTO), ;, ; ;;;Capotamento;;;;Meio de Quadra;;Longo da via;0;0;1;0;1;0;0;0;0;0;0;0;0;(-38.544038 -3.779641);
364525;2020-11-26 00:30:00;RUA GUILHERME ROCHA, 1430;, ; 1430;;;Queda;;;;Meio de Quadra;;Longo da via;0;2;0;1;0;0;0;0;0;0;0;0;0;(-38.538762 -3.723475);
364448;2020-11-25 21:51:00;RUA EDMILSON BARROS DE OLIVEIRA, 125;, ; 125;;;Queda;;;;Meio de Quadra;;Longo da via;0;1;0;0;0;0;0;0;0;1;0;0;0;(0 0);
364445;2020-11-25 21:07:00;AVENIDA GOV RAUL BARBOSA, ;, ; ;;;Queda;;;;Meio de Quadra;;Longo da via;0;1;0;1;0;0;0;0;0;0;0;0;0;(0 0);
364444;2020-11-25 19:39:00;RUA MELO DE OLIVEIRA, 1392;, ; 1392;;;Colisão;;;;Meio de Quadra;;Longo da via;0;1;0;0;0;0;0;0;0;0;1;0;0;(-38.5805425 -3.7771065);
364443;2020-11-25 18:37:00;AVENIDA LINEU MACHADO, 246;, ; 246;;;Colisão;;;;Meio de Quadra;;Longo da via;0;1;0;1;1;0;0;0;0;0;0;0;0;(-38.5752185 -3.7627065);
364442;2020-11-25 18:30:00;RUA LUCIANO DE QUEIROS, 1751;, ; 1751;;;Colisão;Anoitecer;;;Meio de Quadra;;Longo da via;0;1;0;1;1;0;0;0;0;0;0;0;0;(-38.5861097 -3.77364623);
364440;2020-11-25 18:23:00;AVENIDA SEN FERNANDES TAVORA, ;, ; ;;;Atropelamento;Anoitecer;;;Meio de Quadra;;Longo da via;0;1;0;1;0;0;0;0;0;0;0;0;0;(0 0);
364439;2020-11-25 18:12:00;RUA VIS CAUIPE, 165;, ; 165;;;Colisão;Anoitecer;;;Meio de Quadra;;Longo da via;0;2;0;1;1;0;0;0;0;0;0;0;0;(-38.57991818 -3.775015059);
364438;2020-11-25 17:04:00;RUA ESTEVAO DE CAMPOS, 549;, ; 549;;;Colisão;Anoitecer;;;Meio de Quadra;;Longo da via;0;2;0;2;0;0;0;0;0;0;0;0;0;(-38.580202 -3.704824);
364437;2020-11-25 16:21:00;RUA JOSE HIPOLITO, 1251;, ; 1251;;;Não informado;Luz do Dia;;;Meio de Quadra;;Longo da via;0;1;0;1;0;0;0;0;0;0;0;0;0;(-38.485183 -3.836172);
364872;2020-11-25 16:20:00;RUA CANDIDO CASTELO BRANCO, 830;, ; 830;;;Colisão;Luz do Dia;;;Meio de Quadra;;Longo da via;0;2;0;0;2;0;0;0;0;0;0;0;0;(0 0);
364674;2020-11-25 15:00:00;RD CE-040, ;, ; ;;;Colisão;Luz do Dia;;;Meio de Quadra;;Longo da via;0;0;2;1;1;0;0;0;0;0;0;0;0;(-38.48088284 -3.84257666);
362790;2020-11-25 14:36:00;RUA DOM HENRIQUE, ;RUA MON AGOSTINHO, ; ;;;Colisão Lateral;Luz do Dia;Bom;Seca;Cruz;Pare;Cruzamento;0;2;0;2;0;0;0;0;0;0;0;0;0;(-38.581683 -3.787384);
364354;2020-11-25 14:31:00;AVENIDA CONTORNO NORTE D71, ;, ; ;;;Queda;Luz do Dia;;;Meio de Quadra;;Longo da via;0;1;0;1;0;0;0;0;0;0;0;0;0;(0 0);
364352;2020-11-25 14:05:00;AVENIDA ALM HENRIQUE SABOIA, ;, ; ;;;Colisão;Luz do Dia;;;Meio de Quadra;;Longo da via;0;1;0;1;0;0;0;0;0;0;0;0;0;(0 0);
364353;2020-11-25 14:05:00;AVENIDA ALM HENRIQUE SABOIA, ;, ; ;;;Queda;Luz do Dia;;;Meio de Quadra;;Longo da via;0;1;0;1;0;0;0;0;0;0;0;0;0;(0 0);
364351;2020-11-25 12:10:00;AVENIDA MR HULL, 5286;, ; 5286;;;Colisão;Luz do Dia;;;Meio de Quadra;;Longo da via;0;1;0;2;0;0;0;0;0;0;0;0;0;(-38.591639 -3.739677);
364747;2020-11-25 11:00:00;AVENIDA ANTONIO SALES, ;RUA PRO DIAS DA ROCHA, ; ;;;Colisão;Luz do Dia;;;Cruz;Pare;Cruzamento;0;0;2;0;2;0;0;0;0;0;0;0;0;(-38.495535 -3.747586);
364350;2020-11-25 10:15:00;AVENIDA IMPERADOR, 373;, ; 373;;;Queda;Luz do Dia;;;Meio de Quadra;;Longo da via;0;1;0;1;0;0;0;0;0;0;0;0;0;(-38.5335381 -3.72410332);
364349;2020-11-25 09:50:00;RUA PRO EDGAR DE ARRUDA, ;RUA ARACAJU, ; ;;;Colisão;Luz do Dia;;;Cruz;Pare;Cruzamento;0;1;0;1;1;0;0;0;0;0;0;0;0;(-38.586324 -3.757416);
364348;2020-11-25 09:45:00;RUA JOSE CARLOS GURGEL NOGUEIRA, 125;, ; 125;;;Colisão;Luz do Dia;;;Meio de Quadra;;Longo da via;0;1;0;2;0;0;0;0;0;0;0;0;0;(-38.47386 -3.732973);
364347;2020-11-25 09:35:00;RUA DES GOMES PARENTE, 1478;, ; 1478;;;Colisão;Luz do Dia;;;;;Longo da via;0;1;0;1;1;0;0;0;0;0;0;0;0;(0 0);
364346;2020-11-25 08:57:00;AVENIDA IMPERADOR, 1397;, ; 1397;;;Colisão;Luz do Dia;;;Meio de Quadra;;Longo da via;0;1;0;2;0;0;0;0;0;0;0;0;0;(-38.536277 -3.73339);
364345;2020-11-25 08:49:00;RUA NATAL, ;AVENIDA SEN FERNANDES TAVORA, ; ;;;Colisão;Luz do Dia;;;Cruz;Não Há Controle;Cruzamento;0;1;0;2;0;0;0;0;0;0;0;0;0;(-38.590172 -3.757915);
364344;2020-11-25 08:48:00;RUA VALPARAISO, 1910;, ; 1910;;;Colisão;Luz do Dia;;;Meio de Quadra;;Longo da via;0;1;0;1;1;0;0;0;0;0;0;0;0;(-38.51851 -3.846452);
362789;2020-11-25 08:45:00;AVENIDA IMPERADOR, 1367;, ; 1367;;;Colisão Traseira;Luz do Dia;Chuva;Molhada;Meio de Quadra;Não Há Controle;Longo da via;0;0;3;0;3;0;0;0;0;0;0;0;0;(-38.536179 -3.733045);
364342;2020-11-25 08:21:00;RUA ALUISIO AZEVEDO, ;, ; ;;;Colisão;Luz do Dia;;;Meio de Quadra;;Longo da via;0;1;0;1;1;0;0;0;0;0;0;0;0;(0 0);
364341;2020-11-25 08:06:00;AVENIDA SGT HERMINIO SAMPAIO, 853;, ; 853;;;Queda;Luz do Dia;;;Meio de Quadra;;Longo da via;0;1;0;1;0;0;0;0;0;0;0;0;0;(-38.5483281 -3.724537);
364340;2020-11-25 08:05:00;RUA BETEL, 2385;, ; 2385;;;Colisão;Luz do Dia;;;Meio de Quadra;;Longo da via;0;1;0;1;1;0;0;0;0;0;0;0;0;(0 0);
364339;2020-11-25 08:02:00;RUA PRO HERIBALDO COSTA, ;RUA PRO PAULO LOPES, ; ;;;Colisão;Luz do Dia;;;T;Pare;Cruzamento;0;1;1;1;1;0;0;0;0;0;0;0;0;(-38.5828 -3.75802);
364338;2020-11-25 07:50:00;AVENIDA DR SILAS MUNGUBA, 5050;, ; 5050;;;Queda;Luz do Dia;;;Meio de Quadra;;Longo da via;0;1;0;1;0;0;0;0;0;0;0;0;0;(-38.53148158 -3.797488788);
364337;2020-11-25 07:47:00;AVENIDA GAL OSORIO DE PAIVA, ;, ; ;;;Queda;Luz do Dia;;;Meio de Quadra;;Longo da via;0;1;0;1;0;0;0;0;0;0;0;0;0;(0 0);
364336;2020-11-25 07:32:00;AVENIDA ALM HENRIQUE SABOIA, ;, ; ;;;Queda;Luz do Dia;;;Meio de Quadra;;Longo da via;0;1;0;1;0;0;0;0;0;0;0;0;0;(0 0);
364335;2020-11-25 07:04:00;RUA GUANABARA, 841;, ; 841;;;Colisão;Luz do Dia;;;Meio de Quadra;;Longo da via;0;1;0;0;1;0;0;0;0;1;0;0;0;(-38.5698922 -3.75830643);
364334;2020-11-25 06:42:00;AVENIDA HIS RAIMUNDO GIRAO, 129;, ; 129;;;Queda;Luz do Dia;;;Meio de Quadra;;Longo da via;0;1;0;1;0;0;0;0;0;0;0;0;0;(-38.5142 -3.72035);
364333;2020-11-25 06:12:00;AVENIDA SEN CARLOS JEREISSATI (AEROPORTO), ;, ; ;;;Colisão;Luz do Dia;;;Meio de Quadra;;Longo da via;0;2;0;2;0;0;0;0;0;0;0;0;0;(0 0);
362788;2020-11-25 01:35:00;RUA CICERO ALVES SOUZA, 101;, ; 101;;;Colisão Traseira;Via Iluminada;Nublado;Molhada;Meio de Quadra;Não Há Controle;Longo da via;0;2;0;0;2;0;0;0;0;0;0;0;0;(-38.4991703 -3.79302459);
364436;2020-11-25 00:00:00;RUA BERNARDO MANUEL, 10935;, ; 10935;;;Colisão;Luz do Dia;;;Meio de Quadra;;Longo da via;0;1;0;0;0;0;0;0;0;0;1;0;0;(-38.55624963 -3.81459128);
364332;2020-11-24 22:05:00;RUA JORGE FIGUEIREDO (ANCURI), 2733;, ; 2733;;;Colisão;;;;Meio de Quadra;;Longo da via;0;2;0;2;0;0;0;0;0;0;0;0;0;(-38.52247 -3.88705);
362786;2020-11-24 21:01:00;RUA ERNESTO PEDRO SANTOS, 715;, ; 715;;;Colisão Lateral;Via Iluminada;Bom;Seca;;;Longo da via;0;0;2;1;0;0;0;1;0;0;0;0;0;(-38.5774811 -3.76488884);
362785;2020-11-24 20:43:00;AVENIDA ROGACIANO LEITE, 2001;, ; 2001;;;Colisão Lateral;Via Iluminada;Bom;Seca;Meio de Quadra;Não Há Controle;Longo da via;0;1;1;1;1;0;0;0;0;0;0;0;0;(-38.498551 -3.772065);
364331;2020-11-24 20:40:00;AVENIDA FRANCISCO SA, 4521;, ; 4521;;;Colisão;;;;Meio de Quadra;;Longo da via;0;1;0;0;0;0;0;0;0;0;1;0;0;(-38.565016 -3.714822);
364330;2020-11-24 20:17:00;RUA SGT JOAO PINHEIRO, ;, ; ;;;Colisão;;;;Meio de Quadra;;Longo da via;0;1;0;1;1;0;0;0;0;0;0;0;0;(0 0);
364847;2020-11-24 20:12:00;AVENIDA CEL CARVALHO, 1700;, ; 1700;;;Queda;;;;Meio de Quadra;;Longo da via;0;1;0;1;0;0;0;0;0;0;0;0;0;(-38.587938 -3.717512);
364328;2020-11-24 19:46:00;RD BR 116, ;, ; ;;;Colisão;;;;Meio de Quadra;;Longo da via;0;2;0;1;1;0;0;0;0;0;0;0;0;(0 0);
364846;2020-11-24 18:38:00;RUA ERNESTO PEDRO SANTOS, 650;, ; 650;;;Colisão;;;;Meio de Quadra;;Longo da via;0;2;0;1;1;0;0;0;0;0;0;0;0;(-38.5777621 -3.76541633);
364326;2020-11-24 18:13:00;RD BR 116, ;RUA STA EFIGENIA, ; ;;;Colisão;Anoitecer;;;;;Cruzamento;0;1;0;1;0;0;0;0;0;0;1;0;0;(-38.501375 -3.838768);
364325;2020-11-24 17:36:00;RUA BELEM, ;RUA PORTO ALEGRE, ; ;;;Colisão;Anoitecer;;;Cruz;Pare;Cruzamento;0;1;0;1;1;0;0;0;0;0;0;0;0;(-38.593146 -3.758893);
364324;2020-11-24 17:01:00;RUA VINTE E QUATRO DE MAIO, 411;, ; 411;;;Colisão;Anoitecer;;;Meio de Quadra;;Longo da via;0;1;0;1;1;0;0;0;0;0;0;0;0;(-38.5314583 -3.72525997);
362782;2020-11-24 16:56:00;AVENIDA CARAPINIMA, 1783;, ; 1783;;;Colisão Transversal;Luz do Dia;Bom;Seca;Outros;Não Há Controle;Longo da via;0;2;0;2;0;0;0;0;0;0;0;0;0;(-38.537423 -3.737277);
364267;2020-11-24 16:41:00;AVENIDA PONTES VIEIRA, ;RUA VIS MAUA, ; ;;;Colisão;Luz do Dia;;;Cruz;Semáforo;Cruzamento;0;1;0;1;1;0;0;0;0;0;0;0;0;(-38.504401 -3.751653);
362783;2020-11-24 16:29:00;AVENIDA LAURO VIEIRA CHAVES, ;RUA JOSE FELICIO, ; ;;;Colisão Lateral;Luz do Dia;Bom;Seca;T;Pare;Cruzamento;0;0;2;0;2;0;0;0;0;0;0;0;0;(-38.539334 -3.772064);
362780;2020-11-24 16:00:00;AVENIDA DUQ CAXIAS, 144;, ; 144;;;Atropelamento;Luz do Dia;Bom;Seca;Meio de Quadra;Não Há Controle;Longo da via;0;2;0;1;0;0;0;0;0;0;0;0;0;(-38.52582 -3.73302);
364266;2020-11-24 15:00:00;AVENIDA ROGACIANO LEITE, ;AVENIDA WASHINGTON SOARES, ; ;;;Colisão;Luz do Dia;;;;;Cruzamento;0;1;2;1;1;0;0;0;0;0;0;0;0;(-38.491477 -3.756482);
362781;2020-11-24 15:00:00;RUA VICENTE LEITE, 1154;, ; 1154;;;Choque c/ Obstáculo Fixo;Luz do Dia;Bom;Seca;Meio de Quadra;Não Há Controle;Longo da via;0;1;0;1;1;0;0;0;0;0;0;0;0;(-38.4953327 -3.73691211);
364262;2020-11-24 13:39:00;AVENIDA IMPERADOR, 1738;, ; 1738;;;Colisão;Luz do Dia;;;Meio de Quadra;;Longo da via;0;1;0;1;1;0;0;0;0;0;0;0;0;(-38.53719 -3.73645655);
364261;2020-11-24 13:24:00;AVENIDA CARAPINIMA, ;, ; ;;;Queda;Luz do Dia;;;Meio de Quadra;;Longo da via;0;1;0;1;0;0;0;0;0;0;0;0;0;(0 0);
364691;2020-11-24 13:15:00;AVENIDA SEN CARLOS JEREISSATI (AEROPORTO), 3000;, ; 3000;;;Colisão;Luz do Dia;;;Meio de Quadra;;Longo da via;0;0;2;0;2;0;0;0;0;0;0;0;0;(-38.544038 -3.779641);
364259;2020-11-24 12:41:00;AVENIDA DOS EXPEDICIONARIOS, 3489;, ; 3489;;;Queda;Luz do Dia;;;Meio de Quadra;;Longo da via;0;1;0;1;0;0;0;0;0;0;0;0;0;(-38.536849 -3.750712);
364258;2020-11-24 11:58:00;RUA COS LAFAYETE, 586;, ; 586;;;Colisão;Luz do Dia;;;Meio de Quadra;;Longo da via;0;1;0;0;0;0;0;0;0;0;1;0;0;(-38.5834378 -3.71791941);
364689;2020-11-24 11:50:00;RD CE-025, ;, ; ;;;Engavetamento;Luz do Dia;;;Meio de Quadra;;Longo da via;0;0;3;0;2;0;0;0;0;0;0;0;0;(-38.45224656 -3.805889179);
364690;2020-11-24 10:30:00;AVENIDA SEN CARLOS JEREISSATI (AEROPORTO), ;, ; ;;;Colisão;Luz do Dia;;;Meio de Quadra;;Longo da via;0;0;2;0;2;0;0;0;0;0;0;0;0;(-38.544038 -3.779641);
364327;2020-11-24 10:19:00;RUA DESCARTES BRAGA, 171;, ; 171;;;Colisão;Luz do Dia;;;Meio de Quadra;;Longo da via;0;1;0;1;1;0;0;0;0;0;0;0;0;(-38.61019 -3.79536);
364748;2020-11-24 08:50:00;AVENIDA JOSE JATAHY, ;AVENIDA BEZERRA DE MENEZES, ; ;;;Colisão;Luz do Dia;;;Cruz;Semáforo;Cruzamento;0;1;1;1;0;0;1;0;0;0;0;0;0;(-38.5450206 -3.7315183);
362779;2020-11-24 08:30:00;AVENIDA JOSE BASTOS, 3512;, ; 3512;;;Colisão Lateral;Luz do Dia;Chuva;Seca;Meio de Quadra;Não Há Controle;Longo da via;0;1;1;1;1;0;0;0;0;0;0;0;0;(-38.550348 -3.749887);
363990;2020-11-24 08:00:00;AVENIDA JOAO PESSOA, ;RUA ANTONIO MARTINS, ; ;;;Colisão Transversal;Luz do Dia;;;T;Gesto;Cruzamento;1;2;0;2;0;0;0;0;0;0;0;0;0;(-38.552153 -3.755443);
364257;2020-11-24 07:36:00;AVENIDA AGUANAMBI, ;, ; ;;;Colisão;Luz do Dia;;;Meio de Quadra;;Longo da via;0;1;0;0;2;0;0;0;0;0;0;0;0;(0 0);
364749;2020-11-24 07:00:00;AVENIDA 13 DE MAIO, 360;, ; 360;;;Colisão;Luz do Dia;;;Meio de Quadra;;Longo da via;0;0;2;0;2;0;0;0;0;0;0;0;0;(-38.52475 -3.753242);
364256;2020-11-24 01:26:00;AVENIDA FRE CIRILO, 3481;, ; 3481;;;Queda;;;;Meio de Quadra;;Longo da via;0;1;0;1;0;0;0;0;0;0;0;0;0;(-38.49841 -3.815042);
364751;2020-11-24 01:00:00;AVENIDA H UI 508, 2959;, ; 2959;;;Colisão;;;;Meio de Quadra;;Longo da via;0;0;2;0;2;0;0;0;0;0;0;0;0;(-38.60472 -3.77492);
364255;2020-11-24 00:17:00;RUA MON HIPOLITO BRASIL, 1200;, ; 1200;;;Colisão;;;;Meio de Quadra;;Longo da via;0;1;0;0;0;0;0;0;0;0;1;0;0;(-38.581469 -3.757485);
364791;2020-11-23 23:33:00;RUA VIS CAIRU, 468;, ; 468;;;Queda;;;;Meio de Quadra;;Longo da via;0;1;0;1;0;0;0;0;0;0;0;0;0;(-38.46467 -3.72676);
364757;2020-11-23 21:22:00;RUA MINAS GERAIS, 900;, ; 900;;;Colisão;;;;;;Longo da via;0;2;1;0;1;0;0;0;0;0;0;0;0;(-38.5645583 -3.75523706);
362778;2020-11-23 20:50:00;RUA NAT FEIJO, ;RUA GERSON FARIAS, ; ;;;Colisão Transversal;Via Iluminada;Bom;Seca;Duplo T;Não Há Controle;Cruzamento;0;1;1;1;1;0;0;0;0;0;0;0;0;(-38.552399 -3.722386);
364800;2020-11-23 19:32:00;AVENIDA MR HULL, ;, ; ;;;Colisão;;;;Meio de Quadra;;Longo da via;0;1;1;0;2;0;0;0;0;0;0;0;0;(0 0);