COD_ACIDENTE;DATA;LOG1;LOG2;NUMERO;BAIRRO;AMC;NATUREZA;ILUMINACAO;TEMPO;SUPERFICIEPISTA;TIPOCRUZAMENTO;CONTROLETRAFEGO;USOSOLO;MORTOS;FERIDOS;ILESOS;MOTOCICLETA;AUTOMOVEL;MICROONIBUS;CAMINHAO;ONIBUS;CICLOMOTOR;BICICLETA;OUTROS;TREM;TRACAOANIMAL;COORDENADAS
364802;2020-11-23 18:59:00;AVENIDA ODILON GUIMARAES, ;, ; ;;;Colisão;;;;Meio de Quadra;;Longo da via;0;2;0;2;0;0;0;0;0;0;0;0;0;(0 0);
364804;2020-11-23 18:54:00;RUA RAIMUNDO MATIAS, 754;, ; 754;;;Colisão;;;;Meio de Quadra;;Longo da via;0;1;1;1;1;0;0;0;0;0;0;0;0;(-38.50806 -3.88896);
364805;2020-11-23 18:39:00;RUA PORTO VELHO, ;RUA SAO LUIS D30, ; ;;;Colisão;;;;Cruz;Outros;Cruzamento;0;1;1;1;1;0;0;0;0;0;0;0;0;(-38.59403 -3.76219);
364806;2020-11-23 17:42:00;LOGRADOURO SEM NOME, ;, ; ;;;Queda;Anoitecer;;;Meio de Quadra;;Longo da via;0;1;0;1;0;0;0;0;0;0;0;0;0;(0 0);
364807;2020-11-23 16:53:00;AVENIDA PRS COSTA E SILVA, ;, ; ;;;Atropelamento;Luz do Dia;;;Meio de Quadra;;Longo da via;0;1;1;0;0;0;0;1;0;0;0;0;0;(0 0);
364808;2020-11-23 16:52:00;AVENIDA GENIBAU, 615;, ; 615;;;Queda;Luz do Dia;;;Meio de Quadra;;Longo da via;0;1;0;1;0;0;0;0;0;0;0;0;0;(-38.6002958 -3.76070756);
364810;2020-11-23 16:15:00;RUA CEL MATOS DOURADO, 228;, ; 228;;;Colisão;Luz do Dia;;;Meio de Quadra;;Longo da via;0;1;1;1;1;0;0;0;0;0;0;0;0;(-38.5852135 -3.740878);
364694;2020-11-23 15:40:00;RD CE-040, ;, ; ;;;Colisão;Luz do Dia;;;Meio de Quadra;;Longo da via;0;0;2;0;1;0;0;1;0;0;0;0;0;(-38.47873348 -3.809596804);
364811;2020-11-23 15:25:00;RUA JULIO SILVA, 440;, ; 440;;;Queda;Luz do Dia;;;Meio de Quadra;;Longo da via;0;1;0;1;0;0;0;0;0;0;0;0;0;(-38.45462 -3.74537);
362777;2020-11-23 14:44:00;AVENIDA JOSE BASTOS, ;RUA TAVARES IRACEMA, ; ;;;Colisão Transversal;Luz do Dia;Bom;Seca;T;Não Há Controle;Cruzamento;0;1;2;1;2;0;0;0;0;0;0;0;0;(-38.55277 -3.752313);
364812;2020-11-23 14:43:00;RUA PLANALTINA (PL AYRTON SENNA), 1690;, ; 1690;;;Colisão;Luz do Dia;;;Meio de Quadra;;Longo da via;0;1;1;2;0;0;0;0;0;0;0;0;0;(-38.57117 -3.83661);
364814;2020-11-23 13:57:00;RUA MANUEL DE QUEIROZ, ;RUA BENTO ALBUQUERQUE, ; ;;;Colisão;Luz do Dia;;;Cruz;Pare;Cruzamento;0;1;1;1;1;0;0;0;0;0;0;0;0;(-38.467393 -3.748837);
364692;2020-11-23 13:45:00;RD CE-025, ;, ; ;;;Colisão;Luz do Dia;;;;;Longo da via;0;1;1;1;0;0;1;0;0;0;0;0;0;(-38.44333873 -3.805111679);
362776;2020-11-23 13:35:00;RUA CURITIBA, ;RUA PRO MIRAMAR DA PONTE, ; ;;;Colisão Transversal;Luz do Dia;Bom;Seca;Cruz;Pare;Cruzamento;0;1;1;1;1;0;0;0;0;0;0;0;0;(-38.584628 -3.759586);
362775;2020-11-23 11:15:00;RUA ALUISIO AZEVEDO, 460;, ; 460;;;Colisão Lateral;Luz do Dia;Bom;Seca;Meio de Quadra;Não Há Controle;Longo da via;0;1;1;1;1;0;0;0;0;0;0;0;0;(-38.5772431 -3.77122714);
362774;2020-11-23 10:38:00;AVENIDA ENG ALBERTO SA, 620;RUA JOSE CARLOS GURGEL NOGUEIRA, ; 620;;;Colisão Transversal;Luz do Dia;Bom;Seca;Meio de Quadra;Semáforo;Cruzamento;0;1;1;1;1;0;0;0;0;0;0;0;0;(-38.475012 -3.7348);
364819;2020-11-23 10:26:00;AVENIDA JOAO DE ARAUJO LIMA, 2161;, ; 2161;;;Colisão;Luz do Dia;;;Meio de Quadra;;Longo da via;0;1;1;1;1;0;0;0;0;0;0;0;0;(-38.562347 -3.84106);
364821;2020-11-23 10:24:00;RUA FRE TEOBALDO, ;RUA COS GOUVEIA, ; ;;;Colisão;Luz do Dia;;;Cruz;Pare;Cruzamento;0;1;1;1;1;0;0;0;0;0;0;0;0;(-38.56213 -3.716611);
362773;2020-11-23 10:09:00;AVENIDA DOMINGOS OLIMPIO, ;RUA DOM GERONIMO, ; ;;;Colisão Lateral;Luz do Dia;Nublado;Molhada;Cruz;Pare;Cruzamento;0;2;0;1;0;0;0;0;0;0;0;0;0;(-38.54346 -3.73321);
362771;2020-11-23 09:58:00;RUA MARIA GOMES DE SA, 1330;, ; 1330;;;Colisão Lateral;Luz do Dia;Bom;Seca;T;Não Há Controle;Longo da via;0;0;1;1;1;0;0;0;0;0;0;0;0;(-38.5828585 -3.82476);
364824;2020-11-23 09:35:00;RUA DOM JERONIMO D06, 382;, ; 382;;;Colisão;Luz do Dia;;;Meio de Quadra;;Longo da via;0;1;1;1;1;0;0;0;0;0;0;0;0;(-38.5431456 -3.73474596);
364825;2020-11-23 09:33:00;AVENIDA ENG HUMBERTO MONTE, ;RUA PAPI JUNIOR, ; ;;;Queda;Luz do Dia;;;Cruz;Pare;Cruzamento;0;1;0;1;0;0;0;0;0;0;0;0;0;(-38.557697 -3.752552);
364826;2020-11-23 09:08:00;AVENIDA ANTONIO SALES, 3410;, ; 3410;;;Queda;Luz do Dia;;;Meio de Quadra;;Longo da via;0;1;0;1;0;0;0;0;0;0;0;0;0;(-38.494494 -3.747916);
364827;2020-11-23 09:06:00;RUA PRO HERIBALDO COSTA, 768;, ; 768;;;Colisão;Luz do Dia;;;Meio de Quadra;;Longo da via;0;1;1;1;1;0;0;0;0;0;0;0;0;(-38.583594 -3.759504);
362768;2020-11-23 08:53:00;AVENIDA FRE CIRILO, 4141;, ; 4141;;;Não informado;Luz do Dia;Nublado;Seca;Meio de Quadra;Semáforo;Longo da via;0;2;0;0;1;0;0;1;0;0;0;0;0;(-38.4959 -3.82052);
362769;2020-11-23 08:46:00;AVENIDA LAURO VIEIRA CHAVES, 1538;, ; 1538;;;Colisão Traseira;Luz do Dia;Bom;Seca;Meio de Quadra;Não Há Controle;Longo da via;0;1;1;0;1;0;0;0;0;1;0;0;0;(-38.5412236 -3.77173394);
364823;2020-11-23 08:39:00;RUA AMADEU FURTADO, 726;, ; 726;;;Colisão;Luz do Dia;;;Meio de Quadra;;Longo da via;0;1;1;1;1;0;0;0;0;0;0;0;0;(-38.5627873 -3.74171181);
362770;2020-11-23 08:32:00;AVENIDA SGT HERMINIO SAMPAIO, ;AVENIDA DR THEBERGE, ; ;;;Colisão Lateral;Luz do Dia;Bom;Seca;Cruz;Semáforo;Cruzamento;0;1;1;1;0;0;1;0;0;0;0;0;0;(-38.569276 -3.727916);
362772;2020-11-23 08:12:00;RUA MON CATAO, ;RUA MARCOS MACEDO, ; ;;;Não informado;Luz do Dia;Bom;Seca;Cruz;Pare;Cruzamento;0;2;0;0;2;0;0;0;0;0;0;0;0;(-38.48993 -3.7368498);
364828;2020-11-23 07:07:00;AVENIDA BEIRA MAR, ;RUA JULIO IBIAPINA, ; ;;;Atropelamento;Luz do Dia;;;;Não Há Controle;Cruzamento;0;1;1;0;0;0;0;0;0;1;0;0;0;(-38.491503 -3.725637);
364829;2020-11-23 06:48:00;AVENIDA GAL OSORIO DE PAIVA, 1470;, ; 1470;;;Colisão;Luz do Dia;;;Meio de Quadra;;Longo da via;0;1;1;1;1;0;0;0;0;0;0;0;0;(-38.57487539 -3.780930091);
364693;2020-11-23 06:40:00;RD CE-040, ;, ; ;;;Colisão;Luz do Dia;;;Meio de Quadra;;Longo da via;0;0;2;1;1;0;0;0;0;0;0;0;0;(-38.48246582 -3.834450897);
364830;2020-11-23 00:26:00;RUA BERNARDO MANUEL, 10970;, ; 10970;;;Queda;;;;Meio de Quadra;;Longo da via;0;1;0;1;0;0;0;0;0;0;0;0;0;(-38.5564719 -3.815326);
364831;2020-11-22 22:47:00;RUA LUIZ FCO XAVIER, 1168;, ; 1168;;;Queda;;;;Meio de Quadra;;Longo da via;0;1;0;1;0;0;0;0;0;0;0;0;0;(-38.48777 -3.84988);
364832;2020-11-22 21:34:00;RUA 860 CJ CEARA, ;, ; ;;;Atropelamento;;;;Meio de Quadra;;Longo da via;0;1;1;0;1;0;0;0;0;0;0;0;0;(0 0);
364833;2020-11-22 21:26:00;RUA DAURA, 933;, ; 933;;;Queda;;;;Meio de Quadra;;Longo da via;0;1;0;1;0;0;0;0;0;0;0;0;0;(-38.511704 -3.8224095);
364835;2020-11-22 21:09:00;AVENIDA SEN FERNANDES TAVORA, 976;, ; 976;;;Atropelamento;;;;Meio de Quadra;;Longo da via;0;1;1;0;1;0;0;0;0;0;0;0;0;(-38.581834 -3.76236625);
364834;2020-11-22 20:59:00;RUA MARGINAL VERDE OESTE, 245;, ; 245;;;Queda;;;;Meio de Quadra;;Longo da via;0;1;0;1;0;0;0;0;0;0;0;0;0;(-38.58983 -3.77723);
362767;2020-11-22 20:22:00;RUA DOM MAURICIO, 450;, ; 450;;;Colisão Lateral;Via Iluminada;Bom;Seca;Meio de Quadra;Não Há Controle;Longo da via;0;2;1;1;1;0;0;0;0;0;0;0;0;(-38.57613 -3.73256);
364567;2020-11-22 20:20:00;RD CE-060, 5638;, ; 5638;;;Atropelamento;;;;Meio de Quadra;;Longo da via;0;1;1;0;1;0;0;0;0;0;0;0;0;(-38.5795 -3.826136);
364569;2020-11-22 19:35:00;RD CE-040, 5641;, ; 5641;;;Colisão;;;;Meio de Quadra;;Longo da via;0;1;1;0;1;0;0;0;0;1;0;0;0;(-38.47873348 -3.809596804);
364848;2020-11-22 18:43:00;AVENIDA MR HULL, ;, ; ;;;Queda;;;;Meio de Quadra;;Longo da via;0;1;0;0;0;0;0;0;0;1;0;0;0;(0 0);
364849;2020-11-22 18:02:00;LOGRADOURO SEM NOME, ;, ; ;;;Colisão;Anoitecer;;;Meio de Quadra;;Longo da via;0;1;1;1;1;0;0;0;0;0;0;0;0;(0 0);
364096;2020-11-22 17:40:00;RUA CEL MATOS DOURADO, 1129;, ; 1129;;;Colisão;Anoitecer;;;Meio de Quadra;;Longo da via;1;1;1;1;1;0;0;0;0;0;0;0;0;(-38.584671 -3.749137);
364850;2020-11-22 17:36:00;RUA RUI MONTE, 1220;, ; 1220;;;Colisão;Anoitecer;;;Meio de Quadra;;Longo da via;0;2;1;1;1;0;0;0;0;0;0;0;0;(-38.58491 -3.74878);
362766;2020-11-22 16:53:00;RUA ALBERTO MAGNO, 239;RUA PRO COSTA MENDES, ; 239;;;Não informado;Luz do Dia;Bom;Seca;Cruz;Semáforo;Cruzamento;0;0;2;0;2;0;0;0;0;0;0;0;0;(-38.543548 -3.757528);
364851;2020-11-22 16:48:00;AVENIDA MR HULL, 4800;, ; 4800;;;Queda;Luz do Dia;;;Meio de Quadra;;Longo da via;0;1;0;0;0;0;0;0;0;1;0;0;0;(-38.5877025 -3.7390795);
364855;2020-11-22 15:47:00;AVENIDA DR THEBERGE, 1640;, ; 1640;;;Colisão;Luz do Dia;;;Meio de Quadra;;Longo da via;0;1;1;1;1;0;0;0;0;0;0;0;0;(-38.56526813 -3.715612967);
363051;2020-11-22 14:00:00;RUA JOAO CORDEIRO, 1524;, ; 1524;;;Colisão Traseira;Luz do Dia;Bom;Seca;Meio de Quadra;Não Há Controle;Longo da via;0;2;0;0;2;0;0;0;0;0;0;0;0;(-38.5157254 -3.73390981);
364857;2020-11-22 12:09:00;AVENIDA CASTELO DE CASTRO, ;, ; ;;;Colisão;Luz do Dia;;;Meio de Quadra;;Longo da via;0;2;0;0;0;0;0;0;0;0;0;0;0;(0 0);
364861;2020-11-22 11:35:00;RUA SUECIA, 1179;, ; 1179;;;Colisão;Luz do Dia;;;Meio de Quadra;;Longo da via;0;1;1;1;1;0;0;0;0;0;0;0;0;(-38.55508 -3.78609);
362787;2020-11-22 10:57:00;RUA SGT BARBOSA, ;RUA 23 DE JULHO, ; ;;;Colisão;Luz do Dia;Bom;Seca;Meio de Quadra;Pare;Cruzamento;0;1;1;1;1;0;0;0;0;0;0;0;0;(-38.61856 -3.77905);
362765;2020-11-22 10:40:00;AVENIDA DOM MANUEL, ;RUA ROCHA LIMA, ; ;;;Colisão Transversal;Luz do Dia;Nublado;Seca;Cruz;Semáforo;Cruzamento;0;2;2;0;2;0;0;0;0;0;0;0;0;(-38.523587 -3.735959);
364863;2020-11-22 06:44:00;RUA URUCUTUBA, 140;, ; 140;;;Queda;Luz do Dia;;;Meio de Quadra;;Longo da via;0;1;0;1;0;0;0;0;0;0;0;0;0;(-38.5971499 -3.79831769);
362763;2020-11-22 06:05:00;RUA BAR SOBRAL, ;RUA EUZEBIO DE QUEIROS, ; ;;;Colisão Lateral;Luz do Dia;Nublado;Seca;Cruz;Pare;Cruzamento;0;1;1;1;1;0;0;0;0;0;0;0;0;(-38.554121 -3.767051);
364865;2020-11-22 05:30:00;AVENIDA A CJ CEARA, ;, ; ;;;Choque c/ Obstáculo Fixo;Amanhecer;;;Meio de Quadra;;Longo da via;0;2;0;0;1;0;0;0;0;0;0;0;0;(0 0);
362764;2020-11-22 05:30:00;RUA GUILHERME ROCHA, ;RUA COS ESTELITA, ; ;;;Choque c/ Obstáculo Fixo;Amanhecer;Bom;Seca;Cruz;Pare;Cruzamento;0;2;0;0;1;0;0;0;0;0;0;0;0;(-38.539177 -3.723347);
364566;2020-11-22 05:20:00;RD CE-025, 1240;, ; 1240;;;Colisão;Amanhecer;;;Meio de Quadra;;Longo da via;0;2;1;1;1;0;0;0;0;0;0;0;0;(-38.46108452 -3.807634505);
364866;2020-11-22 03:16:00;RUA VITAL BRASIL, 2109;, ; 2109;;;Queda;;;;Meio de Quadra;;Longo da via;0;1;0;1;0;0;0;0;0;0;0;0;0;(-38.59962 -3.77758);
364867;2020-11-22 03:08:00;AVENIDA GAL OSORIO DE PAIVA, ;, ; ;;;Colisão;;;;Meio de Quadra;;Longo da via;0;2;0;0;0;0;0;0;0;0;0;0;0;(0 0);
364868;2020-11-22 02:28:00;AVENIDA BENJAMIM BRASIL, 2080;, ; 2080;;;Colisão;;;;Meio de Quadra;;Longo da via;0;2;0;0;0;0;0;0;0;0;0;0;0;(-38.558439869 -3.808098709);
364869;2020-11-22 00:46:00;RUA DIOGO CORREIA, 486;, ; 486;;;Queda;;;;Meio de Quadra;;Longo da via;0;1;0;1;0;0;0;0;0;0;0;0;0;(-38.590656 -3.769829);
364759;2020-11-22 00:45:00;RUA BERNARDO MANUEL, 10605;, ; 10605;;;Colisão;;;;Meio de Quadra;;Longo da via;0;0;2;0;2;0;0;0;0;0;0;0;0;(-38.5554026 -3.81186202);
364870;2020-11-22 00:37:00;AVENIDA GODOFREDO MACIEL, 2385;, ; 2385;;;Colisão;;;;Meio de Quadra;;Longo da via;0;1;1;1;1;0;0;0;0;0;0;0;0;(-38.569776 -3.796044);
364871;2020-11-22 00:26:00;RUA BERNARDO MANUEL, 7525;, ; 7525;;;Colisão;;;;Meio de Quadra;;Longo da via;0;1;1;1;1;0;0;0;0;0;0;0;0;(-38.546927 -3.784073);
364874;2020-11-21 23:28:00;LOGRADOURO SEM NOME, ;, ; ;;;Queda;;;;Meio de Quadra;;Longo da via;0;1;0;0;0;0;0;0;0;1;0;0;0;(0 0);
364875;2020-11-21 22:18:00;RUA TIBURCIO CAVALCANTE, ;RUA COSTA BARROS, ; ;;;Colisão;;;;T;Não Há Controle;Cruzamento;0;1;1;1;1;0;0;0;0;0;0;0;0;(-38.501794 -3.733549);
362762;2020-11-21 21:24:00;AVENIDA GAL OSORIO DE PAIVA, 5872;, ; 5872;;;Atropelamento;Via Iluminada;Bom;Seca;Meio de Quadra;Não Há Controle;Longo da via;0;1;1;0;1;0;0;0;0;0;0;0;0;(-38.605148 -3.807904);
363046;2020-11-21 19:50:00;RUA NOGUEIRA ACIOLI, 805;, ; 805;;;Colisão Lateral;Via Iluminada;Bom;Seca;Meio de Quadra;Não Há Controle;Longo da via;0;2;0;0;2;0;0;0;0;0;0;0;0;(-38.5169454 -3.73026874);
363049;2020-11-21 19:05:00;RUA JOSE NAPOLEAO, 355;, ; 355;;;Colisão Traseira;Via Iluminada;Bom;Seca;Meio de Quadra;Pare;Longo da via;0;0;2;0;2;0;0;0;0;0;0;0;0;(-38.4900137 -3.72806471);
363047;2020-11-21 18:08:00;RUA CEL MATOS DOURADO, 509;, ; 509;;;Colisão Transversal;Anoitecer;Bom;Seca;Meio de Quadra;Outros;Longo da via;0;2;1;1;1;0;0;0;0;0;0;0;0;(-38.585046 -3.743148);
364877;2020-11-21 17:48:00;RD BR 116, 11000;, ; 11000;;;Queda;Anoitecer;;;Meio de Quadra;;Longo da via;0;1;0;1;0;0;0;0;0;0;0;0;0;(-38.497176 -3.84716);
364878;2020-11-21 17:29:00;AVENIDA PENETRACAO NORTE 71, 205;, ; 205;;;Colisão;Anoitecer;;;Meio de Quadra;;Longo da via;0;1;1;1;1;0;0;0;0;0;0;0;0;(-38.5853905 -3.8159695);
364879;2020-11-21 17:22:00;AVENIDA PRS COSTA E SILVA, 591;, ; 591;;;Colisão;Anoitecer;;;Meio de Quadra;;Longo da via;0;2;0;0;0;0;0;0;0;0;0;0;0;(-38.50099 -3.8323507);
364880;2020-11-21 17:03:00;AVENIDA CARAPINIMA, ;AVENIDA 13 DE MAIO, ; ;;;Colisão;Anoitecer;;;Cruz;Semáforo;Cruzamento;0;1;1;2;0;0;0;0;0;0;0;0;0;(-38.540239 -3.740001);
364881;2020-11-21 16:46:00;RUA CEL MATOS DOURADO, ;, ; ;;;Colisão;Luz do Dia;;;Meio de Quadra;;Longo da via;0;1;1;1;1;0;0;0;0;0;0;0;0;(0 0);
364883;2020-11-21 16:24:00;RUA ROSA CRUZ, 541;, ; 541;;;Colisão;Luz do Dia;;;Meio de Quadra;;Longo da via;0;1;1;1;1;0;0;0;0;0;0;0;0;(-38.56949 -3.79813);
364884;2020-11-21 16:19:00;RUA SUICA, 840;, ; 840;;;Colisão;Luz do Dia;;;Meio de Quadra;;Longo da via;0;1;1;1;1;0;0;0;0;0;0;0;0;(-38.5770629 -3.79385295);
364885;2020-11-21 16:00:00;AVENIDA PERIMETRAL, 1124;, ; 1124;;;Colisão;Luz do Dia;;;Meio de Quadra;;Longo da via;0;1;1;1;1;0;0;0;0;0;0;0;0;(-38.590123 -3.78597073);
364559;2020-11-21 16:00:00;RD CE-040, ;, ; ;;;Colisão;Luz do Dia;;;Meio de Quadra;;Longo da via;0;0;2;0;2;0;0;0;0;0;0;0;0;(-38.4810839 -3.782614325);
364887;2020-11-21 15:54:00;RUA VALPARAISO, 1362;, ; 1362;;;Queda;Luz do Dia;;;Meio de Quadra;;Longo da via;0;1;0;1;0;0;0;0;0;0;0;0;0;(-38.53048612 -3.840347113);
364888;2020-11-21 15:27:00;RUA HUMAITA D73, 98;, ; 98;;;Colisão;Luz do Dia;;;Meio de Quadra;;Longo da via;0;1;1;1;1;0;0;0;0;0;0;0;0;(0 0);
364889;2020-11-21 15:00:00;RUA FRE MARCELINO, ;RUA ANTONIO MARTINS, ; ;;;Colisão;Luz do Dia;;;Cruz;Pare;Cruzamento;0;1;1;1;1;0;0;0;0;0;0;0;0;(-38.558114 -3.750028);
363048;2020-11-21 13:40:00;RUA VITAL BRASIL, ;RUA VERBENA, ; ;;;Colisão Transversal;Luz do Dia;Bom;Seca;Cruz;Semáforo;Cruzamento;0;2;0;2;0;0;0;0;0;0;0;0;0;(-38.58865 -3.780666);
364894;2020-11-21 12:43:00;AVENIDA WASHINGTON SOARES, 750;, ; 750;;;Colisão;Luz do Dia;;;Meio de Quadra;;Longo da via;0;1;1;1;1;0;0;0;0;0;0;0;0;(-38.484492 -3.7587345);
364895;2020-11-21 11:37:00;AVENIDA PRS COSTA E SILVA, ;, ; ;;;Queda;Luz do Dia;;;Meio de Quadra;;Longo da via;0;1;0;1;0;0;0;0;0;0;0;0;0;(0 0);
362759;2020-11-21 10:21:00;AVENIDA BEZERRA DE MENEZES, 2323;, ; 2323;;;Não informado;Luz do Dia;Bom;Seca;Meio de Quadra;Não Há Controle;Longo da via;0;0;1;0;1;0;0;0;0;0;0;0;0;(-38.565426 -3.7360709);
364896;2020-11-21 10:11:00;AVENIDA VIS RIO BRANCO, 2766;, ; 2766;;;Colisão;Luz do Dia;;;Meio de Quadra;;Longo da via;0;1;1;1;1;0;0;0;0;0;0;0;0;(-38.522177538 -3.745285616);
363050;2020-11-21 10:00:00;RUA BAR RIO BRANCO, 1915;, ; 1915;;;Colisão Traseira;Luz do Dia;Bom;Seca;Meio de Quadra;Semáforo;Longo da via;0;3;0;0;3;0;0;0;0;0;0;0;0;(-38.5309495 -3.73488875);
364899;2020-11-21 09:10:00;RUA L CJ VILA VELHA, ;, ; ;;;Capotamento;Luz do Dia;;;Meio de Quadra;;Longo da via;0;1;0;0;1;0;0;0;0;0;0;0;0;(0 0);
364900;2020-11-21 08:50:00;RUA CANARIO, ;RUA SAO BERNARDO, ; ;;;Queda;Luz do Dia;;;;;Cruzamento;0;1;0;0;0;0;0;0;0;1;0;0;0;(-38.579727 -3.711807);
364901;2020-11-21 08:44:00;AVENIDA SGT HERMINIO SAMPAIO, 3568;, ; 3568;;;Colisão;Luz do Dia;;;Meio de Quadra;;Longo da via;0;1;1;2;0;0;0;0;0;0;0;0;0;(-38.57239732 -3.728800579);
362760;2020-11-21 08:21:00;AVENIDA EDUARDO GIRAO, ;RUA GAL SILVA JUNIOR, ; ;;;Colisão Transversal;Luz do Dia;Bom;Seca;Cruz;Semáforo;Cruzamento;0;1;2;1;1;0;0;0;0;0;0;0;0;(-38.530785 -3.754309);
364904;2020-11-21 07:40:00;RUA PRC ISABEL, 805;, ; 805;;;Queda;Luz do Dia;;;Meio de Quadra;;Longo da via;0;1;0;1;0;0;0;0;0;0;0;0;0;(-38.5359632 -3.72820947);
362758;2020-11-21 07:20:00;AVENIDA DEP PAULINO ROCHA, 2025;, ; 2025;;;Não informado;Luz do Dia;Bom;Seca;Meio de Quadra;Não Há Controle;Longo da via;0;0;1;0;1;0;0;0;0;0;0;0;0;(-38.516226 -3.810928);
364905;2020-11-21 04:05:00;RUA SEN POMPEU, 777;, ; 777;;;Colisão;;;;Meio de Quadra;;Longo da via;0;1;2;0;2;0;0;0;0;0;0;0;0;(-38.529196 -3.725486);
364906;2020-11-21 03:48:00;RUA 26 CJ HAB ST S JOAO, 34;, ; 34;;;Colisão;;;;Meio de Quadra;;Longo da via;0;2;0;0;0;0;0;0;0;0;0;0;0;(-38.5155963 -3.85160839);
364565;2020-11-21 03:45:00;RD CE-025, ;, ; ;;;Colisão;;;;Meio de Quadra;;Longo da via;0;0;1;0;1;0;0;0;0;0;0;0;0;(-38.45224656 -3.805889179);
364907;2020-11-21 03:14:00;TRAVESSA REJANE, 144;, ; 144;;;Queda;;;;Meio de Quadra;;Longo da via;0;1;0;1;0;0;0;0;0;0;0;0;0;(-38.5848044 -3.80531285);
364908;2020-11-21 01:04:00;AVENIDA PRS CASTELO BRANCO, ;, ; ;;;Queda;;;;Meio de Quadra;;Longo da via;0;1;0;1;0;0;0;0;0;0;0;0;0;(0 0);
364909;2020-11-21 00:57:00;AVENIDA WASHINGTON SOARES, 4543;, ; 4543;;;Colisão;;;;Meio de Quadra;;Longo da via;0;1;1;0;2;0;0;0;0;0;0;0;0;(-38.479714 -3.798655);
364910;2020-11-20 23:13:00;RUA BOA ESPERANCA D43, 531;, ; 531;;;Colisão;;;;Meio de Quadra;;Longo da via;0;1;1;2;0;0;0;0;0;0;0;0;0;(-38.604875 -3.755994);
364911;2020-11-20 22:42:00;RD BR 116, 7000;, ; 7000;;;Colisão;;;;Meio de Quadra;;Longo da via;0;1;1;0;1;0;0;1;0;0;0;0;0;(-38.5115614 -3.786276359);
364562;2020-11-20 22:30:00;RD CE-040, ;, ; ;;;Colisão;;;;Meio de Quadra;;Longo da via;0;0;2;0;2;0;0;0;0;0;0;0;0;(-38.47873348 -3.809596804);
363043;2020-11-20 21:50:00;RUA OSVALDO CRUZ (ALDEOTA), ;RUA PEREIRA VALENTE, ; ;;;Colisão Traseira;Via Iluminada;Bom;Seca;Cruz;Pare;Cruzamento;0;1;2;1;2;0;0;0;0;0;0;0;0;(-38.499032 -3.731621);
362757;2020-11-20 21:33:00;RUA FRE VIDAL, ;RUA CAP TIBURCIO DA FROTA, ; ;;;Colisão Transversal;Via Iluminada;Bom;Seca;Cruz;Pare;Cruzamento;0;1;1;1;1;0;0;0;0;0;0;0;0;(-38.517826 -3.755388);
362756;2020-11-20 21:06:00;AVENIDA ANTONIO SALES, 2460;, ; 2460;;;Não informado;Via Iluminada;Bom;Seca;Meio de Quadra;Não Há Controle;Longo da via;0;0;2;0;2;0;0;0;0;0;0;0;0;(-38.5017947 -3.745624);
364913;2020-11-20 21:01:00;AVENIDA AREIA BRANCA, 709;, ; 709;;;Colisão;;;;Meio de Quadra;;Longo da via;0;2;0;0;0;0;0;0;0;0;0;0;0;(-38.476913 -3.726856);
364561;2020-11-20 20:20:00;RD CE-040, ;, ; ;;;Colisão;;;;Meio de Quadra;;Longo da via;0;0;2;1;1;0;0;0;0;0;0;0;0;(-38.48153832 -3.825515822);
364914;2020-11-20 19:49:00;ESTRADA DO JATOBA, 2361;, ; 2361;;;Colisão;;;;Meio de Quadra;;Longo da via;0;2;0;0;0;0;0;0;0;0;0;0;0;(-38.626387 -3.793262);
364915;2020-11-20 19:17:00;AVENIDA SEN FERNANDES TAVORA, 1375;, ; 1375;;;Colisão;;;;Meio de Quadra;;Longo da via;0;1;1;1;1;0;0;0;0;0;0;0;0;(-38.585156 -3.760591);
364917;2020-11-20 19:08:00;AVENIDA GAL OSORIO DE PAIVA, 3452;, ; 3452;;;Atropelamento;;;;Meio de Quadra;;Longo da via;0;1;1;0;1;0;0;0;0;0;0;0;0;(-38.5891279 -3.79141962);
364919;2020-11-20 17:48:00;AVENIDA ALM HENRIQUE SABOIA, 1102;, ; 1102;;;Atropelamento;Anoitecer;;;Meio de Quadra;;Longo da via;0;1;1;0;1;0;0;0;0;0;0;0;0;(-38.491626 -3.7465559);
364918;2020-11-20 17:41:00;AVENIDA DR SILAS MUNGUBA, 5700;, ; 5700;;;Atropelamento;Anoitecer;;;Meio de Quadra;;Longo da via;0;1;1;1;0;0;0;0;0;0;0;0;0;(-38.5274935 -3.804268);
364920;2020-11-20 17:31:00;AVENIDA ENG HUMBERTO MONTE, 3164;, ; 3164;;;Atropelamento;Anoitecer;;;Meio de Quadra;;Longo da via;0;2;0;1;0;0;0;0;0;0;0;0;0;(0 0);
364724;2020-11-20 16:24:00;AVENIDA WASHINGTON SOARES, ;AVENIDA MIN JOSE AMERICO, ; ;;;Colisão;Luz do Dia;;;;Dê Preferência;Cruzamento;0;2;1;1;1;0;0;0;0;0;0;0;0;(-38.479419 -3.81265);
364940;2020-11-20 16:13:00;AVENIDA IMPERADOR, ;RUA PEDRO I, ; ;;;Colisão;Luz do Dia;;;Cruz;Semáforo;Cruzamento;0;1;1;1;1;0;0;0;0;0;0;0;0;(-38.535035 -3.729161);