COD_ACIDENTE;DATA;LOG1;LOG2;NUMERO;BAIRRO;AMC;NATUREZA;ILUMINACAO;TEMPO;SUPERFICIEPISTA;TIPOCRUZAMENTO;CONTROLETRAFEGO;USOSOLO;MORTOS;FERIDOS;ILESOS;MOTOCICLETA;AUTOMOVEL;MICROONIBUS;CAMINHAO;ONIBUS;CICLOMOTOR;BICICLETA;OUTROS;TREM;TRACAOANIMAL;COORDENADAS
364939;2020-11-20 16:11:00;RD BR 116, 8000;, ; 8000;;;Colisão;Luz do Dia;;;Meio de Quadra;;Longo da via;0;1;1;1;1;0;0;0;0;0;0;0;0;(-38.503269 -3.822018);
362754;2020-11-20 15:47:00;AVENIDA SANTOS DUMONT, ;, ; ;;;Colisão Transversal;Luz do Dia;Nublado;Seca;Cruz;Pare;Longo da via;0;0;2;0;2;0;0;0;0;0;0;0;0;(-38.512478 -3.7316182);
363045;2020-11-20 15:27:00;RUA DONZELA, ;RUA SAO JOAO D34 (BONSUCESSO), ; ;;;Colisão Traseira;Luz do Dia;Bom;Seca;Cruz;Não Há Controle;Cruzamento;0;2;0;0;2;0;0;0;0;0;0;0;0;(-38.60362 -3.72451);
364943;2020-11-20 15:11:00;AVENIDA SGT HERMINIO SAMPAIO, ;RUA ERETIDES MARTINS, ; ;;;Colisão;Luz do Dia;;;;;Cruzamento;0;1;1;1;1;0;0;0;0;0;0;0;0;(-38.560489 -3.726371);
364944;2020-11-20 14:38:00;RUA RIBEIRO LEITAO, 193;, ; 193;;;Colisão;Luz do Dia;;;Meio de Quadra;;Longo da via;0;1;1;1;1;0;0;0;0;0;0;0;0;(-38.5762287 -3.76057577);
364945;2020-11-20 14:36:00;RUA SAO JOAO D20, 326;, ; 326;;;Colisão;Luz do Dia;;;Meio de Quadra;;Longo da via;0;1;1;1;1;0;0;0;0;0;0;0;0;(-38.594813 -3.772375);
362752;2020-11-20 13:55:00;AVENIDA SEN FERNANDES TAVORA, 3264;, ; 3264;;;Colisão Transversal;Luz do Dia;Bom;Seca;Meio de Quadra;Não Há Controle;Longo da via;0;0;3;0;2;0;1;0;0;0;0;0;0;(-38.601078933 -3.754609867);
362753;2020-11-20 13:52:00;RUA DR JOSE FROTA, ;RUA MES JERONIMO D48, ; ;;;Colisão Transversal;Luz do Dia;Bom;Seca;Cruz;Pare;Cruzamento;0;1;1;0;2;0;0;0;0;0;0;0;0;(-38.48297 -3.72777);
363044;2020-11-20 13:35:00;RUA BAR SOBRAL, ;RUA ZACARIAS GONDIM, ; ;;;Outros;Luz do Dia;Bom;Seca;Cruz;Pare;Cruzamento;0;3;0;1;2;0;0;0;0;0;0;0;0;(-38.557307 -3.76528);
362751;2020-11-20 12:02:00;RUA ANTONIO COSTA MENDES, ;RUA RAIMUNDO NERY, ; ;;;Colisão Transversal;Luz do Dia;Bom;Seca;Cruz;Semáforo;Cruzamento;0;1;1;1;1;0;0;0;0;0;0;0;0;(-38.5867886 -3.7932465);
364946;2020-11-20 11:52:00;AVENIDA GAL OSORIO DE PAIVA, ;, ; ;;;Atropelamento;Luz do Dia;;;Meio de Quadra;;Longo da via;0;2;0;0;0;0;0;0;0;0;0;0;0;(0 0);
364718;2020-11-20 11:20:00;AVENIDA JOAO PESSOA, 3577;, ; 3577;;;Colisão;Luz do Dia;;;Meio de Quadra;;Longo da via;0;1;0;0;0;0;0;0;0;0;1;0;0;(-38.54383 -3.74623);
364717;2020-11-20 10:58:00;AVENIDA SEN FERNANDES TAVORA, 2997;, ; 2997;;;Colisão;Luz do Dia;;;Meio de Quadra;;Longo da via;0;1;1;1;1;0;0;0;0;0;0;0;0;(-38.599884 -3.754834);
364716;2020-11-20 10:09:00;RUA PDE PEDRO DE ALENCAR, 66;, ; 66;;;Atropelamento;Luz do Dia;;;Meio de Quadra;;Longo da via;0;1;0;1;0;0;0;0;0;0;0;0;0;(-38.4936 -3.82833);
364715;2020-11-20 09:40:00;AVENIDA JOSE TAVARES, 1466;, ; 1466;;;Atropelamento;Luz do Dia;;;Meio de Quadra;;Longo da via;0;1;0;0;1;0;0;0;0;0;0;0;0;(0 0);
362761;2020-11-20 09:21:00;AVENIDA DOM MANUEL, 561;, ; 561;;;Colisão Traseira;Luz do Dia;Bom;Seca;Meio de Quadra;Semáforo;Longo da via;0;0;2;1;1;0;0;0;0;0;0;0;0;(-38.5212744 -3.72884942);
364714;2020-11-20 06:50:00;RUA CEL VIRGILIO NOGUEIRA (BOM JARDIM), 518;, ; 518;;;Queda;Luz do Dia;;;Meio de Quadra;;Longo da via;0;1;0;0;0;0;0;0;0;1;0;0;0;(0 0);
364707;2020-11-20 06:38:00;AVENIDA BEZERRA DE MENEZES, 2045;, ; 2045;;;Queda;Luz do Dia;;;Meio de Quadra;;Longo da via;0;1;0;0;0;0;0;0;0;1;0;0;0;(-38.5627662 -3.73531108);
362750;2020-11-20 06:38:00;RUA GUILHERME ROCHA, ;RUA PDE MORORO, ; ;;;Não informado;Luz do Dia;Bom;Seca;Cruz;Semáforo;Cruzamento;0;2;0;0;1;0;0;1;0;0;0;0;0;(-38.53724 -3.723949);
364650;2020-11-20 06:04:00;AVENIDA PRS COSTA E SILVA, 4443;, ; 4443;;;Colisão;Luz do Dia;;;Meio de Quadra;;Longo da via;0;1;0;1;1;0;0;0;0;0;0;0;0;(-38.54017322 -3.82549328);
364649;2020-11-20 04:20:00;AVENIDA DR SILAS MUNGUBA, 1524;, ; 1524;;;Colisão;;;;Meio de Quadra;;Longo da via;0;1;0;0;0;0;0;0;0;0;1;0;0;(-38.554207 -3.7839286);
364648;2020-11-20 01:27:00;AVENIDA PONTES VIEIRA, ;, ; ;;;Colisão;;;;Meio de Quadra;;Longo da via;0;1;0;1;1;0;0;0;0;0;0;0;0;(0 0);
364647;2020-11-19 22:03:00;RUA SEN POMPEU, 2744;, ; 2744;;;Colisão;;;;Meio de Quadra;;Longo da via;0;1;0;1;1;0;0;0;0;0;0;0;0;(-38.5343727 -3.74260175);
364646;2020-11-19 21:51:00;AVENIDA IMPERADOR, ;RUA PEDRO I, ; ;;;Colisão;;;;Cruz;Semáforo;Cruzamento;0;2;0;2;0;0;0;0;0;0;0;0;0;(-38.535035 -3.729161);
364645;2020-11-19 21:14:00;RUA EUCLIDES O DE SOUSA, 1137;, ; 1137;;;Colisão;;;;Meio de Quadra;;Longo da via;0;1;0;1;1;0;0;0;0;0;0;0;0;(-38.4700218 -3.79738974);
364644;2020-11-19 20:23:00;AVENIDA JOSE LEON, 1120;, ; 1120;;;Queda;;;;Meio de Quadra;;Longo da via;0;1;0;1;0;0;0;0;0;0;0;0;0;(-38.501796 -3.78782033);
364643;2020-11-19 20:22:00;AVENIDA JOR THOMAZ COELHO, ;, ; ;;;Queda;;;;Meio de Quadra;;Longo da via;0;1;0;1;0;0;0;0;0;0;0;0;0;(0 0);
363020;2020-11-19 19:20:00;AVENIDA DES MOREIRA, ;RUA CAROLINA SUCUPIRA, ; ;;;Colisão;Via Iluminada;Bom;;Cruz;Semáforo;Cruzamento;0;1;1;0;1;0;0;0;0;1;0;0;0;(-38.499948 -3.741192);
364090;2020-11-19 19:19:00;RUA FRANCISCA CLOTILDE, 1177;, ; 1177;;;Atropelamento;;;;Meio de Quadra;;Longo da via;1;1;0;1;0;0;0;0;0;0;0;0;0;(-38.556863 -3.747141);
364642;2020-11-19 18:56:00;RD BR 116, ;, ; ;;;Colisão;;;;Meio de Quadra;;Longo da via;0;1;0;1;1;0;0;0;0;0;0;0;0;(0 0);
363025;2020-11-19 18:50:00;RUA PERGENTINO MAIA, 721;, ; 721;;;Colisão;Via Iluminada;Bom;Seca;Meio de Quadra;Pare;Longo da via;0;2;0;1;0;0;0;0;0;1;0;0;0;(-38.4883524 -3.83147591);
364641;2020-11-19 17:42:00;RUA DR JOAQUIM BENTO, 634;, ; 634;;;Colisão;Anoitecer;;;Meio de Quadra;;Longo da via;0;1;0;2;0;0;0;0;0;0;0;0;0;(-38.48608 -3.828285);
364723;2020-11-19 17:35:00;AVENIDA CEL CARVALHO, 968;, ; 968;;;Colisão;Anoitecer;;;Meio de Quadra;;Longo da via;0;1;1;1;1;0;0;0;0;0;0;0;0;(-38.589633 -3.710718);
364640;2020-11-19 16:25:00;AVENIDA PRO GOMES DE MATOS, 1270;, ; 1270;;;Atropelamento;Luz do Dia;;;Meio de Quadra;;Longo da via;0;1;0;0;1;0;0;0;0;0;0;0;0;(-38.547638 -3.7633715);
364639;2020-11-19 15:57:00;AVENIDA DEP PAULINO ROCHA, 281;, ; 281;;;Colisão;Luz do Dia;;;Meio de Quadra;;Longo da via;0;1;0;1;1;0;0;0;0;0;0;0;0;(-38.507998 -3.804574);
364638;2020-11-19 15:33:00;AVENIDA F CJ CEARA, 322;, ; 322;;;Colisão;Luz do Dia;;;Meio de Quadra;;Longo da via;0;1;0;1;1;0;0;0;0;0;0;0;0;(-38.6069217 -3.76377413);
362748;2020-11-19 15:00:00;AVENIDA DR THEBERGE, ;RUA CRUZ E SOUSA D21, ; ;;;Colisão Transversal;Luz do Dia;Bom;Seca;T;Semáforo;Cruzamento;0;1;1;0;1;0;0;0;1;0;0;0;0;(-38.566456 -3.719218);
362749;2020-11-19 15:00:00;AVENIDA GODOFREDO MACIEL, 4036;, ; 4036;;;Colisão Traseira;Luz do Dia;Bom;Seca;Meio de Quadra;Semáforo;Longo da via;0;1;1;1;1;0;0;0;0;0;0;0;0;(-38.574205 -3.810165);
362755;2020-11-19 14:34:00;AVENIDA JOSE LEON, ;RUA LEA POMPEU, ; ;;;Colisão Lateral;Luz do Dia;Bom;Seca;Cruz;Pare;Cruzamento;0;1;1;1;1;0;0;0;0;0;0;0;0;(-38.49734 -3.7889);
362746;2020-11-19 13:21:00;AVENIDA RUI BARBOSA, ;AVENIDA HERACLITO GRACA, ; ;;;Colisão Transversal;Luz do Dia;Bom;Seca;Cruz;Semáforo;Cruzamento;0;1;1;1;1;0;0;0;0;0;0;0;0;(-38.510612 -3.738146);
364629;2020-11-19 13:20:00;RUA PEDRO MELO, ;RUA JOAQUIM LEITAO, ; ;;;Colisão;Luz do Dia;;;Cruz;Pare;Cruzamento;0;1;0;2;0;0;0;0;0;0;0;0;0;(-38.5921 -3.744174);
362747;2020-11-19 13:00:00;RUA MARTINS DE CASTRO, ;RUA CIDADE ECOLOGICA, ; ;;;Colisão Frontal;Luz do Dia;Bom;Seca;T;Não Há Controle;Cruzamento;0;1;1;0;1;0;0;0;0;1;0;0;0;(-38.46756 -3.77347);
364628;2020-11-19 12:33:00;RUA DOM HELIO CAMPOS D21, ;RUA MARCILIO DIAS, ; ;;;Colisão;Luz do Dia;;;;;Cruzamento;0;1;0;2;0;0;0;0;0;0;0;0;0;(-38.554648 -3.710509);
364627;2020-11-19 12:03:00;AVENIDA ALANIS MARIA LAURINDO DE OLIVEIRA, 650;, ; 650;;;Colisão;Luz do Dia;;;Meio de Quadra;;Longo da via;0;1;0;1;0;0;1;0;0;0;0;0;0;(-38.60676 -3.7676547);
364624;2020-11-19 11:42:00;RUA DEMETRIO MENEZES, 3750;, ; 3750;;;Queda;Luz do Dia;;;Meio de Quadra;;Longo da via;0;1;0;1;0;0;0;0;0;0;0;0;0;(-38.5840385 -3.736494);
364568;2020-11-19 11:03:00;AVENIDA SEN CARLOS JEREISSATI (AEROPORTO), 3000;, ; 3000;;;Outros;Luz do Dia;;;Meio de Quadra;;Longo da via;0;5;0;0;0;0;0;0;0;0;1;0;0;(-38.544038 -3.779641);
364564;2020-11-19 10:10:00;RUA ALM RUBIM, 1400;, ; 1400;;;Colisão;Luz do Dia;;;Meio de Quadra;;Longo da via;0;1;0;1;1;0;0;0;0;0;0;0;0;(-38.5562226 -3.7697143);
364563;2020-11-19 08:59:00;RD BR 116, 12000;, ; 12000;;;Colisão;Luz do Dia;;;Meio de Quadra;;Longo da via;0;1;0;1;1;0;0;0;0;0;0;0;0;(-38.496066 -3.85574);
364546;2020-11-19 08:57:00;AVENIDA GODOFREDO MACIEL, 6340;, ; 6340;;;Colisão;Luz do Dia;;;Meio de Quadra;;Longo da via;0;1;0;1;1;0;0;0;0;0;0;0;0;(-38.581028 -3.831207);
364529;2020-11-19 08:51:00;AVENIDA BEZERRA DE MENEZES, ;, ; ;;;Colisão;Luz do Dia;;;Meio de Quadra;;Longo da via;0;1;0;0;2;0;0;0;0;0;0;0;0;(0 0);
364524;2020-11-19 07:47:00;RUA SAUDARIA, 1080;, ; 1080;;;Queda;Luz do Dia;;;Meio de Quadra;;Longo da via;0;1;0;1;0;0;0;0;0;0;0;0;0;(-38.58548 -3.70029);
364523;2020-11-19 07:08:00;AVENIDA DOS EXPEDICIONARIOS, 444;, ; 444;;;Queda;Luz do Dia;;;Meio de Quadra;;Longo da via;0;1;0;1;0;0;0;0;0;0;0;0;0;(-38.53534 -3.74546);
364522;2020-11-19 05:51:00;AVENIDA DR SILAS MUNGUBA, 2211;, ; 2211;;;Queda;Amanhecer;;;Meio de Quadra;;Longo da via;0;1;0;1;0;0;0;0;0;0;0;0;0;(-38.5513474 -3.78577412);
363022;2020-11-19 05:40:00;AVENIDA DUQ CAXIAS, ;AVENIDA IMPERADOR, ; ;;;Colisão Transversal;Amanhecer;Bom;Seca;Cruz;Semáforo;Cruzamento;0;2;0;1;1;0;0;0;0;0;0;0;0;(-38.535297 -3.730048);
364521;2020-11-19 00:12:00;RUA PDE NELSON FARIAS, 16;, ; 16;;;Colisão;;;;Meio de Quadra;;Longo da via;0;1;0;0;0;0;0;0;0;0;1;0;0;(0 0);
364520;2020-11-18 23:19:00;RUA TAUBATE, 120;, ; 120;;;Colisão;;;;Meio de Quadra;;Longo da via;0;1;0;1;1;0;0;0;0;0;0;0;0;(-38.59669 -3.77256);
364507;2020-11-18 22:49:00;AVENIDA SEN FERNANDES TAVORA, 550;, ; 550;;;Colisão;;;;Meio de Quadra;;Longo da via;0;1;0;1;1;0;0;0;0;0;0;0;0;(-38.5777881 -3.76452144);
364505;2020-11-18 21:46:00;RUA MIN ALBUQUERQUE LIMA, 446;, ; 446;;;Colisão;;;;Meio de Quadra;;Longo da via;0;2;0;2;0;0;0;0;0;0;0;0;0;(0 0);
364503;2020-11-18 21:46:00;RUA CEL MATOS DOURADO, 1291;, ; 1291;;;Queda;;;;Meio de Quadra;;Longo da via;0;1;0;1;0;0;0;0;0;0;0;0;0;(-38.583666 -3.751127);
364501;2020-11-18 21:20:00;AVENIDA PERIMETRAL, ;, ; ;;;Queda;;;;Meio de Quadra;;Longo da via;0;1;0;1;0;0;0;0;0;0;0;0;0;(0 0);
364499;2020-11-18 20:45:00;RUA PDE PERDIGAO SAMPAIO, 435;, ; 435;;;Colisão;;;;Meio de Quadra;;Longo da via;0;1;0;1;1;0;0;0;0;0;0;0;0;(-38.5955052 -3.73539929);
362745;2020-11-18 20:17:00;RUA MONTE PASCOAL, 441;, ; 441;;;Atropelamento;Via Iluminada;Bom;Seca;Meio de Quadra;Não Há Controle;Longo da via;0;2;0;0;1;0;0;0;0;0;0;0;0;(-38.5988 -3.80519);
364498;2020-11-18 20:08:00;RD BR 116, 4298;, ; 4298;;;Colisão;;;;Meio de Quadra;;Longo da via;0;1;0;1;1;0;0;0;0;0;0;0;0;(-38.503869 -3.802354);
364496;2020-11-18 18:40:00;RUA VITAL BRASIL, 1465;, ; 1465;;;Atropelamento;;;;Meio de Quadra;;Longo da via;0;1;0;1;0;0;0;0;0;0;0;0;0;(-38.5939931 -3.77914596);
364493;2020-11-18 18:20:00;AVENIDA GODOFREDO MACIEL, ;, ; ;;;Queda;Anoitecer;;;Meio de Quadra;;Longo da via;0;1;0;0;0;0;0;0;0;1;0;0;0;(0 0);
364489;2020-11-18 17:50:00;AVENIDA DR THEBERGE, 868;, ; 868;;;Colisão;Anoitecer;;;Meio de Quadra;;Longo da via;0;4;0;1;1;0;0;0;0;0;0;0;0;(-38.563705 -3.710864);
364480;2020-11-18 17:21:00;AVENIDA ANTONIO SALES, 2460;, ; 2460;;;Colisão;Anoitecer;;;Meio de Quadra;;Longo da via;0;1;0;0;0;0;0;0;0;0;1;0;0;(-38.5017947 -3.745624);
364478;2020-11-18 17:10:00;RUA RIO GRANDE DO SUL, 675;, ; 675;;;Colisão;Anoitecer;;;Meio de Quadra;;Longo da via;0;1;0;0;0;0;0;0;0;0;1;0;0;(-38.5651702 -3.75487841);
364477;2020-11-18 17:08:00;RUA BAR AQUIRAZ, 2469;, ; 2469;;;Colisão;Anoitecer;;;Meio de Quadra;;Longo da via;0;1;0;1;1;0;0;0;0;0;0;0;0;(0 0);
364475;2020-11-18 16:23:00;RUA VICENTE SPINDOLA, ;RUA JOAQUIM PIMENTA, ; ;;;Colisão;Luz do Dia;;;;;Cruzamento;0;1;0;1;1;0;0;0;0;0;0;0;0;(-38.54487 -3.76707);
364474;2020-11-18 16:09:00;AVENIDA CESAR CALS, ;, ; ;;;Colisão;Luz do Dia;;;Meio de Quadra;;Longo da via;0;1;0;0;0;0;0;0;0;0;1;0;0;(0 0);
362744;2020-11-18 15:00:00;RUA PAULA NEI, ;RUA CEL JUCA, ; ;;;Colisão Lateral;Luz do Dia;Bom;Seca;Cruz;Semáforo;Cruzamento;0;2;1;1;1;0;0;0;0;0;0;0;0;(-38.49245 -3.74133);
364472;2020-11-18 14:54:00;RUA BERNARDO MANUEL, 10698;, ; 10698;;;Colisão;Luz do Dia;;;Meio de Quadra;;Longo da via;0;1;0;1;1;0;0;0;0;0;0;0;0;(-38.5557475 -3.81291877);
364471;2020-11-18 14:33:00;RUA CEL DIONISIO ALENCAR, 1296;, ; 1296;;;Colisão;Luz do Dia;;;Meio de Quadra;;Longo da via;0;1;0;1;1;0;0;0;0;0;0;0;0;(0 0);
364469;2020-11-18 13:49:00;AVENIDA MIN JOSE AMERICO, 500;, ; 500;;;Colisão;Luz do Dia;;;Meio de Quadra;;Longo da via;0;1;0;1;1;0;0;0;0;0;0;0;0;(-38.495269 -3.810994);
364468;2020-11-18 13:22:00;RUA 60 CJ JOSE WALTER, 510;, ; 510;;;Colisão;Luz do Dia;;;Meio de Quadra;;Longo da via;0;1;1;1;0;1;0;0;0;0;0;0;0;(-38.55832 -3.8367056);
364467;2020-11-18 12:39:00;AVENIDA WASHINGTON SOARES, 2565;, ; 2565;;;Colisão;Luz do Dia;;;Meio de Quadra;;Longo da via;0;1;0;1;1;0;0;0;0;0;0;0;0;(-38.4821365 -3.8270158);
364466;2020-11-18 12:17:00;RUA TIBURCIO CAVALCANTE, 974;, ; 974;;;Colisão;Luz do Dia;;;Meio de Quadra;;Longo da via;0;1;0;1;1;0;0;0;0;0;0;0;0;(-38.50176 -3.73329);
364462;2020-11-18 11:51:00;AVENIDA BEIRA MAR, 3956;, ; 3956;;;Colisão;Luz do Dia;;;Meio de Quadra;;Longo da via;0;1;0;1;1;0;0;0;0;0;0;0;0;(-38.485761 -3.723281501);
364545;2020-11-18 11:45:00;AVENIDA MIN JOSE AMERICO, ;, ; ;;;Colisão;Luz do Dia;;;Meio de Quadra;;Longo da via;0;0;2;0;2;0;0;0;0;0;0;0;0;(0 0);
362740;2020-11-18 10:50:00;RUA LEONARDO MOTA, ;RUA DES LEITE ALBUQUERQUE, ; ;;;Colisão Transversal;Luz do Dia;Bom;Seca;Cruz;Semáforo;Cruzamento;0;2;0;1;1;0;0;0;0;0;0;0;0;(-38.496708 -3.737862);
364461;2020-11-18 10:42:00;RUA URUCUTUBA, 1479;, ; 1479;;;Colisão;Luz do Dia;;;Meio de Quadra;;Longo da via;0;1;0;2;0;0;0;0;0;0;0;0;0;(-38.607985 -3.797539);
362741;2020-11-18 10:02:00;RUA ARTUR DE CARVALHO, ;RUA LOURDES VIDAL ALVES, ; ;;;Colisão Frontal;Luz do Dia;Bom;Seca;Cruz;Não Há Controle;Cruzamento;0;1;0;0;1;0;0;0;0;0;0;0;0;(-38.53473 -3.76103);
364460;2020-11-18 09:53:00;RUA DO CARANGUEJO, 3188;, ; 3188;;;Queda;Luz do Dia;;;Meio de Quadra;;Longo da via;0;1;0;1;0;0;0;0;0;0;0;0;0;(0 0);
364441;2020-11-18 09:22:00;AVENIDA PRO JOSE ARTHUR CARVALHO, 560;, ; 560;;;Colisão;Luz do Dia;;;Meio de Quadra;;Longo da via;0;1;0;1;1;0;0;0;0;0;0;0;0;(-38.473498 -3.826479);
364423;2020-11-18 08:33:00;AVENIDA PERIMETRAL, 3300;, ; 3300;;;Colisão;Luz do Dia;;;Meio de Quadra;;Longo da via;0;2;0;2;0;0;0;0;0;0;0;0;0;(0 0);
364422;2020-11-18 08:24:00;AVENIDA MR HULL, 2912;, ; 2912;;;Queda;Luz do Dia;;;Meio de Quadra;;Longo da via;0;1;0;0;0;0;0;0;0;1;0;0;0;(-38.570494 -3.73679725);
362738;2020-11-18 08:23:00;AVENIDA SANTOS DUMONT, ;RUA MON BRUNO, ; ;;;Colisão Transversal;Luz do Dia;Bom;Seca;Cruz;Pare;Cruzamento;0;1;1;1;1;0;0;0;0;0;0;0;0;(-38.509506 -3.732595);
362739;2020-11-18 08:19:00;RUA CAP ARAGAO, ;RUA TEN BARBOSA D46, ; ;;;Colisão Transversal;Luz do Dia;Bom;Seca;Cruz;Pare;Cruzamento;0;1;2;1;1;0;0;0;0;0;0;0;0;(-38.51204 -3.76473);
364421;2020-11-18 07:23:00;AVENIDA MIN JOSE AMERICO, 2223;, ; 2223;;;Colisão;Luz do Dia;;;Meio de Quadra;;Longo da via;0;2;0;1;1;0;0;0;0;0;0;0;0;(-38.48130805 -3.811564838);
364420;2020-11-17 23:30:00;RUA CAMPINENSE, 340;, ; 340;;;Colisão;;;;Meio de Quadra;;Longo da via;0;1;0;1;1;0;0;0;0;0;0;0;0;(-38.5231406 -3.84890077);
364419;2020-11-17 21:50:00;AVENIDA DOLOR BARREIRA, 379;, ; 379;;;Atropelamento;;;;Meio de Quadra;;Longo da via;0;1;0;1;0;0;0;0;0;0;0;0;0;(-38.473266 -3.72790962);
364418;2020-11-17 19:59:00;AVENIDA CEL CARVALHO, 3127;, ; 3127;;;Colisão;;;;Meio de Quadra;;Longo da via;0;1;0;2;0;0;0;0;0;0;0;0;0;(-38.5846021 -3.73139647);
364417;2020-11-17 19:49:00;RUA CRISANTO M DA ROCHA, 13;, ; 13;;;Colisão;;;;Meio de Quadra;;Longo da via;0;1;0;0;0;0;0;0;0;0;1;0;0;(0 0);
364416;2020-11-17 19:48:00;AVENIDA PRS COSTA E SILVA, 1674;, ; 1674;;;Colisão;;;;Meio de Quadra;;Longo da via;0;1;0;2;0;0;0;0;0;0;0;0;0;(-38.56499 -3.81804);
362736;2020-11-17 19:25:00;RUA AFONSO CELSO, ;RUA MON BRUNO, ; ;;;Colisão Transversal;Via Iluminada;Bom;Seca;Cruz;Pare;Cruzamento;0;1;0;1;1;0;0;0;0;0;0;0;0;(-38.510519 -3.735734);
364413;2020-11-17 19:12:00;AVENIDA CEL CARVALHO, ;, ; ;;;Colisão;;;;Meio de Quadra;;Longo da via;0;1;0;2;0;0;0;0;0;0;0;0;0;(0 0);
364408;2020-11-17 18:52:00;AVENIDA JOSE BASTOS, 2840;, ; 2840;;;Atropelamento;;;;Meio de Quadra;;Longo da via;0;1;0;0;0;0;0;0;0;0;1;0;0;(-38.545579 -3.7451565);
364406;2020-11-17 18:31:00;RUA JOSE HIPOLITO, 277;, ; 277;;;Colisão;;;;Meio de Quadra;;Longo da via;0;2;0;1;1;0;0;0;0;0;0;0;0;(-38.492756 -3.832876);
362735;2020-11-17 18:20:00;AVENIDA AMERICO BARREIRA, 5355;, ; 5355;;;Não informado;Anoitecer;Bom;Seca;Outros;Não Há Controle;Longo da via;0;1;0;0;0;0;0;0;0;0;0;0;0;(-38.563564 -3.7588696);
362737;2020-11-17 18:00:00;RUA OSVALDO CRUZ (ALDEOTA), ;RUA DOM EXPEDITO LOPES, ; ;;;Colisão Lateral;Anoitecer;Bom;Seca;;;Cruzamento;0;1;1;1;1;0;0;0;0;0;0;0;0;(-38.5032845 -3.7443751);
364405;2020-11-17 17:59:00;RUA MANDACARU D69, 867;, ; 867;;;Colisão;Anoitecer;;;Meio de Quadra;;Longo da via;0;1;0;0;0;0;0;0;0;0;1;0;0;(-38.5154707 -3.83721339);
364404;2020-11-17 17:50:00;AVENIDA JOSE BASTOS, 5300;, ; 5300;;;Atropelamento;Anoitecer;;;Meio de Quadra;;Longo da via;0;1;0;1;0;0;0;0;0;0;0;0;0;(-38.563351 -3.758796);
364403;2020-11-17 17:34:00;AVENIDA PRS COSTA E SILVA, 354;, ; 354;;;Colisão;Anoitecer;;;Meio de Quadra;;Longo da via;0;1;0;2;0;0;0;0;0;0;0;0;0;(-38.57232 -3.81268);
364402;2020-11-17 16:57:00;AVENIDA DES MOREIRA, ;, ; ;;;Queda;Luz do Dia;;;Meio de Quadra;;Longo da via;0;1;0;0;0;0;0;0;0;1;0;0;0;(0 0);
364544;2020-11-17 16:40:00;AVENIDA SEN CARLOS JEREISSATI (AEROPORTO), ;, ; ;;;Colisão;Luz do Dia;;;Meio de Quadra;;Longo da via;0;0;2;0;2;0;0;0;0;0;0;0;0;(-38.544038 -3.779641);
364401;2020-11-17 15:29:00;RUA 103 CJ CEARA, 1200;, ; 1200;;;Colisão;Luz do Dia;;;Meio de Quadra;;Longo da via;0;1;0;1;1;0;0;0;0;0;0;0;0;(0 0);
362734;2020-11-17 09:00:00;RUA MON HIPOLITO BRASIL, 1390;, ; 1390;;;Colisão Frontal;Luz do Dia;Bom;Seca;T;Pare;Longo da via;0;1;1;1;1;0;0;0;0;0;0;0;0;(-38.5841 -3.75606);
362733;2020-11-17 08:53:00;AVENIDA SGT HERMINIO SAMPAIO, ;RUA CEL MOZART GONDIM, ; ;;;Colisão Transversal;Luz do Dia;Bom;Seca;Cruz;Pare;Cruzamento;0;1;1;1;1;0;0;0;0;0;0;0;0;(-38.561327 -3.726516);
362732;2020-11-17 08:49:00;AVENIDA SORIANO ALBUQUERQUE, 230;, ; 230;;;Colisão Traseira;Luz do Dia;Bom;Seca;Meio de Quadra;Semáforo;Longo da via;0;1;1;1;1;0;0;0;0;0;0;0;0;(0 0);
364400;2020-11-17 08:09:00;AVENIDA WASHINGTON SOARES, 2103;, ; 2103;;;Colisão;Luz do Dia;;;Meio de Quadra;;Longo da via;0;1;0;1;1;0;0;0;0;0;0;0;0;(-38.481564 -3.776854);
364399;2020-11-17 08:04:00;RUA JOSE HIPOLITO, 1400;, ; 1400;;;Colisão;Luz do Dia;;;Meio de Quadra;;Longo da via;0;1;0;0;0;0;0;0;0;0;1;0;0;(-38.482787 -3.837402);
364398;2020-11-17 07:38:00;RUA RIO GRANDE DO SUL, 875;, ; 875;;;Atropelamento;Luz do Dia;;;Meio de Quadra;;Longo da via;0;2;0;1;0;0;0;0;0;0;0;0;0;(-38.5662428 -3.75657008);
362731;2020-11-17 07:30:00;RUA CEL MATOS DOURADO, 560;, ; 560;;;Colisão Lateral;Luz do Dia;Bom;Seca;Meio de Quadra;Semáforo;Longo da via;0;1;1;1;1;0;0;0;0;0;0;0;0;(-38.585011 -3.74367);
362730;2020-11-17 07:16:00;RUA SEN ROBERT KENNEDY, ;RUA DOMINGOS DA VEIGA, ; ;;;Colisão;Luz do Dia;Chuva;Molhada;Cruz;Pare;Cruzamento;0;2;1;1;1;0;0;0;0;0;0;0;0;(-38.578553 -3.703095);
364397;2020-11-17 06:44:00;RUA PRO HERIBALDO COSTA, 560;, ; 560;;;Colisão;Luz do Dia;;;Meio de Quadra;;Longo da via;0;1;0;1;1;0;0;0;0;0;0;0;0;(-38.5824798 -3.75744012);