COD_ACIDENTE;DATA;LOG1;LOG2;NUMERO;BAIRRO;AMC;NATUREZA;ILUMINACAO;TEMPO;SUPERFICIEPISTA;TIPOCRUZAMENTO;CONTROLETRAFEGO;USOSOLO;MORTOS;FERIDOS;ILESOS;MOTOCICLETA;AUTOMOVEL;MICROONIBUS;CAMINHAO;ONIBUS;CICLOMOTOR;BICICLETA;OUTROS;TREM;TRACAOANIMAL;COORDENADAS
362729;2020-11-16 23:30:00;AVENIDA WENEFRIDO MELO, 381;, ; 381;;;Colisão Traseira;Via Iluminada;Bom;Seca;Meio de Quadra;Não Há Controle;Longo da via;0;1;3;1;2;0;0;1;0;0;0;0;0;(-38.575882 -3.8108945);
364701;2020-11-16 22:35:00;AVENIDA ENG HUMBERTO MONTE, 2545;, ; 2545;;;Colisão;;;;Meio de Quadra;;Longo da via;0;2;0;2;0;0;0;0;0;0;0;0;0;(-38.567994 -3.740132);
364702;2020-11-16 20:50:00;AVENIDA AUGUSTO DOS ANJOS, 444;, ; 444;;;Colisão;;;;Meio de Quadra;;Longo da via;0;2;0;1;1;0;0;0;0;0;0;0;0;(-38.57191 -3.77204);
362728;2020-11-16 19:20:00;AVENIDA ROGACIANO LEITE, ;, ; ;;;Colisão Transversal;Via Iluminada;Bom;Seca;Meio de Quadra;Não Há Controle;Longo da via;0;2;0;1;1;0;0;0;0;0;0;0;0;(0 0);
362727;2020-11-16 18:48:00;RUA BENTO ALBUQUERQUE, ;RUA ZAMENHOF, ; ;;;Colisão Transversal;Via Iluminada;Bom;Seca;Cruz;Gesto;Cruzamento;0;1;1;1;1;0;0;0;0;0;0;0;0;(-38.47688 -3.74574);
364705;2020-11-16 18:19:00;RUA FRANCISCANO, 656;, ; 656;;;Queda;Anoitecer;;;Meio de Quadra;;Longo da via;0;1;0;1;0;0;0;0;0;0;0;0;0;(-38.60369 -3.80062);
364706;2020-11-16 18:02:00;AVENIDA MAE MANOEL MAVIGNIER, 521;, ; 521;;;Colisão;Anoitecer;;;Meio de Quadra;;Longo da via;0;2;0;1;1;0;0;0;0;0;0;0;0;(0 0);
364540;2020-11-16 17:40:00;RD CE-025, ;, ; ;;;Colisão;Anoitecer;;;Meio de Quadra;;Longo da via;0;0;2;1;1;0;0;0;0;0;0;0;0;(-38.42708101 -3.810983084);
364708;2020-11-16 17:39:00;AVENIDA JOSE TAVARES, 871;, ; 871;;;Colisão;Anoitecer;;;Meio de Quadra;;Longo da via;0;2;0;0;1;0;0;0;0;1;0;0;0;(0 0);
364709;2020-11-16 17:11:00;RUA BERNARDO MANUEL, ;RUA JAPI, ; ;;;Colisão;Anoitecer;;;Cruz;Pare;Cruzamento;0;2;0;1;1;0;0;0;0;0;0;0;0;(-38.546927 -3.784073);
362726;2020-11-16 17:00:00;RUA DELMIRO FARIAS, ;, ; ;;;Colisão Transversal;Luz do Dia;Bom;Seca;Meio de Quadra;;Longo da via;0;2;0;1;1;0;0;0;0;0;0;0;0;(0 0);
364710;2020-11-16 16:44:00;AVENIDA D CJ JOSE WALTER, 131;, ; 131;;;Colisão;Luz do Dia;;;Meio de Quadra;;Longo da via;0;2;0;1;1;0;0;0;0;0;0;0;0;(-38.554459 -3.832014);
364711;2020-11-16 16:10:00;RUA JOAO CORDEIRO, 149;, ; 149;;;Queda;Luz do Dia;;;Meio de Quadra;;Longo da via;0;1;0;0;0;0;0;0;0;1;0;0;0;(-38.5118164 -3.7214142);
364687;2020-11-16 15:54:00;RUA PEREIRA FILGUEIRAS, ;RUA GONCALVES LEDO, ; ;;;Colisão;Luz do Dia;;;Cruz;Pare;Cruzamento;0;2;0;1;1;0;0;0;0;0;0;0;0;(-38.515004 -3.727667);
364686;2020-11-16 15:25:00;RUA SEN POMPEU, 1481;, ; 1481;;;Colisão;Luz do Dia;;;Meio de Quadra;;Longo da via;0;2;0;1;1;0;0;0;0;0;0;0;0;(-38.53104533 -3.731598667);
362724;2020-11-16 15:13:00;RUA 02 UI, 140;, ; 140;;;Choque c/ Obstáculo Fixo;Luz do Dia;Bom;Seca;Meio de Quadra;Não Há Controle;Longo da via;0;0;2;0;3;0;0;0;0;0;0;0;0;(-38.5641315 -3.70812687);
362742;2020-11-16 14:55:00;AVENIDA JOSE JATAHY, 2573;, ; 2573;;;Colisão Traseira;Luz do Dia;Bom;Seca;Meio de Quadra;Não Há Controle;Longo da via;0;2;3;1;3;0;0;1;0;0;0;0;0;(-38.544006 -3.7449095);
364539;2020-11-16 14:30:00;RD CE-040, ;, ; ;;;Colisão;Luz do Dia;;;Meio de Quadra;;Longo da via;0;1;1;0;2;0;0;0;0;0;0;0;0;(-38.47873348 -3.809596804);
362725;2020-11-16 14:15:00;AVENIDA DIOGUINHO, 90;, ; 90;;;Atropelamento;Luz do Dia;Bom;Seca;Meio de Quadra;Não Há Controle;Longo da via;0;1;1;0;1;0;0;0;0;0;0;0;0;(-38.46151 -3.72668);
364683;2020-11-16 13:46:00;RUA JAIME BENEVOLO, ;TRAVESSA ANA CARTAXO, ; ;;;Colisão;Luz do Dia;;;T;Pare;Cruzamento;0;2;0;1;1;0;0;0;0;0;0;0;0;(-38.531173 -3.748664);
362723;2020-11-16 13:29:00;AVENIDA ENG HUMBERTO MONTE, ;AVENIDA JOVITA FEITOSA, ; ;;;Colisão;Luz do Dia;Bom;Seca;Cruz;Semáforo;Cruzamento;0;5;0;0;2;0;0;0;0;0;0;0;0;(-38.566544 -3.741963);
362743;2020-11-16 13:10:00;AVENIDA CEL CARVALHO, ;RUA MANUEL MOURA, ; ;;;Colisão Traseira;Luz do Dia;Bom;Seca;T;Semáforo;Cruzamento;0;1;1;0;2;0;0;0;0;0;0;0;0;(-38.588 -3.71746);
364682;2020-11-16 12:29:00;RUA PINTO MADEIRA, ;RUA ILDEFONSO ALBANO, ; ;;;Colisão;Luz do Dia;;;Cruz;Semáforo;Cruzamento;0;2;0;2;0;0;0;0;0;0;0;0;0;(-38.513317 -3.73361);
364681;2020-11-16 12:22:00;RUA DOIS, 140;, ; 140;;;Capotamento;Luz do Dia;;;Meio de Quadra;;Longo da via;0;1;0;0;0;0;0;0;0;0;0;0;0;(-38.53201 -3.82191);
364680;2020-11-16 11:42:00;AVENIDA 13 DE MAIO, 1363;, ; 1363;;;Queda;Luz do Dia;;;Meio de Quadra;;Longo da via;0;1;0;1;0;0;0;0;0;0;0;0;0;(-38.530898 -3.748);
364679;2020-11-16 11:23:00;RUA RIO GRANDE DO SUL, 1235;, ; 1235;;;Colisão;Luz do Dia;;;Meio de Quadra;;Longo da via;0;2;0;1;1;0;0;0;0;0;0;0;0;(-38.568018 -3.759333);
362895;2020-11-16 11:20:00;RUA JULIO DA SILVEIRA, ;, ; ;;;Colisão Frontal;Luz do Dia;Bom;;;;Longo da via;0;1;1;1;1;0;0;0;0;0;0;0;0;(0 0);
364678;2020-11-16 11:15:00;AVENIDA CAP WALDEMAR PAULA LIMA, 700;, ; 700;;;Queda;Luz do Dia;;;Meio de Quadra;;Longo da via;0;1;0;1;0;0;0;0;0;0;0;0;0;(-38.508291 -3.820114);
364677;2020-11-16 11:13:00;AVENIDA D CJ JOSE WALTER, 440;, ; 440;;;Atropelamento;Luz do Dia;;;Meio de Quadra;;Longo da via;0;1;0;0;0;0;0;0;0;0;0;0;0;(-38.5568677 -3.8312374);
362721;2020-11-16 10:53:00;RUA VALDETARIO MOTA, ;RUA AVILA GOULART, ; ;;;Colisão Transversal;Luz do Dia;Bom;Seca;;;Cruzamento;0;1;1;1;1;0;0;0;0;0;0;0;0;(-38.47921 -3.734652);
362719;2020-11-16 10:31:00;RUA DOM JOAQUIM, 450;, ; 450;;;Não informado;Mal Iluminada;Bom;Seca;Meio de Quadra;Não Há Controle;Longo da via;0;0;1;0;1;0;0;0;0;0;0;0;0;(-38.5172875 -3.72761371);
364537;2020-11-16 10:00:00;RD CE-040, ;, ; ;;;Atropelamento;Luz do Dia;;;Meio de Quadra;;Longo da via;1;1;0;0;0;0;1;0;0;0;0;0;0;(-38.47204254 -3.857690949);
364676;2020-11-16 09:53:00;RUA BAR AQUIRAZ, 2763;, ; 2763;;;Atropelamento;Luz do Dia;;;Meio de Quadra;;Longo da via;0;2;0;0;0;0;1;0;0;0;0;0;0;(0 0);
364614;2020-11-16 09:30:00;RUA NUNES VALENTE, ;RUA PDE VALDEVINO, ; ;;;Atropelamento;Luz do Dia;;;Cruz;Pare;Cruzamento;0;2;0;1;0;0;0;0;0;0;0;0;0;(-38.505782 -3.742608);
364613;2020-11-16 08:57:00;RUA JOSE DANTAS PEREIRA, ;, ; ;;;Colisão;Luz do Dia;;;Meio de Quadra;;Longo da via;0;2;0;0;1;0;0;0;0;1;0;0;0;(0 0);
364612;2020-11-16 08:11:00;AVENIDA GODOFREDO MACIEL, 5618;, ; 5618;;;Queda;Luz do Dia;;;Meio de Quadra;;Longo da via;0;1;0;1;0;0;0;0;0;0;0;0;0;(-38.57865 -3.8239255);
362717;2020-11-16 06:45:00;RUA BAR RIO BRANCO, ;RUA SEN ALENCAR, ; ;;;Colisão Lateral;Amanhecer;Bom;Seca;T;Pare;Cruzamento;0;2;0;1;0;0;0;0;0;0;0;0;0;(-38.527752 -3.724879);
364611;2020-11-16 06:40:00;RUA RIO BRANCO, ;, ; ;;;Colisão;Luz do Dia;;;Meio de Quadra;;Longo da via;0;1;0;0;0;0;0;0;0;0;0;0;0;(0 0);
362718;2020-11-16 05:49:00;RUA MARIA QUINTELA, ;AVENIDA LINEU MACHADO, ; ;;;Colisão;Via Iluminada;Bom;Seca;Cruz;Não Há Controle;Cruzamento;0;1;1;0;2;0;0;0;0;0;0;0;0;(-38.583045 -3.777615);
363981;2020-11-16 03:00:00;AVENIDA GODOFREDO MACIEL, 5083;, ; 5083;;;Choque c/ Obstáculo Fixo;;;;Meio de Quadra;;Longo da via;1;0;0;1;0;0;0;0;0;0;0;0;0;(-38.576204 -3.818808);
364610;2020-11-16 01:09:00;AVENIDA BENJAMIM BRASIL, 1688;, ; 1688;;;Colisão;;;;Meio de Quadra;;Longo da via;0;1;0;0;0;0;0;0;0;0;0;0;0;(-38.561856 -3.80662976);
363016;2020-11-16 00:30:00;AVENIDA BENJAMIM BRASIL, 2112;, ; 2112;;;Choque c/ Obstáculo Fixo;Via Iluminada;Bom;Seca;Meio de Quadra;Não Há Controle;Longo da via;1;1;0;0;1;0;0;0;0;0;0;0;0;(-38.558229 -3.808292);
364609;2020-11-16 00:28:00;RUA MAJ WEYNE, 207;, ; 207;;;Queda;;;;Meio de Quadra;;Longo da via;0;1;0;1;0;0;0;0;0;0;0;0;0;(-38.539369 -3.752695);
364608;2020-11-15 23:04:00;AVENIDA DES GONZAGA, 1436;, ; 1436;;;Queda;;;;Meio de Quadra;;Longo da via;0;1;0;1;0;0;0;0;0;0;0;0;0;(-38.4988512 -3.79929962);
364607;2020-11-15 22:23:00;AVENIDA PRS CASTELO BRANCO, ;, ; ;;;Queda;;;;Meio de Quadra;;Longo da via;0;1;0;0;0;0;0;0;0;1;0;0;0;(0 0);
364606;2020-11-15 22:07:00;AVENIDA SEN FERNANDES TAVORA, 2331;, ; 2331;;;Colisão;;;;Meio de Quadra;;Longo da via;0;2;0;2;0;0;0;0;0;0;0;0;0;(-38.592745 -3.756541);
364605;2020-11-15 21:53:00;RUA SAO JOAO D20, 40;, ; 40;;;Queda;;;;Meio de Quadra;;Longo da via;0;1;0;1;0;0;0;0;0;0;0;0;0;(0 0);
364604;2020-11-15 21:40:00;AVENIDA GAL OSORIO DE PAIVA, 1653;, ; 1653;;;Colisão;;;;Meio de Quadra;;Longo da via;0;2;0;2;0;0;0;0;0;0;0;0;0;(-38.57673938 -3.782134923);
362716;2020-11-15 20:59:00;RUA PESSOA ANTA, ;RUA GUILHERME BLHUM, ; ;;;Não informado;Via Iluminada;Bom;Seca;Outros;Pare;Cruzamento;0;1;1;0;2;0;0;0;0;0;0;0;0;(-38.522017 -3.721113);
363008;2020-11-15 20:40:00;AVENIDA PRS COSTA E SILVA, 4677;, ; 4677;;;Colisão Traseira;;Bom;Seca;Meio de Quadra;Outros;Longo da via;0;2;0;1;0;0;0;0;0;1;0;0;0;(-38.5385901 -3.82596982);
364603;2020-11-15 20:05:00;AVENIDA PRS CASTELO BRANCO, ;, ; ;;;Atropelamento;;;;Meio de Quadra;;Longo da via;0;2;0;0;1;0;0;0;0;0;0;0;0;(0 0);
364602;2020-11-15 20:02:00;RUA VINTE E QUATRO DE MAIO, 53;, ; 53;;;Colisão;;;;Meio de Quadra;;Longo da via;0;2;0;1;1;0;0;0;0;0;0;0;0;(-38.53041 -3.72215);
364601;2020-11-15 20:02:00;RUA MIGUEL GUSTAVO, 348;, ; 348;;;Queda;;;;Meio de Quadra;;Longo da via;0;1;0;0;0;0;0;0;0;1;0;0;0;(-38.49029 -3.86439);
364600;2020-11-15 20:00:00;AVENIDA PERIMETRAL, ;, ; ;;;Colisão;;;;Meio de Quadra;;Longo da via;0;1;0;0;0;0;0;0;0;0;0;0;0;(0 0);
364599;2020-11-15 19:54:00;AVENIDA CONTORNO OESTE D71, ;, ; ;;;Colisão;;;;Meio de Quadra;;Longo da via;0;1;0;0;0;0;0;0;0;0;0;0;0;(0 0);
364598;2020-11-15 19:32:00;RUA MON CARNEIRO DA CUNHA, 310;, ; 310;;;Queda;;;;Meio de Quadra;;Longo da via;0;1;0;1;0;0;0;0;0;0;0;0;0;(-38.4935616 -3.77507767);
364597;2020-11-15 18:46:00;AVENIDA MAE MANOEL MAVIGNIER, ;, ; ;;;Queda;;;;Meio de Quadra;;Longo da via;0;1;0;1;0;0;0;0;0;0;0;0;0;(0 0);
364596;2020-11-15 18:27:00;RUA CON DE CASTRO, 3834;, ; 3834;;;Colisão;Anoitecer;;;Meio de Quadra;;Longo da via;0;2;0;0;1;0;0;0;0;1;0;0;0;(-38.587533 -3.800196);
364595;2020-11-15 18:09:00;RD BR 116, 10000;, ; 10000;;;Colisão;Anoitecer;;;Meio de Quadra;;Longo da via;0;1;0;0;0;0;0;0;0;0;0;0;0;(-38.503373 -3.834435);
364594;2020-11-15 17:18:00;RD BR 116, ;, ; ;;;Queda;Anoitecer;;;Meio de Quadra;;Longo da via;0;1;0;1;0;0;0;0;0;0;0;0;0;(0 0);
364593;2020-11-15 17:07:00;AVENIDA PERIMETRAL, ;, ; ;;;Colisão;Anoitecer;;;Meio de Quadra;;Longo da via;0;2;0;1;1;0;0;0;0;0;0;0;0;(0 0);
363012;2020-11-15 17:00:00;RUA TEN TITO BARROS, ;AVENIDA DEP PAULINO ROCHA, ; ;;;Colisão Transversal;Anoitecer;Bom;Seca;Cruz;Não Há Controle;Cruzamento;0;1;1;1;0;0;0;1;0;0;0;0;0;(-38.507311 -3.801032);
364592;2020-11-15 16:50:00;RUA OLIMPIO NORONHA, 148;, ; 148;;;Colisão;Luz do Dia;;;Meio de Quadra;;Longo da via;0;2;0;2;0;0;0;0;0;0;0;0;0;(-38.55781 -3.81431);
364591;2020-11-15 16:44:00;RUA STA INES D20, ;, ; ;;;Colisão;Luz do Dia;;;Meio de Quadra;;Longo da via;0;2;0;1;1;0;0;0;0;0;0;0;0;(0 0);
364590;2020-11-15 16:42:00;RUA CON DE CASTRO, 3693;, ; 3693;;;Colisão;Luz do Dia;;;Meio de Quadra;;Longo da via;0;2;0;1;1;0;0;0;0;0;0;0;0;(-38.5868546 -3.79948741);
364721;2020-11-15 16:30:00;RUA CEL MANUEL ANTONIO LEITE, ;RUA SAO JOAO D34 (BONSUCESSO), ; ;;;Colisão;Luz do Dia;;;Duplo T;Pare;Cruzamento;0;0;2;0;2;0;0;0;0;0;0;0;0;(-38.59265 -3.774038);
364589;2020-11-15 16:08:00;AVENIDA PERIMETRAL, 1255;, ; 1255;;;Colisão;Luz do Dia;;;Meio de Quadra;;Longo da via;0;1;0;0;0;0;0;0;0;0;0;0;0;(0 0);
362715;2020-11-15 15:41:00;AVENIDA JOSE SABOIA, 497;, ; 497;;;Colisão Transversal;Luz do Dia;Bom;Seca;Meio de Quadra;Não Há Controle;Longo da via;0;1;1;1;0;0;0;1;0;0;0;0;0;(-38.4674948 -3.7170889);
364588;2020-11-15 15:36:00;RUA PDE PEDRO DE ALENCAR, 1850;, ; 1850;;;Colisão;Luz do Dia;;;Meio de Quadra;;Longo da via;0;2;0;0;2;0;0;0;0;0;0;0;0;(-38.494387 -3.843887);
364587;2020-11-15 15:01:00;AVENIDA PRS CASTELO BRANCO, ;, ; ;;;Atropelamento;Luz do Dia;;;Meio de Quadra;;Longo da via;0;2;0;0;0;0;0;0;0;0;0;0;0;(0 0);
362945;2020-11-15 15:00:00;AVENIDA ROGACIANO LEITE, 1200;, ; 1200;;;Engavetamento;Luz do Dia;Bom;Seca;Meio de Quadra;Semáforo;Longo da via;0;1;3;1;3;0;0;0;0;0;0;0;0;(-38.497147 -3.7681905);
364586;2020-11-15 14:57:00;RUA MARIA JULIA, 1306;, ; 1306;;;Colisão;Luz do Dia;;;Meio de Quadra;;Longo da via;0;2;0;2;0;0;0;0;0;0;0;0;0;(-38.600949 -3.796333);
364585;2020-11-15 13:36:00;RUA BERNARDO MANUEL, 278;, ; 278;;;Colisão;Luz do Dia;;;Meio de Quadra;;Longo da via;0;2;0;1;1;0;0;0;0;0;0;0;0;(0 0);
364584;2020-11-15 13:31:00;RUA MONTE LIBANO, 143;, ; 143;;;Colisão;Luz do Dia;;;Meio de Quadra;;Longo da via;0;2;0;1;1;0;0;0;0;0;0;0;0;(-38.55968 -3.82195);
364583;2020-11-15 13:20:00;AVENIDA C CJ JOSE WALTER, 830;, ; 830;;;Colisão;Luz do Dia;;;Meio de Quadra;;Longo da via;0;1;0;0;0;0;0;0;0;0;0;0;0;(-38.558739 -3.827801);
364582;2020-11-15 11:26:00;AVENIDA JOSE SABOIA, 497;, ; 497;;;Colisão;Luz do Dia;;;Meio de Quadra;;Longo da via;0;2;0;1;0;0;1;0;0;0;0;0;0;(-38.4674948 -3.7170889);
364581;2020-11-15 11:07:00;AVENIDA MAJ ASSIS, 683;, ; 683;;;Colisão;Luz do Dia;;;Meio de Quadra;;Longo da via;0;1;0;0;0;0;0;0;0;0;0;0;0;(-38.5854797 -3.72385736);
362714;2020-11-15 10:40:00;AVENIDA JULIO VENTURA, ;RUA DR JOSE LOURENCO, ; ;;;Colisão Transversal;Luz do Dia;Bom;Seca;Cruz;Semáforo;Cruzamento;0;2;1;1;1;0;0;0;0;0;0;0;0;(-38.508987 -3.7385395);
364580;2020-11-15 10:36:00;RUA DR JOSE LOURENCO, ;, ; ;;;Colisão;Luz do Dia;;;;;Longo da via;0;1;1;1;1;0;0;0;0;0;0;0;0;(0 0);
364579;2020-11-15 10:30:00;AVENIDA FRANCISCO SA, ;RUA FRANCISCO SALGADO, ; ;;;Colisão;Luz do Dia;;;T;Pare;Cruzamento;0;2;0;1;1;0;0;0;0;0;0;0;0;(-38.56554 -3.71464);
362722;2020-11-15 10:02:00;AVENIDA SEN VIRGILIO TAVORA, 2174;, ; 2174;;;Colisão Traseira;Luz do Dia;Bom;Seca;Meio de Quadra;Semáforo;Longo da via;0;0;2;0;2;0;0;0;0;0;0;0;0;(-38.49588314 -3.745337143);
364578;2020-11-15 05:31:00;RUA ALM RUBIM, 1778;, ; 1778;;;Colisão;Amanhecer;;;Meio de Quadra;;Longo da via;0;1;0;0;0;0;0;0;0;0;0;0;0;(-38.5573608 -3.77294405);
364577;2020-11-15 04:05:00;RUA N S DA  CONCEICAO (MONDUBIM), ;, ; ;;;Atropelamento;;;;Meio de Quadra;;Longo da via;0;2;0;0;1;0;0;0;0;0;0;0;0;(0 0);
362713;2020-11-15 03:32:00;AVENIDA GODOFREDO MACIEL, ;AVENIDA WENEFRIDO MELO, ; ;;;Colisão Transversal;Via Iluminada;Bom;Seca;Cruz;Semáforo;Cruzamento;0;0;2;0;1;0;0;0;1;0;0;0;0;(-38.574739 -3.811743);
364576;2020-11-15 02:39:00;AVENIDA PERIMETRAL, ;, ; ;;;Colisão;;;;Meio de Quadra;;Longo da via;0;2;0;1;1;0;0;0;0;0;0;0;0;(0 0);
364575;2020-11-15 02:04:00;RUA BERNARDO MANUEL, 362;, ; 362;;;Colisão;;;;Meio de Quadra;;Longo da via;0;1;0;0;0;0;0;0;0;0;0;0;0;(0 0);
364574;2020-11-15 01:32:00;RUA DR HUGO ROCHA, 266;, ; 266;;;Colisão;;;;Meio de Quadra;;Longo da via;0;1;0;0;0;0;0;0;0;0;0;0;0;(-38.570874 -3.715387);
362711;2020-11-15 01:30:00;RUA BAR SOBRAL, ;RUA JOAO FIRMINO, ; ;;;Colisão Transversal;Via Iluminada;Bom;Seca;Cruz;Pare;Cruzamento;0;0;1;1;1;0;0;0;0;0;0;0;0;(-38.556531 -3.765714);
362712;2020-11-15 01:27:00;AVENIDA AUGUSTO DOS ANJOS, 1450;RUA SEIXAS CORREIA, ; 1450;;;Colisão Transversal;Via Iluminada;Bom;Seca;Cruz;Semáforo;Cruzamento;0;1;1;1;1;0;0;0;0;0;0;0;0;(-38.578496 -3.779412);
362710;2020-11-15 00:11:00;RUA EMILIO DE MENESES, ;RUA BRAGANCA, ; ;;;Colisão Lateral;Via Iluminada;Bom;Seca;Cruz;Semáforo;Cruzamento;0;1;0;0;1;0;0;0;0;0;0;0;0;(-38.596166 -3.779277);
364573;2020-11-15 00:03:00;RUA EMILIO DE MENESES, 1659;, ; 1659;;;Colisão;;;;Meio de Quadra;;Longo da via;0;2;0;0;1;0;0;0;0;1;0;0;0;(-38.596166 -3.779277);
364572;2020-11-14 22:56:00;RUA ANDRADE FURTADO, ;, ; ;;;Colisão;;;;Meio de Quadra;;Longo da via;0;2;0;0;2;0;0;0;0;0;0;0;0;(0 0);
364571;2020-11-14 22:02:00;AVENIDA ALBERTO NEPOMUCENO, 23;, ; 23;;;Colisão;;;;Meio de Quadra;;Longo da via;0;1;0;0;0;0;0;0;0;0;0;0;0;(-38.5232938 -3.72140682);
364570;2020-11-14 22:01:00;RUA ADOLFO CAMINHA, ;, ; ;;;Colisão;;;;Meio de Quadra;;Longo da via;0;1;0;0;0;0;0;0;0;0;0;0;0;(0 0);
364558;2020-11-14 21:48:00;AVENIDA AUGUSTO DOS ANJOS, 1450;, ; 1450;;;Colisão;;;;Meio de Quadra;;Longo da via;0;2;0;1;1;0;0;0;0;0;0;0;0;(-38.57855 -3.779473);
364557;2020-11-14 21:18:00;AVENIDA PRS COSTA E SILVA, ;, ; ;;;Atropelamento;;;;Meio de Quadra;;Longo da via;0;2;0;0;1;0;0;0;0;0;0;0;0;(0 0);
364556;2020-11-14 21:05:00;RUA CEL FABRICIANO, 1700;, ; 1700;;;Atropelamento;;;;Meio de Quadra;;Longo da via;0;2;0;1;0;0;0;0;0;0;0;0;0;(-38.6069176 -3.78302654);
364555;2020-11-14 20:33:00;AVENIDA CEL CARVALHO, 958;, ; 958;;;Colisão;;;;Meio de Quadra;;Longo da via;0;1;0;0;0;0;0;0;0;0;0;0;0;(-38.58971 -3.71084);
364554;2020-11-14 19:59:00;AVENIDA GODOFREDO MACIEL, 514;, ; 514;;;Colisão;;;;Meio de Quadra;;Longo da via;0;2;0;1;1;0;0;0;0;0;0;0;0;(-38.5650365 -3.78059836);
363011;2020-11-14 19:55:00;RUA ESTEVAO DE CAMPOS, ;RUA JERONIMO ALBUQUERQUE, ; ;;;Colisão Transversal;Via Iluminada;Bom;Seca;Cruz;Pare;Cruzamento;1;2;0;1;1;0;0;0;0;0;0;0;0;(-38.576292 -3.706713);
362709;2020-11-14 19:00:00;RUA PEDRO LAZAR, 1307;, ; 1307;;;Colisão Frontal;Via Iluminada;Bom;Seca;Meio de Quadra;Não Há Controle;Longo da via;0;2;0;1;1;0;0;0;0;0;0;0;0;(0 0);
362720;2020-11-14 18:00:00;AVENIDA DEP PAULINO ROCHA, 2385;, ; 2385;;;Não informado;Via Iluminada;Bom;Seca;Meio de Quadra;Semáforo;Longo da via;0;0;1;0;1;0;0;0;0;0;0;0;0;(-38.51783 -3.81062);
364553;2020-11-14 17:59:00;AVENIDA GAL OSORIO DE PAIVA, 6128;, ; 6128;;;Atropelamento de Animal;Anoitecer;;;Meio de Quadra;;Longo da via;0;1;0;1;0;0;0;0;0;0;0;0;0;(-38.607132 -3.809989);
364552;2020-11-14 17:37:00;AVENIDA DEP PAULINO ROCHA, ;, ; ;;;Colisão;Anoitecer;;;Meio de Quadra;;Longo da via;0;2;0;0;2;0;0;0;0;0;0;0;0;(0 0);
364551;2020-11-14 16:24:00;RUA HERCULANO PENA, ;, ; ;;;Colisão;Luz do Dia;;;Meio de Quadra;;Longo da via;0;2;0;1;1;0;0;0;0;0;0;0;0;(0 0);
364550;2020-11-14 15:57:00;RUA PORTO VELHO, 436;, ; 436;;;Colisão;Luz do Dia;;;Meio de Quadra;;Longo da via;0;2;0;2;0;0;0;0;0;0;0;0;0;(-38.584586361 -3.767276966);
364549;2020-11-14 15:54:00;AVENIDA MOZART PINHEIRO DE LUCENA, 1200;, ; 1200;;;Colisão;Luz do Dia;;;Meio de Quadra;;Longo da via;0;2;0;1;0;0;1;0;0;0;0;0;0;(-38.594238 -3.7132265);
364548;2020-11-14 15:24:00;RUA MON SABINO FEIJAO, ;RUA TRES MARIAS D50, ; ;;;Colisão;Luz do Dia;;;;;Cruzamento;0;2;0;2;0;0;0;0;0;0;0;0;0;(-38.59877 -3.79903);
364547;2020-11-14 15:16:00;RUA RAIMUNDO NERY, ;RUA ECA DE QUEIROZ, ; ;;;Colisão;Luz do Dia;;;Cruz;Pare;Cruzamento;0;2;0;1;0;0;1;0;0;0;0;0;0;(-38.57987 -3.78519);
364543;2020-11-14 15:12:00;RUA TRES MARIAS, 185;, ; 185;;;Colisão;Luz do Dia;;;Meio de Quadra;;Longo da via;0;2;0;2;0;0;0;0;0;0;0;0;0;(-38.59824 -3.79931);
364542;2020-11-14 14:56:00;AVENIDA ALANIS MARIA LAURINDO DE OLIVEIRA, 27;, ; 27;;;Atropelamento;Luz do Dia;;;Meio de Quadra;;Longo da via;0;2;0;0;1;0;0;0;0;0;0;0;0;(0 0);
362707;2020-11-14 14:10:00;RUA VILEBALDO AGUIAR, ;RUA JOSE C DA SILVEIRA, ; ;;;Colisão Lateral;Luz do Dia;Bom;Seca;T;Não Há Controle;Cruzamento;0;1;1;1;1;0;0;0;0;0;0;0;0;(-38.48288 -3.74213);
364541;2020-11-14 14:09:00;AVENIDA PRS CASTELO BRANCO, ;RUA SEIS COMPANHEIROS, ; ;;;Atropelamento;Luz do Dia;;;;Não Há Controle;Cruzamento;0;2;0;0;0;0;0;1;0;0;0;0;0;(-38.57704 -3.70495);
364538;2020-11-14 13:58:00;AVENIDA BEZERRA DE MENEZES, ;, ; ;;;Atropelamento;Luz do Dia;;;Meio de Quadra;;Longo da via;0;2;0;0;0;0;0;1;0;0;0;0;0;(0 0);
363971;2020-11-14 12:21:00;RUA 208 CJ CEARA, ;AVENIDA C CJ CEARA, ; ;;;Colisão Transversal;Luz do Dia;;;;;Cruzamento;1;1;0;1;0;0;1;0;0;0;0;0;0;(-38.610478 -3.765009);
364534;2020-11-14 12:17:00;RUA VILEBALDO AGUIAR, 565;, ; 565;;;Colisão;Luz do Dia;;;Meio de Quadra;;Longo da via;0;2;0;1;1;0;0;0;0;0;0;0;0;(-38.48271 -3.74214);
362708;2020-11-14 11:58:00;RUA COS ARAUJO LIMA, ;RUA TARCISIO PEIXOTO, ; ;;;Colisão Transversal;Luz do Dia;Bom;Seca;T;Não Há Controle;Cruzamento;0;1;1;1;1;0;0;0;0;0;0;0;0;(-38.587451 -3.751437);