COD_ACIDENTE;DATA;LOG1;LOG2;NUMERO;BAIRRO;AMC;NATUREZA;ILUMINACAO;TEMPO;SUPERFICIEPISTA;TIPOCRUZAMENTO;CONTROLETRAFEGO;USOSOLO;MORTOS;FERIDOS;ILESOS;MOTOCICLETA;AUTOMOVEL;MICROONIBUS;CAMINHAO;ONIBUS;CICLOMOTOR;BICICLETA;OUTROS;TREM;TRACAOANIMAL;COORDENADAS
362705;2020-11-14 10:16:00;AVENIDA GODOFREDO MACIEL, 2915;, ; 2915;;;Não informado;Luz do Dia;Bom;Seca;Meio de Quadra;Semáforo;Longo da via;0;0;1;1;1;0;0;0;0;0;0;0;0;(-38.571327 -3.800964);
364533;2020-11-14 09:30:00;RUA ANA BRITO, ;TRAVESSA SAO JOAO BATISTA, ; ;;;Colisão;Luz do Dia;;;Cruz;Pare;Cruzamento;0;2;0;2;0;0;0;0;0;0;0;0;0;(-38.5891 -3.82767);
364531;2020-11-14 09:15:00;RUA JOAO BATISTA RIOS, 640;, ; 640;;;Colisão;Luz do Dia;;;Meio de Quadra;;Longo da via;0;2;0;2;0;0;0;0;0;0;0;0;0;(0 0);
364530;2020-11-14 09:05:00;RUA ISAIE BORIS, 578;, ; 578;;;Atropelamento;Luz do Dia;;;Meio de Quadra;;Longo da via;0;1;0;0;0;0;0;0;0;0;0;0;0;(-38.55059 -3.76813);
364512;2020-11-14 08:57:00;RUA JOSE VILAR, 2119;, ; 2119;;;Colisão;Luz do Dia;;;Meio de Quadra;;Longo da via;0;2;0;2;0;0;0;0;0;0;0;0;0;(-38.50706 -3.743178);
364511;2020-11-14 08:55:00;AVENIDA GODOFREDO MACIEL, 2915;, ; 2915;;;Colisão;Luz do Dia;;;Meio de Quadra;;Longo da via;0;2;0;1;1;0;0;0;0;0;0;0;0;(-38.571327 -3.800964);
364497;2020-11-14 08:39:00;RUA JOSE VILAR, ;RUA DOM EXPEDITO LOPES, ; ;;;Colisão;Luz do Dia;;;Cruz;Semáforo;Cruzamento;0;2;0;2;0;0;0;0;0;0;0;0;0;(-38.50706 -3.743178);
364494;2020-11-14 08:20:00;AVENIDA DO VAQUEIRO, 1377;, ; 1377;;;Atropelamento;Luz do Dia;;;Meio de Quadra;;Longo da via;0;2;0;0;1;0;0;0;0;0;0;0;0;(-38.504704 -3.859571);
362704;2020-11-14 08:01:00;RUA RIO ARAGUAIA, ;RUA MARIA CLARA, ; ;;;Colisão Transversal;Luz do Dia;Bom;Molhada;Cruz;Pare;Cruzamento;0;1;1;0;2;0;0;0;0;0;0;0;0;(-38.582119 -3.725741);
364492;2020-11-14 07:53:00;AVENIDA FRE CIRILO, 4186;, ; 4186;;;Colisão;Luz do Dia;;;Meio de Quadra;;Longo da via;0;2;0;1;1;0;0;0;0;0;0;0;0;(-38.495969667 -3.820634083);
364490;2020-11-14 07:50:00;AVENIDA GAL OSORIO DE PAIVA, 6132;, ; 6132;;;Colisão;Luz do Dia;;;Meio de Quadra;;Longo da via;0;2;0;2;0;0;0;0;0;0;0;0;0;(-38.607132 -3.809989);
364488;2020-11-14 07:05:00;RUA TIANGUA, 1604;, ; 1604;;;Queda;Luz do Dia;;;Meio de Quadra;;Longo da via;0;1;0;0;0;0;0;0;0;1;0;0;0;(-38.54228 -3.77127);
364486;2020-11-14 06:56:00;RUA RIO ARAGUAIA, 986;, ; 986;;;Colisão;Luz do Dia;;;Meio de Quadra;;Longo da via;0;2;0;1;1;0;0;0;0;0;0;0;0;(-38.582119 -3.725741);
364484;2020-11-14 06:53:00;AVENIDA DIOGUINHO, 6415;, ; 6415;;;Queda;Luz do Dia;;;Meio de Quadra;;Longo da via;0;1;0;1;0;0;0;0;0;0;0;0;0;(-38.439137 -3.7698596);
364483;2020-11-14 06:00:00;AVENIDA AUGUSTO DOS ANJOS, 502;, ; 502;;;Queda;Luz do Dia;;;Meio de Quadra;;Longo da via;0;1;0;1;0;0;0;0;0;0;0;0;0;(-38.572933 -3.773192);
364482;2020-11-14 05:22:00;AVENIDA DES GONZAGA, 200;, ; 200;;;Colisão;Amanhecer;;;Meio de Quadra;;Longo da via;0;2;0;1;1;0;0;0;0;0;0;0;0;(-38.50374 -3.788811);
362917;2020-11-14 04:20:00;AVENIDA JOAO PESSOA, ;RUA PRO COSTA MENDES, ; ;;;Colisão Transversal;Via Iluminada;Bom;Seca;Cruz;Semáforo;Cruzamento;0;2;0;1;1;0;0;0;0;0;0;0;0;(-38.549441 -3.752393);
364481;2020-11-14 04:00:00;AVENIDA JOAO PESSOA, 455;, ; 455;;;Colisão;;;;Meio de Quadra;;Longo da via;0;2;0;1;1;0;0;0;0;0;0;0;0;(0 0);
362905;2020-11-13 23:30:00;AVENIDA JOSE JATAHY, ;AVENIDA JOVITA FEITOSA, ; ;;;Colisão Frontal;Via Iluminada;Bom;Seca;Cruz;Semáforo;Cruzamento;0;1;1;0;2;0;0;0;0;0;0;0;0;(-38.543936 -3.737273);
364479;2020-11-13 22:22:00;AVENIDA JOVITA FEITOSA, ;AVENIDA 13 DE MAIO, ; ;;;Colisão;;;;;;Cruzamento;0;2;0;1;1;0;0;0;0;0;0;0;0;(-38.543936 -3.737273);
364476;2020-11-13 21:59:00;RUA ABILIO MARTINS, 1202;, ; 1202;;;Queda;;;;Meio de Quadra;;Longo da via;0;1;0;1;0;0;0;0;0;0;0;0;0;(-38.5645781 -3.74302406);
364465;2020-11-13 21:56:00;RUA CON DE CASTRO, 2618;, ; 2618;;;Colisão;;;;Meio de Quadra;;Longo da via;0;1;0;0;0;0;0;0;0;0;0;0;0;(-38.58038 -3.792522);
364720;2020-11-13 21:42:00;RUA EDUARDO PERDIGAO, ;, ; ;;;Colisão;;;;Meio de Quadra;;Longo da via;0;2;0;0;0;0;0;0;0;0;0;0;0;(0 0);
364464;2020-11-13 21:27:00;AVENIDA 20 DE JANEIRO, 1629;, ; 1629;;;Queda;;;;Meio de Quadra;;Longo da via;0;1;0;1;0;0;0;0;0;0;0;0;0;(-38.580971 -3.705765);
362703;2020-11-13 21:00:00;AVENIDA PRS COSTA E SILVA, ;RUA CEL TIBURCIO, ; ;;;Colisão Transversal;Anoitecer;Bom;Seca;Cruz;Semáforo;Cruzamento;0;1;1;0;1;1;0;0;0;0;0;0;0;(-38.573703 -3.812167);
364463;2020-11-13 20:24:00;RUA AVILA GOULART, 572;, ; 572;;;Colisão;;;;Meio de Quadra;;Longo da via;0;2;0;1;1;0;0;0;0;0;0;0;0;(-38.47763 -3.73627);
364459;2020-11-13 20:17:00;RUA JULIO AZEVEDO, 572;, ; 572;;;Colisão;;;;Meio de Quadra;;Longo da via;0;2;0;1;1;0;0;0;0;0;0;0;0;(-38.4779991 -3.73609635);
362702;2020-11-13 18:45:00;RUA GUILHERME PERDIGAO, ;RUA ARARIPE PRATA, ; ;;;Colisão Lateral;Via Iluminada;Bom;Seca;T;Pare;Cruzamento;0;0;2;0;2;0;0;0;0;0;0;0;0;(-38.5697 -3.77426);
364458;2020-11-13 18:45:00;AVENIDA JOAO PESSOA, 6943;, ; 6943;;;Atropelamento;;;;Meio de Quadra;;Longo da via;0;2;0;1;0;0;0;0;0;0;0;0;0;(-38.561379 -3.771044);
364456;2020-11-13 18:28:00;AVENIDA GODOFREDO MACIEL, ;, ; ;;;Queda;Anoitecer;;;Meio de Quadra;;Longo da via;0;1;0;1;0;0;0;0;0;0;0;0;0;(0 0);
364454;2020-11-13 18:10:00;AVENIDA ZEZE DIOGO, 1114;, ; 1114;;;Colisão;Anoitecer;;;Meio de Quadra;;Longo da via;0;1;0;0;0;0;0;0;0;0;0;0;0;(-38.4646988 -3.71705219);
364451;2020-11-13 18:02:00;AVENIDA PERIMETRAL, 2280;, ; 2280;;;Colisão;Anoitecer;;;Meio de Quadra;;Longo da via;0;2;0;1;1;0;0;0;0;0;0;0;0;(0 0);
364452;2020-11-13 18:02:00;AVENIDA PRS COSTA E SILVA, 2280;, ; 2280;;;Colisão;Anoitecer;;;Meio de Quadra;;Longo da via;0;1;0;1;0;0;0;0;0;0;0;0;0;(-38.5612833 -3.81971286);
364450;2020-11-13 16:25:00;RUA RAIMUNDO NERY, 355;, ; 355;;;Colisão;Luz do Dia;;;Meio de Quadra;;Longo da via;0;2;0;1;1;0;0;0;0;0;0;0;0;(-38.586043 -3.795067);
364449;2020-11-13 16:15:00;RD BR 116, ;, ; ;;;Queda;Luz do Dia;;;Meio de Quadra;;Longo da via;0;1;0;1;0;0;0;0;0;0;0;0;0;(0 0);
364447;2020-11-13 16:11:00;RUA DR ESTENIO GOMES, 1392;, ; 1392;;;Colisão;Luz do Dia;;;Meio de Quadra;;Longo da via;0;2;0;1;1;0;0;0;0;0;0;0;0;(-38.586043 -3.795067);
364446;2020-11-13 15:54:00;RD BR 116, 11000;, ; 11000;;;Colisão;Luz do Dia;;;Meio de Quadra;;Longo da via;0;1;0;0;0;0;0;0;0;0;0;0;0;(-38.497176 -3.84716);
364435;2020-11-13 15:12:00;AVENIDA JOSE BASTOS, 5572;, ; 5572;;;Colisão;Luz do Dia;;;Meio de Quadra;;Longo da via;0;2;0;1;1;0;0;0;0;0;0;0;0;(-38.564477 -3.760562);
364434;2020-11-13 14:55:00;RUA RIO GRANDE DO NORTE, ;AVENIDA JOSE BASTOS, ; ;;;Colisão;Luz do Dia;;;T;Semáforo;Cruzamento;0;2;0;1;0;0;1;0;0;0;0;0;0;(-38.564477 -3.760562);
362700;2020-11-13 14:37:00;RUA VILEBALDO AGUIAR, 1311;, ; 1311;;;Tombamento;Luz do Dia;Bom;Seca;Meio de Quadra;Pare;Longo da via;0;0;1;0;1;0;0;0;0;0;0;0;0;(-38.477322 -3.74393);
362699;2020-11-13 14:32:00;RUA CARLOS VASCONCELOS, 1290;RUA EDUARDO SALGADO, ; 1290;;;Colisão Transversal;Luz do Dia;Bom;Seca;T;Pare;Cruzamento;0;0;1;0;1;0;0;0;0;0;0;0;0;(-38.51088 -3.73328);
362706;2020-11-13 14:30:00;AVENIDA AMERICO BARREIRA, ;RUA RIO GRANDE DO NORTE, ; ;;;Colisão Transversal;Luz do Dia;Bom;Seca;Cruz;Semáforo;Cruzamento;0;0;1;1;0;0;0;0;0;0;0;0;0;(-38.5644408 -3.7605982);
364433;2020-11-13 14:02:00;RUA DEP MATOSO FILHO, 1186;, ; 1186;;;Colisão;Luz do Dia;;;Meio de Quadra;;Longo da via;0;2;0;1;1;0;0;0;0;0;0;0;0;(-38.594094 -3.73388);
362914;2020-11-13 13:40:00;AVENIDA PRS COSTA E SILVA, 5183;, ; 5183;;;Choque c/ Obstáculo Fixo;Luz do Dia;Bom;Seca;Meio de Quadra;Semáforo;Longo da via;0;1;0;0;1;0;0;0;0;0;0;0;0;(-38.53483 -3.8273938);
362698;2020-11-13 13:22:00;AVENIDA HIS RAIMUNDO GIRAO, ;RUA JOAO CORDEIRO, ; ;;;Colisão Transversal;Luz do Dia;Bom;Seca;Cruz;Semáforo;Cruzamento;0;0;2;0;2;0;0;0;0;0;0;0;0;(-38.51163 -3.720835);
364432;2020-11-13 13:00:00;AVENIDA PERIMETRAL, 583;, ; 583;;;Choque c/ Obstáculo Fixo;Luz do Dia;;;Meio de Quadra;;Longo da via;0;1;0;0;1;0;0;0;0;0;0;0;0;(0 0);
364431;2020-11-13 12:57:00;AVENIDA PRS COSTA E SILVA, 5255;, ; 5255;;;Colisão;Luz do Dia;;;Meio de Quadra;;Longo da via;0;1;0;0;0;0;0;0;0;0;0;0;0;(-38.533491 -3.828117);
364430;2020-11-13 12:33:00;RUA WALDIR DIOGO, 419;, ; 419;;;Colisão;Luz do Dia;;;Meio de Quadra;;Longo da via;0;2;0;1;1;0;0;0;0;0;0;0;0;(-38.581689 -3.806735);
364429;2020-11-13 11:30:00;AVENIDA DOM MANUEL, 711;, ; 711;;;Queda;Luz do Dia;;;Meio de Quadra;;Longo da via;0;1;0;1;0;0;0;0;0;0;0;0;0;(-38.521749 -3.73031496);
364428;2020-11-13 11:18:00;AVENIDA LUCIANO CARNEIRO, 1399;, ; 1399;;;Colisão;Luz do Dia;;;Meio de Quadra;;Longo da via;0;2;0;1;1;0;0;0;0;0;0;0;0;(-38.5352845 -3.7606366);
364427;2020-11-13 10:29:00;RD BR 116, ;, ; ;;;Colisão;Luz do Dia;;;Meio de Quadra;;Longo da via;0;2;0;1;1;0;0;0;0;0;0;0;0;(0 0);
364426;2020-11-13 09:53:00;AVENIDA H CJ CEARA, 2190;, ; 2190;;;Colisão;Luz do Dia;;;Meio de Quadra;;Longo da via;0;2;0;1;1;0;0;0;0;0;0;0;0;(-38.617769 -3.776645);
364425;2020-11-13 09:20:00;RUA ANTONIO AUGUSTO, 2190;, ; 2190;;;Atropelamento;Luz do Dia;;;Meio de Quadra;;Longo da via;0;1;0;0;0;0;0;0;0;0;0;0;0;(-38.51676 -3.74029);
364424;2020-11-13 08:29:00;AVENIDA SANTOS DUMONT, ;AVENIDA RUI BARBOSA, ; ;;;Colisão;Luz do Dia;;;Cruz;Semáforo;Cruzamento;0;2;0;1;1;0;0;0;0;0;0;0;0;(-38.508432 -3.732956);
364415;2020-11-13 08:13:00;RD BR 116, 1000;, ; 1000;;;Colisão;Luz do Dia;;;Meio de Quadra;;Longo da via;0;2;0;1;1;0;0;0;0;0;0;0;0;(-38.518702 -3.762554);
364414;2020-11-13 07:58:00;AVENIDA CONTORNO SUL, ;, ; ;;;Colisão;Luz do Dia;;;Meio de Quadra;;Longo da via;0;2;0;0;1;0;0;0;0;1;0;0;0;(0 0);
364412;2020-11-13 07:53:00;RD QUARTO ANEL VIARIO, ;, ; ;;;Colisão;Luz do Dia;;;Meio de Quadra;;Longo da via;0;2;0;1;1;0;0;0;0;0;0;0;0;(0 0);
364411;2020-11-13 07:05:00;RUA RUA PASTOR SAMUEL MUNGUBA, ;, ; ;;;Colisão;Luz do Dia;;;Meio de Quadra;;Longo da via;0;2;0;0;1;0;0;0;0;1;0;0;0;(0 0);
362701;2020-11-13 03:20:00;AVENIDA BERNARDO MANUEL, ;RUA MAJ TELESFORO, ; ;;;Choque c/ Obstáculo Fixo;Via Iluminada;Bom;Seca;Meio de Quadra;Pare;Cruzamento;0;0;1;0;1;0;0;0;0;0;0;0;0;(-38.56488 -3.84196);
364410;2020-11-13 00:42:00;AVENIDA DIOGUINHO, ;, ; ;;;Queda;;;;Meio de Quadra;;Longo da via;0;1;0;1;0;0;0;0;0;0;0;0;0;(0 0);
364409;2020-11-12 22:16:00;RUA SOUSA GIRAO, 260;, ; 260;;;Colisão;;;;Meio de Quadra;;Longo da via;0;2;0;1;1;0;0;0;0;0;0;0;0;(-38.52505487 -3.742317104);
362696;2020-11-12 21:04:00;AVENIDA GAL OSORIO DE PAIVA, 2955;, ; 2955;;;Colisão Transversal;Anoitecer;Bom;Seca;Cruz;Semáforo;Longo da via;0;1;0;1;0;0;0;1;0;0;0;0;0;(-38.587028 -3.789256);
364407;2020-11-12 18:38:00;AVENIDA BAR STUDART, 130;, ; 130;;;Colisão;;;;Meio de Quadra;;Longo da via;0;2;0;0;1;0;0;0;0;1;0;0;0;(-38.503445 -3.724762);
364384;2020-11-12 18:33:00;AVENIDA GAL OSORIO DE PAIVA, ;, ; ;;;Colisão;;;;Meio de Quadra;;Longo da via;0;1;0;0;0;0;0;0;0;0;0;0;0;(0 0);
364382;2020-11-12 18:05:00;RUA BERNARDO MANUEL, 8600;, ; 8600;;;Colisão;Anoitecer;;;Meio de Quadra;;Longo da via;0;1;0;0;0;0;0;0;0;0;0;0;0;(-38.55037 -3.795274);
364380;2020-11-12 17:51:00;AVENIDA SGT HERMINIO SAMPAIO, 3520;, ; 3520;;;Colisão;Anoitecer;;;Meio de Quadra;;Longo da via;0;2;0;2;0;0;0;0;0;0;0;0;0;(-38.572183 -3.728713);
364379;2020-11-12 17:49:00;RUA TAUBATE, 871;, ; 871;;;Colisão;Anoitecer;;;Meio de Quadra;;Longo da via;0;2;0;2;0;0;0;0;0;0;0;0;0;(-38.5988196 -3.78101533);
364536;2020-11-12 17:45:00;RD CE-040, 6308;, ; 6308;;;Colisão;Anoitecer;;;Meio de Quadra;;Longo da via;0;0;3;0;3;0;0;0;0;0;0;0;0;(-38.48303286 -3.817159445);
364378;2020-11-12 17:22:00;AVENIDA AUGUSTO DOS ANJOS, 1341;, ; 1341;;;Colisão;Anoitecer;;;Meio de Quadra;;Longo da via;0;2;0;1;1;0;0;0;0;0;0;0;0;(-38.5777953 -3.77862077);
362904;2020-11-12 16:05:00;AVENIDA FRE CIRILO, ;RUA ALVES RIBEIRO, ; ;;;Colisão Traseira;Luz do Dia;Bom;Seca;T;Semáforo;Cruzamento;0;2;0;1;0;0;0;1;0;0;0;0;0;(-38.495888 -3.820819);
364374;2020-11-12 15:33:00;AVENIDA MAJ ASSIS, ;AVENIDA MOZART PINHEIRO DE LUCENA, ; ;;;Colisão;Luz do Dia;;;Cruz;Semáforo;Cruzamento;0;2;0;1;1;0;0;0;0;0;0;0;0;(-38.5966762 -3.7214444);
364373;2020-11-12 15:23:00;AVENIDA JOSE BASTOS, 2876;, ; 2876;;;Queda;Luz do Dia;;;Meio de Quadra;;Longo da via;0;1;0;1;0;0;0;0;0;0;0;0;0;(-38.546428 -3.74597);
364368;2020-11-12 15:18:00;AVENIDA GAL OSORIO DE PAIVA, 1127;, ; 1127;;;Colisão;Luz do Dia;;;Meio de Quadra;;Longo da via;0;2;0;1;1;0;0;0;0;0;0;0;0;(-38.57207319 -3.779145525);
364365;2020-11-12 15:05:00;RUA NOVA FRIBURGO, 1570;, ; 1570;;;Colisão;Luz do Dia;;;Meio de Quadra;;Longo da via;0;2;0;1;1;0;0;0;0;0;0;0;0;(0 0);
362902;2020-11-12 15:00:00;AVENIDA MAJ ASSIS, 1880;, ; 1880;;;Colisão Traseira;Luz do Dia;Bom;Seca;Meio de Quadra;Não Há Controle;Longo da via;0;1;2;1;2;0;0;0;0;0;0;0;0;(-38.5963157 -3.72154877);
364361;2020-11-12 13:38:00;RD BR 116, 1201;, ; 1201;;;Queda;Luz do Dia;;;Meio de Quadra;;Longo da via;0;1;0;1;0;0;0;0;0;0;0;0;0;(-38.496066 -3.85574);
364357;2020-11-12 13:09:00;RUA JOSE DANTAS PEREIRA, ;, ; ;;;Queda;Luz do Dia;;;Meio de Quadra;;Longo da via;0;1;0;1;0;0;0;0;0;0;0;0;0;(0 0);
364355;2020-11-12 12:36:00;RUA DAS CARAVELAS, 589;, ; 589;;;Queda;Luz do Dia;;;Meio de Quadra;;Longo da via;0;1;0;0;0;0;0;0;0;1;0;0;0;(-38.58086 -3.69665);
364317;2020-11-12 11:42:00;AVENIDA GAL OSORIO DE PAIVA, 4079;, ; 4079;;;Colisão;Luz do Dia;;;Meio de Quadra;;Longo da via;0;2;0;1;1;0;0;0;0;0;0;0;0;(-38.590838 -3.793187);
364316;2020-11-12 11:19:00;AVENIDA PRS CASTELO BRANCO, 769;, ; 769;;;Colisão;Luz do Dia;;;Meio de Quadra;;Longo da via;0;2;0;1;1;0;0;0;0;0;0;0;0;(-38.5292032 -3.72067407);
364315;2020-11-12 11:12:00;AVENIDA JOVITA FEITOSA, 2050;, ; 2050;;;Colisão;Luz do Dia;;;Meio de Quadra;;Longo da via;0;2;0;1;1;0;0;0;0;0;0;0;0;(-38.5578 -3.74005);
364314;2020-11-12 09:55:00;RUA RIO GRANDE DO NORTE, 1175;, ; 1175;;;Colisão;Luz do Dia;;;Meio de Quadra;;Longo da via;0;2;0;1;1;0;0;0;0;0;0;0;0;(-38.5672899 -3.7587925);
362695;2020-11-12 09:50:00;RUA CANUTO DE AGUIAR, ;RUA FREDERICO BORGES, ; ;;;Colisão Transversal;Luz do Dia;Bom;Seca;Cruz;Pare;Cruzamento;0;1;0;0;1;0;0;0;0;0;0;0;0;(-38.489246 -3.732629);
364313;2020-11-12 09:27:00;AVENIDA SGT HERMINIO SAMPAIO, ;, ; ;;;Atropelamento de Animal;Luz do Dia;;;Meio de Quadra;;Longo da via;0;1;0;1;0;0;0;0;0;0;0;0;0;(0 0);
362903;2020-11-12 09:15:00;AVENIDA CEL CARVALHO, ;RUA RAIMUNDO GOMES, ; ;;;Colisão Lateral;Luz do Dia;Bom;Seca;Cruz;Pare;Cruzamento;0;1;1;1;1;0;0;0;0;0;0;0;0;(-38.588617 -3.714758);
364237;2020-11-12 09:02:00;AVENIDA ROGACIANO LEITE, 10100;, ; 10100;;;Queda;Luz do Dia;;;Meio de Quadra;;Longo da via;0;1;0;1;0;0;0;0;0;0;0;0;0;(0 0);
362694;2020-11-12 08:04:00;AVENIDA GAL MURILO BORGES, ;, ; ;;;Colisão Traseira;Luz do Dia;Bom;Seca;Meio de Quadra;Não Há Controle;Longo da via;0;1;1;1;1;0;0;0;0;0;0;0;0;(-38.50668 -3.7640498);
364236;2020-11-12 06:49:00;RD QUARTO ANEL VIARIO, ;, ; ;;;Queda;Luz do Dia;;;Meio de Quadra;;Longo da via;0;1;0;1;0;0;0;0;0;0;0;0;0;(0 0);
362697;2020-11-12 01:10:00;AVENIDA JOSE JATAHY, ;AVENIDA DOMINGOS OLIMPIO, ; ;;;Colisão Transversal;Via Iluminada;Bom;Seca;Meio de Quadra;Semáforo;Cruzamento;0;0;1;1;1;0;0;0;0;0;0;0;0;(-38.544403 -3.733722);
364234;2020-11-11 22:27:00;AVENIDA SGT HERMINIO SAMPAIO, 1511;, ; 1511;;;Colisão;;;;Meio de Quadra;;Longo da via;0;2;0;1;1;0;0;0;0;0;0;0;0;(-38.55406895 -3.725194459);
362692;2020-11-11 21:28:00;AVENIDA SANTOS DUMONT, ;RUA SILVA PAULET, ; ;;;Colisão Transversal;Via Iluminada;Bom;Seca;Cruz;Pare;Cruzamento;0;0;2;0;2;0;0;0;0;0;0;0;0;(-38.505258 -3.733985);
362693;2020-11-11 20:56:00;RUA LUIS ALVES TOMAS, 365;, ; 365;;;Atropelamento;Anoitecer;Bom;Seca;Meio de Quadra;Não Há Controle;Longo da via;0;1;1;0;1;0;0;0;0;0;0;0;0;(0 0);
364232;2020-11-11 20:48:00;RUA 7 DE SETEMBRO, ;, ; ;;;Atropelamento;;;;Meio de Quadra;;Longo da via;0;2;0;1;0;0;0;0;0;0;0;0;0;(0 0);
364229;2020-11-11 20:38:00;AVENIDA CASTELO DE CASTRO, ;, ; ;;;Atropelamento;;;;Meio de Quadra;;Longo da via;0;1;0;0;0;0;0;0;0;0;0;0;0;(0 0);
364227;2020-11-11 18:46:00;AVENIDA ALBERTO CRAVEIRO, 2111;, ; 2111;;;Colisão;;;;Meio de Quadra;;Longo da via;0;1;0;0;0;0;0;0;0;0;0;0;0;(-38.518798 -3.798762);
364225;2020-11-11 18:45:00;AVENIDA CEL CARVALHO, 2273;, ; 2273;;;Queda;;;;Meio de Quadra;;Longo da via;0;1;0;0;0;0;0;0;0;1;0;0;0;(-38.5866146 -3.72242872);
364223;2020-11-11 18:43:00;RUA BARBOSA DE FREITAS, 2323;, ; 2323;;;Colisão;;;;Meio de Quadra;;Longo da via;0;1;0;0;0;0;0;0;0;0;0;0;0;(-38.5007152 -3.74702417);
364221;2020-11-11 18:33:00;AVENIDA ENG HUMBERTO MONTE, 1395;, ; 1395;;;Colisão;;;;Meio de Quadra;;Longo da via;0;2;0;1;1;0;0;0;0;0;0;0;0;(-38.5616345 -3.74770391);
364213;2020-11-11 18:14:00;RUA PDE CICERO, ;RUA CARLOS CAMARA, ; ;;;Colisão;Anoitecer;;;Cruz;Pare;Cruzamento;0;2;0;1;1;0;0;0;0;0;0;0;0;(-38.542599 -3.746473);
364211;2020-11-11 18:05:00;RUA SEN ROBERT KENNEDY, 62;, ; 62;;;Queda;Anoitecer;;;Meio de Quadra;;Longo da via;0;1;0;0;0;0;0;0;0;1;0;0;0;(-38.576882 -3.69949633);
364210;2020-11-11 17:02:00;RUA COSTA BARROS, ;RUA DR JOSE LOURENCO, ; ;;;Colisão;Anoitecer;;;Cruz;Pare;Cruzamento;0;2;0;1;1;0;0;0;0;0;0;0;0;(-38.506927 -3.73187);
362690;2020-11-11 17:00:00;RUA COSTA BARROS, 1850;, ; 1850;;;Colisão Traseira;Luz do Dia;Bom;Seca;Meio de Quadra;Não Há Controle;Longo da via;0;0;1;1;1;0;0;0;0;0;0;0;0;(-38.5069676 -3.73185677);
364204;2020-11-11 16:44:00;RUA HOLANDA, ;RUA ANTONIO DIVINO, ; ;;;Colisão;Luz do Dia;;;Cruz;Pare;Cruzamento;0;2;0;1;1;0;0;0;0;0;0;0;0;(-38.55949 -3.803674);
364202;2020-11-11 16:28:00;AVENIDA DES GONZAGA, 360;, ; 360;;;Colisão;Luz do Dia;;;Meio de Quadra;;Longo da via;0;2;0;1;0;0;1;0;0;0;0;0;0;(-38.5031885 -3.790056);
364200;2020-11-11 16:27:00;AVENIDA A CJ CEARA, 1210;, ; 1210;;;Colisão;Luz do Dia;;;Meio de Quadra;;Longo da via;0;2;0;1;1;0;0;0;0;0;0;0;0;(-38.6050175 -3.771841);
362689;2020-11-11 15:18:00;RUA MON CATAO, ;RUA HENRIQUETA GALENO, ; ;;;Colisão Lateral;Luz do Dia;Bom;Seca;Cruz;Pare;Cruzamento;0;1;2;1;2;0;0;0;0;0;0;0;0;(-38.493338 -3.747287);
364198;2020-11-11 15:15:00;AVENIDA MAJ ASSIS, 475;, ; 475;;;Colisão;Luz do Dia;;;Meio de Quadra;;Longo da via;0;2;0;1;1;0;0;0;0;0;0;0;0;(-38.583134 -3.724086);
364197;2020-11-11 15:05:00;AVENIDA PERIMETRAL, ;, ; ;;;Colisão;Luz do Dia;;;Meio de Quadra;;Longo da via;0;1;0;0;0;0;0;0;0;0;0;0;0;(0 0);
364193;2020-11-11 14:32:00;RUA BORIS, ;RUA RUFINO DE ALENCAR, ; ;;;Colisão;Luz do Dia;;;T;Não Há Controle;Cruzamento;0;1;0;0;0;0;0;0;0;0;0;0;0;(-38.521067 -3.723953);
364192;2020-11-11 14:10:00;AVENIDA BENJAMIM BRASIL, 677;, ; 677;;;Colisão;Luz do Dia;;;Meio de Quadra;;Longo da via;0;2;0;1;1;0;0;0;0;0;0;0;0;(-38.5342388 -3.8095347);
362688;2020-11-11 14:00:00;AVENIDA AGUANAMBI, 1638;, ; 1638;;;Colisão Traseira;Luz do Dia;Bom;Seca;Meio de Quadra;Semáforo;Longo da via;0;1;2;1;2;0;0;0;0;0;0;0;0;(-38.52462 -3.73854);
362687;2020-11-11 13:28:00;RUA CEL MATOS DOURADO, 191;, ; 191;;;Colisão Traseira;Luz do Dia;Bom;Molhada;Meio de Quadra;Não Há Controle;Longo da via;0;0;1;1;1;0;0;0;0;0;0;0;0;(-38.58503 -3.7415);
364163;2020-11-11 12:54:00;RUA BRUNO VALENTE, 440;, ; 440;;;Queda;Luz do Dia;;;Meio de Quadra;;Longo da via;0;1;0;1;0;0;0;0;0;0;0;0;0;(-38.539327 -3.788509);
364162;2020-11-11 12:44:00;AVENIDA ALM HENRIQUE SABOIA, ;, ; ;;;Colisão;Luz do Dia;;;Meio de Quadra;;Longo da via;0;2;0;2;0;0;0;0;0;0;0;0;0;(0 0);
364161;2020-11-11 12:22:00;RUA COSTA BARROS, 2173;, ; 2173;;;Queda;Luz do Dia;;;Meio de Quadra;;Longo da via;0;1;0;0;0;0;0;0;0;1;0;0;0;(-38.504122 -3.7327855);
364535;2020-11-11 11:56:00;RD CE-040, ;, ; ;;;Colisão;Luz do Dia;;;Meio de Quadra;;Longo da via;0;2;0;0;1;0;0;1;0;0;0;0;0;(-38.48303286 -3.817159445);