COD_ACIDENTE;DATA;LOG1;LOG2;NUMERO;BAIRRO;AMC;NATUREZA;ILUMINACAO;TEMPO;SUPERFICIEPISTA;TIPOCRUZAMENTO;CONTROLETRAFEGO;USOSOLO;MORTOS;FERIDOS;ILESOS;MOTOCICLETA;AUTOMOVEL;MICROONIBUS;CAMINHAO;ONIBUS;CICLOMOTOR;BICICLETA;OUTROS;TREM;TRACAOANIMAL;COORDENADAS
364160;2020-11-11 11:02:00;AVENIDA GODOFREDO MACIEL, 5642;, ; 5642;;;Queda;Luz do Dia;;;Meio de Quadra;;Longo da via;0;1;0;1;0;0;0;0;0;0;0;0;0;(-38.57879612 -3.824379153);
364159;2020-11-11 10:48:00;RUA LEITAO CERQUEIRA, 97;, ; 97;;;Colisão;Luz do Dia;;;Meio de Quadra;;Longo da via;0;2;0;1;1;0;0;0;0;0;0;0;0;(-38.56165 -3.83036);
364157;2020-11-11 08:15:00;RUA MONTE LIBANO, 461;, ; 461;;;Colisão;Luz do Dia;;;Meio de Quadra;;Longo da via;0;2;0;1;1;0;0;0;0;0;0;0;0;(-38.5616819 -3.8243805);
364156;2020-11-11 07:34:00;RUA CATOLE, 2828;, ; 2828;;;Queda;Luz do Dia;;;Meio de Quadra;;Longo da via;0;1;0;1;0;0;0;0;0;0;0;0;0;(0 0);
364155;2020-11-11 07:32:00;RUA ALEUDA, 349;, ; 349;;;Queda;Luz do Dia;;;Meio de Quadra;;Longo da via;0;1;0;1;0;0;0;0;0;0;0;0;0;(-38.4909304 -3.83684434);
364532;2020-11-11 07:00:00;RD CE-060, ;, ; ;;;Colisão;Luz do Dia;;;Meio de Quadra;;Longo da via;0;2;0;0;2;0;0;0;0;0;0;0;0;(-38.582111 -3.834064);
364154;2020-11-11 06:30:00;RUA ANDRADE FURTADO, 2230;, ; 2230;;;Queda;Luz do Dia;;;Meio de Quadra;;Longo da via;0;1;0;1;0;0;0;0;0;0;0;0;0;(-38.470151 -3.748877);
364153;2020-11-11 06:13:00;AVENIDA WASHINGTON SOARES, 3737;, ; 3737;;;Queda;Luz do Dia;;;Meio de Quadra;;Longo da via;0;1;0;1;0;0;0;0;0;0;0;0;0;(-38.480604 -3.788169);
364152;2020-11-11 05:58:00;RUA FRE VICENTE SALVADOR, ;, ; ;;;Queda;Amanhecer;;;Meio de Quadra;;Longo da via;0;1;0;1;0;0;0;0;0;0;0;0;0;(0 0);
364151;2020-11-11 05:54:00;RUA CEL MATOS DOURADO, 191;, ; 191;;;Colisão;Amanhecer;;;Meio de Quadra;;Longo da via;0;2;0;1;1;0;0;0;0;0;0;0;0;(-38.58503 -3.7415);
364150;2020-11-11 04:40:00;AVENIDA EDUARDO GIRAO, ;, ; ;;;Queda;;;;Meio de Quadra;;Longo da via;0;1;0;0;0;0;0;0;0;1;0;0;0;(0 0);
364719;2020-11-11 02:23:00;AVENIDA JOSE JATAHY, ;RUA AZEVEDO BOLAO, ; ;;;Colisão;;;;Cruz;Semáforo;Cruzamento;0;1;1;1;1;0;0;0;0;0;0;0;0;(-38.544494 -3.733663);
364149;2020-11-11 00:25:00;RD QUARTO ANEL VIARIO, ;, ; ;;;Queda;;;;Meio de Quadra;;Longo da via;0;1;0;1;0;0;0;0;0;0;0;0;0;(0 0);
364148;2020-11-10 21:50:00;RUA GERARDO FREITAS, 44;, ; 44;;;Queda;;;;Meio de Quadra;;Longo da via;0;1;0;1;0;0;0;0;0;0;0;0;0;(0 0);
362784;2020-11-10 20:37:00;RUA ROMEU MARTINS, ;RUA BAR CANINDE, ; ;;;Colisão Frontal;Via Iluminada;Bom;Seca;Cruz;Pare;Cruzamento;0;1;1;1;1;0;0;0;0;0;0;0;0;(-38.554694 -3.76489);
364147;2020-11-10 20:01:00;AVENIDA DOLOR BARREIRA, 920;, ; 920;;;Colisão;;;;Meio de Quadra;;Longo da via;0;2;0;1;1;0;0;0;0;0;0;0;0;(-38.47049 -3.73377);
364146;2020-11-10 19:41:00;AVENIDA LINEU MACHADO, ;, ; ;;;Atropelamento;;;;Meio de Quadra;;Longo da via;0;2;0;1;0;0;0;0;0;0;0;0;0;(0 0);
364145;2020-11-10 19:39:00;RUA 125 CJ CEARA, ;, ; ;;;Queda;;;;Meio de Quadra;;Longo da via;0;1;0;0;0;0;0;0;0;1;0;0;0;(0 0);
364144;2020-11-10 18:27:00;RUA STA LIDUINA D42, 350;, ; 350;;;Colisão;Anoitecer;;;Meio de Quadra;;Longo da via;0;2;0;2;0;0;0;0;0;0;0;0;0;(-38.5849376 -3.80096792);
364143;2020-11-10 18:01:00;RUA ROTARY, 330;, ; 330;;;Colisão;Anoitecer;;;Meio de Quadra;;Longo da via;0;2;0;1;1;0;0;0;0;0;0;0;0;(-38.5567863 -3.74213126);
364142;2020-11-10 17:46:00;RUA MATOS VASCONCELOS, 1602;, ; 1602;;;Colisão;Anoitecer;;;Meio de Quadra;;Longo da via;0;1;0;0;0;0;0;0;0;0;0;0;0;(-38.5552991 -3.75655165);
364141;2020-11-10 17:38:00;RUA PDE SA LEITAO, 167;, ; 167;;;Atropelamento;Anoitecer;;;Meio de Quadra;;Longo da via;0;2;0;0;1;0;0;0;0;0;0;0;0;(-38.5791103 -3.75758355);
364140;2020-11-10 17:23:00;AVENIDA BEZERRA DE MENEZES, ;, ; ;;;Colisão;Anoitecer;;;Meio de Quadra;;Longo da via;0;2;0;1;1;0;0;0;0;0;0;0;0;(0 0);
364139;2020-11-10 17:10:00;AVENIDA BEZERRA DE MENEZES, 970;, ; 970;;;Atropelamento;Anoitecer;;;Meio de Quadra;;Longo da via;0;2;0;0;1;0;0;0;0;0;0;0;0;(-38.553616 -3.733424);
362685;2020-11-10 16:20:00;RUA ARISTOBULO QUEVEDO, 195;, ; 195;;;Colisão Transversal;Luz do Dia;Bom;Seca;Meio de Quadra;;Longo da via;0;1;2;1;2;0;0;0;0;0;0;0;0;(-38.573112 -3.8030171);
362686;2020-11-10 16:00:00;RUA PAULO FIRMEZA, ;RUA FRE VIDAL, ; ;;;Colisão Transversal;Luz do Dia;Bom;Seca;Cruz;Pare;Cruzamento;0;1;1;1;1;0;0;0;0;0;0;0;0;(-38.517454 -3.757586);
364137;2020-11-10 15:36:00;AVENIDA FRANCISCO SA, 88;, ; 88;;;Queda;Luz do Dia;;;Meio de Quadra;;Longo da via;0;1;0;1;0;0;0;0;0;0;0;0;0;(-38.54113 -3.72268);
362898;2020-11-10 15:10:00;RUA COS LAFAYETE, ;RUA BELEM FIGUEIREDO, ; ;;;Colisão Lateral;Luz do Dia;Bom;Seca;T;Pare;Cruzamento;0;2;1;1;0;0;0;1;0;1;0;0;0;(-38.58404 -3.71722);
362684;2020-11-10 14:30:00;AVENIDA JOVITA FEITOSA, ;RUA GAL PIRAGIBE, ; ;;;Colisão Transversal;Luz do Dia;Bom;Seca;Cruz;Semáforo;Cruzamento;0;1;1;1;1;0;0;0;0;0;0;0;0;(-38.557484 -3.740049);
362683;2020-11-10 13:34:00;AVENIDA 13 DE MAIO, 1271;, ; 1271;;;Colisão Traseira;Luz do Dia;Bom;Seca;Meio de Quadra;Não Há Controle;Longo da via;0;2;0;0;2;0;0;0;0;0;0;0;0;(-38.530523 -3.748302);
364713;2020-11-10 13:10:00;RUA HIPOLITO PAMPLONA, ;, ; ;;;Colisão;Luz do Dia;;;Meio de Quadra;;Longo da via;0;1;1;0;1;0;0;0;0;0;0;0;0;(0 0);
362682;2020-11-10 11:02:00;RUA JAIME BENEVOLO, ;RUA CRUZ SALDANHA, ; ;;;Colisão Transversal;Luz do Dia;Bom;Seca;Cruz;Semáforo;Cruzamento;0;1;1;1;1;0;0;0;0;0;0;0;0;(-38.55363 -3.737);
364509;2020-11-10 08:50:00;RD CE-040, ;, ; ;;;Engavetamento;Luz do Dia;;;Meio de Quadra;;Longo da via;0;3;0;0;3;0;0;0;0;0;0;0;0;(-38.48303286 -3.817159445);
364136;2020-11-10 08:36:00;RUA EUZEBIO DE QUEIROS, 464;, ; 464;;;Colisão;Luz do Dia;;;Meio de Quadra;;Longo da via;0;2;0;1;1;0;0;0;0;0;0;0;0;(0 0);
362681;2020-11-10 08:00:00;RUA PDE PEDRO DE ALENCAR, 2363;, ; 2363;;;Atropelamento;Luz do Dia;Bom;Seca;Meio de Quadra;Não Há Controle;Longo da via;0;1;1;1;0;0;0;0;0;0;0;0;0;(0 0);
364135;2020-11-10 07:55:00;AVENIDA CEL CARVALHO, ;, ; ;;;Colisão;Luz do Dia;;;Meio de Quadra;;Longo da via;0;2;0;2;0;0;0;0;0;0;0;0;0;(0 0);
364134;2020-11-10 06:12:00;RUA LEONARDO MOTA, 2210;, ; 2210;;;Queda;Luz do Dia;;;Meio de Quadra;;Longo da via;0;1;0;1;0;0;0;0;0;0;0;0;0;(-38.498931 -3.744739);
362852;2020-11-10 03:40:00;RUA PEDRO PEREIRA, ;RUA COS ESTELITA, ; ;;;Choque c/ Obstáculo Fixo;Via Iluminada;Bom;Seca;Cruz;Não Há Controle;Cruzamento;0;0;1;0;1;0;0;0;0;0;0;0;0;(-38.53997 -3.72597);
364712;2020-11-09 23:35:00;AVENIDA G CJ JOSE WALTER, 310;, ; 310;;;Colisão;;;;Meio de Quadra;;Longo da via;0;2;0;0;0;0;0;0;0;0;0;0;0;(-38.55749354 -3.838264231);
364133;2020-11-09 21:44:00;TRAVESSA CREUZA ROQUE, 143;, ; 143;;;Colisão;;;;Meio de Quadra;;Longo da via;0;2;0;2;0;0;0;0;0;0;0;0;0;(-38.57648 -3.80126);
364132;2020-11-09 21:25:00;AVENIDA WASHINGTON SOARES, ;, ; ;;;Atropelamento;;;;Meio de Quadra;;Longo da via;0;2;0;0;1;0;0;0;0;0;0;0;0;(0 0);
362845;2020-11-09 21:00:00;RUA OSCAR FRANCA, 591;, ; 591;;;Colisão Transversal;Via Iluminada;Bom;Seca;Meio de Quadra;Não Há Controle;Longo da via;0;2;0;1;1;0;0;0;0;0;0;0;0;(-38.5978762 -3.79248426);
364131;2020-11-09 20:17:00;AVENIDA MAJ ASSIS, ;RUA RAIMUNDO BIZARRIA, ; ;;;Colisão;;;;Cruz;Pare;Cruzamento;0;1;0;0;0;0;0;0;0;0;0;0;0;(-38.579261 -3.724419);
364130;2020-11-09 20:07:00;RUA BERNARDO MANUEL, 7536;, ; 7536;;;Colisão;;;;Meio de Quadra;;Longo da via;0;1;0;0;0;0;0;0;0;0;0;0;0;(-38.546927 -3.784073);
364129;2020-11-09 19:42:00;AVENIDA GAL OSORIO DE PAIVA, 4362;, ; 4362;;;Atropelamento;;;;Meio de Quadra;;Longo da via;0;2;0;1;0;0;0;0;0;0;0;0;0;(-38.5933943 -3.79577125);
364508;2020-11-09 18:50:00;RD CE-060, ;, ; ;;;Colisão;;;;Meio de Quadra;;Longo da via;0;2;0;0;2;0;0;0;0;0;0;0;0;(-38.582111 -3.834064);
363993;2020-11-09 18:36:00;AVENIDA WASHINGTON SOARES, ;, ; ;;;Colisão;;;;Meio de Quadra;;Longo da via;0;2;0;1;1;0;0;0;0;0;0;0;0;(0 0);
363992;2020-11-09 18:34:00;AVENIDA GAL MURILO BORGES, ;, ; ;;;Colisão;;;;Meio de Quadra;;Longo da via;0;2;0;1;1;0;0;0;0;0;0;0;0;(0 0);
363991;2020-11-09 18:29:00;RUA CEL MATOS DOURADO, 588;, ; 588;;;Colisão;Anoitecer;;;Meio de Quadra;;Longo da via;0;2;0;1;1;0;0;0;0;0;0;0;0;(-38.5849622 -3.7439599);
363989;2020-11-09 18:16:00;RUA C (MONDUBIM), 232;, ; 232;;;Colisão;Anoitecer;;;Meio de Quadra;;Longo da via;1;1;0;1;0;0;0;0;0;1;0;0;0;(-38.56151 -3.82281);
363988;2020-11-09 17:50:00;AVENIDA GAL OSORIO DE PAIVA, ;, ; ;;;Colisão;Anoitecer;;;Meio de Quadra;;Longo da via;0;2;0;1;1;0;0;0;0;0;0;0;0;(0 0);
363986;2020-11-09 17:32:00;RUA CANDIDO MAIA, ;, ; ;;;Queda;Anoitecer;;;Meio de Quadra;;Longo da via;0;1;0;1;0;0;0;0;0;0;0;0;0;(0 0);
363985;2020-11-09 17:28:00;AVENIDA PRS JUSCELINO KUBITSCHEK (PASSARÉ), 3290;, ; 3290;;;Atropelamento;Anoitecer;;;Meio de Quadra;;Longo da via;0;2;0;1;0;0;0;0;0;0;0;0;0;(-38.526604 -3.809292);
363984;2020-11-09 17:24:00;RUA 16 CJ JOSE WALTER, ;, ; ;;;Queda;Anoitecer;;;Meio de Quadra;;Longo da via;0;1;0;1;0;0;0;0;0;0;0;0;0;(0 0);
363983;2020-11-09 16:44:00;RUA CONRADO CABRAL, 55;, ; 55;;;Colisão;Luz do Dia;;;Meio de Quadra;;Longo da via;0;2;0;1;1;0;0;0;0;0;0;0;0;(-38.5488942 -3.72501971);
363982;2020-11-09 16:41:00;RUA OSVALDO ARAUJO, 363;, ; 363;;;Colisão;Luz do Dia;;;Meio de Quadra;;Longo da via;0;2;0;2;0;0;0;0;0;0;0;0;0;(-38.45441 -3.74034);
362680;2020-11-09 16:35:00;RUA CONRADO CABRAL, ;RUA ANIBAL MASCARENHAS, ; ;;;Colisão Lateral;Luz do Dia;Bom;Seca;Cruz;Pare;Cruzamento;0;1;1;1;1;0;0;0;0;0;0;0;0;(-38.54894 -3.72527);
363975;2020-11-09 16:28:00;AVENIDA GAL OSORIO DE PAIVA, 3432;, ; 3432;;;Colisão;Luz do Dia;;;Meio de Quadra;;Longo da via;0;2;0;2;0;0;0;0;0;0;0;0;0;(-38.588949 -3.791231);
362679;2020-11-09 15:30:00;AVENIDA IMPERADOR, ;RUA PEDRO PEREIRA, ; ;;;Atropelamento;Luz do Dia;Bom;Seca;Cruz;Semáforo;Cruzamento;0;2;0;1;0;0;0;0;0;0;0;0;0;(-38.534609 -3.727714);
363973;2020-11-09 15:24:00;AVENIDA FRANCISCO SA, 4296;, ; 4296;;;Colisão;Luz do Dia;;;Meio de Quadra;;Longo da via;0;2;0;1;1;0;0;0;0;0;0;0;0;(-38.563034 -3.715499);
363970;2020-11-09 14:39:00;AVENIDA WASHINGTON SOARES, 10555;, ; 10555;;;Queda;Luz do Dia;;;Meio de Quadra;;Longo da via;0;1;0;1;0;0;0;0;0;0;0;0;0;(-38.48078809 -3.84220558);
363963;2020-11-09 13:13:00;AVENIDA DR SILAS MUNGUBA, 3666;, ; 3666;;;Colisão;Luz do Dia;;;Meio de Quadra;;Longo da via;0;2;0;2;0;0;0;0;0;0;0;0;0;(-38.54106 -3.7901633);
363962;2020-11-09 12:50:00;AVENIDA MR HULL, 3650;, ; 3650;;;Colisão;Luz do Dia;;;Meio de Quadra;;Longo da via;0;2;0;1;1;0;0;0;0;0;0;0;0;(-38.5770885 -3.7376575);
364504;2020-11-09 12:30:00;RD CE-040, ;, ; ;;;Colisão;Luz do Dia;;;Meio de Quadra;;Longo da via;0;3;0;1;1;0;0;0;0;0;0;0;0;(-38.48088284 -3.84257666);
363953;2020-11-09 11:43:00;RUA ANDRE REBOUCAS, 100;, ; 100;;;Colisão;Luz do Dia;;;Meio de Quadra;;Longo da via;0;2;0;1;1;0;0;0;0;0;0;0;0;(-38.5893498 -3.77454757);
362843;2020-11-09 11:40:00;RUA PDE VALDEVINO, ;RUA JOAQUIM NABUCO, ; ;;;Outros;Luz do Dia;Bom;Seca;Cruz;Semáforo;Cruzamento;0;2;0;2;0;0;0;0;0;0;0;0;0;(-38.50378 -3.74323);
362678;2020-11-09 11:40:00;RUA CEL JOAO OLIVEIRA, 1440;, ; 1440;;;Colisão Lateral;Luz do Dia;Bom;Seca;Meio de Quadra;Não Há Controle;Longo da via;0;2;0;1;1;0;0;0;0;0;0;0;0;(-38.481747 -3.823622);
363952;2020-11-09 11:16:00;RUA COS ESTELITA, ;RUA GUILHERME ROCHA, ; ;;;Colisão;Luz do Dia;;;Cruz;Pare;Cruzamento;0;2;0;1;1;0;0;0;0;0;0;0;0;(-38.539177 -3.723347);
363946;2020-11-09 11:08:00;RUA PASSEIO DOS CAJUEIROS, ;, ; ;;;Queda;Luz do Dia;;;Meio de Quadra;;Longo da via;0;1;0;1;0;0;0;0;0;0;0;0;0;(0 0);
363944;2020-11-09 11:03:00;AVENIDA WASHINGTON SOARES, 10531;, ; 10531;;;Colisão;Luz do Dia;;;Meio de Quadra;;Longo da via;0;1;1;1;1;0;0;0;0;0;0;0;0;(-38.480839 -3.84207);
363921;2020-11-09 10:34:00;AVENIDA FRE CIRILO, ;, ; ;;;Atropelamento;Luz do Dia;;;Meio de Quadra;;Longo da via;0;2;0;0;1;0;0;0;0;0;0;0;0;(0 0);
363919;2020-11-09 10:30:00;AVENIDA TRISTAO GONCALVES, ;RUA ANTONIO POMPEU, ; ;;;Colisão;Luz do Dia;;;Cruz;Semáforo;Cruzamento;0;2;0;1;1;0;0;0;0;0;0;0;0;(-38.535088 -3.733388);
363915;2020-11-09 10:03:00;RUA PDE FRANCISCO PINTO, 1164;, ; 1164;;;Colisão;Luz do Dia;;;Meio de Quadra;;Longo da via;0;2;0;1;1;0;0;0;0;0;0;0;0;(0 0);
363913;2020-11-09 08:33:00;AVENIDA RUI BARBOSA, 1346;, ; 1346;;;Colisão;Luz do Dia;;;Meio de Quadra;;Longo da via;0;2;0;0;1;0;0;0;0;1;0;0;0;(-38.509076 -3.734947);
362677;2020-11-09 08:26:00;AVENIDA DUQ CAXIAS, 403;, ; 403;;;Colisão Lateral;Luz do Dia;Bom;Seca;Meio de Quadra;Não Há Controle;Longo da via;0;0;3;0;3;0;0;0;0;0;0;0;0;(-38.527952 -3.732405);
362675;2020-11-09 08:06:00;RUA OSCAR ROMERO, ;RUA PARAISO, ; ;;;Não informado;Luz do Dia;Nublado;Molhada;Cruz;Não Há Controle;Cruzamento;0;0;2;0;1;0;0;1;0;0;0;0;0;(-38.570433 -3.832773);
364500;2020-11-09 08:00:00;RD CE-040, ;, ; ;;;Colisão;Luz do Dia;;;Meio de Quadra;;Longo da via;0;2;0;0;2;0;0;0;0;0;0;0;0;(-38.4810839 -3.782614325);
363908;2020-11-09 07:30:00;RUA SALGADO FILHO, 780;, ; 780;;;Colisão;Luz do Dia;;;Meio de Quadra;;Longo da via;0;2;0;2;0;0;0;0;0;0;0;0;0;(-38.5947043 -3.74465835);
363905;2020-11-09 07:10:00;RUA JOAO RAMALHO, 85;, ; 85;;;Colisão;Luz do Dia;;;Meio de Quadra;;Longo da via;0;2;0;1;1;0;0;0;0;0;0;0;0;(-38.58769 -3.79944);
363896;2020-11-09 06:53:00;RD BR 116, 13000;, ; 13000;;;Colisão;Luz do Dia;;;;;Longo da via;0;1;1;0;1;0;0;0;0;0;1;0;0;(-38.497727 -3.86467);
363894;2020-11-09 06:28:00;AVENIDA PERIMETRAL, ;, ; ;;;Colisão;Luz do Dia;;;Meio de Quadra;;Longo da via;0;1;0;0;0;0;0;0;0;0;0;0;0;(0 0);
363893;2020-11-09 06:16:00;RUA PARAISO, ;RUA OSCAR ROMERO, ; ;;;Não informado;Luz do Dia;;;Cruz;Não Há Controle;Cruzamento;0;1;0;0;0;0;0;0;0;0;0;0;0;(-38.570433 -3.832773);
362674;2020-11-09 05:07:00;AVENIDA DUQ CAXIAS, ;AVENIDA TRISTAO GONCALVES, ; ;;;Colisão Transversal;Via Iluminada;Bom;Seca;Cruz;Semáforo;Cruzamento;0;2;2;0;2;0;0;0;0;0;0;0;0;(-38.534196 -3.7304);
364396;2020-11-08 23:32:00;AVENIDA CEL CARVALHO, ;, ; ;;;Colisão;;;;Meio de Quadra;;Longo da via;0;1;0;1;1;0;0;0;0;0;0;0;0;(0 0);
364395;2020-11-08 22:12:00;AVENIDA GOV RAUL BARBOSA, 7502;, ; 7502;;;Queda;;;;Meio de Quadra;;Longo da via;0;1;0;1;0;0;0;0;0;0;0;0;0;(-38.5136555 -3.7777855);
364394;2020-11-08 21:20:00;RUA DR JOAQUIM BENTO, 281;, ; 281;;;Queda;;;;Meio de Quadra;;Longo da via;0;1;0;1;0;0;0;0;0;0;0;0;0;(-38.4888984 -3.82878532);
364393;2020-11-08 20:53:00;AVENIDA EDILSON B SOARES, ;, ; ;;;Colisão;;;;Meio de Quadra;;Longo da via;0;1;0;1;1;0;0;0;0;0;0;0;0;(0 0);
364392;2020-11-08 19:53:00;RUA PLANALTINA (BONSUCESSO), 108;, ; 108;;;Colisão;;;;Meio de Quadra;;Longo da via;0;1;0;2;0;0;0;0;0;0;0;0;0;(-38.5848664 -3.78618798);
362834;2020-11-08 19:32:00;AVENIDA ANTONIO JUSTA, ;RUA PRO DIAS DA ROCHA, ; ;;;Choque c/ Obstáculo Fixo;Via Iluminada;Bom;Seca;T;Não Há Controle;Cruzamento;0;0;2;0;2;0;0;0;0;0;0;0;0;(-38.489665 -3.729209);
364391;2020-11-08 19:21:00;RUA BALDUINO FREIRE, 1762;, ; 1762;;;Queda;;;;Meio de Quadra;;Longo da via;0;1;0;1;0;0;0;0;0;0;0;0;0;(-38.58733 -3.7357);
364390;2020-11-08 19:15:00;AVENIDA GAL OSORIO DE PAIVA, 4801;, ; 4801;;;Colisão;;;;Meio de Quadra;;Longo da via;0;1;0;1;1;0;0;0;0;0;0;0;0;(-38.59836762 -3.800909);
364389;2020-11-08 19:13:00;AVENIDA SGT HERMINIO SAMPAIO, 1575;, ; 1575;;;Colisão;;;;Meio de Quadra;;Longo da via;0;1;0;2;0;0;0;0;0;0;0;0;0;(-38.554665 -3.725327);
364495;2020-11-08 18:25:00;RD CE-040, ;, ; ;;;Atropelamento;Anoitecer;;;Meio de Quadra;;Longo da via;0;1;1;0;1;0;0;0;0;0;0;0;0;(-38.47873348 -3.809596804);
364387;2020-11-08 18:06:00;RUA CATOLE, 2270;, ; 2270;;;Colisão;Anoitecer;;;Meio de Quadra;;Longo da via;0;1;0;2;0;0;0;0;0;0;0;0;0;(-38.521151 -3.849891);
364386;2020-11-08 16:51:00;RUA DULCINEIA GONDIM, 608;, ; 608;;;Colisão;Luz do Dia;;;Meio de Quadra;;Longo da via;0;1;0;1;1;0;0;0;0;0;0;0;0;(-38.5469895 -3.75765992);
364385;2020-11-08 16:05:00;RUA RICARDO A BRAGA, 298;, ; 298;;;Colisão;Luz do Dia;;;Meio de Quadra;;Longo da via;0;1;0;1;1;0;0;0;0;0;0;0;0;(-38.5021245 -3.78702903);
364383;2020-11-08 16:01:00;RUA EMILIO DE MENESES, 654;, ; 654;;;Colisão;Luz do Dia;;;Meio de Quadra;;Longo da via;0;1;0;1;1;0;0;0;0;0;0;0;0;(-38.5873574 -3.78176476);
364381;2020-11-08 15:31:00;RUA ANTONIO BANDEIRA D41, 120;, ; 120;;;Colisão;Luz do Dia;;;Meio de Quadra;;Longo da via;0;1;0;1;1;0;0;0;0;0;0;0;0;(-38.564834 -3.783595);
362836;2020-11-08 13:05:00;AVENIDA LUCIANO CARNEIRO, 1991;, ; 1991;;;Colisão Lateral;Luz do Dia;Bom;Seca;Meio de Quadra;Semáforo;Longo da via;0;0;3;0;3;0;0;0;0;0;0;0;0;(-38.536953 -3.7654672);
362831;2020-11-08 13:00:00;RUA SEN POMPEU, ;RUA SAO PAULO, ; ;;;Colisão Transversal;Luz do Dia;Bom;Seca;Cruz;Semáforo;Cruzamento;0;2;2;0;2;0;0;0;0;0;0;0;0;(-38.529196 -3.725486);
364377;2020-11-08 10:22:00;RUA DIONISIO ALENCAR FILHO, 50;, ; 50;;;Colisão;Luz do Dia;;;Meio de Quadra;;Longo da via;0;1;0;0;0;0;0;0;0;0;1;0;0;(-38.48656 -3.82877);
364376;2020-11-08 10:20:00;RUA DAS PEDRINHAS, 524;, ; 524;;;Colisão;Luz do Dia;;;Meio de Quadra;;Longo da via;0;3;0;0;0;0;0;0;0;0;1;0;0;(-38.600276 -3.76269768);
362673;2020-11-08 08:37:00;RUA NUNES VALENTE, ;RUA PEREIRA FILGUEIRAS, ; ;;;Colisão;Luz do Dia;Bom;Seca;Cruz;Semáforo;Cruzamento;0;2;1;1;1;0;0;0;0;0;0;0;0;(-38.50231 -3.731786);
362825;2020-11-08 08:30:00;AVENIDA CEL CARVALHO, 1140;, ; 1140;;;Colisão Traseira;Luz do Dia;Bom;Seca;Meio de Quadra;Não Há Controle;Longo da via;0;1;1;1;1;0;0;0;0;0;0;0;0;(-38.589296 -3.712003);
362676;2020-11-08 07:31:00;AVENIDA ENG SANTANA JUNIOR, 2690;, ; 2690;;;Choque c/ Obstáculo Fixo;Luz do Dia;Bom;Seca;Meio de Quadra;Não Há Controle;Longo da via;0;0;1;0;1;0;0;0;0;0;0;0;0;(-38.488863 -3.74477);
364375;2020-11-08 07:22:00;RUA MARTINS CARVALHO, 226;, ; 226;;;Queda;Luz do Dia;;;Meio de Quadra;;Longo da via;0;1;0;1;0;0;0;0;0;0;0;0;0;(-38.5974209 -3.79745775);
364372;2020-11-08 07:21:00;RUA DR RODRIGO C SANDOVAL, 525;, ; 525;;;Colisão;Luz do Dia;;;Meio de Quadra;;Longo da via;0;1;0;1;1;0;0;0;0;0;0;0;0;(-38.56785 -3.80635);
364371;2020-11-08 06:39:00;AVENIDA CEL CARVALHO, 1140;, ; 1140;;;Colisão;Luz do Dia;;;Meio de Quadra;;Longo da via;0;1;0;1;1;0;0;0;0;0;0;0;0;(-38.589296 -3.712003);
364370;2020-11-08 06:30:00;RUA CARLOS VASCONCELOS, 137;, ; 137;;;Colisão;Luz do Dia;;;Meio de Quadra;;Longo da via;0;1;0;0;1;0;0;0;0;1;0;0;0;(-38.507612 -3.723149);
364369;2020-11-08 06:19:00;AVENIDA DOMINGOS OLIMPIO, 515;, ; 515;;;Atropelamento;Luz do Dia;;;Meio de Quadra;;Longo da via;0;1;0;0;1;0;0;0;0;0;0;0;0;(-38.5283015 -3.7374855);
364367;2020-11-08 03:49:00;AVENIDA MON AMARILIO RODRIGUES, 145;, ; 145;;;Colisão;;;;Meio de Quadra;;Longo da via;0;1;0;0;0;0;0;0;0;0;1;0;0;(-38.524631 -3.83549091);
364366;2020-11-08 03:13:00;RUA JOAO FERREIRA, 837;, ; 837;;;Queda;;;;Meio de Quadra;;Longo da via;0;1;0;1;0;0;0;0;0;0;0;0;0;(-38.5084976 -3.81533779);
364364;2020-11-08 01:03:00;AVENIDA F CJ CEARA, 257;, ; 257;;;Queda;;;;Meio de Quadra;;Longo da via;0;1;0;1;0;0;0;0;0;0;0;0;0;(-38.6074384 -3.76356303);
364363;2020-11-07 23:55:00;RUA BOA VISTA, 2558;, ; 2558;;;Queda;;;;Meio de Quadra;;Longo da via;0;1;0;1;0;0;0;0;0;0;0;0;0;(-38.63454 -3.80599);
364362;2020-11-07 23:52:00;RUA TAVARES COUTINHO, 1313;, ; 1313;;;Queda;;;;Meio de Quadra;;Longo da via;0;1;0;1;0;0;0;0;0;0;0;0;0;(0 0);
364360;2020-11-07 22:48:00;RUA ISMAEL PORDEUS, 455;, ; 455;;;Colisão;;;;Meio de Quadra;;Longo da via;0;1;0;0;1;0;0;0;0;1;0;0;0;(-38.46699 -3.72188);
364359;2020-11-07 22:21:00;AVENIDA DOS EXPEDICIONARIOS, 4773;, ; 4773;;;Colisão;;;;Meio de Quadra;;Longo da via;0;1;0;1;1;0;0;0;0;0;0;0;0;(-38.539946 -3.760838);
364358;2020-11-07 21:46:00;AVENIDA B, 111;, ; 111;;;Colisão;;;;Meio de Quadra;;Longo da via;0;1;0;2;0;0;0;0;0;0;0;0;0;(-38.55243 -3.82782);
364356;2020-11-07 20:33:00;RUA ARAPONGA, 393;, ; 393;;;Colisão;;;;Meio de Quadra;;Longo da via;0;1;0;1;1;0;0;0;0;0;0;0;0;(-38.57727 -3.784777);