COD_ACIDENTE;DATA;LOG1;LOG2;NUMERO;BAIRRO;AMC;NATUREZA;ILUMINACAO;TEMPO;SUPERFICIEPISTA;TIPOCRUZAMENTO;CONTROLETRAFEGO;USOSOLO;MORTOS;FERIDOS;ILESOS;MOTOCICLETA;AUTOMOVEL;MICROONIBUS;CAMINHAO;ONIBUS;CICLOMOTOR;BICICLETA;OUTROS;TREM;TRACAOANIMAL;COORDENADAS
364323;2020-11-07 20:05:00;RUA CARNAUBAL, 750;, ; 750;;;Colisão;;;;Meio de Quadra;;Longo da via;0;1;0;1;1;0;0;0;0;0;0;0;0;(-38.58471 -3.72237);
362824;2020-11-07 18:30:00;RUA 309 CJ CEARA, ;AVENIDA C CJ CEARA, ; ;;;Queda;Anoitecer;Bom;Seca;T;Pare;Cruzamento;0;1;0;1;0;0;0;0;0;0;0;0;0;(-38.615964 -3.774855);
364322;2020-11-07 18:10:00;AVENIDA SGT HERMINIO SAMPAIO, 4829;, ; 4829;;;Colisão;Anoitecer;;;Meio de Quadra;;Longo da via;0;1;0;1;1;0;0;0;0;0;0;0;0;(-38.582705 -3.732898);
364321;2020-11-07 18:10:00;AVENIDA DIOGUINHO, ;, ; ;;;Atropelamento;Anoitecer;;;Meio de Quadra;;Longo da via;0;2;0;1;0;0;0;0;0;0;0;0;0;(0 0);
364320;2020-11-07 16:23:00;RUA EMILIO DE MENESES, ;, ; ;;;Colisão;Luz do Dia;;;Meio de Quadra;;Longo da via;0;2;0;1;1;0;0;0;0;0;0;0;0;(0 0);
362672;2020-11-07 16:20:00;AVENIDA MON TABOSA, 697;, ; 697;;;Atropelamento;Luz do Dia;Bom;Seca;Meio de Quadra;Não Há Controle;Longo da via;1;1;0;1;0;0;0;0;0;0;0;0;0;(-38.513096 -3.723975);
364319;2020-11-07 16:08:00;RUA STA CATARINA (BELA VISTA / PAN AMERICANO), 390;, ; 390;;;Colisão;Luz do Dia;;;Meio de Quadra;;Longo da via;0;1;0;0;2;0;0;0;0;0;0;0;0;(-38.5653704 -3.75384899);
364318;2020-11-07 15:33:00;AVENIDA ANTONIO JUSTA, ;AVENIDA SEN VIRGILIO TAVORA, ; ;;;Colisão;Luz do Dia;;;Cruz;Gesto;Cruzamento;0;1;0;1;1;0;0;0;0;0;0;0;0;(-38.490692 -3.728875);
364312;2020-11-07 15:26:00;RUA MON HIPOLITO BRASIL, ;RUA PRO HERIBALDO COSTA, ; ;;;Colisão;Luz do Dia;;;Cruz;Semáforo;Cruzamento;0;1;0;1;1;0;0;0;0;0;0;0;0;(-38.582275 -3.757069);
362671;2020-11-07 14:46:00;AVENIDA TRISTAO GONCALVES, ;RUA GUILHERME ROCHA, ; ;;;Atropelamento;Luz do Dia;Bom;Seca;Cruz;Semáforo;Cruzamento;0;1;1;0;1;0;0;0;0;0;0;0;0;(-38.532707 -3.725452);
364311;2020-11-07 14:38:00;AVENIDA CEL CARVALHO, 3098;, ; 3098;;;Queda;Luz do Dia;;;Meio de Quadra;;Longo da via;0;1;0;0;0;0;0;0;0;1;0;0;0;(-38.58469662 -3.730618471);
364310;2020-11-07 14:28:00;RUA MIRTES CORDEIRO, 1130;, ; 1130;;;Colisão;Luz do Dia;;;Meio de Quadra;;Longo da via;0;1;0;1;1;0;0;0;0;0;0;0;0;(-38.60163 -3.7882);
363987;2020-11-07 14:06:00;AVENIDA TRISTAO GONCALVES, 388;, ; 388;;;Atropelamento;Luz do Dia;;;Meio de Quadra;;Longo da via;1;1;0;1;0;0;0;0;0;0;0;0;0;(-38.5326786 -3.72535809);
364309;2020-11-07 13:06:00;AVENIDA PERIMETRAL, 3929;, ; 3929;;;Colisão;Luz do Dia;;;Meio de Quadra;;Longo da via;0;1;0;1;1;0;0;0;0;0;0;0;0;(0 0);
364308;2020-11-07 12:45:00;AVENIDA BEZERRA DE MENEZES, 1070;, ; 1070;;;Queda;Luz do Dia;;;Meio de Quadra;;Longo da via;0;1;0;0;0;0;0;0;0;1;0;0;0;(-38.55428538 -3.733562027);
363994;2020-11-07 12:10:00;AVENIDA SGT HERMINIO SAMPAIO, ;RUA EVANDRO LUZ, ; ;;;Colisão Transversal;Luz do Dia;;;T;Não Há Controle;Cruzamento;1;1;0;2;0;0;0;0;0;0;0;0;0;(-38.577549 -3.730841);
362670;2020-11-07 11:15:00;AVENIDA PONTES VIEIRA, 639;, ; 639;;;Colisão Traseira;Luz do Dia;Bom;Seca;Meio de Quadra;Não Há Controle;Longo da via;0;0;2;0;2;0;0;0;0;0;0;0;0;(-38.515453 -3.752952);
364307;2020-11-07 10:54:00;RUA RAIMUNDO ARISTIDES, 859;, ; 859;;;Colisão;Luz do Dia;;;Meio de Quadra;;Longo da via;0;1;0;1;1;0;0;0;0;0;0;0;0;(-38.5926161 -3.81726672);
364306;2020-11-07 10:49:00;RUA SGT JOAO PINHEIRO, 1740;, ; 1740;;;Colisão;Luz do Dia;;;Meio de Quadra;;Longo da via;0;1;0;0;1;0;0;0;0;1;0;0;0;(-38.6240698 -3.7872893);
364305;2020-11-07 10:35:00;AVENIDA JOR THOMAZ COELHO, ;, ; ;;;Colisão;Luz do Dia;;;Meio de Quadra;;Longo da via;0;1;0;2;0;0;0;0;0;0;0;0;0;(0 0);
364700;2020-11-07 09:59:00;RUA PDE CICERO, ;RUA CARLOS CAMARA, ; ;;;Colisão;Luz do Dia;;;Cruz;Pare;Cruzamento;0;2;0;0;0;0;0;0;0;0;0;0;0;(-38.542599 -3.746473);
364304;2020-11-07 09:47:00;RUA MARIA GOMES DE SA, 506;, ; 506;;;Queda;Luz do Dia;;;Meio de Quadra;;Longo da via;0;1;0;1;0;0;0;0;0;0;0;0;0;(-38.57689 -3.82795);
364303;2020-11-07 08:11:00;AVENIDA PRS JUSCELINO KUBITSCHEK (PASSARÉ), 3600;, ; 3600;;;Acidente Pessoal;Luz do Dia;;;Meio de Quadra;;Longo da via;0;1;0;1;0;0;0;0;0;0;0;0;0;(-38.529791 -3.813772);
362669;2020-11-07 07:51:00;AVENIDA AGUANAMBI, ;AVENIDA DOMINGOS OLIMPIO, ; ;;;Colisão Traseira;Luz do Dia;Bom;Molhada;Cruz;Semáforo;Cruzamento;0;2;2;1;2;0;0;0;0;0;0;0;0;(-38.524628 -3.738683);
364491;2020-11-07 07:10:00;RD CE-040, ;, ; ;;;Colisão;Luz do Dia;;;Meio de Quadra;;Longo da via;0;1;1;1;1;0;0;0;0;0;0;0;0;(-38.48303286 -3.817159445);
364302;2020-11-07 00:44:00;RUA INSTITUTO DO CEARA, 308;, ; 308;;;Queda;;;;Meio de Quadra;;Longo da via;0;1;0;0;0;0;0;0;0;1;0;0;0;(-38.5371037 -3.73794994);
364301;2020-11-07 00:33:00;RUA AIRES DA CUNHA, 872;, ; 872;;;Queda;;;;Meio de Quadra;;Longo da via;0;1;0;1;0;0;0;0;0;0;0;0;0;(-38.60483 -3.77929);
364300;2020-11-06 22:30:00;RUA JUVENCIO VASCONCELOS, 25;, ; 25;;;Atropelamento;;;;Meio de Quadra;;Longo da via;0;1;0;0;1;0;0;0;0;0;0;0;0;(-38.4814422 -3.72412011);
362668;2020-11-06 20:42:00;AVENIDA DOM MANUEL, 175;, ; 175;;;Engavetamento;Via Iluminada;Bom;Seca;;;Longo da via;0;1;2;1;2;0;0;0;0;0;0;0;0;(-38.5203053 -3.72584133);
364699;2020-11-06 20:30:00;AVENIDA VICENTE DE CASTRO, ;, ; ;;;Colisão;;;;Meio de Quadra;Não Há Controle;Longo da via;0;0;2;0;1;0;1;0;0;0;0;0;0;(0 0);
362667;2020-11-06 19:14:00;AVENIDA JOR THOMAZ COELHO, 305;, ; 305;;;Colisão Traseira;Anoitecer;Bom;Seca;Meio de Quadra;Semáforo;Longo da via;0;1;1;1;1;0;0;0;0;0;0;0;0;(-38.4996246 -3.8325054);
364299;2020-11-06 18:08:00;AVENIDA CASTELO DE CASTRO, 1247;, ; 1247;;;Colisão;Anoitecer;;;Meio de Quadra;;Longo da via;0;1;0;0;0;0;0;0;0;0;1;0;0;(-38.52168 -3.84071);
362665;2020-11-06 16:35:00;RUA DA ZAMBAIA, 90;, ; 90;;;Colisão Transversal;Luz do Dia;Bom;Seca;Meio de Quadra;Não Há Controle;Longo da via;0;2;0;0;2;0;0;0;0;0;0;0;0;(0 0);
364286;2020-11-06 15:35:00;RUA TUPI D35, 475;, ; 475;;;Colisão;Luz do Dia;;;Meio de Quadra;;Longo da via;0;2;0;1;1;0;0;0;0;0;0;0;0;(-38.579926 -3.762169);
364485;2020-11-06 15:30:00;AVENIDA MIN JOSE AMERICO, ;, ; ;;;Colisão;Luz do Dia;;;Meio de Quadra;;Longo da via;0;2;0;0;1;1;0;0;0;0;0;0;0;(0 0);
364284;2020-11-06 14:55:00;RUA VASCO DA GAMA, ;RUA EDITE BRAGA, ; ;;;Queda;Luz do Dia;;;Cruz;Pare;Cruzamento;0;1;0;0;0;0;0;0;0;1;0;0;0;(-38.548722 -3.762136);
364283;2020-11-06 14:28:00;RUA TEN QUEIROZ, 1207;, ; 1207;;;Colisão;Luz do Dia;;;Meio de Quadra;;Longo da via;0;1;0;2;0;0;0;0;0;0;0;0;0;(0 0);
362664;2020-11-06 13:45:00;RUA CON BRAVEZA, ;RUA JOAO LEONEL, ; ;;;Colisão Transversal;Luz do Dia;Bom;Seca;Cruz;Pare;Cruzamento;0;0;2;0;2;0;0;0;0;0;0;0;0;(-38.496834 -3.800039);
364279;2020-11-06 12:59:00;AVENIDA DEP PAULINO ROCHA, 145;, ; 145;;;Colisão;Luz do Dia;;;Meio de Quadra;;Longo da via;0;1;0;1;1;0;0;0;0;0;0;0;0;(-38.50601 -3.8);
363652;2020-11-06 11:50:00;RUA ALMEIDA PRADO, ;RUA VILEBALDO AGUIAR, ; ;;;Colisão Lateral;Luz do Dia;Bom;Seca;Cruz;Pare;Cruzamento;0;0;2;1;1;0;0;0;0;0;0;0;0;(-38.475413 -3.744545);
364277;2020-11-06 11:30:00;AVENIDA AUGUSTO DOS ANJOS, 2171;, ; 2171;;;Colisão;Luz do Dia;;;Meio de Quadra;;Longo da via;0;1;0;1;1;0;0;0;0;0;0;0;0;(-38.583225 -3.784861);
362663;2020-11-06 11:28:00;RUA OSVALDO CRUZ, 2554;, ; 2554;;;Colisão Traseira;Luz do Dia;Bom;Seca;Meio de Quadra;Não Há Controle;Longo da via;0;1;3;0;3;0;0;0;0;0;0;0;0;(-38.50432 -3.74812);
364275;2020-11-06 10:23:00;RUA OSCAR ARARIPE, ;, ; ;;;Colisão;Luz do Dia;;;Meio de Quadra;;Longo da via;0;1;0;1;1;0;0;0;0;0;0;0;0;(0 0);
364265;2020-11-06 10:21:00;RUA 10 CJ PEQ MONDUBIM, 1206;, ; 1206;;;Colisão;Luz do Dia;;;Meio de Quadra;;Longo da via;0;1;0;2;0;0;0;0;0;0;0;0;0;(0 0);
364268;2020-11-06 10:21:00;RUA JOAO VINTE TRES, 4936;, ; 4936;;;Colisão;Luz do Dia;;;Meio de Quadra;;Longo da via;0;1;0;1;0;0;1;0;0;0;0;0;0;(0 0);
364264;2020-11-06 10:15:00;AVENIDA CONTORNO NORTE D71, 1212;, ; 1212;;;Colisão;Luz do Dia;;;Meio de Quadra;;Longo da via;0;2;0;1;1;0;0;0;0;0;0;0;0;(-38.58795 -3.813647);
364260;2020-11-06 09:27:00;RUA BAR AQUIRAZ, 1702;, ; 1702;;;Colisão;Luz do Dia;;;Meio de Quadra;;Longo da via;0;1;0;1;1;0;0;0;0;0;0;0;0;(-38.4839556 -3.84191734);
364254;2020-11-06 08:46:00;AVENIDA AUGUSTO DOS ANJOS, 241;, ; 241;;;Atropelamento;Luz do Dia;;;Meio de Quadra;;Longo da via;0;1;0;1;0;0;0;0;0;0;0;0;0;(-38.5710392 -3.77118472);
364253;2020-11-06 08:14:00;RUA QUINZE (PQ DOIS IRMAOS), 781;, ; 781;;;Colisão;Luz do Dia;;;Meio de Quadra;;Longo da via;0;1;0;1;1;0;0;0;0;0;0;0;0;(0 0);
364252;2020-11-06 07:50:00;AVENIDA GAL OSORIO DE PAIVA, 5281;, ; 5281;;;Colisão;Luz do Dia;;;Meio de Quadra;;Longo da via;0;1;0;0;1;0;0;0;0;1;0;0;0;(-38.60112288 -3.803736625);
364251;2020-11-06 06:55:00;AVENIDA GODOFREDO MACIEL, 3255;, ; 3255;;;Colisão;Luz do Dia;;;Meio de Quadra;;Longo da via;0;1;0;1;1;0;0;0;0;0;0;0;0;(-38.572296 -3.804088);
364249;2020-11-06 06:54:00;RUA GERMANO FRANCK, 777;, ; 777;;;Colisão;Luz do Dia;;;Meio de Quadra;;Longo da via;0;1;0;1;1;0;0;0;0;0;0;0;0;(-38.56288 -3.77798836);
364250;2020-11-06 06:54:00;AVENIDA DIOGUINHO, 280;, ; 280;;;Queda;Luz do Dia;;;Meio de Quadra;;Longo da via;0;2;0;1;0;0;0;0;0;0;0;0;0;(-38.46133 -3.72701);
364248;2020-11-06 06:20:00;AVENIDA DES MOREIRA, 2200;, ; 2200;;;Colisão;Luz do Dia;;;Meio de Quadra;;Longo da via;0;1;0;0;0;0;0;0;0;0;1;0;0;(-38.5010305 -3.744577);
364247;2020-11-06 06:17:00;AVENIDA LINEU MACHADO, 1451;, ; 1451;;;Colisão;Luz do Dia;;;Meio de Quadra;;Longo da via;0;1;0;0;0;0;0;0;0;0;1;0;0;(-38.58027126 -3.772388681);
364246;2020-11-06 06:16:00;RD BR 116, 9000;, ; 9000;;;Atropelamento;Luz do Dia;;;Meio de Quadra;;Longo da via;0;1;0;1;0;0;0;0;0;0;0;0;0;(-38.504865 -3.830837);
364245;2020-11-06 06:05:00;TERM DE MESSEJANA, ;, ; ;;;Atropelamento;Luz do Dia;;;Meio de Quadra;;Longo da via;0;1;0;0;0;0;0;1;0;0;0;0;0;(0 0);
362662;2020-11-06 05:30:00;RUA PAULO FIRMEZA, 581;, ; 581;;;Colisão Lateral;Amanhecer;Bom;Seca;Meio de Quadra;Não Há Controle;Longo da via;0;2;1;1;1;0;0;0;0;0;0;0;0;(-38.51462 -3.757286);
362666;2020-11-06 04:27:00;AVENIDA SGT HERMINIO SAMPAIO, 3470;, ; 3470;;;Choque c/ Obstáculo Fixo;Via Iluminada;Bom;Seca;Meio de Quadra;Semáforo;Longo da via;0;2;0;0;1;0;0;0;0;0;0;0;0;(-38.571686 -3.7286139);
364244;2020-11-06 01:56:00;RUA PERNAMBUCO, 2951;, ; 2951;;;Atropelamento de Animal;;;;Meio de Quadra;;Longo da via;0;1;0;0;0;0;0;0;0;0;1;0;0;(-38.579593 -3.749858);
364243;2020-11-05 21:06:00;AVENIDA PRS CASTELO BRANCO, ;, ; ;;;Queda;;;;Meio de Quadra;;Longo da via;0;1;0;1;0;0;0;0;0;0;0;0;0;(0 0);
364242;2020-11-05 21:01:00;RUA SOL, 721;, ; 721;;;Colisão;;;;Meio de Quadra;;Longo da via;0;1;0;0;0;0;0;0;0;0;1;0;0;(-38.57953 -3.83529);
364473;2020-11-05 20:30:00;AVENIDA MIN JOSE AMERICO, ;, ; ;;;Outros;;;;Meio de Quadra;;Longo da via;0;2;0;0;2;0;0;0;0;0;0;0;0;(0 0);
364241;2020-11-05 19:48:00;RUA RIO GRANDE DO SUL, 1344;, ; 1344;;;Colisão;;;;Meio de Quadra;;Longo da via;0;1;0;0;0;0;0;0;0;0;1;0;0;(-38.568467 -3.760011);
364240;2020-11-05 19:35:00;AVENIDA JOR JOAO RAMOS, 3005;, ; 3005;;;Colisão;;;;Meio de Quadra;;Longo da via;0;1;0;0;0;0;0;0;0;0;1;0;0;(-38.5821974 -3.83963235);
362437;2020-11-05 19:20:00;RUA RIO GRANDE DO SUL, ;RUA DIAMANTINA, ; ;;;Colisão Lateral;;Bom;Seca;Cruz;Semáforo;Cruzamento;0;1;1;1;1;0;0;0;0;0;0;0;0;(-38.570499 -3.763342);
364239;2020-11-05 17:59:00;RUA GAL CLARINDO DE QUEIROZ, ;RUA JAIME BENEVOLO, ; ;;;Atropelamento;Anoitecer;;;Cruz;Pare;Cruzamento;0;1;0;1;0;0;0;0;0;0;0;0;0;(-38.526017 -3.73406);
364238;2020-11-05 17:52:00;RUA PRO COSTA MENDES, 1258;, ; 1258;;;Colisão;Anoitecer;;;Meio de Quadra;;Longo da via;0;1;0;1;1;0;0;0;0;0;0;0;0;(-38.55057 -3.7514803);
364235;2020-11-05 17:41:00;RUA TIBURCIO CAVALCANTE, ;RUA DOM EXPEDITO LOPES, ; ;;;Colisão;Anoitecer;;;Cruz;Semáforo;Cruzamento;0;2;0;2;0;0;0;0;0;0;0;0;0;(-38.505184 -3.7438836);
364233;2020-11-05 17:18:00;AVENIDA DES GONZAGA, ;RUA JULIO LIMA, ; ;;;Colisão;Anoitecer;;;Cruz;Pare;Cruzamento;0;1;0;1;1;0;0;0;0;0;0;0;0;(-38.500411 -3.796143);
364231;2020-11-05 17:17:00;AVENIDA SANTOS DUMONT, 7580;, ; 7580;;;Queda;Anoitecer;;;Meio de Quadra;;Longo da via;0;1;0;1;0;0;0;0;0;0;0;0;0;(-38.466157 -3.7466285);
364230;2020-11-05 17:09:00;AVENIDA BEZERRA DE MENEZES, ;, ; ;;;Atropelamento;Anoitecer;;;Meio de Quadra;;Longo da via;0;1;0;0;1;0;0;0;0;0;0;0;0;(0 0);
364228;2020-11-05 17:06:00;RUA CON DE CASTRO, 7050;, ; 7050;;;Colisão;Anoitecer;;;Meio de Quadra;;Longo da via;0;1;0;1;1;0;0;0;0;0;0;0;0;(-38.6006884 -3.81717635);
364226;2020-11-05 16:36:00;AVENIDA ENG LEAL LIMA VERDE (SAPIRANGA/COITE), 1000;, ; 1000;;;Colisão;Luz do Dia;;;Meio de Quadra;;Longo da via;0;1;0;1;1;0;0;0;0;0;0;0;0;(-38.47558 -3.79766);
364224;2020-11-05 15:54:00;RUA 602 CJ CEARA, ;, ; ;;;Colisão;Luz do Dia;;;Meio de Quadra;;Longo da via;0;1;0;1;1;0;0;0;0;0;0;0;0;(0 0);
364222;2020-11-05 15:53:00;AVENIDA MIGUEL DIAS, 320;, ; 320;;;Colisão;Luz do Dia;;;Meio de Quadra;;Longo da via;0;1;0;1;1;0;0;0;0;0;0;0;0;(-38.4882311 -3.7599685);
362661;2020-11-05 15:30:00;RUA CEL SOLON, ;RUA DOM SEBASTIAO LEME, ; ;;;Colisão Transversal;Luz do Dia;Bom;Seca;Cruz;Pare;Cruzamento;0;1;1;1;1;0;0;0;0;0;0;0;0;(-38.526799 -3.742963);
364470;2020-11-05 15:30:00;AVENIDA SEN CARLOS JEREISSATI (AEROPORTO), ;, ; ;;;Colisão;Luz do Dia;;;Meio de Quadra;;Longo da via;0;1;1;0;1;0;0;1;0;0;0;0;0;(-38.535424 -3.782194);
364220;2020-11-05 15:07:00;AVENIDA BORGES DE MELO, ;, ; ;;;Colisão;Luz do Dia;;;Meio de Quadra;;Longo da via;0;1;0;1;1;0;0;0;0;0;0;0;0;(0 0);
364219;2020-11-05 14:16:00;AVENIDA SGT HERMINIO SAMPAIO, 2148;, ; 2148;;;Colisão;Luz do Dia;;;Meio de Quadra;;Longo da via;0;1;0;1;1;0;0;0;0;0;0;0;0;(-38.5594235 -3.7261805);
364218;2020-11-05 14:06:00;RUA PRO HERIBALDO COSTA, 1351;, ; 1351;;;Colisão;Luz do Dia;;;Meio de Quadra;;Longo da via;0;1;0;1;1;0;0;0;0;0;0;0;0;(-38.5859169 -3.76389982);
364217;2020-11-05 13:17:00;RUA POMPILIO GOMES, 414;, ; 414;;;Colisão;Luz do Dia;;;Meio de Quadra;;Longo da via;0;1;0;1;1;0;0;0;0;0;0;0;0;(0 0);
364216;2020-11-05 13:14:00;AVENIDA MON TABOSA, 368;, ; 368;;;Atropelamento;Luz do Dia;;;Meio de Quadra;;Longo da via;0;1;0;0;1;0;0;0;0;0;0;0;0;(-38.516076 -3.723786);
364215;2020-11-05 12:27:00;AVENIDA JOSE LEON, 1919;, ; 1919;;;Queda;Luz do Dia;;;Meio de Quadra;;Longo da via;0;1;0;0;0;0;0;0;0;1;0;0;0;(-38.494897 -3.789544);
364696;2020-11-05 12:15:00;AVENIDA JOVITA FEITOSA, 314;, ; 314;;;Colisão;Luz do Dia;;;Meio de Quadra;;Longo da via;0;2;0;2;0;0;0;0;0;0;0;0;0;(-38.546301 -3.737763);
364214;2020-11-05 11:55:00;RUA CEL JOAO OLIVEIRA, 1110;, ; 1110;;;Atropelamento;Luz do Dia;;;Meio de Quadra;;Longo da via;0;1;0;0;0;0;0;0;0;0;1;0;0;(-38.485123 -3.823201);
364212;2020-11-05 11:52:00;RUA SAO FRANCISCO D34, 396;, ; 396;;;Colisão;Luz do Dia;;;Meio de Quadra;;Longo da via;0;1;0;0;0;0;0;0;0;0;1;0;0;(-38.600894 -3.798944);
364209;2020-11-05 11:41:00;RUA CARNEIRO DA CUNHA (JACARECANGA), 449;, ; 449;;;Colisão;Luz do Dia;;;Meio de Quadra;;Longo da via;0;1;0;1;1;0;0;0;0;0;0;0;0;(-38.545 -3.72452);
364698;2020-11-05 10:45:00;RUA NUNES FEIJO, 1119;, ; 1119;;;Colisão;Luz do Dia;;;Meio de Quadra;;Longo da via;0;0;2;0;1;0;0;1;0;0;0;0;0;(-38.50497 -3.8471);
364697;2020-11-05 09:00:00;RUA PERNAMBUCO, ;, ; ;;;Colisão;Luz do Dia;;;Meio de Quadra;;Longo da via;0;1;1;1;1;0;0;0;0;0;0;0;0;(0 0);
364208;2020-11-05 07:33:00;AVENIDA DES MOREIRA, 3050;, ; 3050;;;Colisão;Luz do Dia;;;Meio de Quadra;;Longo da via;0;1;0;0;1;0;0;0;0;1;0;0;0;(-38.5039557 -3.752772);
364205;2020-11-05 07:31:00;RUA JOAO AREAS, ;RUA CON DE CASTRO, ; ;;;Colisão;Luz do Dia;;;;;Cruzamento;0;1;0;1;1;0;0;0;0;0;0;0;0;(-38.57584 -3.7876);
362436;2020-11-05 07:30:00;AVENIDA GOV RAUL BARBOSA, 3050;, ; 3050;;;Colisão Transversal;Luz do Dia;Bom;Seca;Meio de Quadra;Não Há Controle;Longo da via;0;1;1;0;1;0;0;0;0;1;0;0;0;(-38.5041443 -3.75419336);
364203;2020-11-05 06:32:00;AVENIDA 13 DE MAIO, 1485;, ; 1485;;;Colisão;Luz do Dia;;;Meio de Quadra;;Longo da via;0;1;0;1;1;0;0;0;0;0;0;0;0;(-38.5315389 -3.74743741);
364201;2020-11-05 06:30:00;AVENIDA DEP PAULINO ROCHA, ;, ; ;;;Colisão;Luz do Dia;;;Meio de Quadra;;Longo da via;0;1;0;0;0;0;0;0;0;0;1;0;0;(0 0);
362660;2020-11-05 02:40:00;AVENIDA SGT HERMINIO SAMPAIO, ;RUA PEDRO PONCIANO, ; ;;;Colisão Frontal;Via Iluminada;Bom;Seca;T;Pare;Cruzamento;0;0;2;0;1;0;1;0;0;0;0;0;0;(-38.57655 -3.73046);
364199;2020-11-05 00:52:00;AVENIDA SGT HERMINIO SAMPAIO, 5286;, ; 5286;;;Colisão;;;;Meio de Quadra;;Longo da via;0;1;0;0;1;0;1;0;0;0;0;0;0;(-38.5866525 -3.73415);
364196;2020-11-04 22:30:00;RUA VALDETARIO MOTA, 422;, ; 422;;;Queda;;;;Meio de Quadra;;Longo da via;0;1;0;1;0;0;0;0;0;0;0;0;0;(-38.47861 -3.73352);
364194;2020-11-04 22:06:00;AVENIDA PERIMETRAL, 1089;, ; 1089;;;Colisão;;;;Meio de Quadra;;Longo da via;0;2;0;1;1;0;0;0;0;0;0;0;0;(-38.5900117 -3.7855627);
364191;2020-11-04 21:50:00;RUA LAURO MAIA, 950;, ; 950;;;Colisão;;;;Meio de Quadra;;Longo da via;0;1;0;2;0;0;0;0;0;0;0;0;0;(-38.522736 -3.748036);
364190;2020-11-04 21:09:00;AVENIDA SEN CARLOS JEREISSATI (AEROPORTO), 401;, ; 401;;;Colisão;;;;Meio de Quadra;;Longo da via;0;1;0;0;2;0;0;0;0;0;0;0;0;(0 0);
364188;2020-11-04 20:17:00;RUA ARI MAIA, 796;, ; 796;;;Queda;;;;Meio de Quadra;;Longo da via;0;1;0;1;0;0;0;0;0;0;0;0;0;(-38.62114 -3.78222);
364186;2020-11-04 19:48:00;AVENIDA RAD JOSE LIMA VERDE, 537;, ; 537;;;Colisão;;;;Meio de Quadra;;Longo da via;0;1;0;1;1;0;0;0;0;0;0;0;0;(-38.58643139 -3.695911883);
364183;2020-11-04 18:29:00;RUA VALPARAISO, ;, ; ;;;Colisão;Anoitecer;;;Meio de Quadra;;Longo da via;0;1;0;1;1;0;0;0;0;0;0;0;0;(0 0);
364182;2020-11-04 18:17:00;AVENIDA DR THEBERGE, 1288;, ; 1288;;;Colisão;Anoitecer;;;Meio de Quadra;;Longo da via;0;1;0;1;1;0;0;0;0;0;0;0;0;(-38.564637 -3.713663);
364176;2020-11-04 18:09:00;RUA BENEDITO MACEDO, 79;, ; 79;;;Queda;Anoitecer;;;Meio de Quadra;;Longo da via;0;1;0;0;0;0;0;0;0;1;0;0;0;(-38.47576 -3.71628);
364177;2020-11-04 18:09:00;RD BR 116, 12000;, ; 12000;;;Colisão;Anoitecer;;;Meio de Quadra;;Longo da via;0;1;0;1;1;0;0;0;0;0;0;0;0;(-38.496066 -3.85574);
364175;2020-11-04 18:05:00;RD BR 116, 3000;, ; 3000;;;Colisão;Anoitecer;;;Meio de Quadra;;Longo da via;0;1;0;0;0;0;0;0;0;0;1;0;0;(-38.514372 -3.779838);
364174;2020-11-04 18:02:00;AVENIDA VICENTE DE CASTRO, ;, ; ;;;Queda;Anoitecer;;;Meio de Quadra;;Longo da via;0;1;0;0;0;0;0;0;0;1;0;0;0;(0 0);
362435;2020-11-04 17:45:00;AVENIDA PRS JUSCELINO KUBITSCHEK (PASSARÉ), 3269;, ; 3269;;;Colisão Lateral;Anoitecer;Bom;Seca;Meio de Quadra;Não Há Controle;Longo da via;0;2;0;1;1;0;0;0;0;0;0;0;0;(0 0);
364172;2020-11-04 17:25:00;RUA ESPLANADA DO MUCURIPE, ;, ; ;;;Colisão;Anoitecer;;;Meio de Quadra;;Longo da via;0;1;0;0;1;0;0;0;0;1;0;0;0;(0 0);
364171;2020-11-04 17:10:00;AVENIDA GODOFREDO MACIEL, 3933;, ; 3933;;;Queda;Anoitecer;;;Meio de Quadra;;Longo da via;0;1;0;1;0;0;0;0;0;0;0;0;0;(-38.5704367 -3.7984702);
364457;2020-11-04 16:00:00;RD CE-025, ;, ; ;;;Atropelamento;Luz do Dia;;;Meio de Quadra;;Longo da via;0;2;0;1;0;0;0;0;0;0;0;0;0;(-38.46108452 -3.807634505);
364170;2020-11-04 15:56:00;AVENIDA VIS RIO BRANCO, 2173;, ; 2173;;;Colisão;Luz do Dia;;;Meio de Quadra;;Longo da via;0;1;0;1;1;0;0;0;0;0;0;0;0;(-38.523296 -3.739966);
362658;2020-11-04 15:56:00;RUA ARMANDO MONTEIRO, ;AVENIDA DOS EXPEDICIONARIOS, ; ;;;Colisão Frontal;Luz do Dia;Bom;Seca;Cruz;Semáforo;Cruzamento;0;1;1;1;1;0;0;0;0;0;0;0;0;(-38.540372 -3.76223);
364169;2020-11-04 15:43:00;AVENIDA MAE LISBOA, 1780;, ; 1780;;;Colisão;Luz do Dia;;;Meio de Quadra;;Longo da via;0;1;0;0;0;0;0;0;0;0;1;0;0;(-38.463808 -3.8079365);
364168;2020-11-04 15:12:00;RUA DES WALDETARIO P MOTA, ;RUA AVILA GOULART, ; ;;;Colisão;Luz do Dia;;;Cruz;Semáforo;Cruzamento;0;2;0;1;1;0;0;0;0;0;0;0;0;(-38.47916 -3.734478);