COD_ACIDENTE;DATA;LOG1;LOG2;NUMERO;BAIRRO;AMC;NATUREZA;ILUMINACAO;TEMPO;SUPERFICIEPISTA;TIPOCRUZAMENTO;CONTROLETRAFEGO;USOSOLO;MORTOS;FERIDOS;ILESOS;MOTOCICLETA;AUTOMOVEL;MICROONIBUS;CAMINHAO;ONIBUS;CICLOMOTOR;BICICLETA;OUTROS;TREM;TRACAOANIMAL;COORDENADAS
362431;2020-11-04 15:10:00;RUA CEL MATOS DOURADO, ;RUA PRO EDGAR DE ARRUDA, ; ;;;Colisão Transversal;Luz do Dia;Bom;Seca;Cruz;Pare;Cruzamento;0;3;0;1;1;0;0;0;0;0;0;0;0;(-38.584848 -3.758202);
362659;2020-11-04 15:00:00;AVENIDA JOVITA FEITOSA, ;AVENIDA JOSE JATAHY, ; ;;;Colisão Transversal;Luz do Dia;Bom;Seca;Cruz;Semáforo;Cruzamento;0;0;3;0;3;0;0;0;0;0;0;0;0;(-38.543936 -3.737273);
364167;2020-11-04 14:35:00;RUA PRO GOMES BRASIL, ;AVENIDA GAL OSORIO DE PAIVA, ; ;;;Queda;Luz do Dia;;;T;Semáforo;Cruzamento;0;1;0;1;0;0;0;0;0;0;0;0;0;(-38.566451 -3.775618);
364166;2020-11-04 14:12:00;RUA ADOLFO CAMINHA, 217;, ; 217;;;Atropelamento;Luz do Dia;;;Meio de Quadra;;Longo da via;0;1;0;0;1;0;0;0;0;0;0;0;0;(-38.52508319 -3.721036394);
364165;2020-11-04 12:38:00;RUA VALPARAISO, 1362;, ; 1362;;;Colisão;Luz do Dia;;;Meio de Quadra;;Longo da via;0;1;0;0;0;0;0;0;0;0;1;0;0;(-38.53048612 -3.840347113);
364164;2020-11-04 12:17:00;RUA CEL ALEXANDRINO, ;AVENIDA PRO GOMES DE MATOS, ; ;;;Colisão;Luz do Dia;;;Cruz;Semáforo Manual;Cruzamento;0;1;0;2;0;0;0;0;0;0;0;0;0;(-38.550403 -3.766732);
363865;2020-11-04 12:16:00;AVENIDA EDUARDO GIRAO, ;, ; ;;;Colisão;Luz do Dia;;;Meio de Quadra;;Longo da via;0;1;0;0;1;0;0;0;0;1;0;0;0;(0 0);
363959;2020-11-04 10:40:00;RUA CATOLE, ;, ; ;;;Choque c/ Obstáculo Fixo;Luz do Dia;;;Meio de Quadra;;Longo da via;1;0;0;1;0;0;0;0;0;0;0;0;0;(-38.523183 -3.858976);
363864;2020-11-04 10:17:00;RUA BRAGANCA, 1095;, ; 1095;;;Colisão;Luz do Dia;;;Meio de Quadra;;Longo da via;0;1;0;1;1;0;0;0;0;0;0;0;0;(-38.597461 -3.784181);
363862;2020-11-04 09:50:00;RUA VALDETARIO MOTA, ;, ; ;;;Atropelamento;Luz do Dia;;;Meio de Quadra;;Longo da via;0;1;0;1;0;0;0;0;0;0;0;0;0;(0 0);
363861;2020-11-04 09:26:00;AVENIDA FRE CIRILO, ;, ; ;;;Colisão;Luz do Dia;;;Meio de Quadra;;Longo da via;0;1;0;1;1;0;0;0;0;0;0;0;0;(0 0);
362656;2020-11-04 07:41:00;RUA COSTA FREIRE, ;RUA RAIMUNDO NERY, ; ;;;Colisão Transversal;Luz do Dia;Bom;Seca;Cruz;Pare;Cruzamento;0;2;1;2;1;0;0;0;0;0;0;0;0;(-38.586423 -3.794144);
363860;2020-11-04 07:31:00;RUA TOMAS ACIOLI, 950;, ; 950;;;Colisão;Luz do Dia;;;Meio de Quadra;;Longo da via;0;1;0;1;1;0;0;0;0;0;0;0;0;(-38.509369 -3.74500063);
363859;2020-11-04 07:08:00;RD BR 116, 2273;, ; 2273;;;Colisão;Luz do Dia;;;Meio de Quadra;;Longo da via;0;1;0;0;0;0;0;0;0;0;1;0;0;(-38.500711 -3.809492);
363852;2020-11-03 23:42:00;AVENIDA ZEZE DIOGO, 1124;, ; 1124;;;Queda;;;;Meio de Quadra;;Longo da via;0;1;0;1;0;0;0;0;0;0;0;0;0;(-38.4646501 -3.71716077);
363850;2020-11-03 23:19:00;RUA ENCANTO DA BARRA, 141;, ; 141;;;Colisão;;;;Meio de Quadra;;Longo da via;0;1;0;0;0;0;0;0;0;0;1;0;0;(-38.5787 -3.70001);
363849;2020-11-03 21:56:00;RUA LAURO NOGUEIRA, 779;, ; 779;;;Colisão;;;;Meio de Quadra;;Longo da via;0;1;0;0;1;0;0;0;0;1;0;0;0;(-38.47882 -3.73986);
363848;2020-11-03 21:45:00;AVENIDA GAL OSORIO DE PAIVA, 1327;, ; 1327;;;Colisão;;;;Meio de Quadra;;Longo da via;0;1;0;1;1;0;0;0;0;0;0;0;0;(-38.57336 -3.77998);
363847;2020-11-03 21:07:00;AVENIDA PERIMETRAL, ;, ; ;;;Queda;;;;Meio de Quadra;;Longo da via;0;1;0;1;0;0;0;0;0;0;0;0;0;(0 0);
362655;2020-11-03 20:12:00;AVENIDA SGT HERMINIO SAMPAIO, 4939;, ; 4939;;;Colisão Lateral;Via Iluminada;Bom;Seca;Y;Semáforo;Longo da via;0;2;0;1;1;0;0;0;0;0;0;0;0;(-38.584106 -3.733758);
363846;2020-11-03 19:30:00;AVENIDA MR HULL, 3970;, ; 3970;;;Colisão;;;;Meio de Quadra;;Longo da via;0;1;0;2;0;0;0;0;0;0;0;0;0;(-38.57982 -3.73776);
363843;2020-11-03 18:44:00;RUA BERNARDO MANUEL, 13405;, ; 13405;;;Queda;;;;Meio de Quadra;;Longo da via;0;2;0;1;0;0;0;0;0;0;0;0;0;(-38.562304 -3.83466786);
363842;2020-11-03 17:56:00;RUA TULIPA NEGRA, ;RUA CEREJEIRAS, ; ;;;Colisão;Anoitecer;;;Cruz;Pare;Cruzamento;0;1;0;2;0;0;0;0;0;0;0;0;0;(-38.597655 -3.819417);
363841;2020-11-03 17:28:00;AVENIDA OLIVEIRA PAIVA, ;, ; ;;;Colisão;Anoitecer;;;Meio de Quadra;;Longo da via;0;1;0;0;0;0;0;0;0;0;1;0;0;(0 0);
363840;2020-11-03 17:24:00;RUA FREI HUMBERTO, ;, ; ;;;Queda;Anoitecer;;;Meio de Quadra;;Longo da via;0;1;0;1;0;0;0;0;0;0;0;0;0;(0 0);
363839;2020-11-03 16:21:00;AVENIDA F CJ CEARA, 773;, ; 773;;;Queda;Luz do Dia;;;Meio de Quadra;;Longo da via;0;1;0;0;0;0;0;0;0;1;0;0;0;(-38.6039738 -3.76613914);
363833;2020-11-03 16:12:00;AVENIDA CONTORNO SUL, 160;, ; 160;;;Colisão;Luz do Dia;;;Meio de Quadra;;Longo da via;0;1;0;1;1;0;0;0;0;0;0;0;0;(-38.4896855 -3.8576355);
363832;2020-11-03 16:06:00;AVENIDA SEN CARLOS JEREISSATI (AEROPORTO), ;, ; ;;;Queda;Luz do Dia;;;Meio de Quadra;;Longo da via;0;1;0;1;0;0;0;0;0;0;0;0;0;(0 0);
363831;2020-11-03 15:38:00;RUA ABEL RIBEIRO, ;, ; ;;;Colisão;Luz do Dia;;;Meio de Quadra;;Longo da via;0;1;0;1;1;0;0;0;0;0;0;0;0;(0 0);
362654;2020-11-03 14:35:00;AVENIDA JOAO PESSOA, 6943;, ; 6943;;;Colisão;Luz do Dia;Bom;Seca;;;Longo da via;0;3;1;1;2;0;0;0;0;0;0;0;0;(-38.561379 -3.771044);
363830;2020-11-03 12:46:00;RUA PRO GOMES BRASIL, 201;, ; 201;;;Colisão;Luz do Dia;;;Meio de Quadra;;Longo da via;0;1;0;2;0;0;0;0;0;0;0;0;0;(-38.567602 -3.774097);
363829;2020-11-03 12:29:00;AVENIDA BEZERRA DE MENEZES, 1643;, ; 1643;;;Colisão;Luz do Dia;;;Meio de Quadra;;Longo da via;0;1;0;1;1;0;0;0;0;0;0;0;0;(-38.559485128 -3.734623639);
363828;2020-11-03 12:13:00;RD BR 116, ;, ; ;;;Atropelamento;Luz do Dia;;;Meio de Quadra;;Longo da via;0;1;0;0;1;0;0;0;0;0;0;0;0;(0 0);
363827;2020-11-03 11:46:00;AVENIDA SANTOS DUMONT, 847;, ; 847;;;Colisão;Luz do Dia;;;Meio de Quadra;;Longo da via;0;1;0;0;1;0;0;1;0;0;0;0;0;(-38.515848 -3.730535);
363826;2020-11-03 11:18:00;AVENIDA MOZART PINHEIRO DE LUCENA, 1361;, ; 1361;;;Atropelamento;Luz do Dia;;;Meio de Quadra;;Longo da via;0;1;0;1;0;0;0;0;0;0;0;0;0;(-38.594707 -3.714838);
362653;2020-11-03 11:09:00;RUA SEN ALMIR PINTO, ;RUA COSTA BARROS, ; ;;;Colisão Lateral;Luz do Dia;Bom;Seca;Outros;Pare;Cruzamento;0;1;1;1;1;0;0;0;0;0;0;0;0;(-38.52468 -3.72631);
363822;2020-11-03 10:26:00;RUA JOAO BRIGIDO, ;RUA NOGUEIRA ACIOLI, ; ;;;Colisão;Luz do Dia;;;Cruz;Semáforo;Cruzamento;0;1;0;1;1;0;0;0;0;0;0;0;0;(-38.520044 -3.739259);
363821;2020-11-03 10:00:00;AVENIDA OLIVEIRA PAIVA, 1111;, ; 1111;;;Queda;Luz do Dia;;;Meio de Quadra;;Longo da via;0;1;0;1;0;0;0;0;0;0;0;0;0;(-38.49678 -3.79577);
362652;2020-11-03 09:46:00;AVENIDA ALM BARROSO, 672;, ; 672;;;Colisão Traseira;Luz do Dia;Nublado;Seca;Meio de Quadra;Semáforo;Longo da via;0;1;1;1;1;0;0;0;0;0;0;0;0;(-38.517341 -3.720485);
363820;2020-11-03 09:03:00;AVENIDA SEN CARLOS JEREISSATI (AEROPORTO), ;, ; ;;;Colisão;Luz do Dia;;;Meio de Quadra;;Longo da via;0;1;0;1;1;0;0;0;0;0;0;0;0;(0 0);
363819;2020-11-03 09:00:00;RUA PDE PEDRO DE ALENCAR, 1850;, ; 1850;;;Colisão;Luz do Dia;;;Meio de Quadra;;Longo da via;0;1;0;1;1;0;0;0;0;0;0;0;0;(-38.494387 -3.843887);
363818;2020-11-03 08:59:00;AVENIDA DIOGUINHO, 2493;, ; 2493;;;Colisão;Luz do Dia;;;Meio de Quadra;;Longo da via;0;1;0;1;1;0;0;0;0;0;0;0;0;(-38.45304 -3.74217);
363815;2020-11-03 08:55:00;AVENIDA GODOFREDO MACIEL, ;, ; ;;;Colisão;Luz do Dia;;;Meio de Quadra;;Longo da via;0;2;0;2;0;0;0;0;0;0;0;0;0;(0 0);
363813;2020-11-03 08:14:00;RUA DR THOMPSON BULCAO, 500;, ; 500;;;Colisão;Luz do Dia;;;Meio de Quadra;;Longo da via;0;1;0;1;1;0;0;0;0;0;0;0;0;(-38.49205 -3.77001);
362650;2020-11-03 07:40:00;AVENIDA PRS CASTELO BRANCO, ;AVENIDA FILOMENO GOMES, ; ;;;Colisão Lateral;Luz do Dia;Bom;Seca;T;Semáforo;Cruzamento;0;1;1;1;0;0;0;1;0;0;0;0;0;(-38.541982 -3.715542);
362651;2020-11-03 07:35:00;RUA DEMETRIO MENEZES, 3670;, ; 3670;;;Não informado;Luz do Dia;Nublado;Seca;Meio de Quadra;Semáforo;Longo da via;0;0;2;0;1;0;0;0;0;0;0;0;0;(-38.584138 -3.73544);
362649;2020-11-03 06:50:00;RUA ADOLFO HERBSTER, ;RUA JOAO GENTIL, ; ;;;Colisão Transversal;Luz do Dia;Bom;Seca;Cruz;Pare;Cruzamento;0;1;1;0;1;0;0;0;0;1;0;0;0;(-38.539577 -3.745475);
363811;2020-11-03 05:45:00;RUA BAR AQUIRAZ, 2530;, ; 2530;;;Colisão;Amanhecer;;;Meio de Quadra;;Longo da via;0;1;0;1;1;0;0;0;0;0;0;0;0;(0 0);
363810;2020-11-03 05:38:00;AVENIDA PRS CASTELO BRANCO, 240;, ; 240;;;Colisão;Amanhecer;;;Meio de Quadra;;Longo da via;0;1;0;0;0;0;0;0;0;0;1;0;0;(-38.5271 -3.7213);
363809;2020-11-03 04:05:00;AVENIDA PRS CASTELO BRANCO, 168;, ; 168;;;Queda;;;;;;Longo da via;0;1;0;1;0;0;0;0;0;0;0;0;0;(-38.521563 -3.72312);
363940;2020-11-03 01:00:00;TRAVESSA CICERO HERMINIO, 14;, ; 14;;;Atropelamento;;;;Meio de Quadra;;Longo da via;1;1;0;0;1;0;0;0;0;0;0;0;0;(-38.5628994 -3.7059414);
363808;2020-11-02 23:53:00;RUA ALAGOAS, ;RUA RIO GRANDE DO SUL, ; ;;;Colisão;;;;Cruz;Não Há Controle;Cruzamento;0;1;0;1;1;0;0;0;0;0;0;0;0;(-38.568934 -3.760762);
363807;2020-11-02 20:31:00;RUA MARIA JULIA, 1009;, ; 1009;;;Colisão;;;;Meio de Quadra;;Longo da via;0;1;0;1;1;0;0;0;0;0;0;0;0;(-38.5993 -3.79064);
363805;2020-11-02 20:10:00;RUA CARLOS CHAGAS, 1216;, ; 1216;;;Colisão;;;;Meio de Quadra;;Longo da via;0;1;0;0;0;0;0;0;0;0;1;0;0;(-38.59092 -3.77854);
363804;2020-11-02 19:58:00;AVENIDA CEL CARVALHO, 3068;, ; 3068;;;Colisão;;;;Meio de Quadra;;Longo da via;0;1;0;1;1;0;0;0;0;0;0;0;0;(-38.58478 -3.729932);
362648;2020-11-02 19:50:00;RUA CRISANTO M DA ROCHA, ;RUA JOSE ANASTACIO DIAS, ; ;;;Colisão Transversal;Via Iluminada;Bom;Seca;Cruz;Não Há Controle;Cruzamento;0;2;0;0;2;0;0;0;0;0;0;0;0;(-38.480432 -3.797667);
363802;2020-11-02 18:50:00;RUA PARA, 390;, ; 390;;;Colisão;;;;Meio de Quadra;;Longo da via;0;1;0;2;0;0;0;0;0;0;0;0;0;(-38.5627794 -3.75587815);
363801;2020-11-02 18:20:00;AVENIDA CARNEIRO DE MENDONCA, 1301;, ; 1301;;;Colisão;Anoitecer;;;Meio de Quadra;;Longo da via;0;1;0;2;0;0;0;0;0;0;0;0;0;(-38.570721 -3.761986);
363799;2020-11-02 17:55:00;RUA PRO JOSE HENRIQUE, ;, ; ;;;Queda;Anoitecer;;;Meio de Quadra;;Longo da via;0;1;0;1;0;0;0;0;0;0;0;0;0;(0 0);
363795;2020-11-02 17:47:00;RUA JORGE DUMAR, 1630;, ; 1630;;;Atropelamento;Anoitecer;;;Meio de Quadra;;Longo da via;0;1;0;0;1;0;0;0;0;0;0;0;0;(-38.53878 -3.75027);
363794;2020-11-02 16:45:00;RUA JOSE PEDRA, 488;, ; 488;;;Queda;Luz do Dia;;;Meio de Quadra;;Longo da via;0;1;0;1;0;0;0;0;0;0;0;0;0;(-38.5486733 -3.79219408);
363793;2020-11-02 16:35:00;RUA PESC CHICO BINDA, ;, ; ;;;Queda;Luz do Dia;;;Meio de Quadra;;Longo da via;0;1;0;1;0;0;0;0;0;0;0;0;0;(0 0);
363792;2020-11-02 11:25:00;RUA JOSE ACIOLY, 486;, ; 486;;;Colisão;Luz do Dia;;;Meio de Quadra;;Longo da via;0;1;0;0;1;0;0;0;0;1;0;0;0;(-38.5884547 -3.73319105);
363791;2020-11-02 10:46:00;RUA PERNAMBUCO, ;, ; ;;;Queda;Luz do Dia;;;Meio de Quadra;;Longo da via;0;1;0;1;0;0;0;0;0;0;0;0;0;(0 0);
362647;2020-11-02 08:20:00;RUA VINTE E UM DE ABRIL, ;RUA VIRIATO RIBEIRO, ; ;;;Não informado;Luz do Dia;Bom;Seca;Meio de Quadra;Pare;Cruzamento;0;0;1;0;1;0;0;0;0;0;0;0;0;(-38.56479 -3.74571);
363790;2020-11-02 07:25:00;AVENIDA GOV RAUL BARBOSA, 7151;, ; 7151;;;Queda;Luz do Dia;;;Meio de Quadra;;Longo da via;0;1;0;1;0;0;0;0;0;0;0;0;0;(-38.51298 -3.775161);
363789;2020-11-02 05:35:00;RUA PORTO VELHO, ;, ; ;;;Colisão;Amanhecer;;;Meio de Quadra;;Longo da via;0;1;0;1;1;0;0;0;0;0;0;0;0;(0 0);
363788;2020-11-02 00:53:00;AVENIDA SEN VIRGILIO TAVORA, 866;, ; 866;;;Atropelamento;;;;Meio de Quadra;;Longo da via;0;1;0;0;1;0;0;0;0;0;0;0;0;(-38.4924186 -3.73454916);
363785;2020-11-02 00:45:00;RUA CAP OLAVO, 288;, ; 288;;;Colisão;;;;Meio de Quadra;;Longo da via;0;1;0;1;1;0;0;0;0;0;0;0;0;(-38.5160246 -3.76474722);
363783;2020-11-02 00:19:00;RUA 4 DE OUTUBRO, 1200;, ; 1200;;;Atropelamento;;;;Meio de Quadra;;Longo da via;0;2;0;1;0;0;0;0;0;0;0;0;0;(0 0);
363782;2020-11-02 00:11:00;RUA CON DE CASTRO, 956;, ; 956;;;Colisão;;;;Meio de Quadra;;Longo da via;0;2;0;1;1;0;0;0;0;0;0;0;0;(-38.570245 -3.781544);
363781;2020-11-01 23:34:00;RUA CEL VIRGILIO NOGUEIRA (BOM JARDIM), 261;, ; 261;;;Atropelamento;;;;Meio de Quadra;;Longo da via;0;1;0;1;0;0;0;0;0;0;0;0;0;(0 0);
363780;2020-11-01 23:22:00;RUA TIRADENTES, 822;, ; 822;;;Colisão;;;;Meio de Quadra;;Longo da via;0;1;0;1;1;0;0;0;0;0;0;0;0;(-38.551213 -3.74013236);
363779;2020-11-01 23:07:00;RUA STA LIDUINA D42, 58;, ; 58;;;Atropelamento;;;;Meio de Quadra;;Longo da via;0;1;0;0;1;0;0;0;0;0;0;0;0;(-38.585043 -3.798449);
362657;2020-11-01 22:20:00;AVENIDA DR ALDY MENTOR, ;, ; ;;;Choque c/ Obstáculo Fixo;Via Iluminada;Bom;Seca;Meio de Quadra;Gesto;Longo da via;0;0;1;0;1;0;0;0;0;0;0;0;0;(-38.46234 -3.7533753);
363778;2020-11-01 21:22:00;RUA NEREU RAMOS, ;, ; ;;;Atropelamento;;;;Meio de Quadra;;Longo da via;0;1;0;1;0;0;0;0;0;0;0;0;0;(0 0);
363777;2020-11-01 21:10:00;AVENIDA DR SILAS MUNGUBA, 2975;, ; 2975;;;Atropelamento;;;;Meio de Quadra;;Longo da via;0;1;0;1;0;0;0;0;0;0;0;0;0;(-38.5469358 -3.7880652);
363776;2020-11-01 20:41:00;RUA FRANCISCO JOSE A PEREIRA, ;, ; ;;;Atropelamento;;;;Meio de Quadra;;Longo da via;0;1;0;0;0;0;0;0;0;0;1;0;0;(0 0);
363775;2020-11-01 20:38:00;AVENIDA H CJ CEARA, 2299;, ; 2299;;;Colisão;;;;Meio de Quadra;;Longo da via;0;1;0;1;1;0;0;0;0;0;0;0;0;(-38.618507 -3.776729);
363774;2020-11-01 20:21:00;AVENIDA DR SILAS MUNGUBA, 4210;, ; 4210;;;Queda;;;;Meio de Quadra;;Longo da via;0;1;0;0;0;0;0;0;0;1;0;0;0;(-38.5379 -3.791206);
363773;2020-11-01 19:55:00;RUA PRO ANACLETO, 95;, ; 95;;;Colisão;;;;Meio de Quadra;;Longo da via;0;1;0;0;2;0;0;0;0;0;0;0;0;(-38.55299 -3.734546);
363772;2020-11-01 19:34:00;RUA TEODOMIRO DE CASTRO, 6155;, ; 6155;;;Colisão;;;;Meio de Quadra;;Longo da via;0;1;0;1;1;0;0;0;0;0;0;0;0;(-38.57542 -3.71736);
363771;2020-11-01 18:40:00;RUA GAL GOIS MONTEIRO, 454;, ; 454;;;Colisão;;;;Meio de Quadra;;Longo da via;0;2;0;1;1;0;0;0;0;0;0;0;0;(0 0);
363770;2020-11-01 18:29:00;AVENIDA PRS CASTELO BRANCO, 5540;, ; 5540;;;Atropelamento;Anoitecer;;;Meio de Quadra;;Longo da via;0;1;0;0;1;0;0;0;0;0;0;0;0;(-38.580567 -3.703408);
363769;2020-11-01 18:23:00;RUA ESTEVAO DE CAMPOS, 1040;, ; 1040;;;Colisão;Anoitecer;;;Meio de Quadra;;Longo da via;0;2;0;2;0;0;0;0;0;0;0;0;0;(-38.58395 -3.70324);
363768;2020-11-01 18:13:00;RUA JOSE DANTAS PEREIRA, ;, ; ;;;Queda;Anoitecer;;;Meio de Quadra;;Longo da via;0;1;0;0;0;0;0;0;0;1;0;0;0;(0 0);
363767;2020-11-01 18:02:00;RUA MANUEL TEOFILO, 728;, ; 728;;;Colisão;Anoitecer;;;Meio de Quadra;;Longo da via;0;1;0;1;1;0;0;0;0;0;0;0;0;(-38.56239 -3.78498);
363766;2020-11-01 17:40:00;RUA GAL TOME CORDEIRO, 630;, ; 630;;;Queda;Anoitecer;;;Meio de Quadra;;Longo da via;0;1;0;0;0;0;0;0;0;1;0;0;0;(-38.58263 -3.71658);
363765;2020-11-01 17:19:00;AVENIDA 1 CANINDEZINHO, 649;, ; 649;;;Queda;Anoitecer;;;Meio de Quadra;;Longo da via;0;1;0;1;0;0;0;0;0;0;0;0;0;(-38.59813 -3.80846);
364453;2020-11-01 16:40:00;ROD CE 010, ;, ; ;;;Colisão;Luz do Dia;;;Meio de Quadra;;Longo da via;0;2;0;1;1;0;0;0;0;0;0;0;0;(0 0);
363764;2020-11-01 16:37:00;RUA PRO JOSE BONIFACIO, 251;, ; 251;;;Colisão;Luz do Dia;;;Meio de Quadra;;Longo da via;0;2;0;2;0;0;0;0;0;0;0;0;0;(-38.5618781 -3.70789719);
363763;2020-11-01 15:55:00;RUA FERNANDO WEYNE, 277;, ; 277;;;Queda;Luz do Dia;;;Meio de Quadra;;Longo da via;0;1;0;0;0;0;0;0;0;1;0;0;0;(-38.55333 -3.72019);
363761;2020-11-01 15:34:00;RUA FREDERICO SEVERO, 120;, ; 120;;;Colisão;Luz do Dia;;;Meio de Quadra;;Longo da via;0;1;0;0;0;0;0;0;0;0;1;0;0;(-38.4960363 -3.8195083);
363760;2020-11-01 14:15:00;RUA ISMAEL PORDEUS, 1455;, ; 1455;;;Queda;Luz do Dia;;;Meio de Quadra;;Longo da via;0;1;0;0;0;0;0;0;0;1;0;0;0;(-38.47431 -3.72544);
363759;2020-11-01 13:18:00;AVENIDA PRS CASTELO BRANCO, 112;, ; 112;;;Choque c/ Obstáculo Fixo;Luz do Dia;;;Meio de Quadra;;Longo da via;0;2;0;0;1;0;0;0;0;0;0;0;0;(-38.5251 -3.721947);
363758;2020-11-01 12:49:00;RUA SGT JOAO PINHEIRO, ;, ; ;;;Queda;Luz do Dia;;;Meio de Quadra;;Longo da via;0;1;0;1;0;0;0;0;0;0;0;0;0;(0 0);
363753;2020-11-01 10:57:00;AVENIDA LUCIANO CARNEIRO, 2750;, ; 2750;;;Colisão;Luz do Dia;;;Meio de Quadra;;Longo da via;0;1;0;1;1;0;0;0;0;0;0;0;0;(0 0);
363757;2020-11-01 10:57:00;RUA CESARIO LANGE, 689;, ; 689;;;Atropelamento;Luz do Dia;;;Meio de Quadra;;Longo da via;0;1;0;1;0;0;0;0;0;0;0;0;0;(-38.4901984 -3.82861467);
363752;2020-11-01 10:29:00;RUA BENU MARCONDES, 41;, ; 41;;;Colisão;Luz do Dia;;;Meio de Quadra;;Longo da via;0;1;0;1;1;0;0;0;0;0;0;0;0;(0 0);
363751;2020-11-01 09:55:00;AVENIDA PRS CASTELO BRANCO, 4336;, ; 4336;;;Atropelamento;Luz do Dia;;;Meio de Quadra;;Longo da via;0;1;0;0;0;0;0;0;0;0;1;0;0;(-38.57039 -3.70752);
362644;2020-11-01 09:54:00;AVENIDA BERNARDO MANUEL, 9996;, ; 9996;;;Queda;Luz do Dia;Bom;Seca;Meio de Quadra;Semáforo;Longo da via;0;2;0;0;1;0;0;0;0;0;0;0;0;(-38.56058 -3.82964);
363750;2020-11-01 09:01:00;RUA BERNARDO MANUEL, 9996;, ; 9996;;;Colisão;Luz do Dia;;;Meio de Quadra;;Longo da via;0;1;0;0;0;0;0;0;0;0;1;0;0;(-38.553501 -3.80566);
363749;2020-11-01 07:21:00;AVENIDA MR HULL, 7305;, ; 7305;;;Atropelamento;Luz do Dia;;;Meio de Quadra;;Longo da via;0;2;0;0;0;0;0;1;0;0;0;0;0;(0 0);
363748;2020-11-01 06:55:00;RUA BAR RIO BRANCO, ;RUA SEN ALENCAR, ; ;;;Colisão;Luz do Dia;;;T;Pare;Cruzamento;0;1;0;2;0;0;0;0;0;0;0;0;0;(-38.527752 -3.724879);
363747;2020-11-01 06:45:00;RUA AURELIANO LEAL, 17;, ; 17;;;Queda;Luz do Dia;;;Meio de Quadra;;Longo da via;0;1;0;0;0;0;0;0;0;1;0;0;0;(-38.58272 -3.82217);
363746;2020-11-01 05:53:00;RUA BIAS MENDES, 2097;, ; 2097;;;Queda;Amanhecer;;;Meio de Quadra;;Longo da via;0;1;0;1;0;0;0;0;0;0;0;0;0;(0 0);
363745;2020-11-01 05:46:00;RUA JOSE DANTAS PEREIRA, ;, ; ;;;Queda;Amanhecer;;;Meio de Quadra;;Longo da via;0;1;0;1;0;0;0;0;0;0;0;0;0;(0 0);
363744;2020-11-01 05:19:00;RUA CON DE CASTRO, 9458;, ; 9458;;;Queda;Amanhecer;;;Meio de Quadra;;Longo da via;0;1;0;1;0;0;0;0;0;0;0;0;0;(-38.6059343 -3.82502931);
363742;2020-11-01 04:53:00;AVENIDA FRANCISCO SA, 3633;, ; 3633;;;Colisão;;;;Meio de Quadra;;Longo da via;0;1;0;0;0;0;0;0;0;0;1;0;0;(-38.5579413 -3.71720489);
362645;2020-11-01 04:41:00;AVENIDA DOM MANUEL, 268;, ; 268;;;Choque c/ Obstáculo Fixo;Via Iluminada;Bom;Seca;Meio de Quadra;Não Há Controle;Longo da via;0;1;0;0;1;0;0;0;0;0;0;0;0;(-38.5205135 -3.72649766);
363739;2020-11-01 03:46:00;AVENIDA CONTORNO OESTE D71, ;AVENIDA CONTORNO SUL D71, ; ;;;Queda;;;;;;Cruzamento;0;1;0;1;0;0;0;0;0;0;0;0;0;(-38.59757 -3.84022);
364298;2020-10-31 22:41:00;RUA PDE FRANCISCO PINTO, 990;, ; 990;;;Colisão;;;;Meio de Quadra;;Longo da via;0;1;1;2;0;0;0;0;0;0;0;0;0;(0 0);
364297;2020-10-31 22:23:00;AVENIDA C CJ CEARA, 1829;, ; 1829;;;Queda;;;;Meio de Quadra;;Longo da via;0;1;0;1;0;0;0;0;0;0;0;0;0;(-38.615826 -3.774384);
363386;2020-10-31 20:50:00;AVENIDA GAL OSORIO DE PAIVA, 5852;, ; 5852;;;Colisão Traseira;Via Iluminada;Bom;Seca;Meio de Quadra;Semáforo;Longo da via;1;1;0;1;1;0;0;0;0;0;0;0;0;(-38.60486 -3.807594);
364296;2020-10-31 20:19:00;RUA CONTORNO DA UNIFOR, ;, ; ;;;Atropelamento;;;;Meio de Quadra;;Longo da via;0;2;0;0;0;0;0;0;0;0;0;0;0;(0 0);
364294;2020-10-31 19:06:00;RUA DR QUIXADA FELICIO, 605;, ; 605;;;Atropelamento;;;;Meio de Quadra;;Longo da via;0;1;1;0;1;0;0;0;0;0;0;0;0;(-38.59843 -3.7094);
364295;2020-10-31 18:01:00;RUA TEODORO DE CASTRO, 900;, ; 900;;;Queda;Anoitecer;;;Meio de Quadra;;Longo da via;0;1;0;0;0;0;0;0;0;1;0;0;0;(-38.598943 -3.781468);
364293;2020-10-31 18:01:00;RUA TEODOMIRO DE CASTRO, 6478;, ; 6478;;;Atropelamento;Anoitecer;;;Meio de Quadra;;Longo da via;0;1;1;1;0;0;0;0;0;0;0;0;0;(-38.5783294 -3.71628614);
364292;2020-10-31 17:19:00;RUA PROF. MANOEL LOURENCO, ;, ; ;;;Colisão;Anoitecer;;;Meio de Quadra;;Longo da via;0;1;1;1;1;0;0;0;0;0;0;0;0;(0 0);
364291;2020-10-31 17:06:00;RUA AZEVEDO BOLAO, ;RUA PRO RAIMUNDO ARRUDA, ; ;;;Colisão;Anoitecer;;;Cruz;Gesto;Cruzamento;0;1;1;1;1;0;0;0;0;0;0;0;0;(-38.551701 -3.735414);