COD_ACIDENTE;DATA;LOG1;LOG2;NUMERO;BAIRRO;AMC;NATUREZA;ILUMINACAO;TEMPO;SUPERFICIEPISTA;TIPOCRUZAMENTO;CONTROLETRAFEGO;USOSOLO;MORTOS;FERIDOS;ILESOS;MOTOCICLETA;AUTOMOVEL;MICROONIBUS;CAMINHAO;ONIBUS;CICLOMOTOR;BICICLETA;OUTROS;TREM;TRACAOANIMAL;COORDENADAS
363380;2020-10-31 16:47:00;AVENIDA CASTELO DE CASTRO, 574;, ; 574;;;Colisão Lateral;Luz do Dia;Bom;Seca;Meio de Quadra;Semáforo;Longo da via;0;2;1;1;1;0;0;0;0;0;0;0;0;(-38.5216028 -3.83428222);
364290;2020-10-31 16:15:00;AVENIDA DR SILAS MUNGUBA, ;AVENIDA DEP PAULINO ROCHA, ; ;;;Queda;Luz do Dia;;;;;Cruzamento;0;1;0;1;0;0;0;0;0;0;0;0;0;(-38.524782 -3.807229);
364289;2020-10-31 15:52:00;AVENIDA GODOFREDO MACIEL, 3399;, ; 3399;;;Colisão;Luz do Dia;;;Meio de Quadra;;Longo da via;0;1;1;1;1;0;0;0;0;0;0;0;0;(-38.572536 -3.804857);
364288;2020-10-31 15:34:00;RUA NOSSA SRA DAS GRACAS, 1124;, ; 1124;;;Atropelamento;Luz do Dia;;;Meio de Quadra;;Longo da via;0;1;1;1;0;0;0;0;0;0;0;0;0;(-38.559674 -3.70829597);
364285;2020-10-31 15:06:00;AVENIDA SGT HERMINIO SAMPAIO, ;RUA PDE ANCHIETA, ; ;;;Colisão;Luz do Dia;;;Cruz;Semáforo;Cruzamento;0;1;1;1;1;0;0;0;0;0;0;0;0;(-38.551079 -3.724693);
364287;2020-10-31 15:06:00;RUA REINO UNIDO, 180;, ; 180;;;Queda;Luz do Dia;;;Meio de Quadra;;Longo da via;0;1;0;1;0;0;0;0;0;0;0;0;0;(-38.504262 -3.784656);
364282;2020-10-31 15:02:00;AVENIDA PRS COSTA E SILVA, ;, ; ;;;Colisão;Luz do Dia;;;Meio de Quadra;;Longo da via;0;1;1;2;0;0;0;0;0;0;0;0;0;(0 0);
364843;2020-10-31 15:00:00;RUA EDUARDO PERDIGAO, ;, ; ;;;Outros;Luz do Dia;;;Meio de Quadra;;Longo da via;0;2;0;0;1;0;0;1;0;0;0;0;0;(0 0);
364281;2020-10-31 14:58:00;RUA BARTOLOMEU DE GUSMAO, 840;, ; 840;;;Atropelamento;Luz do Dia;;;Meio de Quadra;;Longo da via;0;1;1;1;0;0;0;0;0;0;0;0;0;(-38.5250615 -3.7575045);
364280;2020-10-31 14:49:00;RUA RECANTO VERDE, ;, ; ;;;Queda;Luz do Dia;;;Meio de Quadra;;Longo da via;0;1;0;1;0;0;0;0;0;0;0;0;0;(0 0);
363381;2020-10-31 14:15:00;RUA FLORIANO PEIXOTO, ;RUA LIBERATO BARROSO, ; ;;;Colisão Transversal;Luz do Dia;Bom;Seca;Cruz;Outros;Cruzamento;0;0;3;1;2;0;0;0;0;0;0;0;0;(-38.52756 -3.72865);
363076;2020-10-31 13:53:00;RUA PRO MIRAMAR DA PONTE, ;RUA FLORIANOPOLIS, ; ;;;Colisão Transversal;Luz do Dia;Bom;Seca;Cruz;Pare;Cruzamento;0;2;0;1;1;0;0;0;0;0;0;0;0;(-38.58569 -3.76161);
364278;2020-10-31 13:39:00;AVENIDA FRANCISCO SA, 3447;, ; 3447;;;Atropelamento;Luz do Dia;;;Meio de Quadra;;Longo da via;0;1;1;1;0;0;0;0;0;0;0;0;0;(-38.555822 -3.717919);
364276;2020-10-31 13:26:00;AVENIDA TRISTAO GONCALVES, 613;, ; 613;;;Atropelamento;Luz do Dia;;;Meio de Quadra;;Longo da via;0;1;1;0;1;0;0;0;0;0;0;0;0;(-38.5331781 -3.72703417);
363397;2020-10-31 13:00:00;AVENIDA ENG LUIS VIEIRA, ;, ; ;;;Colisão Lateral;Luz do Dia;Bom;Seca;Meio de Quadra;Pare;Longo da via;0;2;0;1;1;0;0;0;0;0;0;0;0;(0 0);
364274;2020-10-31 12:55:00;RUA LUIS VIEIRA, 284;, ; 284;;;Colisão;Luz do Dia;;;Meio de Quadra;;Longo da via;0;1;1;1;1;0;0;0;0;0;0;0;0;(-38.58669 -3.795791);
364273;2020-10-31 12:44:00;RUA VALPARAISO, ;RUA CATOLE, ; ;;;Queda;Luz do Dia;;;Cruz;Semáforo;Cruzamento;0;1;0;1;0;0;0;0;0;0;0;0;0;(-38.520171 -3.846407);
364272;2020-10-31 12:39:00;AVENIDA HIS RAIMUNDO GIRAO, 91;, ; 91;;;Colisão;Luz do Dia;;;Meio de Quadra;;Longo da via;0;1;1;1;1;0;0;0;0;0;0;0;0;(-38.5151 -3.7203);
362643;2020-10-31 10:26:00;RUA MONTE PASCOAL, ;RUA ALVES DE SOUZA, ; ;;;Atropelamento;Luz do Dia;Bom;Seca;;Não Há Controle;Cruzamento;0;2;0;1;0;0;0;0;0;0;0;0;0;(-38.59763 -3.80579);
362298;2020-10-31 09:40:00;RD BR 222, ;, ; ;;;Queda;Luz do Dia;;Seca;Meio de Quadra;;Longo da via;0;4;1;2;1;0;0;0;0;0;0;0;0;(-38.5969961 -3.7403624);
362296;2020-10-31 09:00:00;AVENIDA MR HULL, ;, ; ;;;Colisão Lateral;Luz do Dia;;Molhada;Meio de Quadra;;Longo da via;0;3;0;1;1;0;0;0;0;0;0;0;0;(0 0);
364271;2020-10-31 08:56:00;AVENIDA JOVITA FEITOSA, ;RUA JOSE SOMBRA, ; ;;;Colisão;Luz do Dia;;;T;Semáforo;Cruzamento;0;1;1;1;1;0;0;0;0;0;0;0;0;(-38.546301 -3.737763);
362642;2020-10-31 07:47:00;AVENIDA 13 DE MAIO, ;RUA BAR RIO BRANCO, ; ;;;Não informado;Amanhecer;Nublado;Molhada;Cruz;Semáforo;Cruzamento;0;1;0;1;0;0;0;1;0;0;0;0;0;(-38.534255 -3.745129);
364270;2020-10-31 07:47:00;RUA ITU, ;RUA DR FERNANDO AUGUSTO, ; ;;;Colisão;Luz do Dia;;;;;Cruzamento;0;1;1;1;1;0;0;0;0;0;0;0;0;(-38.603319 -3.793022);
364269;2020-10-31 07:34:00;AVENIDA DEP PAULINO ROCHA, 33;, ; 33;;;Atropelamento;Luz do Dia;;;Meio de Quadra;;Longo da via;0;1;1;1;0;0;0;0;0;0;0;0;0;(-38.507311 -3.801032);
363923;2020-10-31 06:21:00;AVENIDA 13 DE MAIO, ;RUA WALDERY UCHOA, ; ;;;Atropelamento;Luz do Dia;;;Cruz;Dê Preferência;Cruzamento;1;1;0;0;1;0;0;0;0;0;0;0;0;(-38.537427 -3.742399);
364207;2020-10-31 06:16:00;AVENIDA SANTOS DUMONT, ;RUA FRANCISCO MATOS, ; ;;;Colisão;Luz do Dia;;;Cruz;Semáforo;Cruzamento;0;2;0;0;0;0;0;0;0;0;0;0;0;(-38.469675 -3.745497);
364206;2020-10-31 05:33:00;AVENIDA 13 DE MAIO, ;, ; ;;;Colisão;Amanhecer;;;Meio de Quadra;;Longo da via;0;1;1;1;1;0;0;0;0;0;0;0;0;(0 0);
363402;2020-10-31 02:15:00;RUA DR JOSE LOURENCO, 2270;, ; 2270;;;Colisão Traseira;Via Iluminada;Nublado;Seca;Meio de Quadra;Não Há Controle;Longo da via;0;0;3;0;3;0;0;0;0;0;0;0;0;(-38.5106675 -3.74362517);
364195;2020-10-31 01:43:00;AVENIDA MR HULL, 5286;, ; 5286;;;Colisão;;;;Meio de Quadra;;Longo da via;0;2;1;1;1;0;0;0;0;0;0;0;0;(-38.591639 -3.739677);
364845;2020-10-31 00:30:00;AVENIDA PAROARAS, 1084;, ; 1084;;;Colisão;;;;Meio de Quadra;;Longo da via;0;2;0;1;0;0;0;0;0;1;0;0;0;(-38.5439027 -3.80866257);
364189;2020-10-30 23:18:00;LOGRADOURO SEM NOME, ;, ; ;;;Colisão;;;;Meio de Quadra;;Longo da via;0;2;0;0;0;0;0;0;0;0;0;0;0;(0 0);
364187;2020-10-30 22:59:00;AVENIDA PAROARAS, 1084;, ; 1084;;;Colisão;;;;Meio de Quadra;;Longo da via;0;3;0;0;0;0;0;0;0;0;0;0;0;(-38.5439027 -3.80866257);
364185;2020-10-30 22:04:00;RD BR 116, ;, ; ;;;Colisão;;;;Meio de Quadra;;Longo da via;0;2;0;0;0;0;0;0;0;0;0;0;0;(0 0);
364184;2020-10-30 21:42:00;RUA BAR SOBRAL, ;RUA EUZEBIO DE QUEIROS, ; ;;;Colisão;;;;Cruz;Pare;Cruzamento;0;1;1;1;1;0;0;0;0;0;0;0;0;(-38.554121 -3.767051);
362641;2020-10-30 20:15:00;RUA SENA MADUREIRA, 723;, ; 723;;;Colisão Traseira;Via Iluminada;Bom;Seca;Meio de Quadra;Não Há Controle;Longo da via;0;1;2;0;1;0;0;0;0;0;0;0;0;(-38.525913286 -3.726661643);
364181;2020-10-30 19:28:00;AVENIDA BENJAMIM BRASIL, 1685;, ; 1685;;;Colisão;;;;Meio de Quadra;;Longo da via;0;1;1;1;1;0;0;0;0;0;0;0;0;(-38.56081148 -3.807078933);
364180;2020-10-30 18:37:00;RUA CANDIDO MAIA, ;, ; ;;;Colisão;;;;Meio de Quadra;;Longo da via;0;1;1;1;1;0;0;0;0;0;0;0;0;(0 0);
362640;2020-10-30 18:20:00;AVENIDA AUGUSTO DOS ANJOS, 180;, ; 180;;;Colisão Lateral;Via Iluminada;Bom;Seca;Meio de Quadra;Semáforo;Longo da via;0;0;2;0;1;0;0;0;0;0;0;0;0;(-38.570652 -3.770583);
364179;2020-10-30 18:20:00;AVENIDA CEL CARVALHO, 1627;, ; 1627;;;Colisão;Anoitecer;;;Meio de Quadra;;Longo da via;0;1;1;1;1;0;0;0;0;0;0;0;0;(-38.5883345 -3.7158778);
364178;2020-10-30 18:03:00;RUA PEDRO MACHADO, ;RUA JULIO CESAR D12, ; ;;;Colisão;Anoitecer;;;Cruz;Não Há Controle;Cruzamento;0;1;1;1;1;0;0;0;0;0;0;0;0;(-38.548095 -3.756102);
364173;2020-10-30 17:57:00;AVENIDA WASHINGTON SOARES, 1321;, ; 1321;;;Atropelamento;Anoitecer;;;Meio de Quadra;;Longo da via;0;2;0;0;0;0;0;0;0;0;0;0;0;(-38.482433 -3.766496);
364113;2020-10-30 17:54:00;RUA LAURO NOGUEIRA, 957;, ; 957;;;Colisão;Anoitecer;;;Meio de Quadra;;Longo da via;0;1;1;0;1;0;0;0;0;1;0;0;0;(-38.47746 -3.7403);
363366;2020-10-30 17:23:00;RUA GONCALVES DIAS, 260;, ; 260;;;Colisão Frontal;Anoitecer;Bom;Seca;Meio de Quadra;Não Há Controle;Longo da via;0;1;1;1;1;0;0;0;0;0;0;0;0;(-38.5537409 -3.74172614);
362639;2020-10-30 14:34:00;RUA PDE GUERRA, 1268;, ; 1268;;;Colisão Lateral;Luz do Dia;Bom;Seca;Meio de Quadra;Pare;Longo da via;0;1;1;1;1;0;0;0;0;0;0;0;0;(-38.5561435 -3.7386185);
362638;2020-10-30 14:13:00;AVENIDA JOSE BASTOS, 3830;, ; 3830;;;Engavetamento;Luz do Dia;Bom;Seca;T;Não Há Controle;Longo da via;0;4;0;0;4;0;0;0;0;0;0;0;0;(-38.552363 -3.751911);
364112;2020-10-30 14:04:00;RUA EDUARDO PERDIGAO, 398;, ; 398;;;Colisão;Luz do Dia;;;Meio de Quadra;;Longo da via;0;1;1;2;0;0;0;0;0;0;0;0;0;(-38.561818 -3.777762);
363377;2020-10-30 13:30:00;RUA MARCOS MACEDO, ;RUA MON CATAO, ; ;;;Colisão Transversal;Luz do Dia;Bom;Seca;Cruz;Pare;Cruzamento;0;2;0;1;1;0;0;0;0;0;0;0;0;(-38.48993 -3.7368498);
364111;2020-10-30 11:34:00;RUA 916 CJ CEARA, ;RUA 910 CJ CEARA, ; ;;;Colisão;Luz do Dia;;;;;Cruzamento;0;1;1;0;1;0;0;0;0;1;0;0;0;(-38.617623 -3.775022);
364110;2020-10-30 11:17:00;AVENIDA GAL OSORIO DE PAIVA, ;, ; ;;;Atropelamento;Luz do Dia;;;Meio de Quadra;;Longo da via;0;2;0;0;0;0;0;0;0;0;0;0;0;(0 0);
362637;2020-10-30 11:05:00;AVENIDA ANTONIO SALES, ;RUA NUNES VALENTE, ; ;;;Colisão Lateral;Luz do Dia;Bom;Seca;Cruz;Pare;Cruzamento;0;0;2;0;2;0;0;0;0;0;0;0;0;(-38.506314 -3.744237);
364107;2020-10-30 09:24:00;RUA TIP SALES, ;RUA ROTARY, ; ;;;Colisão;Luz do Dia;;;Meio de Quadra;Pare;Cruzamento;0;1;1;1;1;0;0;0;0;0;0;0;0;(-38.563564 -3.743553);
363375;2020-10-30 09:00:00;AVENIDA ODILON GUIMARAES, ;RUA AFONSO HENRIQUE, ; ;;;Colisão Frontal;Luz do Dia;Bom;Seca;T;Pare;Cruzamento;0;1;2;1;1;0;0;0;0;0;0;0;0;(-38.48033 -3.82672);
364841;2020-10-30 08:30:00;RUA WALDIR DIOGO, 597;, ; 597;;;Outros;Luz do Dia;;;Meio de Quadra;;Longo da via;0;2;0;0;1;0;0;1;0;0;0;0;0;(-38.583121 -3.805813);
362635;2020-10-30 08:18:00;RUA MON SALAZAR, ;RUA PRO CARVALHO, ; ;;;Colisão Transversal;Luz do Dia;Bom;Seca;Cruz;Pare;Cruzamento;0;2;0;1;1;0;0;0;0;0;0;0;0;(-38.514308 -3.756146);
362636;2020-10-30 07:46:00;AVENIDA JOAO PESSOA, 4633;RUA PDE MACEDO, ; 4633;;;Colisão;Luz do Dia;Bom;Seca;Meio de Quadra;Pare;Cruzamento;0;1;1;1;1;0;0;0;0;0;0;0;0;(-38.54343 -3.74572);
362634;2020-10-30 07:30:00;AVENIDA PRS JUSCELINO KUBITSCHEK (PASSARÉ), ;AVENIDA DR SILAS MUNGUBA, ; ;;;Colisão Transversal;Luz do Dia;Bom;Seca;Rotatória;Dê Preferência;Cruzamento;0;1;1;1;1;0;0;0;0;0;0;0;0;(-38.52933 -3.80213);
364104;2020-10-30 07:16:00;RUA BERNARDO MANUEL, 9977;, ; 9977;;;Colisão;Luz do Dia;;;Meio de Quadra;;Longo da via;0;1;1;0;1;0;0;0;0;1;0;0;0;(-38.552962 -3.803888);
362646;2020-10-30 07:01:00;RUA PRO JOSE DE BARCELOS, ;RUA AZEVEDO BOLAO, ; ;;;Colisão Traseira;Luz do Dia;Bom;Seca;Cruz;Semáforo;Cruzamento;0;1;1;1;1;0;0;0;0;0;0;0;0;(-38.55061 -3.735196);
364103;2020-10-30 03:20:00;RUA OSVALDO CRUZ (ALDEOTA), ;AVENIDA DOM LUIS, ; ;;;Colisão;;;;Cruz;Semáforo;Cruzamento;0;1;1;2;0;0;0;0;0;0;0;0;0;(-38.499353 -3.732616);
364102;2020-10-29 23:02:00;RUA MUCAMBINHO (MESSEJANA), ;RUA MANUEL ARRUDA, ; ;;;Colisão;;;;Cruz;Não Há Controle;Cruzamento;0;1;1;1;1;0;0;0;0;0;0;0;0;(-38.506736 -3.828279);
364840;2020-10-29 21:40:00;AVENIDA PRS CASTELO BRANCO, 3732;, ; 3732;;;Colisão;;;;Meio de Quadra;;Longo da via;0;2;0;1;0;0;0;1;0;0;0;0;0;(-38.565404 -3.709425);
364101;2020-10-29 20:33:00;AVENIDA SEN CARLOS JEREISSATI (AEROPORTO), 580;, ; 580;;;Colisão;;;;Meio de Quadra;;Longo da via;0;1;1;0;1;0;0;0;0;1;0;0;0;(-38.52298 -3.78328);
364100;2020-10-29 20:21:00;AVENIDA I CJ JOSE WALTER, ;AVENIDA A CJ JOSE WALTER, ; ;;;Colisão;;;;Cruz;Pare;Cruzamento;0;1;1;1;1;0;0;0;0;0;0;0;0;(-38.550935 -3.825834);
364099;2020-10-29 20:13:00;AVENIDA JOR THOMAZ COELHO, 2245;, ; 2245;;;Colisão;;;;Meio de Quadra;;Longo da via;0;1;1;2;0;0;0;0;0;0;0;0;0;(-38.5158496 -3.82802288);
364097;2020-10-29 18:56:00;LOGRADOURO SEM NOME, ;, ; ;;;Atropelamento;;;;Meio de Quadra;;Longo da via;0;1;1;0;1;0;0;0;0;0;0;0;0;(0 0);
364095;2020-10-29 18:41:00;RUA COM GARCIA, 992;, ; 992;;;Colisão;;;;Meio de Quadra;;Longo da via;0;1;1;1;1;0;0;0;0;0;0;0;0;(-38.582889 -3.792804);
363325;2020-10-29 18:27:00;AVENIDA GOV RAUL BARBOSA, 5482;, ; 5482;;;Atropelamento;Anoitecer;Bom;Seca;Meio de Quadra;Não Há Controle;Longo da via;0;2;1;1;0;0;0;0;0;0;0;0;0;(-38.509382 -3.767486);
363902;2020-10-29 17:58:00;AVENIDA ZEZE DIOGO, 911;, ; 911;;;Atropelamento;Anoitecer;;;Meio de Quadra;;Longo da via;1;0;1;0;0;0;0;1;0;0;0;0;0;(-38.4657202 -3.7147902);
363922;2020-10-29 17:58:00;AVENIDA WASHINGTON SOARES, ;, ; ;;;Colisão;Anoitecer;;;Meio de Quadra;;Longo da via;0;1;1;1;1;0;0;0;0;0;0;0;0;(0 0);
363917;2020-10-29 17:54:00;AVENIDA F CJ JOSE WALTER, ;AVENIDA I CJ JOSE WALTER, ; ;;;Colisão;Anoitecer;;;Cruz;Pare;Cruzamento;0;2;0;2;0;0;0;0;0;0;0;0;0;(-38.554243 -3.836727);
363911;2020-10-29 17:38:00;RD QUARTO ANEL VIARIO, ;, ; ;;;Queda;Anoitecer;;;Meio de Quadra;;Longo da via;0;1;0;1;0;0;0;0;0;0;0;0;0;(0 0);
362633;2020-10-29 17:27:00;RUA MONTE LIBANO, 776;, ; 776;;;Colisão Lateral;Luz do Dia;Bom;Seca;;;Longo da via;0;1;1;0;1;0;0;1;0;0;0;0;0;(-38.5632 -3.82624);
363909;2020-10-29 16:18:00;AVENIDA C CJ CEARA, 297;, ; 297;;;Queda;Luz do Dia;;;Meio de Quadra;;Longo da via;0;1;0;1;0;0;0;0;0;0;0;0;0;(-38.609012 -3.761309);
363899;2020-10-29 15:30:00;AVENIDA H CJ CEARA, ;RUA 916 CJ CEARA, ; ;;;Colisão;Luz do Dia;;;Duplo T;Não Há Controle;Cruzamento;0;2;0;2;0;0;0;0;0;0;0;0;0;(-38.618043 -3.776674);
363898;2020-10-29 13:55:00;AVENIDA DUQ CAXIAS, ;RUA TEREZA CRISTINA, ; ;;;Colisão;Luz do Dia;;;Cruz;Semáforo;Cruzamento;0;1;1;1;1;0;0;0;0;0;0;0;0;(-38.537452 -3.729335);
363897;2020-10-29 13:37:00;AVENIDA GODOFREDO MACIEL, 5900;, ; 5900;;;Colisão;Luz do Dia;;;Meio de Quadra;;Longo da via;0;1;1;1;1;0;0;0;0;0;0;0;0;(-38.5794837 -3.82642218);
363895;2020-10-29 11:41:00;AVENIDA ZEZE DIOGO, 1231;, ; 1231;;;Colisão;Luz do Dia;;;Meio de Quadra;;Longo da via;0;1;1;1;1;0;0;0;0;0;0;0;0;(-38.4642717 -3.71800274);
363855;2020-10-29 11:06:00;RUA PDE JANUARIO CAMPOS, 34;, ; 34;;;Colisão;Luz do Dia;;;Meio de Quadra;;Longo da via;0;1;1;1;1;0;0;0;0;0;0;0;0;(-38.48915 -3.79114);
362632;2020-10-29 09:57:00;AVENIDA FRE CIRILO, ;RUA PAULO SETUBAL, ; ;;;Colisão Transversal;Luz do Dia;Bom;Seca;Outros;Semáforo;Cruzamento;0;1;1;1;1;0;0;0;0;0;0;0;0;(-38.496028 -3.820502);
363854;2020-10-29 07:54:00;AVENIDA FRANCISCO SA, 3907;, ; 3907;;;Atropelamento;Luz do Dia;;;Meio de Quadra;;Longo da via;0;1;1;1;0;0;0;0;0;0;0;0;0;(-38.5599 -3.7165933);
362631;2020-10-29 07:00:00;RUA VALPARAISO, 663;, ; 663;;;Colisão Traseira;Luz do Dia;Bom;Seca;Meio de Quadra;Pare;Longo da via;0;1;1;1;0;0;0;1;0;0;0;0;0;(-38.5261281 -3.84392943);
362629;2020-10-29 06:42:00;RUA JOAQUIM NABUCO, ;RUA DES LEITE ALBUQUERQUE, ; ;;;Colisão Transversal;Luz do Dia;Bom;Seca;Cruz;Pare;Cruzamento;0;3;1;3;1;0;0;0;0;0;0;0;0;(-38.501621 -3.736273);
363679;2020-10-28 23:54:00;AVENIDA SGT HERMINIO SAMPAIO, 2505;, ; 2505;;;Colisão;;;;Meio de Quadra;;Longo da via;0;1;1;1;1;0;0;0;0;0;0;0;0;(-38.563004 -3.726817);
363678;2020-10-28 22:53:00;AVENIDA PRS CASTELO BRANCO, ;, ; ;;;Colisão;;;;Meio de Quadra;;Longo da via;0;2;0;0;0;0;0;0;0;0;0;0;0;(0 0);
363677;2020-10-28 20:25:00;RD BR 116, ;, ; ;;;Atropelamento;;;;Meio de Quadra;;Longo da via;0;1;1;1;0;0;0;0;0;0;0;0;0;(0 0);
363676;2020-10-28 18:55:00;RUA MATO GROSSO, ;RUA PARA, ; ;;;Colisão;;;;Cruz;Pare;Cruzamento;0;1;1;2;0;0;0;0;0;0;0;0;0;(-38.563131 -3.755657);
363675;2020-10-28 18:35:00;RUA LUIS VIEIRA, 381;, ; 381;;;Colisão;;;;Meio de Quadra;;Longo da via;0;2;0;0;0;0;0;0;0;0;0;0;0;(-38.587064 -3.79485);
364838;2020-10-28 18:34:00;RUA 701 CJ CEARA, ;RUA MIN ALBUQUERQUE LIMA, ; ;;;Colisão;;;;Cruz;Pare;Cruzamento;0;2;0;0;0;0;2;0;0;0;0;0;0;(-38.598232 -3.77015);
363674;2020-10-28 18:02:00;RUA ABILIO FARIAS, 407;, ; 407;;;Atropelamento;Anoitecer;;;Meio de Quadra;;Longo da via;0;1;1;0;1;0;0;0;0;0;0;0;0;(-38.58221 -3.74921);
363323;2020-10-28 17:30:00;AVENIDA ANTONIO SALES, ;RUA NUNES VALENTE, ; ;;;Colisão Transversal;Anoitecer;Bom;Seca;Cruz;Pare;Cruzamento;0;1;1;1;1;0;0;0;0;0;0;0;0;(-38.506314 -3.744237);
363673;2020-10-28 16:36:00;RUA ISABEL, ;, ; ;;;Queda;Luz do Dia;;;Meio de Quadra;;Longo da via;0;1;0;1;0;0;0;0;0;0;0;0;0;(0 0);
363671;2020-10-28 16:34:00;RUA MANUEL ARRUDA, 256;, ; 256;;;Colisão;Luz do Dia;;;Meio de Quadra;;Longo da via;0;1;1;1;1;0;0;0;0;0;0;0;0;(-38.5070528 -3.82820124);
363669;2020-10-28 14:23:00;AVENIDA SEN FERNANDES TAVORA, 1648;, ; 1648;;;Colisão;Luz do Dia;;;Meio de Quadra;;Longo da via;0;1;1;1;1;0;0;0;0;0;0;0;0;(-38.587377 -3.759398);
362628;2020-10-28 13:27:00;RUA VINTE E QUATRO DE MAIO, ;RUA METON DE ALENCAR, ; ;;;Colisão Transversal;Luz do Dia;Bom;Seca;Cruz;Pare;Cruzamento;0;2;1;1;1;0;0;0;0;0;0;0;0;(-38.533848 -3.732626);
363666;2020-10-28 12:42:00;RUA RAIMUNDO ARISTIDES, 335;, ; 335;;;Colisão;Luz do Dia;;;Meio de Quadra;;Longo da via;0;2;0;0;0;0;0;0;0;0;0;0;0;(-38.5891452 -3.8204898);
363664;2020-10-28 12:36:00;RUA COS ARAUJO LIMA, 1377;, ; 1377;;;Queda;Luz do Dia;;;Meio de Quadra;;Longo da via;0;1;0;1;0;0;0;0;0;0;0;0;0;(-38.590096 -3.750036);
363663;2020-10-28 09:43:00;RUA CAROLINA SUCUPIRA, ;RUA CEL JUCA, ; ;;;Colisão;Luz do Dia;;;Cruz;Pare;Cruzamento;0;1;1;1;1;0;0;0;0;0;0;0;0;(-38.493114 -3.743389);
363662;2020-10-28 08:38:00;AVENIDA PONTES VIEIRA, 52;, ; 52;;;Atropelamento;Luz do Dia;;;Meio de Quadra;;Longo da via;0;1;1;1;0;0;0;0;0;0;0;0;0;(-38.520103 -3.753438);
363659;2020-10-28 07:56:00;RUA EMILIO DE MENESES, ;RUA ANTONIO NERY, ; ;;;Colisão;Luz do Dia;;;Cruz;Semáforo;Cruzamento;0;1;1;1;1;0;0;0;0;0;0;0;0;(-38.600204 -3.778162);
363657;2020-10-28 07:53:00;RUA 23 DE JUNHO, ;RUA SGT BARBOSA D70, ; ;;;Colisão;Luz do Dia;;;;;Cruzamento;0;1;1;1;1;0;0;0;0;0;0;0;0;(-38.54283 -3.81527);
362627;2020-10-28 07:39:00;RUA GUSTAVO SAMPAIO, ;RUA JOSE SOMBRA, ; ;;;Colisão Transversal;Luz do Dia;Bom;Seca;Cruz;Pare;Cruzamento;0;1;1;1;1;0;0;0;0;0;0;0;0;(-38.54726 -3.733349);
363656;2020-10-28 00:33:00;AVENIDA ANTONIO SALES, 3525;, ; 3525;;;Colisão;;;;Meio de Quadra;;Longo da via;0;2;0;0;0;0;0;0;0;0;0;0;0;(-38.490039 -3.749257);
363655;2020-10-27 22:53:00;AVENIDA 13 DE MAIO, 403;, ; 403;;;Colisão;;;;Meio de Quadra;;Longo da via;0;1;1;1;1;0;0;0;0;0;0;0;0;(-38.525289 -3.752857);
362624;2020-10-27 20:15:00;RUA COSTA BARROS, ;RUA GONCALVES LEDO, ; ;;;Colisão Transversal;Via Iluminada;Bom;Seca;Cruz;Pare;Cruzamento;0;1;2;0;2;0;0;0;0;0;0;0;0;(-38.515426 -3.729088);
362625;2020-10-27 19:40:00;AVENIDA VIS RIO BRANCO, 3260;, ; 3260;;;Capotamento;Via Iluminada;Bom;Seca;Meio de Quadra;Não Há Controle;Longo da via;0;0;2;0;2;0;0;0;0;0;0;0;0;(-38.5212826 -3.749517);
363654;2020-10-27 19:34:00;RUA CASTRO E SILVA, 950;, ; 950;;;Atropelamento;;;;Meio de Quadra;;Longo da via;0;1;1;1;0;0;0;0;0;0;0;0;0;(-38.533702 -3.721758);
363653;2020-10-27 18:35:00;AVENIDA DUQ CAXIAS, 403;, ; 403;;;Colisão;;;;Meio de Quadra;;Longo da via;0;1;1;1;1;0;0;0;0;0;0;0;0;(-38.527952 -3.732405);
363271;2020-10-27 18:10:00;RUA DRAGAO DO MAR, ;RUA SEN ALMINO, ; ;;;Colisão Lateral;Anoitecer;Bom;Seca;Cruz;Gesto;Cruzamento;0;3;0;1;1;0;0;0;0;0;0;0;0;(-38.517919 -3.721816);
363650;2020-10-27 18:04:00;AVENIDA CEL CARVALHO, 3621;, ; 3621;;;Colisão;Anoitecer;;;Meio de Quadra;;Longo da via;0;3;0;0;0;0;0;0;0;0;0;0;0;(-38.591503 -3.7036134);
363649;2020-10-27 18:00:00;AVENIDA FRE CIRILO, ;, ; ;;;Queda;Anoitecer;;;Meio de Quadra;;Longo da via;0;1;0;0;0;0;0;0;0;1;0;0;0;(0 0);
363648;2020-10-27 17:43:00;AVENIDA SEN CARLOS JEREISSATI (AEROPORTO), ;, ; ;;;Colisão;Anoitecer;;;Meio de Quadra;;Longo da via;0;1;1;1;1;0;0;0;0;0;0;0;0;(0 0);
363647;2020-10-27 17:28:00;RUA ROMEU MARTINS, 43;, ; 43;;;Colisão;Anoitecer;;;Meio de Quadra;;Longo da via;0;1;1;1;1;0;0;0;0;0;0;0;0;(-38.55768 -3.76291);
363646;2020-10-27 17:20:00;AVENIDA JOSE JATAHY, 944;, ; 944;;;Colisão;Anoitecer;;;Meio de Quadra;;Longo da via;0;2;1;1;1;0;0;0;0;0;0;0;0;(-38.5451721 -3.7295739);
363645;2020-10-27 16:54:00;RUA MANUEL TEIXEIRA, ;RUA OLIMPIO LEITE, ; ;;;Colisão;Luz do Dia;;;Cruz;Gesto;Cruzamento;0;1;1;1;1;0;0;0;0;0;0;0;0;(-38.479329 -3.816829);
363644;2020-10-27 16:21:00;RUA MON HIPOLITO BRASIL, ;RUA PRO HERIBALDO COSTA, ; ;;;Colisão;Luz do Dia;;;Cruz;Semáforo;Cruzamento;0;1;1;1;0;0;1;0;0;0;0;0;0;(-38.582275 -3.757069);