COD_ACIDENTE;DATA;LOG1;LOG2;NUMERO;BAIRRO;AMC;NATUREZA;ILUMINACAO;TEMPO;SUPERFICIEPISTA;TIPOCRUZAMENTO;CONTROLETRAFEGO;USOSOLO;MORTOS;FERIDOS;ILESOS;MOTOCICLETA;AUTOMOVEL;MICROONIBUS;CAMINHAO;ONIBUS;CICLOMOTOR;BICICLETA;OUTROS;TREM;TRACAOANIMAL;COORDENADAS
363642;2020-10-27 14:55:00;AVENIDA SEN FERNANDES TAVORA, 2501;, ; 2501;;;Colisão;Luz do Dia;;;Meio de Quadra;;Longo da via;0;1;1;1;1;0;0;0;0;0;0;0;0;(-38.595371 -3.755666);
363640;2020-10-27 14:43:00;AVENIDA WASHINGTON SOARES, 2340;, ; 2340;;;Colisão;Luz do Dia;;;Meio de Quadra;;Longo da via;0;2;0;1;1;0;0;0;0;0;0;0;0;(-38.481462857 -3.777966572);
363639;2020-10-27 14:17:00;AVENIDA SANTOS DUMONT, ;AVENIDA ZUCA ACIOLY, ; ;;;Colisão;Luz do Dia;;;T;Pare;Cruzamento;0;2;0;1;1;0;0;0;0;0;0;0;0;(-38.465623 -3.746816);
362622;2020-10-27 13:46:00;AVENIDA GAL OSORIO DE PAIVA, 1607;, ; 1607;;;Colisão Traseira;Luz do Dia;Bom;Seca;Meio de Quadra;Não Há Controle;Longo da via;0;2;0;2;0;0;0;0;0;0;0;0;0;(-38.5760186 -3.78165189);
363638;2020-10-27 13:28:00;AVENIDA EDUARDO GIRAO, 311;, ; 311;;;Queda;Luz do Dia;;;Meio de Quadra;;Longo da via;0;1;0;1;0;0;0;0;0;0;0;0;0;(-38.52802 -3.75661);
362623;2020-10-27 12:53:00;AVENIDA SGT HERMINIO SAMPAIO, 3356;, ; 3356;;;Colisão Frontal;Luz do Dia;Bom;Seca;Meio de Quadra;Não Há Controle;Longo da via;0;1;1;1;1;0;0;0;0;0;0;0;0;(-38.570702 -3.728214);
363636;2020-10-27 12:20:00;AVENIDA ALBERTO CRAVEIRO, ;, ; ;;;Queda;Luz do Dia;;;Meio de Quadra;;Longo da via;0;1;0;1;0;0;0;0;0;0;0;0;0;(0 0);
363635;2020-10-27 11:53:00;RUA COS TRISTAO, ;AVENIDA FELINO BARROSO, ; ;;;Colisão;Luz do Dia;;;;;Cruzamento;0;1;1;1;1;0;0;0;0;0;0;0;0;(-38.52852 -3.74422);
363137;2020-10-27 11:23:00;AVENIDA SEN FERNANDES TAVORA, 1172;, ; 1172;;;Colisão;Luz do Dia;;;Meio de Quadra;;Longo da via;0;1;0;1;1;0;0;0;0;0;0;0;0;(-38.582924 -3.761784);
362621;2020-10-27 10:30:00;AVENIDA PRS COSTA E SILVA, ;RUA PAU BRASIL, ; ;;;Colisão Transversal;Luz do Dia;Bom;Seca;;;Cruzamento;0;3;0;2;0;0;0;0;0;0;0;0;0;(-38.548065 -3.82391);
362630;2020-10-27 10:30:00;RUA COELHO DA FONSECA, ;RUA CRUZEIRO DO SUL, ; ;;;Colisão Lateral;Luz do Dia;Bom;Seca;Cruz;Pare;Cruzamento;0;1;1;1;1;0;0;0;0;0;0;0;0;(-38.56115 -3.71379);
362620;2020-10-27 10:28:00;AVENIDA LUCIANO CARNEIRO, ;RUA STA QUITERIA, ; ;;;Colisão Transversal;Luz do Dia;Bom;Seca;Cruz;Semáforo;Cruzamento;0;1;1;1;1;0;0;0;0;0;0;0;0;(-38.535339 -3.760537);
363634;2020-10-27 10:04:00;RUA ANTONIO POMPEU, ;AVENIDA TRISTAO GONCALVES, ; ;;;Colisão;Luz do Dia;;;Cruz;Semáforo;Cruzamento;0;2;0;0;0;0;0;0;0;0;0;0;0;(-38.535088 -3.733388);
363297;2020-10-27 10:00:00;RUA 442 CJ CEARA, ;RUA 436 CJ CEARA, ; ;;;Queda;Luz do Dia;Bom;Seca;Com Via Férrea;Não Há Controle;Cruzamento;0;1;0;1;0;0;0;0;0;0;0;0;0;(-38.604801 -3.762759);
363633;2020-10-27 09:29:00;AVENIDA SEN VIRGILIO TAVORA, ;AVENIDA DOM LUIS, ; ;;;Colisão;Luz do Dia;;;Cruz;Semáforo;Cruzamento;0;2;0;2;0;0;0;0;0;0;0;0;0;(-38.492507 -3.734829);
362294;2020-10-27 09:05:00;RD BR 116, ;, ; ;;;Engavetamento;Luz do Dia;;Seca;Meio de Quadra;;Longo da via;0;1;2;0;3;0;0;0;0;0;0;0;0;(-38.506787 -3.796502);
362619;2020-10-27 08:05:00;RUA TORRES CAMARA, ;RUA TIBURCIO CAVALCANTE, ; ;;;Colisão Transversal;Luz do Dia;Bom;Seca;Cruz;Semáforo;Cruzamento;0;2;1;1;1;0;0;0;0;0;0;0;0;(-38.502906 -3.736933);
363632;2020-10-27 07:52:00;RUA POMPILIO GOMES, ;, ; ;;;Colisão;Luz do Dia;;;Meio de Quadra;;Longo da via;0;1;1;2;0;0;0;0;0;0;0;0;0;(0 0);
362618;2020-10-27 07:40:00;RUA GAL BERNARDO FIGUEIREDO, ;RUA PRO ANACLETO, ; ;;;Colisão Lateral;Luz do Dia;Bom;Seca;T;Pare;Cruzamento;0;2;1;1;1;0;0;0;0;0;0;0;0;(-38.55186 -3.7395937);
363630;2020-10-27 07:18:00;RUA JOAQUIM NABUCO, ;RUA CANUTO DE AGUIAR, ; ;;;Queda;Luz do Dia;;;Cruz;Pare;Cruzamento;0;1;0;1;0;0;0;0;0;0;0;0;0;(-38.49939 -3.72936);
363117;2020-10-27 06:54:00;AVENIDA DR SILAS MUNGUBA, ;RUA DUARTE PIMENTEL, ; ;;;Colisão;Luz do Dia;;;T;Pare;Cruzamento;0;1;0;1;1;0;0;0;0;0;0;0;0;(-38.54293 -3.78943);
362617;2020-10-27 02:34:00;AVENIDA ANTONIO SALES, ;AVENIDA RUI BARBOSA, ; ;;;Colisão Lateral;Via Iluminada;Bom;Seca;Cruz;Semáforo;Cruzamento;2;0;2;0;1;0;1;0;0;0;0;0;0;(-38.511569 -3.742611);
363629;2020-10-26 22:39:00;RUA MARTINS CARVALHO, 3829;, ; 3829;;;Queda;;;;Meio de Quadra;;Longo da via;0;1;0;1;0;0;0;0;0;0;0;0;0;(-38.6261854 -3.78893328);
363628;2020-10-26 22:20:00;RUA LAURO NOGUEIRA, ;RUA DES WALDETARIO P MOTA, ; ;;;Colisão;;;;Cruz;Pare;Cruzamento;0;2;1;1;1;0;0;0;0;0;0;0;0;(-38.48196 -3.7389736);
363627;2020-10-26 19:46:00;AVENIDA JOSE LEON, 1078;, ; 1078;;;Colisão;;;;Meio de Quadra;;Longo da via;0;1;1;1;1;0;0;0;0;0;0;0;0;(-38.502231 -3.787712);
363626;2020-10-26 18:44:00;RUA AGAMENON, ;, ; ;;;Colisão;;;;Meio de Quadra;;Longo da via;0;1;1;1;1;0;0;0;0;0;0;0;0;(0 0);
363625;2020-10-26 16:49:00;RUA DOM EXPEDITO LOPES, 2250;, ; 2250;;;Colisão;Luz do Dia;;;Meio de Quadra;;Longo da via;0;1;1;0;1;0;0;0;0;1;0;0;0;(-38.5053354 -3.74372635);
362293;2020-10-26 16:30:00;RD BR 116, ;, ; ;;;Queda;Luz do Dia;;Seca;Meio de Quadra;;Longo da via;0;1;0;1;0;0;0;0;0;0;0;0;0;(-38.518702 -3.762554);
362616;2020-10-26 14:44:00;RUA JOAQUIM NABUCO, ;RUA MARCOS MACEDO, ; ;;;Colisão Transversal;Luz do Dia;Bom;Seca;Cruz;Pare;Cruzamento;0;1;1;1;1;0;0;0;0;0;0;0;0;(-38.500645 -3.733277);
363624;2020-10-26 14:29:00;AVENIDA I CJ CEARA, 1405;, ; 1405;;;Colisão;Luz do Dia;;;Meio de Quadra;;Longo da via;0;2;0;0;0;0;0;0;0;0;0;0;0;(-38.5999772 -3.77310348);
362615;2020-10-26 13:32:00;AVENIDA HEROIS DO ACRE, ;RUA JOAQUIM MARTINS, ; ;;;Choque c/ Obstáculo Fixo;Luz do Dia;Bom;Seca;T;Pare;Cruzamento;0;0;2;0;2;0;0;0;0;0;0;0;0;(-38.54058 -3.80309);
363608;2020-10-26 13:12:00;AVENIDA GODOFREDO MACIEL, 5833;, ; 5833;;;Colisão;Luz do Dia;;;Meio de Quadra;;Longo da via;0;1;1;1;1;0;0;0;0;0;0;0;0;(-38.579157 -3.825405);
363607;2020-10-26 13:06:00;RUA ROMEU MARTINS, ;RUA JOAO FIRMINO, ; ;;;Colisão;Luz do Dia;;;Cruz;Pare;Cruzamento;0;1;1;1;1;0;0;0;0;0;0;0;0;(-38.555582 -3.764274);
363605;2020-10-26 12:56:00;AVENIDA SGT HERMINIO SAMPAIO, 4143;, ; 4143;;;Colisão;Luz do Dia;;;Meio de Quadra;;Longo da via;0;1;1;1;1;0;0;0;0;0;0;0;0;(-38.57715 -3.73069);
363604;2020-10-26 12:24:00;RUA COS LAFAYETE, 482;, ; 482;;;Queda;Luz do Dia;;;Meio de Quadra;;Longo da via;0;2;0;1;0;0;0;0;0;0;0;0;0;(-38.582372 -3.7180285);
363603;2020-10-26 12:14:00;RUA PROF. MANOEL LOURENCO, ;, ; ;;;Colisão;Luz do Dia;;;Meio de Quadra;;Longo da via;0;1;1;1;1;0;0;0;0;0;0;0;0;(0 0);
363602;2020-10-26 12:09:00;AVENIDA DUQ CAXIAS, 924;, ; 924;;;Queda;Luz do Dia;;;Meio de Quadra;;Longo da via;0;1;0;0;0;0;0;0;0;1;0;0;0;(-38.5326517 -3.73089482);
363601;2020-10-26 12:02:00;RUA PRO JUREMA, 112;, ; 112;;;Queda;Luz do Dia;;;Meio de Quadra;;Longo da via;0;1;0;1;0;0;0;0;0;0;0;0;0;(-38.5476874 -3.71717514);
363600;2020-10-26 11:39:00;RUA ODORICO DE MORAIS, 129;, ; 129;;;Queda;Luz do Dia;;;Meio de Quadra;;Longo da via;0;1;0;1;0;0;0;0;0;0;0;0;0;(-38.5535047 -3.71535015);
363599;2020-10-26 11:14:00;RUA CON DE CASTRO, 3826;, ; 3826;;;Colisão;Luz do Dia;;;Meio de Quadra;;Longo da via;0;1;1;2;0;0;0;0;0;0;0;0;0;(-38.587458 -3.800119);
363598;2020-10-26 10:54:00;RUA MIGUEL ARAGAO, 800;, ; 800;;;Colisão;Luz do Dia;;;Meio de Quadra;;Longo da via;0;1;1;0;2;0;0;0;0;0;0;0;0;(-38.5863525 -3.834085);
362614;2020-10-26 10:48:00;AVENIDA FRANCISCO SA, ;RUA JOAO SALGADO, ; ;;;Não informado;Luz do Dia;Bom;Seca;T;Pare;Cruzamento;0;2;0;1;1;0;0;0;0;0;0;0;0;(-38.548043 -3.720475);
363597;2020-10-26 10:26:00;RUA ATILANO MOURA, ;AVENIDA CEL GUSTAVO A LIMA, ; ;;;Colisão;Luz do Dia;;;Com Via Férrea;Pare;Cruzamento;0;1;1;1;1;0;0;0;0;0;0;0;0;(-38.489587 -3.762166);
362612;2020-10-26 10:11:00;AVENIDA HERACLITO GRACA, ;, ; ;;;Colisão Lateral;Luz do Dia;Bom;Seca;Meio de Quadra;Semáforo;Longo da via;0;0;2;0;2;0;0;0;0;0;0;0;0;(0 0);
363595;2020-10-26 10:04:00;RD BR 116, 6000;, ; 6000;;;Queda;Luz do Dia;;;Meio de Quadra;;Longo da via;0;1;0;1;0;0;0;0;0;0;0;0;0;(-38.503053 -3.804691);
363590;2020-10-26 09:49:00;RUA AZEVEDO BOLAO, ;AVENIDA JOSE JATAHY, ; ;;;Queda;Luz do Dia;;;Cruz;Semáforo;Cruzamento;0;1;0;1;0;0;0;0;0;0;0;0;0;(-38.544494 -3.733663);
363589;2020-10-26 09:39:00;RUA PARNAMIRIM, 45;, ; 45;;;Atropelamento;Luz do Dia;;;Meio de Quadra;;Longo da via;0;1;1;1;0;0;0;0;0;0;0;0;0;(-38.51706 -3.8113);
362611;2020-10-26 09:25:00;AVENIDA BORGES DE MELO, ;, ; ;;;Atropelamento;Luz do Dia;Bom;Seca;Meio de Quadra;Não Há Controle;Longo da via;0;1;1;1;0;0;0;0;0;0;0;0;0;(-38.534706 -3.756065);
363588;2020-10-26 09:22:00;AVENIDA DOM LUIS, 1233;, ; 1233;;;Colisão;Luz do Dia;;;Meio de Quadra;;Longo da via;0;1;1;1;1;0;0;0;0;0;0;0;0;(-38.48968 -3.735733);
363587;2020-10-26 08:10:00;RUA EDUARDO ANGELIM, 1290;, ; 1290;;;Colisão;Luz do Dia;;;Meio de Quadra;;Longo da via;0;1;1;1;1;0;0;0;0;0;0;0;0;(-38.5440635 -3.76953084);
363583;2020-10-26 07:36:00;AVENIDA GAL MURILO BORGES, ;, ; ;;;Colisão;Luz do Dia;;;Meio de Quadra;;Longo da via;0;1;1;1;1;0;0;0;0;0;0;0;0;(0 0);
363582;2020-10-26 07:00:00;RUA JOAO CRISPIM D65, 1950;, ; 1950;;;Colisão;Luz do Dia;;;Meio de Quadra;;Longo da via;0;1;1;1;0;0;1;0;0;0;0;0;0;(0 0);
363577;2020-10-26 06:51:00;AVENIDA GAL OSORIO DE PAIVA, 7773;, ; 7773;;;Colisão;Luz do Dia;;;Meio de Quadra;;Longo da via;0;1;1;1;1;0;0;0;0;0;0;0;0;(-38.6172288 -3.82037112);
363576;2020-10-26 05:06:00;AVENIDA VIS RIO BRANCO, 1303;, ; 1303;;;Choque c/ Obstáculo Fixo;Amanhecer;;;Meio de Quadra;;Longo da via;0;1;0;0;1;0;0;0;0;0;0;0;0;(-38.5248389 -3.73233728);
362610;2020-10-26 04:30:00;RUA CON DE CASTRO, ;RUA OSVALDO ARANHA, ; ;;;Colisão Transversal;Via Iluminada;Bom;Seca;T;Pare;Cruzamento;0;0;1;1;0;0;0;1;0;0;0;0;0;(-38.571784 -3.783218);
363574;2020-10-26 03:25:00;AVENIDA H CJ CEARA, 2476;, ; 2476;;;Colisão;;;;Meio de Quadra;;Longo da via;0;1;1;1;1;0;0;0;0;0;0;0;0;(-38.621462 -3.777076);
363573;2020-10-26 00:12:00;RUA RIO GRANDE DO SUL, 1253;, ; 1253;;;Atropelamento;;;;Meio de Quadra;;Longo da via;0;1;1;0;1;0;0;0;0;0;0;0;0;(-38.5681796 -3.75957708);
363572;2020-10-25 23:42:00;RUA PRO HERIBALDO COSTA, ;AVENIDA SEN FERNANDES TAVORA, ; ;;;Colisão;;;;Cruz;Semáforo;Cruzamento;0;1;1;0;2;0;0;0;0;0;0;0;0;(-38.584384 -3.761006);
362609;2020-10-25 22:28:00;RUA RIBEIRO LEITAO, ;ESTRADA PICI, ; ;;;Atropelamento;Via Iluminada;Bom;Seca;Cruz;Não Há Controle;Cruzamento;1;0;1;0;1;0;0;0;0;0;0;0;0;(-38.57552 -3.7592);
363571;2020-10-25 22:11:00;AVENIDA HERACLITO GRACA, ;, ; ;;;Colisão;;;;Meio de Quadra;;Longo da via;0;1;1;1;1;0;0;0;0;0;0;0;0;(0 0);
363565;2020-10-25 22:02:00;RUA MONTE LIBANO, 925;, ; 925;;;Queda;;;;Meio de Quadra;;Longo da via;0;1;0;1;0;0;0;0;0;0;0;0;0;(-38.564179 -3.82771175);
363558;2020-10-25 20:31:00;AVENIDA WASHINGTON SOARES, 132;, ; 132;;;Colisão;;;;Meio de Quadra;;Longo da via;0;2;0;2;0;0;0;0;0;0;0;0;0;(-38.489845 -3.757358);
362292;2020-10-25 19:57:00;RD BR 116, ;, ; ;;;Tombamento;;;Seca;Meio de Quadra;;Longo da via;0;0;2;1;1;0;0;0;0;0;0;0;0;(-38.503269 -3.822018);
363557;2020-10-25 19:35:00;RUA MARIA JULIA, ;RUA SAO FRANCISCO D21, ; ;;;Colisão;;;;Cruz;Pare;Cruzamento;0;1;1;1;1;0;0;0;0;0;0;0;0;(-38.601633 -3.798608);
363556;2020-10-25 19:30:00;AVENIDA C CJ JOSE WALTER, 850;, ; 850;;;Colisão;;;;Meio de Quadra;;Longo da via;0;1;1;1;1;0;0;0;0;0;0;0;0;(-38.558945 -3.8277375);
363555;2020-10-25 19:18:00;AVENIDA PERIMETRAL, 692;, ; 692;;;Colisão;;;;Meio de Quadra;;Longo da via;0;1;1;1;1;0;0;0;0;0;0;0;0;(0 0);
363478;2020-10-25 18:53:00;AVENIDA GENIBAU, ;, ; ;;;Colisão;;;;Meio de Quadra;;Longo da via;0;2;0;0;0;0;0;0;0;0;0;0;0;(0 0);
363477;2020-10-25 18:29:00;RD BR 116, ;, ; ;;;Atropelamento;Anoitecer;;;Meio de Quadra;;Longo da via;0;1;1;0;1;0;0;0;0;0;0;0;0;(0 0);
363475;2020-10-25 18:25:00;RUA MARIA JULIA, ;RUA MARTINS CARVALHO, ; ;;;Atropelamento;Anoitecer;;;Cruz;Pare;Cruzamento;1;0;1;1;0;0;0;0;0;0;0;0;0;(-38.600949 -3.796333);
363470;2020-10-25 18:05:00;RUA HUMAITA D73, 238;, ; 238;;;Colisão;Anoitecer;;;Meio de Quadra;;Longo da via;0;2;0;0;0;0;0;0;0;0;0;0;0;(-38.6014418 -3.76517702);
363468;2020-10-25 18:00:00;RUA SEN ALENCAR, ;RUA BAR RIO BRANCO, ; ;;;Colisão;Anoitecer;;;T;Pare;Cruzamento;0;1;1;1;1;0;0;0;0;0;0;0;0;(-38.527752 -3.724879);
363466;2020-10-25 17:49:00;RUA COLETORA A (MONDUBIM), 18;, ; 18;;;Colisão;Anoitecer;;;Meio de Quadra;;Longo da via;0;2;0;0;0;0;0;0;0;0;0;0;0;(-38.57869 -3.81757);
363465;2020-10-25 16:59:00;RUA 27 DE JULHO, 1430;, ; 1430;;;Queda;Luz do Dia;;;Meio de Quadra;;Longo da via;0;1;0;1;0;0;0;0;0;0;0;0;0;(0 0);
364820;2020-10-25 16:50:00;AVENIDA ABOLICAO, ;RUA OSVALDO CRUZ (ALDEOTA), ; ;;;Colisão;Luz do Dia;;;Cruz;Semáforo;Cruzamento;0;2;0;1;1;0;0;0;0;0;0;0;0;(-38.497445 -3.72669);
362607;2020-10-25 15:56:00;RUA CON DE CASTRO, 4126;, ; 4126;;;Colisão;Luz do Dia;Bom;Seca;Meio de Quadra;Não Há Controle;Longo da via;0;1;1;1;0;0;0;1;0;0;0;0;0;(-38.589466 -3.8021603);
363464;2020-10-25 15:33:00;RUA TIBURCIO CAVALCANTE, 2250;, ; 2250;;;Colisão;Luz do Dia;;;Meio de Quadra;;Longo da via;0;2;0;0;0;0;0;0;0;0;0;0;0;(-38.50542 -3.74469);
363463;2020-10-25 15:13:00;AVENIDA DIOGUINHO, 1310;, ; 1310;;;Colisão;Luz do Dia;;;Meio de Quadra;;Longo da via;0;1;1;0;2;0;0;0;0;0;0;0;0;(-38.46036 -3.7288);
362608;2020-10-25 15:10:00;AVENIDA CESAR CALS, ;RUA HERMINIA BONAVIDES, ; ;;;Colisão Transversal;Luz do Dia;Bom;Seca;T;Pare;Cruzamento;0;2;0;0;2;0;0;0;0;0;0;0;0;(-38.459926 -3.729537);
362606;2020-10-25 14:16:00;RUA OSVALDO CRUZ, ;AVENIDA ABOLICAO, ; ;;;Colisão Transversal;Luz do Dia;Bom;Seca;Meio de Quadra;Semáforo;Cruzamento;0;1;1;1;1;0;0;0;0;0;0;0;0;(-38.497451 -3.7266487);
362604;2020-10-25 13:53:00;RUA DOM HENRIQUE, ;RUA ANTONIO COSTA MENDES, ; ;;;Colisão;Luz do Dia;Bom;Não informado;;;Cruzamento;0;2;1;1;1;0;0;0;0;0;0;0;0;(-38.5814686 -3.7875763);
362605;2020-10-25 13:50:00;RUA NUNES VALENTE, 1978;, ; 1978;;;Colisão Transversal;Luz do Dia;Bom;Seca;Meio de Quadra;Não Há Controle;Longo da via;0;1;1;1;1;0;0;0;0;0;0;0;0;(-38.5052736 -3.74103833);
363221;2020-10-25 13:05:00;AVENIDA 13 DE MAIO, ;RUA DOS PRACINHAS, ; ;;;Colisão Lateral;Luz do Dia;Bom;Seca;Cruz;Semáforo;Cruzamento;0;1;1;1;1;0;0;0;0;0;0;0;0;(-38.542789 -3.73767);
363254;2020-10-25 12:20:00;RUA BENTO ALBUQUERQUE, 1190;, ; 1190;;;Colisão Transversal;Luz do Dia;Bom;;Meio de Quadra;Outros;Longo da via;0;0;2;1;1;0;0;0;0;0;0;0;0;(-38.4787214 -3.74518736);
363452;2020-10-25 11:03:00;AVENIDA FRANCISCO SA, ;, ; ;;;Colisão;Luz do Dia;;;Meio de Quadra;;Longo da via;0;1;1;1;1;0;0;0;0;0;0;0;0;(0 0);
363451;2020-10-25 11:01:00;AVENIDA DR SILAS MUNGUBA, ;, ; ;;;Colisão;Luz do Dia;;;Meio de Quadra;;Longo da via;0;1;1;1;1;0;0;0;0;0;0;0;0;(0 0);
363450;2020-10-25 10:55:00;LOGRADOURO SEM NOME, ;, ; ;;;Queda;Luz do Dia;;;Meio de Quadra;;Longo da via;0;1;0;0;0;0;0;0;0;1;0;0;0;(0 0);
363448;2020-10-25 10:20:00;RUA SEN ROBERT KENNEDY, 128;, ; 128;;;Colisão;Luz do Dia;;;Meio de Quadra;;Longo da via;0;1;1;1;1;0;0;0;0;0;0;0;0;(-38.5772348 -3.7002445);
363445;2020-10-25 10:01:00;RUA PRO FRANCISCO GONCALVES, 1271;, ; 1271;;;Colisão;Luz do Dia;;;Meio de Quadra;;Longo da via;0;1;1;1;1;0;0;0;0;0;0;0;0;(-38.49172 -3.74985);
363442;2020-10-25 08:25:00;AVENIDA DOMINGOS OLIMPIO, ;RUA JAIME BENEVOLO, ; ;;;Colisão;Luz do Dia;;;Cruz;Semáforo;Cruzamento;0;1;1;1;1;0;0;0;0;0;0;0;0;(-38.527245 -3.73778);
363440;2020-10-25 08:23:00;AVENIDA CEL CARVALHO, ;, ; ;;;Queda;Luz do Dia;;;Meio de Quadra;;Longo da via;0;1;0;1;0;0;0;0;0;0;0;0;0;(0 0);
362603;2020-10-25 08:22:00;RUA GUSTAVO SAMPAIO, 1413;, ; 1413;;;Choque c/ Obstáculo Fixo;Luz do Dia;Bom;Seca;Meio de Quadra;Não Há Controle;Longo da via;0;2;0;0;1;0;0;0;0;0;0;0;0;(-38.557313 -3.735435);
362602;2020-10-25 06:45:00;RUA ILDEFONSO ALBANO, ;RUA PINTO MADEIRA, ; ;;;Colisão Transversal;Luz do Dia;Bom;Seca;Cruz;Semáforo;Cruzamento;0;1;3;0;3;0;0;0;0;0;0;0;0;(-38.513317 -3.73361);
364822;2020-10-25 04:35:00;RD CE-040, ;, ; ;;;Colisão;Luz do Dia;;;Meio de Quadra;;Longo da via;0;1;0;0;1;0;0;0;0;0;0;0;0;(-38.47606989 -3.84962623);
363437;2020-10-25 02:36:00;RUA MANUEL CASTELO BRANCO, 1375;, ; 1375;;;Colisão;;;;Meio de Quadra;;Longo da via;0;1;1;1;1;0;0;0;0;0;0;0;0;(-38.482579 -3.83381);
363436;2020-10-25 02:26:00;AVENIDA OLAVO BILAC, 423;, ; 423;;;Queda;;;;Meio de Quadra;;Longo da via;0;2;0;1;0;0;0;0;0;0;0;0;0;(-38.5657132 -3.72485721);
362601;2020-10-25 02:04:00;AVENIDA SGT HERMINIO SAMPAIO, 1511;, ; 1511;;;Engavetamento;Via Iluminada;Bom;Seca;Meio de Quadra;Não Há Controle;Longo da via;0;0;5;0;5;0;0;0;0;0;0;0;0;(-38.55406895 -3.725194459);
363434;2020-10-25 01:58:00;AVENIDA IMPERADOR, ;RUA PEDRO I, ; ;;;Colisão;;;;Cruz;Semáforo;Cruzamento;0;1;1;1;1;0;0;0;0;0;0;0;0;(-38.535035 -3.729161);
363435;2020-10-25 01:58:00;AVENIDA IMPERADOR, ;, ; ;;;Atropelamento;;;;Meio de Quadra;;Longo da via;0;2;0;0;0;0;0;0;0;0;0;0;0;(0 0);
363431;2020-10-25 01:49:00;RUA PEDRO LAZAR, ;RUA DES JOSE GIL DE CARVALHO, ; ;;;Colisão;;;;Cruz;Pare;Cruzamento;0;1;1;1;1;0;0;0;0;0;0;0;0;(-38.488426 -3.8027077);
363424;2020-10-25 01:20:00;RD DR MENDEL STEINBRUCH, ;, ; ;;;Queda;;;;Meio de Quadra;;Longo da via;0;1;0;1;0;0;0;0;0;0;0;0;0;(0 0);
363421;2020-10-25 00:28:00;RUA C (LOT PRQ ARACAPE), 482;, ; 482;;;Colisão;;;;Meio de Quadra;;Longo da via;0;2;0;0;0;0;0;0;0;0;0;0;0;(0 0);
363417;2020-10-25 00:23:00;AVENIDA SGT HERMINIO SAMPAIO, ;RUA DEMOSTENES CARVALHO, ; ;;;Colisão;;;;T;Pare;Cruzamento;0;1;1;1;1;0;0;0;0;0;0;0;0;(-38.559068 -3.726117);
363416;2020-10-25 00:15:00;AVENIDA BEZERRA DE MENEZES, ;RUA DOM LINO, ; ;;;Colisão;;;;;;Cruzamento;0;2;0;0;0;0;0;0;0;0;0;0;0;(-38.557568 -3.734232);
363415;2020-10-25 00:08:00;RUA CAP ARAGAO, ;RUA CAP OLAVO, ; ;;;Atropelamento;;;;Cruz;Semáforo;Cruzamento;0;1;1;1;0;0;0;0;0;0;0;0;0;(-38.515937 -3.765348);
363414;2020-10-24 22:49:00;AVENIDA ENG HUMBERTO MONTE, ;AVENIDA JOVITA FEITOSA, ; ;;;Colisão;;;;Cruz;Semáforo;Cruzamento;0;1;1;1;1;0;0;0;0;0;0;0;0;(-38.566544 -3.741963);
363413;2020-10-24 22:16:00;AVENIDA GODOFREDO MACIEL, 4606;, ; 4606;;;Colisão;;;;Meio de Quadra;;Longo da via;0;1;1;1;1;0;0;0;0;0;0;0;0;(-38.57483 -3.81543);
362600;2020-10-24 21:35:00;RUA VITAL BRASIL, 1495;, ; 1495;;;Engavetamento;Via Iluminada;Bom;Seca;Meio de Quadra;Não Há Controle;Longo da via;0;1;2;0;3;0;0;0;0;0;0;0;0;(-38.5942169 -3.77908265);
363409;2020-10-24 21:11:00;AVENIDA GAL OSORIO DE PAIVA, 857;, ; 857;;;Colisão;;;;Meio de Quadra;;Longo da via;0;1;1;1;1;0;0;0;0;0;0;0;0;(-38.570115 -3.777906);
362599;2020-10-24 20:53:00;AVENIDA DA INDEPENDENCIA, 2135;, ; 2135;;;Colisão Transversal;Via Iluminada;Bom;Seca;Meio de Quadra;Não Há Controle;Longo da via;0;1;0;0;1;0;0;0;0;0;0;0;0;(-38.5990055 -3.7245425);
363408;2020-10-24 20:10:00;AVENIDA VICENTE DE CASTRO, 1700;, ; 1700;;;Colisão;;;;Meio de Quadra;;Longo da via;0;1;1;1;1;0;0;0;0;0;0;0;0;(-38.47826 -3.72134);
362598;2020-10-24 19:11:00;AVENIDA 13 DE MAIO, 2264;, ; 2264;;;Colisão;Via Iluminada;Bom;Não informado;Meio de Quadra;Não Há Controle;Longo da via;0;2;0;1;1;0;0;0;0;0;0;0;0;(-38.536795 -3.742945);
363406;2020-10-24 18:26:00;RUA BOM JESUS (GRANJA LISBOA), 2413;, ; 2413;;;Colisão;Anoitecer;;;Meio de Quadra;;Longo da via;0;1;1;1;1;0;0;0;0;0;0;0;0;(-38.6142972 -3.79017438);
363404;2020-10-24 17:51:00;AVENIDA C CJ JOSE WALTER, ;AVENIDA JOAO DE ARAUJO LIMA, ; ;;;Colisão;Anoitecer;;;Outros;Semáforo;Cruzamento;0;1;1;1;1;0;0;0;0;0;0;0;0;(-38.559368 -3.827604);
363395;2020-10-24 17:40:00;RUA PROF. MANOEL LOURENCO, 419;, ; 419;;;Colisão;Anoitecer;;;Meio de Quadra;;Longo da via;0;1;1;1;1;0;0;0;0;0;0;0;0;(-38.626 -3.80548);
363394;2020-10-24 16:42:00;AVENIDA WASHINGTON LUIS, 169;, ; 169;;;Atropelamento;Luz do Dia;;;Meio de Quadra;;Longo da via;0;2;0;0;0;0;0;0;0;0;0;0;0;(-38.5906706 -3.71716424);