COD_ACIDENTE;DATA;LOG1;LOG2;NUMERO;BAIRRO;AMC;NATUREZA;ILUMINACAO;TEMPO;SUPERFICIEPISTA;TIPOCRUZAMENTO;CONTROLETRAFEGO;USOSOLO;MORTOS;FERIDOS;ILESOS;MOTOCICLETA;AUTOMOVEL;MICROONIBUS;CAMINHAO;ONIBUS;CICLOMOTOR;BICICLETA;OUTROS;TREM;TRACAOANIMAL;COORDENADAS
363387;2020-10-24 16:20:00;RUA STA ROSA D20/21 (JACARECANGA), 401;, ; 401;;;Atropelamento;Luz do Dia;;;Meio de Quadra;;Longo da via;0;1;1;1;0;0;0;0;0;0;0;0;0;(-38.5533365 -3.71287082);
363385;2020-10-24 15:13:00;AVENIDA CEL CARVALHO, 2021;, ; 2021;;;Colisão;Luz do Dia;;;Meio de Quadra;;Longo da via;0;1;1;1;1;0;0;0;0;0;0;0;0;(-38.5871809 -3.7203315);
363382;2020-10-24 15:01:00;RUA PDE PEDRO DE ALENCAR, 2363;, ; 2363;;;Queda;Luz do Dia;;;Meio de Quadra;;Longo da via;0;1;0;1;0;0;0;0;0;0;0;0;0;(0 0);
364263;2020-10-24 14:47:00;AVENIDA LUCIANO CARNEIRO, 2585;, ; 2585;;;Colisão;Luz do Dia;;;Meio de Quadra;;Longo da via;0;1;0;1;1;0;0;0;0;0;0;0;0;(-38.538518 -3.770921);
363206;2020-10-24 14:10:00;RUA NAT FEIJO, ;RUA GERSON FARIAS, ; ;;;Colisão Transversal;Luz do Dia;Bom;Seca;Duplo T;Não Há Controle;Cruzamento;0;3;1;1;2;0;0;0;0;0;0;0;0;(-38.552399 -3.722386);
362597;2020-10-24 13:14:00;RUA DOM HENRIQUE, ;RUA ANTONIO COSTA MENDES, ; ;;;Colisão Lateral;Luz do Dia;Bom;Seca;Meio de Quadra;Pare;Cruzamento;0;1;1;1;1;0;0;0;0;0;0;0;0;(-38.5814686 -3.7875763);
363379;2020-10-24 13:02:00;RUA PORTO VELHO, 1434;, ; 1434;;;Colisão;Luz do Dia;;;Meio de Quadra;;Longo da via;0;1;1;1;0;0;1;0;0;0;0;0;0;(-38.5916434 -3.76348977);
363378;2020-10-24 11:54:00;AVENIDA GAL OSORIO DE PAIVA, 7627;, ; 7627;;;Colisão;Luz do Dia;;;Meio de Quadra;;Longo da via;0;1;1;1;1;0;0;0;0;0;0;0;0;(-38.6158 -3.81901);
363372;2020-10-24 11:52:00;RUA POMPILIO GOMES, 271;, ; 271;;;Colisão;Luz do Dia;;;Meio de Quadra;;Longo da via;0;1;1;1;1;0;0;0;0;0;0;0;0;(0 0);
364818;2020-10-24 11:35:00;RUA VALPARAISO, 1292;, ; 1292;;;Colisão;Luz do Dia;;;Meio de Quadra;;Longo da via;0;2;0;1;1;0;0;0;0;0;0;0;0;(-38.5299982 -3.84075158);
363369;2020-10-24 11:26:00;RUA CON DE CASTRO, 1140;, ; 1140;;;Queda;Luz do Dia;;;Meio de Quadra;;Longo da via;0;1;0;1;0;0;0;0;0;0;0;0;0;(-38.570643 -3.781974);
363347;2020-10-24 11:19:00;RUA FRANCISCO PAIVA, 1119;, ; 1119;;;Colisão;Luz do Dia;;;Meio de Quadra;;Longo da via;0;1;1;1;1;0;0;0;0;0;0;0;0;(-38.61465 -3.79209);
363345;2020-10-24 10:18:00;AVENIDA SANTOS DUMONT, 7700;, ; 7700;;;Colisão;Luz do Dia;;;Meio de Quadra;;Longo da via;0;1;1;0;1;0;0;0;0;1;0;0;0;(-38.4642195 -3.74723);
364816;2020-10-24 10:10:00;RUA CEL FABRICIANO, ;, ; ;;;Colisão;Luz do Dia;;;Meio de Quadra;;Longo da via;0;2;0;1;0;0;0;1;0;0;0;0;0;(0 0);
363175;2020-10-24 09:04:00;RUA COSME JERONIMO, 1281;, ; 1281;;;Colisão Frontal;Luz do Dia;Bom;Seca;Meio de Quadra;Não Há Controle;Longo da via;0;1;1;0;1;0;0;1;0;0;0;0;0;(-38.58731 -3.82352);
363341;2020-10-24 08:59:00;RUA SOLON PINHEIRO, 1041;, ; 1041;;;Colisão;Luz do Dia;;;Meio de Quadra;;Longo da via;0;1;1;1;1;0;0;0;0;0;0;0;0;(-38.52917 -3.73958);
363339;2020-10-24 08:25:00;AVENIDA SANTOS DUMONT, ;RUA SILVA PAULET, ; ;;;Colisão;Luz do Dia;;;Cruz;Pare;Cruzamento;0;1;1;1;1;0;0;0;0;0;0;0;0;(-38.505258 -3.733985);
363337;2020-10-24 07:59:00;RUA POMPILIO GOMES, 1911;, ; 1911;;;Colisão;Luz do Dia;;;Meio de Quadra;;Longo da via;0;2;0;2;0;0;0;0;0;0;0;0;0;(-38.521258 -3.82855829);
363336;2020-10-24 07:26:00;RUA ANTONIO NERY, ;RUA JOSE ABILIO, ; ;;;Colisão;Luz do Dia;;;Cruz;Pare;Cruzamento;0;2;0;0;0;0;0;0;0;0;0;0;0;(-38.601558286 -3.783013774);
363335;2020-10-24 06:56:00;AVENIDA GAL OSORIO DE PAIVA, 4249;, ; 4249;;;Queda;Luz do Dia;;;Meio de Quadra;;Longo da via;0;1;0;1;0;0;0;0;0;0;0;0;0;(-38.593715 -3.79609462);
363334;2020-10-24 06:41:00;AVENIDA GAL OSORIO DE PAIVA, 6128;, ; 6128;;;Colisão;Luz do Dia;;;Meio de Quadra;;Longo da via;0;2;0;1;1;0;0;0;0;0;0;0;0;(-38.607132 -3.809989);
363333;2020-10-24 05:09:00;AVENIDA PENETRACAO NORTE SUL, ;AVENIDA CONTORNO NORTE D71, ; ;;;Colisão;Amanhecer;;;;;Cruzamento;0;1;1;1;1;0;0;0;0;0;0;0;0;(-38.589921 -3.811235);
362595;2020-10-24 03:02:00;AVENIDA BORGES DE MELO, 1591;, ; 1591;;;Colisão Lateral;Luz do Dia;Nublado;Seca;Meio de Quadra;Semáforo;Longo da via;0;1;1;0;2;0;0;0;0;0;0;0;0;(-38.532629 -3.757729);
363332;2020-10-24 00:59:00;AVENIDA ROGACIANO LEITE, 2160;, ; 2160;;;Colisão;;;;Meio de Quadra;;Longo da via;0;2;0;0;0;0;0;0;0;0;0;0;0;(-38.499111 -3.773825);
363331;2020-10-24 00:54:00;RUA VITAL BRASIL, 1759;, ; 1759;;;Colisão;;;;Meio de Quadra;;Longo da via;0;1;1;1;1;0;0;0;0;0;0;0;0;(-38.5965473 -3.77842312);
363980;2020-10-23 23:05:00;RUA CON DE CASTRO, 3951;, ; 3951;;;Colisão;;;;Meio de Quadra;;Longo da via;0;2;0;1;1;0;0;0;0;0;0;0;0;(0 0);
363979;2020-10-23 22:25:00;RUA ROSA LEITE OLIVEIRA, 1089;, ; 1089;;;Colisão;;;;Meio de Quadra;;Longo da via;0;1;0;1;1;0;0;0;0;0;0;0;0;(-38.58729 -3.72791);
363324;2020-10-23 22:00:00;AVENIDA DOS EXPEDICIONARIOS, ;RUA ANDRE CHAVES, ; ;;;Colisão Transversal;Anoitecer;Bom;Seca;Cruz;Semáforo;Cruzamento;0;2;0;1;1;0;0;0;0;0;0;0;0;(-38.538903 -3.757345);
362591;2020-10-23 21:41:00;AVENIDA GAL OSORIO DE PAIVA, 14;, ; 14;;;Colisão Lateral;Via Iluminada;Bom;Seca;Outros;Pare;Longo da via;0;1;1;0;2;0;0;0;0;0;0;0;0;(-38.562299 -3.771795);
362592;2020-10-23 21:21:00;RUA LEONARDO MOTA, 715;, ; 715;;;Colisão Lateral;Via Iluminada;Bom;Seca;Meio de Quadra;Gesto;Longo da via;0;1;1;1;1;0;0;0;0;0;0;0;0;(-38.49504945 -3.732618545);
363978;2020-10-23 21:01:00;AVENIDA DOS EXPEDICIONARIOS, 4474;, ; 4474;;;Colisão;;;;Meio de Quadra;;Longo da via;0;1;0;1;1;0;0;0;0;0;0;0;0;(-38.53894512 -3.757494394);
363172;2020-10-23 21:00:00;AVENIDA PRS CASTELO BRANCO, 3732;, ; 3732;;;Colisão Frontal;Via Iluminada;Bom;Seca;Meio de Quadra;Semáforo Intermitente;Longo da via;0;1;1;1;0;0;0;1;0;0;0;0;0;(-38.565404 -3.709425);
362594;2020-10-23 20:54:00;RUA 20 CJ JOSE WALTER, 15;, ; 15;;;Choque c/ Obstáculo Fixo;Anoitecer;Bom;Seca;Meio de Quadra;Não Há Controle;Longo da via;0;1;0;0;1;0;0;0;0;0;0;0;0;(-38.5515698 -3.82673204);
364796;2020-10-23 20:50:00;RUA OSCAR ARARIPE, 3611;, ; 3611;;;Colisão;;;;Meio de Quadra;;Longo da via;0;1;0;0;0;0;0;0;0;0;0;0;0;(-38.622939 -3.78387);
363977;2020-10-23 20:42:00;RUA PDE PERDIGAO SAMPAIO, 661;, ; 661;;;Colisão;;;;Meio de Quadra;;Longo da via;0;1;0;1;1;0;0;0;0;0;0;0;0;(-38.594331 -3.742255);
363976;2020-10-23 20:13:00;AVENIDA GODOFREDO MACIEL, 922;, ; 922;;;Colisão;;;;Meio de Quadra;;Longo da via;0;1;0;0;2;0;0;0;0;0;0;0;0;(-38.566483 -3.7848814);
362593;2020-10-23 20:00:00;AVENIDA GODOFREDO MACIEL, ;RUA ROQUET PINTO, ; ;;;Engavetamento;Via Iluminada;Bom;Seca;T;Semáforo;Cruzamento;0;0;5;0;3;0;0;0;0;0;0;0;0;(-38.566182 -3.784418);
362590;2020-10-23 19:14:00;RUA DELMIRO FARIAS, ;RUA MON FURTADO, ; ;;;Colisão Transversal;Anoitecer;Bom;Seca;Cruz;Não Há Controle;Cruzamento;0;1;1;1;1;0;0;0;0;0;0;0;0;(-38.55055 -3.747544);
363974;2020-10-23 18:13:00;AVENIDA SORIANO ALBUQUERQUE, ;RUA JOAO CORDEIRO, ; ;;;Colisão;Anoitecer;;;Cruz;Pare;Cruzamento;0;1;0;0;0;0;0;0;0;0;1;0;0;(-38.519458 -3.747871);
363972;2020-10-23 18:08:00;RUA PDE VALDEVINO, ;, ; ;;;Atropelamento;Anoitecer;;;Meio de Quadra;;Longo da via;0;1;0;1;0;0;0;0;0;0;0;0;0;(0 0);
362289;2020-10-23 18:00:00;RD BR 116, ;, ; ;;;Engavetamento;Anoitecer;;Seca;Meio de Quadra;;Longo da via;0;1;3;2;2;0;0;0;0;0;0;0;0;(-38.51678 -3.771391);
363969;2020-10-23 17:58:00;RUA MARQ DE ABRANTES, 890;, ; 890;;;Acidente Pessoal;Anoitecer;;;Meio de Quadra;;Longo da via;0;1;0;1;1;0;0;0;0;0;0;0;0;(0 0);
363968;2020-10-23 17:34:00;RUA MARIA GOMES DE SA, ;, ; ;;;Colisão;Anoitecer;;;Meio de Quadra;;Longo da via;0;1;0;1;0;0;0;0;0;1;0;0;0;(0 0);
363967;2020-10-23 17:33:00;AVENIDA MR HULL, 5000;, ; 5000;;;Colisão;Anoitecer;;;Meio de Quadra;;Longo da via;0;1;0;1;0;0;1;0;0;0;0;0;0;(-38.5886706 -3.739210614);
363966;2020-10-23 16:16:00;AVENIDA GODOFREDO MACIEL, 393;, ; 393;;;Colisão;Luz do Dia;;;Meio de Quadra;;Longo da via;0;1;0;1;1;0;0;0;0;0;0;0;0;(-38.5648052 -3.77984564);
364799;2020-10-23 16:10:00;AVENIDA WASHINGTON SOARES, 2601;, ; 2601;;;Outros;Luz do Dia;;;Meio de Quadra;;Longo da via;0;1;0;1;0;0;0;0;0;0;0;0;0;(-38.48095 -3.7828);
363965;2020-10-23 15:40:00;RUA JOSE MARTINS, 1935;, ; 1935;;;Colisão;Luz do Dia;;;Meio de Quadra;;Longo da via;0;1;0;1;1;0;0;0;0;0;0;0;0;(-38.6094 -3.78646);
363964;2020-10-23 15:14:00;AVENIDA GAL OSORIO DE PAIVA, ;, ; ;;;Colisão;Luz do Dia;;;Meio de Quadra;;Longo da via;0;1;0;1;1;0;0;0;0;0;0;0;0;(0 0);
363961;2020-10-23 15:06:00;RD CE-040, ;, ; ;;;Atropelamento;Luz do Dia;;;Meio de Quadra;;Longo da via;0;1;0;0;0;0;0;0;0;0;1;0;0;(0 0);
363960;2020-10-23 14:43:00;RUA GERMANO FRANCK, 765;, ; 765;;;Colisão;Luz do Dia;;;Meio de Quadra;;Longo da via;0;1;0;1;1;0;0;0;0;0;0;0;0;(-38.5627834 -3.77790711);
364797;2020-10-23 14:10:00;AVENIDA MAE MANOEL MAVIGNIER, 6321;, ; 6321;;;Colisão;Luz do Dia;;;Meio de Quadra;;Longo da via;0;2;0;0;2;0;0;0;0;0;0;0;0;(0 0);
362589;2020-10-23 13:00:00;AVENIDA GAL OSORIO DE PAIVA, 2962;, ; 2962;;;Colisão Traseira;Luz do Dia;Bom;Seca;;;Longo da via;0;1;1;1;1;0;0;0;0;0;0;0;0;(-38.5863515 -3.788585);
363958;2020-10-23 12:59:00;RUA JABORANDI, 1838;, ; 1838;;;Colisão;Luz do Dia;;;Meio de Quadra;;Longo da via;0;1;0;1;1;0;0;0;0;0;0;0;0;(-38.518759 -3.842688);
363957;2020-10-23 12:06:00;RUA LAURO MAIA, ;RUA GUILHERME MOREIRA, ; ;;;Colisão;Luz do Dia;;;Cruz;Pare;Cruzamento;0;1;0;0;2;0;0;0;0;0;0;0;0;(-38.522399 -3.749673);
363956;2020-10-23 11:46:00;AVENIDA PERIMETRAL, 669;, ; 669;;;Colisão;Luz do Dia;;;Meio de Quadra;;Longo da via;0;1;0;1;1;0;0;0;0;0;0;0;0;(0 0);
362588;2020-10-23 11:37:00;AVENIDA DR SILAS MUNGUBA, ;RUA AMERICO VESPUCIO, ; ;;;Capotamento;Luz do Dia;Bom;Seca;T;Semáforo;Cruzamento;0;1;1;0;2;0;0;0;0;0;0;0;0;(-38.54987 -3.7865644);
362587;2020-10-23 10:39:00;RUA NOGUEIRA ACIOLI, 1462;, ; 1462;;;Não informado;Luz do Dia;Bom;Seca;;;Longo da via;0;1;1;1;1;0;0;0;0;0;0;0;0;(-38.518995 -3.73639);
362586;2020-10-23 09:50:00;AVENIDA VIS RIO BRANCO, ;RUA METON DE ALENCAR, ; ;;;Colisão Traseira;Luz do Dia;Bom;Seca;Cruz;Semáforo;Cruzamento;0;1;1;2;0;0;0;0;0;0;0;0;0;(-38.524153 -3.73577);
363955;2020-10-23 09:39:00;AVENIDA DIOGUINHO, 3999;, ; 3999;;;Colisão;Luz do Dia;;;Meio de Quadra;;Longo da via;0;2;0;0;0;0;0;0;0;0;1;0;0;(-38.44873 -3.7501);
363168;2020-10-23 09:30:00;AVENIDA DIOGUINHO, 2800;, ; 2800;;;Colisão Traseira;Luz do Dia;Bom;Seca;Meio de Quadra;Outros;Longo da via;0;2;0;0;0;0;0;2;0;0;0;0;0;(-38.45397 -3.74052);
363950;2020-10-22 22:17:00;AVENIDA JOSE BASTOS, 4000;, ; 4000;;;Acidente Pessoal;;;;Meio de Quadra;;Longo da via;0;2;0;0;0;0;0;0;0;0;1;0;0;(-38.5537565 -3.7532955);
362585;2020-10-22 21:28:00;RUA COSTA BARROS, ;RUA SILVA PAULET, ; ;;;Colisão Transversal;Via Iluminada;Bom;Seca;Cruz;Pare;Cruzamento;0;3;0;0;2;0;0;0;0;0;0;0;0;(-38.504799 -3.732565);
363949;2020-10-22 20:57:00;RUA COSTA BARROS, ;RUA SILVA PAULET, ; ;;;Colisão;;;;Cruz;Pare;Cruzamento;0;1;0;0;0;0;0;0;0;0;1;0;0;(-38.504799 -3.732565);
363948;2020-10-22 20:22:00;AVENIDA BEZERRA DE MENEZES, 342;, ; 342;;;Queda;;;;Meio de Quadra;;Longo da via;0;1;0;0;0;0;0;0;0;1;0;0;0;(-38.5478804 -3.73223086);
363947;2020-10-22 20:16:00;AVENIDA WASHINGTON SOARES, ;, ; ;;;Colisão;;;;Meio de Quadra;;Longo da via;0;1;0;0;1;0;0;0;0;1;0;0;0;(0 0);
363945;2020-10-22 19:40:00;RUA PDE GUERRA, 755;, ; 755;;;Colisão;;;;Meio de Quadra;;Longo da via;0;1;0;0;0;0;0;0;0;0;1;0;0;(-38.5509999 -3.73755836);
363937;2020-10-22 19:29:00;RUA PAULA NEI, 729;, ; 729;;;Colisão;;;;Meio de Quadra;;Longo da via;0;1;0;1;1;0;0;0;0;0;0;0;0;(-38.4917982 -3.74160841);
363943;2020-10-22 19:09:00;AVENIDA GODOFREDO MACIEL, ;, ; ;;;Colisão;;;;Meio de Quadra;;Longo da via;0;2;0;1;1;0;0;0;0;0;0;0;0;(0 0);
363942;2020-10-22 18:55:00;RUA PEDRO DE SOUZA, 558;, ; 558;;;Queda;;;;Meio de Quadra;;Longo da via;0;1;0;1;0;0;0;0;0;0;0;0;0;(-38.5003867 -3.85224843);
363141;2020-10-22 18:45:00;AVENIDA DR THEBERGE, 1073;, ; 1073;;;Colisão Traseira;Via Iluminada;Bom;Seca;Meio de Quadra;;Longo da via;0;1;1;1;1;0;0;0;0;0;0;0;0;(-38.5641698 -3.7122552);
363939;2020-10-22 18:12:00;AVENIDA CARNEIRO DE MENDONCA, 583;, ; 583;;;Colisão;Anoitecer;;;Meio de Quadra;;Longo da via;0;1;0;0;0;0;0;0;0;0;1;0;0;(-38.56508 -3.764986);
363938;2020-10-22 18:04:00;RUA D JD MESSEJANA, 3185;, ; 3185;;;Colisão;Anoitecer;;;Meio de Quadra;;Longo da via;0;1;0;0;0;0;0;0;0;0;1;0;0;(0 0);
362288;2020-10-22 17:20:00;RD BR 116, ;, ; ;;;Colisão Lateral;Anoitecer;;Seca;Meio de Quadra;;Longo da via;0;1;1;1;1;0;0;0;0;0;0;0;0;(-38.497727 -3.86467);
362584;2020-10-22 17:14:00;AVENIDA PRO GOMES DE MATOS, 1680;, ; 1680;;;Colisão Traseira;Luz do Dia;Bom;Seca;Meio de Quadra;Não Há Controle;Longo da via;0;0;3;1;2;0;0;0;0;0;0;0;0;(-38.5499447 -3.76620114);
362287;2020-10-22 17:00:00;RD BR 020, ;, ; ;;;Tombamento;Anoitecer;;Seca;Meio de Quadra;;Longo da via;0;2;0;1;0;0;0;0;0;0;0;0;0;(-38.508333 -3.868769);
363936;2020-10-22 15:26:00;AVENIDA JOVITA FEITOSA, ;RUA GAL PIRAGIBE, ; ;;;Colisão;Luz do Dia;;;Cruz;Semáforo;Cruzamento;0;1;0;1;1;0;0;0;0;0;0;0;0;(-38.557484 -3.740049);
364794;2020-10-22 15:05:00;RUA ROBERTO SILVA, 70;, ; 70;;;Choque c/ Obstáculo Fixo;Luz do Dia;;;Meio de Quadra;;Longo da via;0;1;0;0;1;0;0;0;0;0;0;0;0;(-38.47579 -3.77260782);
363935;2020-10-22 14:45:00;AVENIDA BENJAMIM BRASIL, 430;, ; 430;;;Queda;Luz do Dia;;;Meio de Quadra;;Longo da via;0;1;0;1;0;0;0;0;0;0;0;0;0;(-38.569219 -3.804141);
362583;2020-10-22 14:00:00;RUA METON DE ALENCAR, ;RUA MAJ FACUNDO, ; ;;;Colisão Transversal;Luz do Dia;Bom;Seca;Cruz;Pare;Cruzamento;0;1;1;1;1;0;0;0;0;0;0;0;0;(-38.529899 -3.733917);
363934;2020-10-22 13:43:00;RUA CARLOS VASCONCELOS, ;AVENIDA HERACLITO GRACA, ; ;;;Colisão;Luz do Dia;;;Cruz;Semáforo;Cruzamento;0;1;0;2;0;0;0;0;0;0;0;0;0;(-38.512285 -3.73759);
363933;2020-10-22 13:38:00;AVENIDA DOS EXPEDICIONARIOS, 5425;, ; 5425;;;Colisão;Luz do Dia;;;Meio de Quadra;;Longo da via;0;1;0;2;0;0;0;0;0;0;0;0;0;(-38.5418008 -3.76699086);
363932;2020-10-22 12:07:00;RUA BANDEIRA DE MELO, ;RUA CAPRICHO, ; ;;;Colisão;Luz do Dia;;;;;Cruzamento;0;1;0;2;0;0;0;0;0;0;0;0;0;(-38.52517 -3.78736);
363931;2020-10-22 12:04:00;AVENIDA DUQ CAXIAS, 101;, ; 101;;;Atropelamento;Luz do Dia;;;Meio de Quadra;;Longo da via;0;1;0;0;1;0;0;0;0;0;0;0;0;(-38.525704 -3.733137);
363930;2020-10-22 10:56:00;RUA PERNAMBUCO, 1891;, ; 1891;;;Atropelamento;Luz do Dia;;;Meio de Quadra;;Longo da via;0;1;0;1;0;0;0;0;0;0;0;0;0;(-38.57436685 -3.755397282);
363941;2020-10-22 10:37:00;RUA LUIS VIEIRA, 166;, ; 166;;;Atropelamento;Luz do Dia;;;Meio de Quadra;;Longo da via;0;1;0;1;0;0;0;0;0;0;0;0;0;(-38.5862627 -3.79683828);
363929;2020-10-22 10:31:00;AVENIDA PRS COSTA E SILVA, 2230;, ; 2230;;;Queda;Luz do Dia;;;Meio de Quadra;;Longo da via;0;1;0;1;0;0;0;0;0;0;0;0;0;(-38.5616482 -3.81953857);
363928;2020-10-22 09:50:00;RUA DES PRAXEDES, 210;, ; 210;;;Atropelamento;Luz do Dia;;;Meio de Quadra;;Longo da via;0;1;0;0;1;0;0;0;0;0;0;0;0;(-38.55191 -3.75808);
362582;2020-10-22 09:48:00;AVENIDA ABOLICAO, ;RUA SILVA PAULET, ; ;;;Colisão Traseira;Luz do Dia;Chuva;Molhada;T;Não Há Controle;Cruzamento;0;1;1;1;1;0;0;0;0;0;0;0;0;(-38.502412 -3.725111);
363927;2020-10-22 09:05:00;AVENIDA ANTONIO SALES, 3410;, ; 3410;;;Queda;Luz do Dia;;;Meio de Quadra;;Longo da via;0;1;0;1;0;0;0;0;0;0;0;0;0;(-38.494494 -3.747916);
363926;2020-10-22 09:01:00;AVENIDA ENG HUMBERTO MONTE, ;AVENIDA JOSE BASTOS, ; ;;;Colisão;Luz do Dia;;;T;Semáforo;Cruzamento;0;1;0;1;1;0;0;0;0;0;0;0;0;(-38.555455 -3.754966);
363118;2020-10-22 09:00:00;RUA PESSOA ANTA, ;AVENIDA ALBERTO NEPOMUCENO, ; ;;;Colisão Traseira;Luz do Dia;Chuva;Molhada;;;Cruzamento;0;0;2;0;2;0;0;0;0;0;0;0;0;(-38.523212 -3.721257);
363924;2020-10-22 08:51:00;RUA COS LAFAYETE, ;RUA ALBERTO DE OLIVEIRA, ; ;;;Colisão;Luz do Dia;;;;Pare;Cruzamento;0;1;0;1;1;0;0;0;0;0;0;0;0;(-38.579371 -3.718321);
362581;2020-10-22 08:00:00;AVENIDA EDILSON B SOARES, ;AVENIDA MIN GENTIL BARREIRA, ; ;;;Colisão Transversal;Luz do Dia;Chuva;Molhada;Cruz;Não Há Controle;Cruzamento;0;0;2;0;2;0;0;0;0;0;0;0;0;(-38.47202 -3.78867);
363951;2020-10-22 07:54:00;AVENIDA VIS RIO BRANCO, ;RUA METON DE ALENCAR, ; ;;;Colisão;Luz do Dia;;;Cruz;Semáforo;Cruzamento;0;1;0;2;0;0;0;0;0;0;0;0;0;(-38.524153 -3.73577);
362580;2020-10-22 07:48:00;AVENIDA D CJ JOSE WALTER, ;AVENIDA J CJ JOSE WALTER, ; ;;;Choque c/ Obstáculo Fixo;Amanhecer;Chuva;Molhada;T;Pare;Cruzamento;0;1;0;0;1;0;0;0;0;0;0;0;0;(-38.555832 -3.831599);
363920;2020-10-22 07:32:00;AVENIDA 13 DE MAIO, 825;, ; 825;;;Colisão;Luz do Dia;;;Meio de Quadra;;Longo da via;0;1;0;1;1;0;0;0;0;0;0;0;0;(-38.52734 -3.751503);
363918;2020-10-22 07:04:00;RUA EURICO MEDINA, 1150;, ; 1150;;;Queda;Luz do Dia;;;Meio de Quadra;;Longo da via;0;1;0;1;0;0;0;0;0;0;0;0;0;(-38.5882643 -3.76288242);
363916;2020-10-22 06:59:00;AVENIDA GODOFREDO MACIEL, ;, ; ;;;Colisão;Luz do Dia;;;Meio de Quadra;;Longo da via;0;1;0;1;1;0;0;0;0;0;0;0;0;(0 0);
363914;2020-10-22 06:51:00;RUA CON DE CASTRO, 3032;, ; 3032;;;Colisão;Luz do Dia;;;Meio de Quadra;;Longo da via;0;1;0;1;1;0;0;0;0;0;0;0;0;(-38.583003 -3.795357);
363912;2020-10-22 06:02:00;RUA LEONARDO MOTA, 716;, ; 716;;;Queda;Luz do Dia;;;Meio de Quadra;;Longo da via;0;1;0;1;0;0;0;0;0;0;0;0;0;(-38.49501 -3.7324942);
363910;2020-10-22 05:50:00;AVENIDA FRANCISCO SA, ;, ; ;;;Colisão;Amanhecer;;;Meio de Quadra;;Longo da via;0;1;0;1;1;0;0;0;0;0;0;0;0;(0 0);
363925;2020-10-22 00:55:00;RUA JOSE VILAR, 2180;, ; 2180;;;Queda;;;;Meio de Quadra;;Longo da via;0;1;0;1;0;0;0;0;0;0;0;0;0;(-38.50714 -3.74348);
364790;2020-10-21 21:30:00;AVENIDA JOSE LEON, ;RUA STENIO GOMES (JD OLIVEIRAS), ; ;;;Colisão;;;;T;Pare;Cruzamento;0;2;0;1;0;0;1;0;0;0;0;0;0;(-38.499427 -3.788419);
362998;2020-10-21 21:20:00;AVENIDA DOS EXPEDICIONARIOS, ;RUA EDUARDO ANGELIM, ; ;;;Colisão Transversal;Via Iluminada;Bom;Seca;T;Outros;Cruzamento;0;2;1;1;1;0;0;0;0;0;0;0;0;(-38.54292 -3.77059);
363009;2020-10-21 19:27:00;AVENIDA JOSE LEON, 1300;, ; 1300;;;Colisão Lateral;Via Iluminada;Bom;;Meio de Quadra;Semáforo;Longo da via;0;1;1;1;0;0;1;0;0;0;0;0;0;(-38.499427 -3.788419);
363904;2020-10-21 19:03:00;AVENIDA MR HULL, ;, ; ;;;Colisão;;;;Meio de Quadra;;Longo da via;0;1;0;1;1;0;0;0;0;0;0;0;0;(0 0);
363903;2020-10-21 18:55:00;RUA BERNARDO MANUEL, 8321;, ; 8321;;;Colisão;;;;Meio de Quadra;;Longo da via;0;1;0;1;1;0;0;0;0;0;0;0;0;(-38.5495494 -3.79258421);
363901;2020-10-21 18:20:00;AVENIDA SGT HERMINIO SAMPAIO, 4588;, ; 4588;;;Colisão;Anoitecer;;;Meio de Quadra;;Longo da via;0;2;0;0;0;0;0;0;0;0;1;0;0;(-38.580505 -3.73201867);
363900;2020-10-21 18:04:00;AVENIDA SEN CARLOS JEREISSATI (AEROPORTO), ;, ; ;;;Colisão;Anoitecer;;;Meio de Quadra;;Longo da via;0;1;0;2;0;0;0;0;0;0;0;0;0;(0 0);
363889;2020-10-21 17:50:00;AVENIDA MAE LISBOA, ;, ; ;;;Colisão;Anoitecer;;;Meio de Quadra;;Longo da via;0;1;0;2;0;0;0;0;0;0;0;0;0;(0 0);
362965;2020-10-21 17:20:00;AVENIDA DIOGUINHO, ;AVENIDA DR ALDY MENTOR, ; ;;;Colisão Frontal;Anoitecer;Bom;Seca;Cruz;Semáforo;Cruzamento;0;2;1;1;1;0;0;0;0;0;0;0;0;(-38.4459 -3.7561705);
363887;2020-10-21 15:52:00;AVENIDA GAL OSORIO DE PAIVA, 3638;, ; 3638;;;Colisão;Luz do Dia;;;Meio de Quadra;;Longo da via;0;1;0;0;0;0;0;0;0;0;1;0;0;(-38.590037 -3.792369);
362578;2020-10-21 15:02:00;AVENIDA JOSE LEON, 2713;, ; 2713;;;Colisão Frontal;Luz do Dia;Bom;Seca;Meio de Quadra;Pare;Longo da via;0;1;1;1;1;0;0;0;0;0;0;0;0;(-38.488212 -3.791144);
362577;2020-10-21 14:31:00;RUA PESSOA ANTA, ;RUA BORIS, ; ;;;Colisão Lateral;Luz do Dia;Bom;Seca;Cruz;Não Há Controle;Cruzamento;0;1;1;1;1;0;0;0;0;0;0;0;0;(-38.521017 -3.720976);
363886;2020-10-21 14:17:00;AVENIDA DR SILAS MUNGUBA, 3038;, ; 3038;;;Colisão;Luz do Dia;;;Meio de Quadra;;Longo da via;0;1;0;1;1;0;0;0;0;0;0;0;0;(-38.54649978 -3.788218222);