COD_ACIDENTE;DATA;LOG1;LOG2;NUMERO;BAIRRO;AMC;NATUREZA;ILUMINACAO;TEMPO;SUPERFICIEPISTA;TIPOCRUZAMENTO;CONTROLETRAFEGO;USOSOLO;MORTOS;FERIDOS;ILESOS;MOTOCICLETA;AUTOMOVEL;MICROONIBUS;CAMINHAO;ONIBUS;CICLOMOTOR;BICICLETA;OUTROS;TREM;TRACAOANIMAL;COORDENADAS
362576;2020-10-21 14:10:00;AVENIDA EDUARDO GIRAO, ;AVENIDA LUCIANO CARNEIRO, ; ;;;Colisão Traseira;Luz do Dia;Bom;Seca;Cruz;Semáforo;Cruzamento;0;0;2;0;1;0;0;0;0;0;0;0;0;(-38.532811 -3.752275);
362575;2020-10-21 13:32:00;RUA MON CATAO, ;RUA BENI DE CARVALHO, ; ;;;Colisão Transversal;Luz do Dia;Bom;Seca;Cruz;Não Há Controle;Cruzamento;0;1;1;1;1;0;0;0;0;0;0;0;0;(-38.493113 -3.746618);
363058;2020-10-21 13:30:00;AVENIDA NORTE SUL, ;, ; ;;;Colisão Lateral;Luz do Dia;Bom;Seca;;;Longo da via;0;2;0;1;1;0;0;0;0;0;0;0;0;(0 0);
363884;2020-10-21 13:16:00;RUA GAL PIRAGIBE, ;RUA DAMIAO FERNANDES, ; ;;;Colisão;Luz do Dia;;;;;Cruzamento;0;1;0;1;1;0;0;0;0;0;0;0;0;(-38.55677 -3.74358);
364792;2020-10-21 13:15:00;RUA GUILHERME MOREIRA, ;RUA DOM SEBASTIAO LEME, ; ;;;Colisão;Luz do Dia;;;Cruz;Pare;Cruzamento;0;2;0;1;1;0;0;0;0;0;0;0;0;(-38.52559 -3.750073);
363068;2020-10-21 12:30:00;RUA JOAO BRIGIDO, ;RUA J DA PENHA, ; ;;;Colisão Traseira;Luz do Dia;Bom;Seca;Cruz;Pare;Cruzamento;0;2;0;2;0;0;0;0;0;0;0;0;0;(-38.521117 -3.738925);
363883;2020-10-21 12:04:00;AVENIDA CONTORNO SUL, 937;, ; 937;;;Colisão;Luz do Dia;;;Meio de Quadra;;Longo da via;0;1;0;1;1;0;0;0;0;0;0;0;0;(-38.5188407 -3.83713055);
363065;2020-10-21 12:00:00;AVENIDA CESAR CALS, 1231;, ; 1231;;;Colisão Transversal;Luz do Dia;Bom;Seca;Meio de Quadra;Não Há Controle;Longo da via;0;2;1;1;2;0;0;0;0;0;0;0;0;(-38.4603793 -3.72870283);
363882;2020-10-21 11:42:00;AVENIDA ENG SANTANA JUNIOR, 1221;, ; 1221;;;Colisão;Luz do Dia;;;Meio de Quadra;;Longo da via;0;1;0;1;1;0;0;0;0;0;0;0;0;(-38.483756 -3.738325);
363881;2020-10-21 11:02:00;AVENIDA AGUANAMBI, 889;, ; 889;;;Colisão;Luz do Dia;;;Meio de Quadra;;Longo da via;0;1;0;1;1;0;0;0;0;0;0;0;0;(-38.5255582 -3.74448667);
363021;2020-10-21 11:00:00;AVENIDA ROGACIANO LEITE, ;RUA PDE FRANCISCO PITA, ; ;;;Outros;Luz do Dia;Bom;Seca;Cruz;Semáforo;Cruzamento;0;1;1;2;0;0;0;0;0;0;0;0;0;(-38.501766 -3.78096);
364788;2020-10-21 09:32:00;AVENIDA DIOGUINHO, ;RUA RENATO BRAGA, ; ;;;Colisão;Luz do Dia;;;Cruz;Semáforo;Cruzamento;0;2;0;0;2;0;0;0;0;0;0;0;0;(-38.458889 -3.731428);
362284;2020-10-21 09:00:00;RD BR 116, ;, ; ;;;Colisão;Luz do Dia;;Seca;Meio de Quadra;;Longo da via;0;1;1;1;1;0;0;0;0;0;0;0;0;(-38.503053 -3.804691);
363877;2020-10-21 08:58:00;AVENIDA JOSE BASTOS, ;, ; ;;;Colisão;Luz do Dia;;;Meio de Quadra;;Longo da via;0;1;0;1;1;0;0;0;0;0;0;0;0;(0 0);
363878;2020-10-21 08:58:00;AVENIDA PRS COSTA E SILVA, 2560;, ; 2560;;;Colisão;Luz do Dia;;;Meio de Quadra;;Longo da via;0;1;0;2;0;0;0;0;0;0;0;0;0;(-38.5592398 -3.82068886);
363875;2020-10-21 08:58:00;AVENIDA WASHINGTON SOARES, 3340;, ; 3340;;;Colisão;Luz do Dia;;;Meio de Quadra;;Longo da via;0;1;0;1;1;0;0;0;0;0;0;0;0;(-38.4812726 -3.7813103);
362613;2020-10-21 08:35:00;AVENIDA JOSE BASTOS, 4150;RUA JOSE FACANHA, ; 4150;;;Não informado;Luz do Dia;Bom;Seca;Meio de Quadra;Não Há Controle;Cruzamento;0;1;0;1;1;0;0;0;0;0;0;0;0;(-38.554822 -3.754359);
363086;2020-10-21 07:45:00;AVENIDA GOV RAUL BARBOSA, 3860;, ; 3860;;;Colisão Traseira;Luz do Dia;Nublado;Seca;Meio de Quadra;Não Há Controle;Longo da via;0;1;1;1;1;0;0;0;0;0;0;0;0;(-38.50471 -3.75969);
363874;2020-10-21 07:37:00;AVENIDA JOSE BASTOS, 4150;, ; 4150;;;Colisão;Luz do Dia;;;Meio de Quadra;;Longo da via;0;1;0;1;1;0;0;0;0;0;0;0;0;(-38.5544675 -3.754006);
362574;2020-10-21 07:25:00;AVENIDA ROGACIANO LEITE, 1815;, ; 1815;;;Colisão Traseira;Luz do Dia;Bom;Seca;Meio de Quadra;Não Há Controle;Longo da via;0;1;1;1;1;0;0;0;0;0;0;0;0;(-38.498065 -3.770557);
363873;2020-10-21 07:04:00;RUA STA ANGELA, 771;, ; 771;;;Colisão;Luz do Dia;;;Meio de Quadra;;Longo da via;0;1;0;1;1;0;0;0;0;0;0;0;0;(-38.5032726 -3.83397343);
363872;2020-10-21 06:13:00;RUA POE MARIO LINHARES (J.WALTER), 51;, ; 51;;;Queda;Luz do Dia;;;Meio de Quadra;;Longo da via;0;1;0;1;0;0;0;0;0;0;0;0;0;(-38.55096 -3.82355);
363871;2020-10-21 05:36:00;AVENIDA CEL CARVALHO, 2824;, ; 2824;;;Colisão;Amanhecer;;;Meio de Quadra;;Longo da via;0;1;0;1;1;0;0;0;0;0;0;0;0;(-38.585031 -3.728395);
363870;2020-10-20 22:25:00;AVENIDA WASHINGTON SOARES, ;AVENIDA OLIVEIRA PAIVA, ; ;;;Colisão;;;;;;Cruzamento;0;2;0;0;2;0;0;0;0;0;0;0;0;(-38.479908 -3.795695);
363816;2020-10-20 21:30:00;RUA SEN ROBERT KENNEDY, 147;, ; 147;;;Atropelamento;Anoitecer;;;Meio de Quadra;;Longo da via;0;1;0;1;0;0;0;0;0;0;0;0;0;(-38.577369 -3.700538);
363803;2020-10-20 16:16:00;AVENIDA EDUARDO GIRAO, ;RUA GAL SILVA JUNIOR, ; ;;;Colisão;Luz do Dia;;;Cruz;Semáforo;Cruzamento;0;1;0;0;1;0;0;0;0;1;0;0;0;(-38.530785 -3.754309);
363800;2020-10-20 14:41:00;RUA DELMIRO FARIAS, 55;, ; 55;;;Colisão;Luz do Dia;;;;;Longo da via;0;1;0;0;0;0;0;0;0;0;1;0;0;(-38.5414947 -3.755477);
362573;2020-10-20 14:15:00;RUA MON CATAO, 1300;, ; 1300;;;Colisão Lateral;Luz do Dia;Bom;Seca;Meio de Quadra;Não Há Controle;Longo da via;0;1;1;2;1;0;0;0;0;0;0;0;0;(-38.492167 -3.743696);
363721;2020-10-20 12:17:00;RUA PRO JOAQUIM NOGUEIRA D29, 1002;, ; 1002;;;Colisão;Luz do Dia;;;Meio de Quadra;;Longo da via;0;1;0;1;1;0;0;0;0;0;0;0;0;(-38.589381 -3.747519);
363797;2020-10-20 12:17:00;RUA JOAQUIM NABUCO, 1208;, ; 1208;;;Colisão;Luz do Dia;;;Meio de Quadra;;Longo da via;0;1;0;1;1;0;0;0;0;0;0;0;0;(-38.501453 -3.735784);
363720;2020-10-20 11:04:00;AVENIDA GODOFREDO MACIEL, 3000;, ; 3000;;;Colisão;Luz do Dia;;;Meio de Quadra;;Longo da via;0;1;0;1;1;0;0;0;0;0;0;0;0;(-38.57165256 -3.802020778);
363719;2020-10-20 11:00:00;AVENIDA ABOLICAO, 3340;, ; 3340;;;Colisão;Luz do Dia;;;Meio de Quadra;;Longo da via;0;1;0;1;1;0;0;0;0;0;0;0;0;(-38.489788 -3.726432);
363718;2020-10-20 10:52:00;AVENIDA CARNEIRO DE MENDONCA, ;, ; ;;;Queda;Luz do Dia;;;Meio de Quadra;;Longo da via;0;1;0;1;0;0;0;0;0;0;0;0;0;(0 0);
362572;2020-10-20 10:43:00;RUA JOAO CORDEIRO, ;RUA DRAGAO DO MAR, ; ;;;Colisão Lateral;Luz do Dia;Bom;Seca;Cruz;Pare;Cruzamento;0;1;1;1;1;0;0;0;0;0;0;0;0;(-38.512096 -3.722283);
363717;2020-10-20 09:58:00;AVENIDA SEN FERNANDES TAVORA, 2870;, ; 2870;;;Colisão;Luz do Dia;;;Meio de Quadra;;Longo da via;0;1;0;1;1;0;0;0;0;0;0;0;0;(-38.597421 -3.755286);
363876;2020-10-20 08:26:00;AVENIDA BEZERRA DE MENEZES, 115;, ; 115;;;Colisão;Luz do Dia;;;Meio de Quadra;;Longo da via;0;1;0;1;1;0;0;0;0;0;0;0;0;(-38.545822 -3.7318275);
363716;2020-10-20 08:07:00;RUA DR ABDENAGO, 420;, ; 420;;;Queda;Luz do Dia;;;Meio de Quadra;;Longo da via;0;1;0;1;0;0;0;0;0;0;0;0;0;(-38.56934 -3.74102);
362570;2020-10-20 07:43:00;AVENIDA 13 DE MAIO, 441;, ; 441;;;Colisão Traseira;Luz do Dia;Chuva;Molhada;Meio de Quadra;Semáforo;Longo da via;0;0;3;0;3;0;0;0;0;0;0;0;0;(-38.52533659 -3.752733);
362579;2020-10-20 05:57:00;RUA CARLOS AMORA, ;, ; ;;;Não informado;Luz do Dia;Bom;Seca;Meio de Quadra;Não Há Controle;Longo da via;0;1;0;0;1;0;0;0;0;0;0;0;0;(-38.562946 -3.7761154);
363715;2020-10-20 05:42:00;AVENIDA DR SILAS MUNGUBA, ;, ; ;;;Colisão;Amanhecer;;;Meio de Quadra;;Longo da via;0;1;0;0;0;0;0;0;0;0;1;0;0;(0 0);
362568;2020-10-19 20:11:00;AVENIDA FRANCISCO SA, ;RUA DNA MENDINHA, ; ;;;Não informado;Via Iluminada;Bom;Seca;Cruz;Semáforo;Cruzamento;0;1;0;1;1;0;0;0;0;0;0;0;0;(-38.571238 -3.712666);
363591;2020-10-19 20:01:00;AVENIDA FRANCISCO SA, ;RUA DNA MENDINHA, ; ;;;Colisão;;;;Cruz;Semáforo;Cruzamento;0;1;0;1;1;0;0;0;0;0;0;0;0;(-38.571238 -3.712666);
362567;2020-10-19 19:36:00;RUA PRO HERIBALDO COSTA, ;RUA CUIABA, ; ;;;Colisão Transversal;Via Iluminada;Bom;Seca;Cruz;Pare;Cruzamento;0;1;1;1;1;0;0;0;0;0;0;0;0;(-38.586471 -3.764961);
362691;2020-10-19 19:30:00;RUA ARAUJO TORREAO, ;RUA INACIO VASCONCELOS, ; ;;;Colisão Transversal;Via Iluminada;Bom;Seca;Cruz;Pare;Cruzamento;0;1;1;1;1;0;0;0;0;0;0;0;0;(-38.496873 -3.812994);
363580;2020-10-19 19:04:00;RD BR 116, ;, ; ;;;Colisão;;;;Meio de Quadra;;Longo da via;0;1;0;0;0;0;0;0;0;0;1;0;0;(0 0);
362283;2020-10-19 18:45:00;RD BR 116, ;, ; ;;;Atropelamento;;;Seca;Meio de Quadra;;Longo da via;0;3;0;1;0;0;0;0;0;0;0;0;0;(-38.5115614 -3.786276359);
363570;2020-10-19 18:22:00;RUA RIO GRANDE DO SUL, ;RUA SERGIPE, ; ;;;Colisão;Anoitecer;;;Cruz;Pare;Cruzamento;0;1;1;0;1;0;0;0;0;1;0;0;0;(-38.569452 -3.76145);
363569;2020-10-19 17:49:00;AVENIDA WASHINGTON SOARES, ;, ; ;;;Colisão;Anoitecer;;;Meio de Quadra;;Longo da via;0;1;0;1;1;0;0;0;0;0;0;0;0;(0 0);
363568;2020-10-19 17:02:00;RUA MON HIPOLITO BRASIL, 1000;, ; 1000;;;Colisão;Anoitecer;;;Meio de Quadra;;Longo da via;0;1;0;1;1;0;0;0;0;0;0;0;0;(-38.581469 -3.757485);
363567;2020-10-19 16:56:00;AVENIDA WASHINGTON SOARES, 6301;, ; 6301;;;Colisão;Luz do Dia;;;Meio de Quadra;;Longo da via;0;1;0;1;1;0;0;0;0;0;0;0;0;(-38.480839 -3.814295);
363566;2020-10-19 16:37:00;RUA FRANCISCO PAIVA, 1460;, ; 1460;;;Queda;Luz do Dia;;;Meio de Quadra;;Longo da via;0;1;0;1;0;0;0;0;0;0;0;0;0;(-38.616 -3.79572);
363564;2020-10-19 16:34:00;RUA ISMAEL PORDEUS, 1177;, ; 1177;;;Atropelamento;Luz do Dia;;;Meio de Quadra;;Longo da via;0;1;0;0;1;0;0;0;0;0;0;0;0;(-38.47237 -3.72448);
363563;2020-10-19 16:04:00;AVENIDA PRS CASTELO BRANCO, 1939;, ; 1939;;;Colisão;Luz do Dia;;;Meio de Quadra;;Longo da via;0;1;0;1;1;0;0;0;0;0;0;0;0;(-38.54463 -3.71511);
362947;2020-10-19 15:50:00;RUA BAR ARATANHA, ;RUA PDE MIGUELINHO, ; ;;;Colisão Transversal;Luz do Dia;Bom;Seca;Cruz;Pare;Cruzamento;0;3;0;2;1;0;0;0;0;0;0;0;0;(-38.530045 -3.743861);
363562;2020-10-19 15:44:00;AVENIDA GAL OSORIO DE PAIVA, 5841;, ; 5841;;;Colisão;Luz do Dia;;;Meio de Quadra;;Longo da via;0;1;0;1;1;0;0;0;0;0;0;0;0;(-38.604804 -3.807534);
362565;2020-10-19 15:36:00;RUA ANGELICA GURGEL, 195;RUA STA TEREZINHA DO MEN JES E DA SAG FACE, ; 195;;;Não informado;Luz do Dia;Bom;Seca;Meio de Quadra;Não Há Controle;Cruzamento;0;1;0;1;0;0;0;0;0;0;0;0;0;(-38.51455 -3.8358);
362940;2020-10-19 15:30:00;AVENIDA GAL OSORIO DE PAIVA, 5841;, ; 5841;;;Colisão Traseira;Luz do Dia;Bom;Seca;Meio de Quadra;Semáforo;Longo da via;0;1;1;1;1;0;0;0;0;0;0;0;0;(-38.604804 -3.807534);
362566;2020-10-19 15:30:00;AVENIDA SEN VIRGILIO TAVORA, ;RUA REPUBLICA DO LIBANO, ; ;;;Colisão Traseira;Luz do Dia;Bom;Molhada;Cruz;Semáforo;Cruzamento;0;1;1;1;1;0;0;0;0;0;0;0;0;(-38.491817 -3.7328892);
363561;2020-10-19 15:09:00;AVENIDA ALANIS MARIA LAURINDO DE OLIVEIRA, 9458;, ; 9458;;;Atropelamento;Luz do Dia;;;Meio de Quadra;;Longo da via;0;1;0;0;1;0;0;0;0;0;0;0;0;(0 0);
363560;2020-10-19 13:32:00;RUA LUCAS FRANCISCO ANTONIO, 454;, ; 454;;;Queda;Luz do Dia;;;Meio de Quadra;;Longo da via;0;1;0;1;0;0;0;0;0;0;0;0;0;(-38.4726287 -3.77167323);
363559;2020-10-19 13:05:00;RUA LEANDRO MONTEIRO, ;, ; ;;;Queda;Luz do Dia;;;Meio de Quadra;;Longo da via;0;1;0;1;0;0;0;0;0;0;0;0;0;(0 0);
362571;2020-10-19 11:01:00;AVENIDA GODOFREDO MACIEL, ;RUA ROSA CRUZ, ; ;;;Colisão Lateral;Luz do Dia;Bom;Seca;Cruz;Pare;Cruzamento;0;0;2;0;1;0;0;1;0;0;0;0;0;(-38.570334 -3.797817);
362564;2020-10-19 10:57:00;RUA ARARIPE PRATA, 34;, ; 34;;;Não informado;Luz do Dia;Bom;Seca;Meio de Quadra;Não Há Controle;Longo da via;0;1;1;1;1;0;0;0;0;0;0;0;0;(-38.5681595 -3.77639625);
362569;2020-10-19 10:04:00;AVENIDA ENG LEAL LIMA VERDE (SAPIRANGA/COITE), 960;, ; 960;;;Capotamento;Via Iluminada;Bom;Seca;Meio de Quadra;Não Há Controle;Longo da via;0;2;0;0;2;0;0;0;0;0;0;0;0;(-38.4755242 -3.79755375);
363544;2020-10-19 09:44:00;RUA LEONARDO MOTA, 225;, ; 225;;;Colisão;Luz do Dia;;;Meio de Quadra;;Longo da via;0;1;0;0;2;0;0;0;0;0;0;0;0;(-38.49359 -3.72823);
362563;2020-10-19 09:15:00;RUA GOV JOAO CARLOS, ;RUA CON LIMA SUCUPIRA, ; ;;;Colisão Transversal;Luz do Dia;Bom;Seca;Cruz;Pare;Cruzamento;0;1;1;1;1;0;0;0;0;0;0;0;0;(-38.551518 -3.777951);
365116;2020-10-19 08:00:00;AVENIDA SANTOS DUMONT, ;RUA MON BRUNO, ; ;;;Colisão Transversal;Luz do Dia;Bom;Seca;Cruz;Pare;Cruzamento;0;1;1;1;1;0;0;0;0;0;0;0;0;(-38.509506 -3.732595);
362562;2020-10-19 07:44:00;RUA RAIMUNDO NERY, ;RUA EINSTEIN, ; ;;;Colisão Transversal;Luz do Dia;Bom;Seca;Meio de Quadra;Pare;Cruzamento;0;1;1;1;1;0;0;0;0;0;0;0;0;(-38.58642 -3.79413);
363538;2020-10-19 07:00:00;RUA PRO HERIBALDO COSTA, 566;, ; 566;;;Colisão;Luz do Dia;;;Meio de Quadra;;Longo da via;0;1;0;1;1;0;0;0;0;0;0;0;0;(-38.5825182 -3.75750971);
363537;2020-10-19 07:00:00;RUA TEN QUEIROZ, ;RUA PDE PERDIGAO SAMPAIO, ; ;;;Queda;Luz do Dia;;;;;Cruzamento;0;1;0;1;0;0;0;0;0;0;0;0;0;(-38.593846 -3.745568);
362280;2020-10-19 06:30:00;RD BR 116, ;, ; ;;;Colisão Lateral;Luz do Dia;;Seca;Meio de Quadra;;Longo da via;0;1;1;1;1;0;0;0;0;0;0;0;0;(-38.501113 -3.882329);
363536;2020-10-19 00:55:00;RUA JOSE DANTAS PEREIRA, ;, ; ;;;Colisão;;;;Meio de Quadra;;Longo da via;0;1;0;1;1;0;0;0;0;0;0;0;0;(0 0);
363535;2020-10-18 23:06:00;AVENIDA ALM BARROSO, ;RUA ALM JACEGUAI, ; ;;;Colisão;;;;T;Semáforo;Cruzamento;0;1;0;1;0;0;0;0;0;0;0;0;0;(-38.519363 -3.720749);
363532;2020-10-18 22:38:00;RUA NEREIDE, 477;, ; 477;;;Colisão;;;;Meio de Quadra;;Longo da via;0;2;0;0;0;0;0;0;0;0;1;0;0;(-38.59513 -3.78891);
363531;2020-10-18 22:12:00;ESTRADA DO JATOBA, 2462;, ; 2462;;;Queda;;;;Meio de Quadra;;Longo da via;0;1;0;1;0;0;0;0;0;0;0;0;0;(-38.6264674 -3.79397077);
363530;2020-10-18 21:56:00;AVENIDA JOSE BASTOS, ;RUA CEARA, ; ;;;Colisão;;;;Cruz;Semáforo;Cruzamento;0;1;0;1;1;0;0;0;0;0;0;0;0;(-38.564112 -3.760008);
362559;2020-10-18 21:15:00;RUA DR JUSTA ARAUJO D45, ;RUA VITORIANO BORGES, ; ;;;Engavetamento;Via Iluminada;Bom;Seca;Cruz;Pare;Cruzamento;0;0;5;0;5;0;0;0;0;0;0;0;0;(-38.5521 -3.78127);
362910;2020-10-18 19:50:00;AVENIDA J CJ JOSE WALTER, ;AVENIDA B CJ JOSE WALTER, ; ;;;Colisão Traseira;Anoitecer;Bom;Seca;T;Não Há Controle;Cruzamento;0;0;2;0;2;0;0;0;0;0;0;0;0;(-38.554445 -3.826939);
362561;2020-10-18 19:49:00;AVENIDA ABOLICAO, ;RUA NUNES VALENTE, ; ;;;Colisão Transversal;Via Iluminada;Bom;Seca;Cruz;Semáforo;Cruzamento;0;3;0;1;2;0;0;0;0;0;0;0;0;(-38.500384 -3.72575);
363525;2020-10-18 19:32:00;RUA NUNES VALENTE, 2021;, ; 2021;;;Colisão;;;;Meio de Quadra;;Longo da via;0;1;0;1;0;0;1;0;0;0;0;0;0;(-38.50911 -3.75414);
363524;2020-10-18 19:31:00;RUA MIGUEL GONCALVES, 545;, ; 545;;;Atropelamento;;;;Meio de Quadra;;Longo da via;0;1;0;0;0;0;0;0;0;0;1;0;0;(-38.55895 -3.75542);
363523;2020-10-18 18:27:00;AVENIDA HILDEBRANDO POMPEU, 340;, ; 340;;;Colisão;Anoitecer;;;Meio de Quadra;;Longo da via;0;1;0;0;0;0;0;0;0;0;1;0;0;(0 0);
362277;2020-10-18 17:50:00;RD BR 020, ;, ; ;;;Tombamento;Anoitecer;;Seca;Meio de Quadra;;Longo da via;0;1;0;1;0;0;0;0;0;0;0;0;0;(-38.508333 -3.868769);
362560;2020-10-18 17:45:00;AVENIDA GAL OSORIO DE PAIVA, 5421;, ; 5421;;;Colisão Lateral;Anoitecer;Bom;Seca;;;Longo da via;0;1;1;1;1;0;0;0;0;0;0;0;0;(-38.601772 -3.804421);
363247;2020-10-18 17:42:00;AVENIDA GAL OSORIO DE PAIVA, 5399;, ; 5399;;;Colisão;Anoitecer;;;Meio de Quadra;;Longo da via;0;1;0;1;1;0;0;0;0;0;0;0;0;(-38.601729 -3.80437736);
363246;2020-10-18 16:24:00;RUA GAL RABELO, 433;, ; 433;;;Colisão;Luz do Dia;;;Meio de Quadra;;Longo da via;0;1;0;0;0;0;0;0;0;0;1;0;0;(-38.60632 -3.80692);
363245;2020-10-18 15:59:00;RUA JUVENTUDE, 80;, ; 80;;;Queda;Luz do Dia;;;Meio de Quadra;;Longo da via;0;1;0;1;0;0;0;0;0;0;0;0;0;(-38.56893 -3.83025);
362908;2020-10-18 14:40:00;AVENIDA LUCIANO CARNEIRO, 869;, ; 869;;;Colisão Lateral;Luz do Dia;Bom;Seca;Meio de Quadra;Semáforo;Longo da via;0;1;1;1;1;0;0;0;0;0;0;0;0;(-38.533775 -3.755471);
363242;2020-10-18 14:31:00;AVENIDA LUCIANO CARNEIRO, 862;, ; 862;;;Colisão;Luz do Dia;;;Meio de Quadra;;Longo da via;0;1;0;1;1;0;0;0;0;0;0;0;0;(-38.53373 -3.75496);
363241;2020-10-18 14:26:00;RUA DIOGO CORREIA, ;, ; ;;;Queda;Luz do Dia;;;Meio de Quadra;;Longo da via;0;1;0;1;0;0;0;0;0;0;0;0;0;(0 0);
363200;2020-10-18 14:19:00;AVENIDA LUCIANO CARNEIRO, ;AVENIDA BORGES DE MELO, ; ;;;Colisão;Luz do Dia;;;Cruz;Semáforo;Cruzamento;0;1;0;1;1;0;0;0;0;0;0;0;0;(-38.534097 -3.756465);
363199;2020-10-18 14:12:00;AVENIDA PERIMETRAL, 491;, ; 491;;;Queda;Luz do Dia;;;Meio de Quadra;;Longo da via;0;1;0;1;0;0;0;0;0;0;0;0;0;(0 0);
363198;2020-10-18 13:40:00;AVENIDA GOV RAUL BARBOSA, 4180;, ; 4180;;;Colisão;Luz do Dia;;;Meio de Quadra;;Longo da via;0;1;0;1;1;0;0;0;0;0;0;0;0;(-38.506891 -3.761473);
363197;2020-10-18 13:27:00;RUA JORGE DE SOUSA, 190;, ; 190;;;Colisão;Luz do Dia;;;Meio de Quadra;;Longo da via;0;1;0;1;1;0;0;0;0;0;0;0;0;(0 0);
362558;2020-10-18 13:10:00;AVENIDA FILOMENO GOMES, ;, ; ;;;Colisão Lateral;Luz do Dia;Bom;Seca;Meio de Quadra;Semáforo;Longo da via;0;1;0;1;0;0;0;0;0;0;0;0;0;(-38.541573 -3.7187464);
362918;2020-10-18 13:00:00;RUA ANGELICA GURGEL, 195;, ; 195;;;Atropelamento;Luz do Dia;Bom;Seca;Meio de Quadra;;Longo da via;0;2;0;0;0;0;0;0;1;0;0;0;0;(-38.49905 -3.834185);
363195;2020-10-18 05:44:00;RUA JULIO SILVA, ;, ; ;;;Queda;Amanhecer;;;Meio de Quadra;;Longo da via;0;1;0;0;0;0;0;0;0;1;0;0;0;(0 0);
363194;2020-10-18 04:55:00;AVENIDA AREIA BRANCA, 130;, ; 130;;;Queda;;;;Meio de Quadra;;Longo da via;0;1;0;1;0;0;0;0;0;0;0;0;0;(-38.474063 -3.72845);
363192;2020-10-18 04:22:00;RUA OSMUNDO CAVALCANTE, 147;, ; 147;;;Queda;;;;Meio de Quadra;;Longo da via;0;1;0;0;0;0;0;0;0;1;0;0;0;(-38.47697 -3.72683);
363188;2020-10-18 04:04:00;AVENIDA GAL OSORIO DE PAIVA, 5047;, ; 5047;;;Colisão;;;;Meio de Quadra;;Longo da via;0;1;0;0;2;0;0;0;0;0;0;0;0;(-38.599887 -3.802483);
363180;2020-10-18 02:29:00;RUA PAPI JUNIOR, 2324;, ; 2324;;;Queda;;;;Meio de Quadra;;Longo da via;0;1;0;0;0;0;0;0;0;1;0;0;0;(-38.5598025 -3.75464811);
363177;2020-10-18 01:08:00;AVENIDA ALM BARROSO, 711;, ; 711;;;Colisão;;;;Meio de Quadra;;Longo da via;0;1;0;1;1;0;0;0;0;0;0;0;0;(-38.5162228 -3.720331);
362557;2020-10-18 01:04:00;RUA ERICO MOTA, 895;, ; 895;;;Não informado;Via Iluminada;Bom;Seca;Meio de Quadra;Não Há Controle;Longo da via;0;2;0;0;2;0;0;0;0;0;0;0;0;(-38.561046 -3.744855);
363176;2020-10-18 00:43:00;RUA VALPARAISO, 1011;, ; 1011;;;Queda;;;;Meio de Quadra;;Longo da via;0;1;0;1;0;0;0;0;0;0;0;0;0;(-38.5286365 -3.84188035);
363196;2020-10-18 00:20:00;RUA MON HIPOLITO BRASIL, ;, ; ;;;Colisão;;;;Meio de Quadra;;Longo da via;0;1;0;1;1;0;0;0;0;0;0;0;0;(0 0);
363174;2020-10-17 23:57:00;RUA DAMIAO FERNANDES, ;RUA ERICO MOTA, ; ;;;Outros;;;;Cruz;Pare;Cruzamento;0;1;0;0;0;0;0;0;0;0;1;0;0;(-38.56113 -3.74448);
363171;2020-10-17 23:12:00;AVENIDA PRS COSTA E SILVA, 2382;, ; 2382;;;Colisão;;;;Meio de Quadra;;Longo da via;0;1;0;0;2;0;0;0;0;0;0;0;0;(-38.56053891 -3.8200684);
363169;2020-10-17 21:47:00;RUA ARTUR DE CARVALHO, 1535;, ; 1535;;;Colisão;;;;Meio de Quadra;;Longo da via;0;1;0;1;1;0;0;0;0;0;0;0;0;(0 0);
363167;2020-10-17 21:37:00;RUA MARCOS MACEDO, ;AVENIDA DES MOREIRA, ; ;;;Colisão;;;;Cruz;Semáforo;Cruzamento;0;1;0;1;1;0;0;0;0;0;0;0;0;(-38.497711 -3.734244);
363166;2020-10-17 21:01:00;AVENIDA DA INDEPENDENCIA, 1100;, ; 1100;;;Colisão;;;;Meio de Quadra;;Longo da via;1;1;0;1;1;0;0;0;0;0;0;0;0;(-38.5903015 -3.727102);
363165;2020-10-17 20:52:00;AVENIDA DOLOR BARREIRA, ;, ; ;;;Queda;;;;Meio de Quadra;;Longo da via;0;1;0;0;0;0;0;0;0;1;0;0;0;(0 0);
362555;2020-10-17 19:59:00;AVENIDA AUGUSTO DOS ANJOS, ;RUA OLIVEIRA SOBRINHO, ; ;;;Colisão Traseira;Via Iluminada;Bom;Seca;Cruz;Pare;Cruzamento;0;0;1;0;2;0;0;0;0;0;0;0;0;(-38.5824504 -3.7839223);
363150;2020-10-17 19:51:00;AVENIDA DEP PAULINO ROCHA, 1881;, ; 1881;;;Queda;;;;Meio de Quadra;;Longo da via;0;1;0;1;0;0;0;0;0;0;0;0;0;(-38.513925 -3.811482);
363149;2020-10-17 19:41:00;AVENIDA WASHINGTON SOARES, ;, ; ;;;Colisão;;;;Meio de Quadra;;Longo da via;0;1;0;1;1;0;0;0;0;0;0;0;0;(0 0);
363148;2020-10-17 19:14:00;RUA CAP NESTOR GOIS, 253;, ; 253;;;Queda;;;;;;Longo da via;0;1;0;1;0;0;0;0;0;0;0;0;0;(-38.56172 -3.72161);