COD_ACIDENTE;DATA;LOG1;LOG2;NUMERO;BAIRRO;AMC;NATUREZA;ILUMINACAO;TEMPO;SUPERFICIEPISTA;TIPOCRUZAMENTO;CONTROLETRAFEGO;USOSOLO;MORTOS;FERIDOS;ILESOS;MOTOCICLETA;AUTOMOVEL;MICROONIBUS;CAMINHAO;ONIBUS;CICLOMOTOR;BICICLETA;OUTROS;TREM;TRACAOANIMAL;COORDENADAS
362900;2020-10-17 19:00:00;RUA LEA POMPEU, ;RUA PDE FRANCISCO PITA, ; ;;;Colisão Transversal;Anoitecer;Bom;Seca;Cruz;Pare;Cruzamento;0;0;1;0;1;0;0;0;0;0;0;0;0;(-38.49553 -3.782806);
362556;2020-10-17 18:47:00;AVENIDA ROGACIANO LEITE, ;RUA DES WALDEMAR ALVES PEREIRA, ; ;;;Colisão Lateral;Via Iluminada;Bom;Seca;Cruz;Semáforo;Cruzamento;0;1;1;0;0;0;0;1;0;1;0;0;0;(-38.4980751 -3.7705326);
363147;2020-10-17 18:20:00;AVENIDA BEIRA MAR, 4060;, ; 4060;;;Atropelamento;Anoitecer;;;Meio de Quadra;;Longo da via;0;1;0;0;1;0;0;0;0;0;0;0;0;(-38.48423 -3.72324);
363146;2020-10-17 18:11:00;AVENIDA SEN CARLOS JEREISSATI (AEROPORTO), ;, ; ;;;Colisão;Anoitecer;;;Meio de Quadra;;Longo da via;0;2;0;1;1;0;0;0;0;0;0;0;0;(0 0);
363145;2020-10-17 18:10:00;RD BR 116, ;, ; ;;;Colisão;Anoitecer;;;Meio de Quadra;;Longo da via;0;1;0;1;1;0;0;0;0;0;0;0;0;(0 0);
363144;2020-10-17 16:21:00;RUA NEREIDE, 432;, ; 432;;;Colisão;Luz do Dia;;;Meio de Quadra;;Longo da via;0;1;0;1;1;0;0;0;0;0;0;0;0;(-38.59445 -3.78898);
363143;2020-10-17 15:18:00;RUA STA MARGARIDA, 497;, ; 497;;;Colisão;Luz do Dia;;;Meio de Quadra;;Longo da via;0;1;0;1;1;0;0;0;0;0;0;0;0;(-38.59572 -3.81584);
362554;2020-10-17 15:02:00;RUA VALPARAISO, ;AVENIDA C CJ HAB ST SAO JOAO, ; ;;;Colisão Frontal;Luz do Dia;Bom;Seca;;;Cruzamento;0;1;1;1;1;0;0;0;0;0;0;0;0;(-38.512413 -3.8487182);
363142;2020-10-17 13:05:00;RUA CEARA, 876;, ; 876;;;Colisão;Luz do Dia;;;Meio de Quadra;;Longo da via;0;1;0;1;1;0;0;0;0;0;0;0;0;(-38.565376 -3.759183);
363140;2020-10-17 12:15:00;RUA VALVERDE, 718;, ; 718;;;Colisão;Luz do Dia;;;Meio de Quadra;;Longo da via;0;1;0;1;1;0;0;0;0;0;0;0;0;(-38.6041 -3.79066);
363139;2020-10-17 11:55:00;AVENIDA DA UNIVERSIDADE, 2176;, ; 2176;;;Queda;Luz do Dia;;;Meio de Quadra;;Longo da via;0;1;0;1;0;0;0;0;0;0;0;0;0;(-38.5352523 -3.73672086);
363138;2020-10-17 11:36:00;RUA PEREIRA FILGUEIRAS, ;RUA GONCALVES LEDO, ; ;;;Colisão;Luz do Dia;;;Cruz;Pare;Cruzamento;0;1;0;1;1;0;0;0;0;0;0;0;0;(-38.515004 -3.727667);
363136;2020-10-17 11:14:00;AVENIDA AGUANAMBI, 176;, ; 176;;;Queda;Luz do Dia;;;Meio de Quadra;;Longo da via;0;1;0;1;0;0;0;0;0;0;0;0;0;(-38.52452722 -3.738421973);
363135;2020-10-17 10:37:00;AVENIDA ODILON GUIMARAES, 2345;, ; 2345;;;Colisão;Luz do Dia;;;Meio de Quadra;;Longo da via;0;1;0;0;1;0;0;0;0;0;1;0;0;(-38.47419 -3.81824);
363133;2020-10-17 10:08:00;RUA EINSTEIN, 383;, ; 383;;;Colisão;Luz do Dia;;;Meio de Quadra;;Longo da via;0;1;0;1;1;0;0;0;0;0;0;0;0;(0 0);
363131;2020-10-17 10:00:00;RUA CHILE, 840;, ; 840;;;Colisão;Luz do Dia;;;Meio de Quadra;;Longo da via;0;1;0;0;0;0;0;0;0;0;1;0;0;(-38.56838 -3.74924);
363128;2020-10-17 09:26:00;AVENIDA JOR THOMAZ COELHO, ;, ; ;;;Atropelamento;Luz do Dia;;;Meio de Quadra;;Longo da via;0;1;0;0;0;0;0;0;0;0;1;0;0;(0 0);
363127;2020-10-17 09:14:00;AVENIDA JOSE BASTOS, 3112;, ; 3112;;;Colisão;Luz do Dia;;;Meio de Quadra;;Longo da via;0;1;0;1;1;0;0;0;0;0;0;0;0;(-38.5450488 -3.7444711);
362274;2020-10-17 08:05:00;RD BR 116, ;, ; ;;;Colisão Lateral;Luz do Dia;;Seca;Meio de Quadra;;Longo da via;0;1;1;1;0;0;1;0;0;0;0;0;0;(0 0);
363123;2020-10-17 07:48:00;RUA SEBASTIAO DE ABREU, ;, ; ;;;Colisão;Luz do Dia;;;Meio de Quadra;;Longo da via;0;1;0;0;0;0;0;0;0;0;1;0;0;(0 0);
362553;2020-10-17 07:26:00;AVENIDA ALM HENRIQUE SABOIA, ;, ; ;;;Queda;Luz do Dia;Nublado;Seca;Outros;Não Há Controle;Longo da via;0;1;0;1;0;0;0;0;0;0;0;0;0;(-38.4928 -3.7482736);
363116;2020-10-17 06:44:00;AVENIDA ALM HENRIQUE SABOIA, ;, ; ;;;Queda;Luz do Dia;;;Meio de Quadra;;Longo da via;0;1;0;1;0;0;0;0;0;0;0;0;0;(0 0);
363115;2020-10-17 05:23:00;RUA DES PRAXEDES, ;AVENIDA PRO GOMES DE MATOS, ; ;;;Atropelamento;Amanhecer;;;Cruz;Semáforo Intermitente;Cruzamento;0;1;0;0;0;0;0;0;0;0;1;0;0;(-38.546229 -3.761872);
363114;2020-10-17 05:10:00;AVENIDA AGUANAMBI, 282;, ; 282;;;Atropelamento;Amanhecer;;;Meio de Quadra;;Longo da via;0;1;0;0;1;0;0;0;0;0;0;0;0;(-38.52447 -3.7393746);
362273;2020-10-17 04:00:00;RD BR 020, ;, ; ;;;Outros;;;Seca;Meio de Quadra;;Longo da via;0;1;0;0;1;0;0;0;0;0;0;0;0;(-38.524 -3.863);
362596;2020-10-17 00:32:00;RUA DEP MOREIRA DA ROCHA, ;RUA SILVA PAULET, ; ;;;Colisão Lateral;Anoitecer;Bom;Seca;Cruz;Pare;Cruzamento;0;1;1;1;1;0;0;0;0;0;0;0;0;(-38.503194 -3.727526);
363255;2020-10-16 23:15:00;RUA CANDIDO MAIA, 294;, ; 294;;;Atropelamento;;;;Meio de Quadra;;Longo da via;0;2;0;1;0;0;0;0;0;0;0;0;0;(-38.5904072 -3.737428);
363256;2020-10-16 22:29:00;RUA DO DOURADO, 130;, ; 130;;;Queda;;;;Meio de Quadra;;Longo da via;0;2;0;1;0;0;0;0;0;0;0;0;0;(-38.47425 -3.72969);
363258;2020-10-16 22:04:00;RUA PRO MOREIRA DE SOUSA (PASSARE), 139;, ; 139;;;Queda;;;;Meio de Quadra;;Longo da via;0;1;0;1;0;0;0;0;0;0;0;0;0;(-38.52199 -3.8144);
363257;2020-10-16 22:04:00;RUA CARTOLA, 90;, ; 90;;;Queda;;;;Meio de Quadra;;Longo da via;0;1;0;1;0;0;0;0;0;0;0;0;0;(-38.5071165 -3.78376495);
363259;2020-10-16 21:38:00;RUA TEODORO CABRAL, 377;, ; 377;;;Colisão;;;;Meio de Quadra;;Longo da via;0;2;0;1;1;0;0;0;0;0;0;0;0;(-38.56564 -3.71314);
363260;2020-10-16 21:16:00;RUA PRO HERIBALDO COSTA, ;RUA PORTO ALEGRE, ; ;;;Colisão;;;;Cruz;Não Há Controle;Cruzamento;0;2;0;1;1;0;0;0;0;0;0;0;0;(-38.585433 -3.762997);
363261;2020-10-16 20:21:00;RUA MANUEL BERNARDO, 1770;, ; 1770;;;Colisão;;;;Meio de Quadra;;Longo da via;0;1;0;0;0;0;0;0;0;0;0;0;0;(0 0);
363262;2020-10-16 20:16:00;AVENIDA WASHINGTON SOARES, 10425;, ; 10425;;;Colisão;;;;Meio de Quadra;;Longo da via;0;2;0;1;1;0;0;0;0;0;0;0;0;(-38.47988 -3.84052);
363263;2020-10-16 19:26:00;RUA LUIS VIEIRA, 159;, ; 159;;;Colisão;;;;Meio de Quadra;;Longo da via;0;2;0;1;1;0;0;0;0;0;0;0;0;(-38.5863102 -3.7967207);
363264;2020-10-16 19:24:00;RUA CEL FABRICIANO, 2526;, ; 2526;;;Colisão;;;;Meio de Quadra;;Longo da via;0;2;0;2;0;0;0;0;0;0;0;0;0;(-38.6134461 -3.78123022);
362552;2020-10-16 19:10:00;AVENIDA DIOGUINHO, 5466;, ; 5466;;;Colisão Transversal;Via Iluminada;Bom;Seca;Meio de Quadra;Não Há Controle;Longo da via;0;1;0;2;0;0;0;0;0;0;0;0;0;(-38.44362 -3.76077);
363267;2020-10-16 18:37:00;AVENIDA SEN CARLOS JEREISSATI (AEROPORTO), ;, ; ;;;Atropelamento;;;;Meio de Quadra;;Longo da via;0;2;0;0;1;0;0;0;0;0;0;0;0;(0 0);
363268;2020-10-16 18:19:00;AVENIDA PONTES VIEIRA, 1500;, ; 1500;;;Atropelamento;Anoitecer;;;Meio de Quadra;;Longo da via;0;2;0;1;0;0;0;0;0;0;0;0;0;(-38.50794 -3.75211);
362894;2020-10-16 16:25:00;RUA CASTRO E SILVA, ;RUA VINTE E QUATRO DE MAIO, ; ;;;Colisão Transversal;Luz do Dia;Bom;Seca;Cruz;Semáforo;Cruzamento;0;2;0;1;1;0;0;0;0;0;0;0;0;(-38.530653 -3.722746);
363269;2020-10-16 16:16:00;AVENIDA PRS JUSCELINO KUBITSCHEK (PASSARÉ), 3135;, ; 3135;;;Colisão;Luz do Dia;;;Meio de Quadra;;Longo da via;0;2;0;0;1;0;0;0;0;1;0;0;0;(-38.52553 -3.80821);
363270;2020-10-16 16:09:00;AVENIDA JOR THOMAZ COELHO, 2719;, ; 2719;;;Colisão;Luz do Dia;;;Meio de Quadra;;Longo da via;0;2;0;1;1;0;0;0;0;0;0;0;0;(-38.51985063 -3.828519897);
363272;2020-10-16 15:58:00;RUA MOCAMBIQUE, 125;, ; 125;;;Queda;Luz do Dia;;;Meio de Quadra;;Longo da via;0;1;0;1;0;0;0;0;0;0;0;0;0;(-38.599322 -3.765618);
363273;2020-10-16 15:35:00;RUA VINTE E QUATRO DE MAIO, ;, ; ;;;Colisão;Luz do Dia;;;Meio de Quadra;;Longo da via;0;3;0;1;1;0;0;0;0;0;0;0;0;(0 0);
363274;2020-10-16 15:18:00;AVENIDA 13 DE MAIO, ;AVENIDA CARAPINIMA, ; ;;;Colisão;Luz do Dia;;;Cruz;Semáforo;Cruzamento;0;2;0;1;1;0;0;0;0;0;0;0;0;(-38.540239 -3.740001);
363276;2020-10-16 14:10:00;AVENIDA OLIVEIRA PAIVA, ;, ; ;;;Colisão;Luz do Dia;;;Meio de Quadra;;Longo da via;0;2;0;1;1;0;0;0;0;0;0;0;0;(0 0);
363277;2020-10-16 12:57:00;RUA AFONSO CELSO, ;RUA MON BRUNO, ; ;;;Colisão;Luz do Dia;;;Cruz;Pare;Cruzamento;0;2;0;1;1;0;0;0;0;0;0;0;0;(-38.510519 -3.735734);
362877;2020-10-16 12:30:00;RUA EDUARDO ANGELIM, ;AVENIDA JOSE DO PATROCINIO, ; ;;;Colisão Transversal;Luz do Dia;Bom;Seca;Cruz;Pare;Cruzamento;0;1;1;1;1;0;0;0;0;0;0;0;0;(-38.5461636 -3.7652896);
363282;2020-10-16 11:10:00;AVENIDA PASTEUR, 4003;, ; 4003;;;Colisão;Luz do Dia;;;Meio de Quadra;;Longo da via;0;1;0;0;0;0;0;0;0;0;0;0;0;(0 0);
363283;2020-10-16 11:07:00;AVENIDA FRANCISCO SA, 5855;, ; 5855;;;Colisão;Luz do Dia;;;Meio de Quadra;;Longo da via;0;1;0;0;0;0;0;0;0;0;0;0;0;(-38.577688 -3.71045);
363284;2020-10-16 10:46:00;ESTRADA SIQUEIRA, ;AVENIDA CONTORNO OESTE D71, ; ;;;Colisão;Luz do Dia;;;;;Cruzamento;0;1;0;0;0;0;0;0;0;0;0;0;0;(-38.58737 -3.80634);
363285;2020-10-16 10:43:00;AVENIDA PRS CASTELO BRANCO, ;, ; ;;;Queda;Luz do Dia;;;Meio de Quadra;;Longo da via;0;1;0;1;0;0;0;0;0;0;0;0;0;(0 0);
362551;2020-10-16 10:02:00;RUA CASTRO E SILVA, 623;, ; 623;;;Não informado;Luz do Dia;Bom;Seca;Meio de Quadra;Não Há Controle;Longo da via;0;2;0;1;1;0;0;0;0;0;0;0;0;(-38.5310584 -3.72259473);
362272;2020-10-16 09:00:00;RD BR 116, ;, ; ;;;Choque c/ Obstáculo Fixo;Luz do Dia;;Seca;Meio de Quadra;;Longo da via;0;0;2;0;1;0;1;0;0;0;0;0;0;(-38.504865 -3.830837);
362882;2020-10-16 07:20:00;AVENIDA AMERICO BARREIRA, ;, ; ;;;Colisão Traseira;Luz do Dia;Bom;Seca;Meio de Quadra;Semáforo;Longo da via;0;2;1;1;2;0;0;0;0;0;0;0;0;(0 0);
363286;2020-10-16 07:02:00;AVENIDA ROGACIANO LEITE, 1860;, ; 1860;;;Colisão;Luz do Dia;;;Meio de Quadra;;Longo da via;0;2;0;2;0;0;0;0;0;0;0;0;0;(-38.498065 -3.770557);
363298;2020-10-16 05:53:00;AVENIDA DR SILAS MUNGUBA, 2620;, ; 2620;;;Queda;Amanhecer;;;Meio de Quadra;;Longo da via;0;1;0;1;0;0;0;0;0;0;0;0;0;(-38.5500195 -3.7864715);
362873;2020-10-16 03:20:00;AVENIDA SANTOS DUMONT, 7800;, ; 7800;;;Choque c/ Obstáculo Fixo;;Nublado;Seca;Meio de Quadra;Não Há Controle;Longo da via;0;1;0;0;1;0;0;0;0;0;0;0;0;(-38.463794 -3.747363);
363299;2020-10-16 02:53:00;RUA PRIMEIRO DE JANEIRO, 1211;, ; 1211;;;Queda;;;;Meio de Quadra;;Longo da via;0;1;0;1;0;0;0;0;0;0;0;0;0;(-38.57136 -3.78333);
362550;2020-10-16 01:17:00;RUA PRO LINO ENCARNACAO, ;RUA ROTARY, ; ;;;Colisão;Via Iluminada;Bom;Seca;Cruz;Pare;Cruzamento;0;2;0;2;0;0;0;0;0;0;0;0;0;(-38.560323 -3.742855);
363300;2020-10-16 00:30:00;AVENIDA ANTONIO SALES, ;, ; ;;;Queda;;;;Meio de Quadra;;Longo da via;0;1;0;1;0;0;0;0;0;0;0;0;0;(0 0);
362549;2020-10-15 22:51:00;RUA PRO COSTA MENDES, 925;, ; 925;;;Colisão Frontal;Via Iluminada;Nublado;Seca;Meio de Quadra;Não Há Controle;Longo da via;0;1;1;1;1;0;0;0;0;0;0;0;0;(-38.548445 -3.7533105);
363326;2020-10-15 22:28:00;AVENIDA GODOFREDO MACIEL, 4600;, ; 4600;;;Colisão;;;;Meio de Quadra;;Longo da via;0;2;0;1;1;0;0;0;0;0;0;0;0;(-38.5747382 -3.8110951);
362865;2020-10-15 22:00:00;RUA URUCUTUBA, ;, ; ;;;Colisão Transversal;Via Iluminada;Bom;Seca;Meio de Quadra;Pare;Longo da via;0;1;1;1;1;0;0;0;0;0;0;0;0;(0 0);
363327;2020-10-15 21:30:00;AVENIDA BEIRA MAR, 810;, ; 810;;;Colisão;;;;Meio de Quadra;;Longo da via;0;1;0;0;0;0;0;0;0;0;0;0;0;(-38.5123245 -3.72008078);
363328;2020-10-15 20:48:00;RUA PARANAI, 1460;, ; 1460;;;Queda;;;;Meio de Quadra;;Longo da via;0;1;0;1;0;0;0;0;0;0;0;0;0;(0 0);
363330;2020-10-15 20:39:00;RUA CAMPO DO DRAGAO, 58;, ; 58;;;Queda;;;;Meio de Quadra;;Longo da via;0;1;0;0;0;0;0;0;0;1;0;0;0;(-38.52143 -3.81623);
363338;2020-10-15 20:34:00;RD BR 116, ;, ; ;;;Queda;;;;Meio de Quadra;;Longo da via;0;1;0;1;0;0;0;0;0;0;0;0;0;(0 0);
362868;2020-10-15 20:00:00;RUA SEN POMPEU, 2607;, ; 2607;;;Colisão Traseira;Via Iluminada;Bom;Seca;Meio de Quadra;Pare;Longo da via;0;1;1;1;1;0;0;0;0;0;0;0;0;(-38.534 -3.7411647);
362864;2020-10-15 19:30:00;RUA CEL MATOS DOURADO, 875;, ; 875;;;Não informado;Mal Iluminada;Bom;Seca;Meio de Quadra;Outros;Longo da via;0;2;0;2;0;0;0;0;0;0;0;0;0;(-38.584833 -3.746359);
362547;2020-10-15 19:22:00;RUA AMAZONAS, 888;, ; 888;;;Choque c/ Obstáculo Fixo;Via Iluminada;Bom;Seca;Meio de Quadra;Não Há Controle;Longo da via;0;2;0;1;1;0;0;0;0;0;0;0;0;(-38.5643709 -3.75316919);
363340;2020-10-15 19:17:00;RUA URUCUTUBA, ;, ; ;;;Colisão;;;;Meio de Quadra;;Longo da via;0;2;0;1;1;0;0;0;0;0;0;0;0;(0 0);
362546;2020-10-15 19:15:00;AVENIDA LUCIANO CARNEIRO, 2236;RUA TEODORICO BARROSO, ; 2236;;;Colisão Lateral;Via Iluminada;Bom;Seca;Cruz;Gesto;Cruzamento;0;1;1;1;1;0;0;0;0;0;0;0;0;(-38.53768 -3.76795);
363342;2020-10-15 18:56:00;AVENIDA LUIZ VIEIRA, ;, ; ;;;Atropelamento;;;;Meio de Quadra;;Longo da via;0;2;0;0;0;0;0;0;0;0;0;0;0;(0 0);
363343;2020-10-15 18:32:00;RUA LUIS VIEIRA, 555;, ; 555;;;Atropelamento;;;;Meio de Quadra;;Longo da via;0;2;0;0;1;0;0;0;0;0;0;0;0;(-38.58750868 -3.793735417);
363344;2020-10-15 18:30:00;RUA DAURA, ;, ; ;;;Colisão;Anoitecer;;;Meio de Quadra;;Longo da via;0;2;0;1;1;0;0;0;0;0;0;0;0;(0 0);
363346;2020-10-15 18:01:00;AVENIDA ENG ALBERTO SA, ;, ; ;;;Queda;Anoitecer;;;Meio de Quadra;;Longo da via;0;1;0;1;0;0;0;0;0;0;0;0;0;(0 0);
363348;2020-10-15 17:25:00;RUA BERNARDO MANUEL, 13510;, ; 13510;;;Colisão;Anoitecer;;;Meio de Quadra;;Longo da via;0;2;0;1;1;0;0;0;0;0;0;0;0;(-38.56288 -3.836217);
363349;2020-10-15 17:23:00;AVENIDA LUCIANO CARNEIRO, 2236;, ; 2236;;;Colisão;Anoitecer;;;Meio de Quadra;;Longo da via;0;1;0;0;0;0;0;0;0;0;0;0;0;(-38.53762 -3.767956);
362545;2020-10-15 16:15:00;AVENIDA IMPERADOR, ;AVENIDA DOMINGOS OLIMPIO, ; ;;;Colisão Transversal;Luz do Dia;Bom;Seca;Cruz;Semáforo;Cruzamento;0;0;1;1;1;0;0;0;0;0;0;0;0;(-38.536697 -3.73479);
362870;2020-10-15 16:10:00;AVENIDA FRANCISCO SA, ;RUA TEODORO CABRAL, ; ;;;Colisão Lateral;Luz do Dia;Bom;Seca;Cruz;Pare;Cruzamento;0;2;0;1;1;0;0;0;0;0;0;0;0;(-38.566115 -3.714432);
363365;2020-10-15 15:34:00;AVENIDA LINEU MACHADO, 50;, ; 50;;;Atropelamento;Luz do Dia;;;Meio de Quadra;;Longo da via;0;2;0;0;1;0;0;0;0;0;0;0;0;(-38.57436 -3.76083);
364780;2020-10-15 15:05:00;RUA PRO ARMANDO FARIAS, ;, ; ;;;Outros;Luz do Dia;;;Meio de Quadra;;Longo da via;0;2;0;1;0;0;1;0;0;0;0;0;0;(0 0);
363367;2020-10-15 14:21:00;AVENIDA MR HULL, ;, ; ;;;Colisão;Luz do Dia;;;Meio de Quadra;;Longo da via;0;1;0;0;0;0;0;0;0;0;0;0;0;(0 0);
362544;2020-10-15 14:05:00;RUA JOSE HIPOLITO, 277;RUA CEL GUILHERME ALENCAR, ; 277;;;Colisão Traseira;Luz do Dia;Bom;Seca;Cruz;Não Há Controle;Cruzamento;0;1;1;0;2;0;0;0;0;0;0;0;0;(-38.49199 -3.83302);
363368;2020-10-15 13:13:00;RUA PIAUI, 1622;, ; 1622;;;Colisão;Luz do Dia;;;Meio de Quadra;;Longo da via;0;1;0;0;0;0;0;0;0;0;0;0;0;(-38.5727875 -3.7517045);
363370;2020-10-15 11:59:00;AVENIDA MAJ ASSIS, ;AVENIDA MOZART PINHEIRO DE LUCENA, ; ;;;Colisão;Luz do Dia;;;Cruz;Semáforo;Cruzamento;0;2;0;1;1;0;0;0;0;0;0;0;0;(-38.5966762 -3.7214444);
363371;2020-10-15 11:35:00;RUA ADOLFO SIQUEIRA, 125;, ; 125;;;Colisão;Luz do Dia;;;Meio de Quadra;;Longo da via;0;2;0;0;2;0;0;0;0;0;0;0;0;(-38.5190318 -3.74251539);
362543;2020-10-15 11:30:00;RUA JOAO CORDEIRO, ;TRAVESSA ADOLFO SIQUEIRA, ; ;;;Colisão Transversal;Luz do Dia;Bom;Seca;Cruz;Pare;Cruzamento;0;0;3;0;2;0;0;0;0;0;0;0;0;(-38.51871 -3.74258);
362542;2020-10-15 10:17:00;RUA CEL JUCA, ;RUA PEREIRA VALENTE, ; ;;;Colisão Transversal;Luz do Dia;Bom;Seca;Cruz;Pare;Cruzamento;0;1;1;0;1;0;0;0;0;0;0;0;0;(-38.490253 -3.7345002);
363373;2020-10-15 09:58:00;AVENIDA ENG HUMBERTO MONTE, ;, ; ;;;Queda;Luz do Dia;;;Meio de Quadra;;Longo da via;0;1;0;1;0;0;0;0;0;0;0;0;0;(0 0);
363374;2020-10-15 09:48:00;RUA TEODOMIRO DE CASTRO, 6048;, ; 6048;;;Colisão;Luz do Dia;;;Meio de Quadra;;Longo da via;0;2;0;1;1;0;0;0;0;0;0;0;0;(-38.574654 -3.7176445);
363376;2020-10-15 07:29:00;RUA TAB JOAQUIM COELHO, ;RUA MIN ABNER VASCONCELOS, ; ;;;Colisão;Luz do Dia;;;Cruz;Pare;Cruzamento;0;2;0;1;1;0;0;0;0;0;0;0;0;(-38.478916 -3.7969306);
362869;2020-10-15 07:00:00;AVENIDA JOSE JATAHY, 1747;, ; 1747;;;Colisão Lateral;Luz do Dia;Nublado;Seca;Meio de Quadra;Não Há Controle;Longo da via;0;1;1;0;1;0;0;0;1;0;0;0;0;(-38.5437825 -3.7367665);
363383;2020-10-15 06:21:00;RUA RECANTO VERDE, 1716;, ; 1716;;;Colisão;Luz do Dia;;;Meio de Quadra;;Longo da via;0;2;0;2;0;0;0;0;0;0;0;0;0;(-38.5128357 -3.8416095);
363384;2020-10-15 05:59:00;RUA COS LAFAYETE, 131;, ; 131;;;Capotamento;Amanhecer;;;Meio de Quadra;;Longo da via;0;1;0;0;1;0;0;0;0;0;0;0;0;(-38.57836 -3.71846);
363388;2020-10-15 05:52:00;RUA SEN ALENCAR, ;RUA BAR RIO BRANCO, ; ;;;Atropelamento;Amanhecer;;;T;Pare;Cruzamento;0;2;0;0;0;0;0;1;0;0;0;0;0;(-38.527752 -3.724879);
363389;2020-10-15 05:41:00;RUA PDE PEDRO DE ALENCAR, 1971;, ; 1971;;;Queda;Amanhecer;;;Meio de Quadra;;Longo da via;0;1;0;1;0;0;0;0;0;0;0;0;0;(-38.49451 -3.8454275);
363390;2020-10-15 05:39:00;RUA DIADEMA, 221;, ; 221;;;Capotamento;Amanhecer;;;Meio de Quadra;;Longo da via;0;1;0;0;1;0;0;0;0;0;0;0;0;(-38.52198 -3.8442);
362930;2020-10-15 05:30:00;RUA ALM RUBIM, 1779;, ; 1779;;;Choque c/ Obstáculo Fixo;Amanhecer;Bom;Seca;Meio de Quadra;Não Há Controle;Longo da via;0;1;0;0;1;0;0;0;0;0;0;0;0;(-38.55741661 -3.773105);
362541;2020-10-14 23:50:00;RUA DR JUSTA ARAUJO D45, 796;, ; 796;;;Colisão Lateral;Via Iluminada;Bom;Seca;Meio de Quadra;Pare;Longo da via;1;1;1;1;0;0;0;1;0;0;0;0;0;(-38.5525389 -3.782401);
363391;2020-10-14 22:58:00;RUA DR JUSTA ARAUJO D45, 796;, ; 796;;;Atropelamento;;;;Meio de Quadra;;Longo da via;0;2;0;0;0;0;0;1;0;0;0;0;0;(-38.5525389 -3.782401);
363392;2020-10-14 21:53:00;AVENIDA DOM MANUEL, ;, ; ;;;Atropelamento;;;;Meio de Quadra;;Longo da via;0;2;0;0;1;0;0;0;0;0;0;0;0;(0 0);
363393;2020-10-14 21:42:00;RUA ARI CAVALCANTE, 219;, ; 219;;;Colisão;;;;Meio de Quadra;;Longo da via;0;1;0;0;0;0;0;0;0;0;0;0;0;(-38.57576 -3.70957);
363396;2020-10-14 21:18:00;AVENIDA FRANCISCO SA, ;, ; ;;;Colisão;;;;Meio de Quadra;;Longo da via;0;2;0;1;1;0;0;0;0;0;0;0;0;(0 0);
362540;2020-10-14 20:50:00;AVENIDA DR SILAS MUNGUBA, ;RUA 06 UI, ; ;;;Colisão Transversal;Via Iluminada;Bom;Seca;Meio de Quadra;Semáforo;Cruzamento;0;2;0;1;1;0;0;0;0;0;0;0;0;(-38.55894 -3.78045);
362846;2020-10-14 19:00:00;AVENIDA JOSE LEON, 1260;, ; 1260;;;Colisão Lateral;Anoitecer;Bom;Seca;Outros;Semáforo Intermitente;Longo da via;0;2;0;1;1;0;0;0;0;0;0;0;0;(-38.4999003 -3.788303);
362539;2020-10-14 18:56:00;AVENIDA GODOFREDO MACIEL, ;RUA CEL MANUEL ALBANO, ; ;;;Colisão;Via Iluminada;Bom;Seca;Cruz;Pare;Cruzamento;0;1;1;1;1;0;0;0;0;0;0;0;0;(-38.57278 -3.805644);
363398;2020-10-14 18:51:00;AVENIDA BEIRA MAR, ;, ; ;;;Colisão;;;;Meio de Quadra;;Longo da via;0;1;0;0;0;0;0;0;0;0;0;0;0;(0 0);
363399;2020-10-14 18:43:00;RUA DES CARVALHO LIMA D56, ;, ; ;;;Colisão;;;;Meio de Quadra;;Longo da via;0;2;0;1;1;0;0;0;0;0;0;0;0;(0 0);
363400;2020-10-14 18:08:00;AVENIDA D CJ JOSE WALTER, 440;, ; 440;;;Queda;Anoitecer;;;Meio de Quadra;;Longo da via;0;1;0;1;0;0;0;0;0;0;0;0;0;(-38.5568677 -3.8312374);
363401;2020-10-14 18:03:00;RUA ALVARO MENDES, ;AVENIDA SGT HERMINIO SAMPAIO, ; ;;;Colisão;Anoitecer;;;;;Cruzamento;0;2;0;1;1;0;0;0;0;0;0;0;0;(-38.556605 -3.725654);
363403;2020-10-14 17:54:00;RUA FRE MARCELINO, 1559;, ; 1559;;;Colisão;Anoitecer;;;Meio de Quadra;;Longo da via;0;2;0;1;1;0;0;0;0;0;0;0;0;(-38.55665 -3.74873);
363405;2020-10-14 17:26:00;AVENIDA BEIRA MAR, 1140;, ; 1140;;;Queda;Anoitecer;;;Meio de Quadra;;Longo da via;0;1;0;1;0;0;0;0;0;0;0;0;0;(-38.5104005 -3.7206535);
363407;2020-10-14 16:31:00;RUA STA MARIA GORETE, 124;, ; 124;;;Colisão;Luz do Dia;;;Meio de Quadra;;Longo da via;0;2;0;2;0;0;0;0;0;0;0;0;0;(-38.602058 -3.724448);
362536;2020-10-14 16:10:00;AVENIDA PRS JUSCELINO KUBITSCHEK (PASSARÉ), ;, ; ;;;Colisão Lateral;Luz do Dia;Bom;Seca;Rotatória;Não Há Controle;Longo da via;0;0;2;0;1;0;0;0;0;0;0;0;0;(0 0);
362537;2020-10-14 15:40:00;AVENIDA OLIVEIRA PAIVA, 1937;, ; 1937;;;Colisão Lateral;Luz do Dia;Bom;Seca;Meio de Quadra;Semáforo;Longo da via;0;1;1;1;1;0;0;0;0;0;0;0;0;(-38.48893 -3.796108);
362855;2020-10-14 15:30:00;RUA MAXIMO LINHARES, ;, ; ;;;Colisão Lateral;Luz do Dia;Bom;Seca;Meio de Quadra;Pare;Longo da via;0;2;0;1;1;0;0;0;0;0;0;0;0;(0 0);