COD_ACIDENTE;DATA;LOG1;LOG2;NUMERO;BAIRRO;AMC;NATUREZA;ILUMINACAO;TEMPO;SUPERFICIEPISTA;TIPOCRUZAMENTO;CONTROLETRAFEGO;USOSOLO;MORTOS;FERIDOS;ILESOS;MOTOCICLETA;AUTOMOVEL;MICROONIBUS;CAMINHAO;ONIBUS;CICLOMOTOR;BICICLETA;OUTROS;TREM;TRACAOANIMAL;COORDENADAS
363410;2020-10-14 15:19:00;RUA BERNARDO MANUEL, 9287;, ; 9287;;;Colisão;Luz do Dia;;;Meio de Quadra;;Longo da via;0;1;0;0;0;0;0;0;0;0;0;0;0;(-38.552078 -3.800883);
363411;2020-10-14 15:11:00;RUA PRO COSTA MENDES, ;RUA JULIO CESAR D12, ; ;;;Colisão;Luz do Dia;;;Cruz;Pare;Cruzamento;0;2;0;1;1;0;0;0;0;0;0;0;0;(-38.546911 -3.754698);
362838;2020-10-14 14:14:00;AVENIDA JOR THOMAZ COELHO, 1650;, ; 1650;;;Atropelamento;Luz do Dia;Bom;Seca;Meio de Quadra;Semáforo;Longo da via;0;1;1;0;1;0;0;0;0;0;0;0;0;(-38.509588 -3.829801);
363412;2020-10-14 14:00:00;RUA LONDRINA, ;RUA JOSE TORRES, ; ;;;Colisão;Luz do Dia;;;Cruz;Não Há Controle;Cruzamento;0;1;0;0;0;0;0;0;0;0;0;0;0;(-38.607258 -3.779916);
363418;2020-10-14 13:47:00;AVENIDA PRS CASTELO BRANCO, 3432;, ; 3432;;;Colisão;Luz do Dia;;;Meio de Quadra;;Longo da via;0;2;0;1;1;0;0;0;0;0;0;0;0;(-38.5619688 -3.71026173);
362538;2020-10-14 13:30:00;AVENIDA BERNARDO MANUEL, 9299;, ; 9299;;;Colisão Lateral;Luz do Dia;Bom;Seca;Meio de Quadra;Não Há Controle;Longo da via;0;2;1;0;1;0;0;1;0;0;0;0;0;(-38.56044 -3.82946);
363419;2020-10-14 12:21:00;AVENIDA GENIBAU, 107;, ; 107;;;Atropelamento;Luz do Dia;;;Meio de Quadra;;Longo da via;0;2;0;1;0;0;0;0;0;0;0;0;0;(-38.5952781 -3.76181073);
362844;2020-10-14 12:00:00;AVENIDA DES MOREIRA, ;RUA ISAC AMARAL, ; ;;;Não informado;Luz do Dia;Bom;Seca;Cruz;Semáforo;Cruzamento;0;1;1;2;0;0;0;0;0;0;0;0;0;(-38.503726 -3.753019);
362842;2020-10-14 11:30:00;AVENIDA DEP PAULINO ROCHA, 1740;, ; 1740;;;Colisão Traseira;Luz do Dia;Bom;Seca;Meio de Quadra;;Longo da via;0;0;2;0;2;0;0;0;0;0;0;0;0;(-38.5131209 -3.81168192);
363420;2020-10-14 11:21:00;AVENIDA LIBERDADE, ;RUA CAETANO SILVA (A. NUNES), ; ;;;Colisão;Luz do Dia;;;;;Cruzamento;0;2;0;1;1;0;0;0;0;0;0;0;0;(-38.598943 -3.74908);
363422;2020-10-14 10:51:00;AVENIDA AUGUSTO DOS ANJOS, ;RUA ALUISIO AZEVEDO, ; ;;;Colisão;Luz do Dia;;;Duplo T;Semáforo;Cruzamento;0;2;0;1;1;0;0;0;0;0;0;0;0;(-38.5731614 -3.77339);
362270;2020-10-14 10:00:00;RD BR 116, ;, ; ;;;Atropelamento;Luz do Dia;;Seca;Meio de Quadra;;Longo da via;0;1;1;0;1;0;0;0;0;0;0;0;0;(-38.504865 -3.830837);
363423;2020-10-14 09:57:00;RUA CON DE CASTRO, 4359;, ; 4359;;;Atropelamento;Luz do Dia;;;Meio de Quadra;;Longo da via;0;2;0;1;0;0;0;0;0;0;0;0;0;(-38.590573 -3.80347037);
362533;2020-10-14 09:40:00;RUA JULIO ABREU, ;RUA DELMIRO FARIAS, ; ;;;Colisão Lateral;Luz do Dia;Bom;Seca;Cruz;Pare;Cruzamento;0;1;1;0;2;0;0;0;0;0;0;0;0;(-38.54838 -3.74952);
364755;2020-10-14 08:50:00;AVENIDA VIS RIO BRANCO, ;AVENIDA ANTONIO SALES, ; ;;;Colisão;Luz do Dia;;;Outros;Semáforo;Cruzamento;0;2;0;1;0;1;0;0;0;0;0;0;0;(-38.52323 -3.738768);
362534;2020-10-14 08:47:00;RUA SILVA PAULET, ;RUA TOMAS ACIOLI, ; ;;;Colisão Transversal;Luz do Dia;Bom;Seca;Cruz;Pare;Cruzamento;0;2;1;1;1;0;0;0;0;0;0;0;0;(-38.50889 -3.745151);
363425;2020-10-14 08:36:00;AVENIDA GODOFREDO PIMENTEL, 709;, ; 709;;;Colisão;Luz do Dia;;;Meio de Quadra;;Longo da via;0;2;0;1;1;0;0;0;0;0;0;0;0;(-38.58897 -3.73221);
363426;2020-10-14 08:17:00;AVENIDA DOM LUIS, 120;, ; 120;;;Colisão;Luz do Dia;;;Meio de Quadra;;Longo da via;0;2;0;1;1;0;0;0;0;0;0;0;0;(-38.500741 -3.7321219);
363427;2020-10-14 08:03:00;RUA JULIO ABREU, ;RUA DELMIRO GOUVEIA, ; ;;;Colisão;Luz do Dia;;;Cruz;Gesto;Cruzamento;0;2;0;1;1;0;0;0;0;0;0;0;0;(-38.488072 -3.7359);
363428;2020-10-14 08:00:00;RUA BAR RIO BRANCO, 1998;, ; 1998;;;Colisão;Luz do Dia;;;Meio de Quadra;;Longo da via;0;2;0;0;1;0;0;1;0;0;0;0;0;(-38.531298 -3.7359706);
363429;2020-10-14 07:58:00;RUA TOMAS ACIOLI, ;RUA SILVA PAULET, ; ;;;Colisão;Luz do Dia;;;Cruz;Pare;Cruzamento;0;2;0;1;1;0;0;0;0;0;0;0;0;(-38.50889 -3.745151);
362535;2020-10-14 07:44:00;AVENIDA DOMINGOS OLIMPIO, ;AVENIDA VIS RIO BRANCO, ; ;;;Colisão Transversal;Luz do Dia;Bom;Seca;Cruz;Semáforo;Cruzamento;0;1;1;1;0;1;0;0;0;0;0;0;0;(-38.523589 -3.738574);
362530;2020-10-14 07:41:00;RUA RAIMUNDO NERY, ;RUA COSTA FREIRE, ; ;;;Colisão Transversal;Luz do Dia;Bom;Seca;Cruz;Pare;Cruzamento;0;1;1;1;1;0;0;0;0;0;0;0;0;(-38.586423 -3.794144);
362532;2020-10-14 07:20:00;AVENIDA JOR THOMAZ COELHO, 55;, ; 55;;;Não informado;Luz do Dia;Bom;Seca;Meio de Quadra;Não Há Controle;Longo da via;0;0;2;0;2;0;0;0;0;0;0;0;0;(-38.4958 -3.831845);
363430;2020-10-14 07:13:00;AVENIDA GODOFREDO MACIEL, 5923;, ; 5923;;;Queda;Luz do Dia;;;Meio de Quadra;;Longo da via;0;1;0;1;0;0;0;0;0;0;0;0;0;(-38.57951771 -3.826527857);
363432;2020-10-14 06:30:00;AVENIDA JOVITA FEITOSA, 72;, ; 72;;;Colisão;Luz do Dia;;;Meio de Quadra;;Longo da via;0;2;0;1;1;0;0;0;0;0;0;0;0;(-38.54465778 -3.737418778);
363433;2020-10-14 06:20:00;RD DR MENDEL STEINBRUCH, ;, ; ;;;Colisão;Luz do Dia;;;Meio de Quadra;;Longo da via;0;2;0;1;1;0;0;0;0;0;0;0;0;(0 0);
363438;2020-10-14 06:16:00;AVENIDA DEP PAULINO ROCHA, 1380;, ; 1380;;;Atropelamento;Luz do Dia;;;Meio de Quadra;;Longo da via;0;2;0;1;0;0;0;0;0;0;0;0;0;(-38.50965682 -3.81063281);
363439;2020-10-14 05:57:00;AVENIDA CARAPINIMA, ;RUA PDE CICERO, ; ;;;Queda;Amanhecer;;;;;Cruzamento;0;1;0;1;0;0;0;0;0;0;0;0;0;(-38.57245 -3.70352);
363441;2020-10-13 21:29:00;RUA PORTO VELHO, ;RUA STA FILOMENA, ; ;;;Colisão;;;;Cruz;Não Há Controle;Cruzamento;0;1;0;0;0;0;0;0;0;0;0;0;0;(-38.592165 -3.763217);
363443;2020-10-13 20:51:00;AVENIDA PRS COSTA E SILVA, 2615;, ; 2615;;;Colisão;;;;Meio de Quadra;;Longo da via;0;1;0;0;0;0;0;0;0;0;0;0;0;(-38.55883131 -3.820884);
362837;2020-10-13 19:20:00;AVENIDA JOSE BASTOS, 3000;, ; 3000;;;Colisão Lateral;Via Iluminada;Bom;Seca;Meio de Quadra;;Longo da via;0;1;1;2;0;0;0;0;0;0;0;0;0;(-38.5472955 -3.746855);
363444;2020-10-13 18:50:00;RUA FRE CANECA, 800;, ; 800;;;Atropelamento;;;;Meio de Quadra;;Longo da via;0;2;0;0;1;0;0;0;0;0;0;0;0;(0 0);
363446;2020-10-13 18:24:00;AVENIDA ANTONIO SALES, ;, ; ;;;Queda;Anoitecer;;;Meio de Quadra;;Longo da via;0;1;0;1;0;0;0;0;0;0;0;0;0;(0 0);
363447;2020-10-13 18:08:00;AVENIDA WENEFRIDO MELO, 224;, ; 224;;;Colisão;Anoitecer;;;Meio de Quadra;;Longo da via;0;2;0;1;1;0;0;0;0;0;0;0;0;(-38.5773855 -3.80933202);
363449;2020-10-13 17:59:00;RUA PRO GOMES BRASIL, ;, ; ;;;Colisão;Anoitecer;;;Meio de Quadra;;Longo da via;0;2;0;1;0;0;0;0;0;0;0;0;0;(0 0);
363453;2020-10-13 17:01:00;AVENIDA DUQ CAXIAS, 430;, ; 430;;;Colisão;Anoitecer;;;Meio de Quadra;;Longo da via;0;2;0;1;1;0;0;0;0;0;0;0;0;(-38.528462 -3.732252);
362528;2020-10-13 16:00:00;RUA PDE PEDRO DE ALENCAR, ;RUA JOSE HIPOLITO, ; ;;;Colisão Lateral;Luz do Dia;Bom;Seca;Cruz;Semáforo;Cruzamento;0;0;2;0;1;0;0;1;0;0;0;0;0;(-38.49369 -3.832728);
364754;2020-10-13 16:00:00;RUA OSCAR FRANCA, 290;, ; 290;;;Colisão;Luz do Dia;;;Meio de Quadra;;Longo da via;0;1;0;0;0;0;0;0;0;0;0;0;0;(-38.5947006 -3.79352773);
363454;2020-10-13 15:49:00;AVENIDA HERACLITO GRACA, 1117;, ; 1117;;;Colisão;Luz do Dia;;;Meio de Quadra;;Longo da via;0;2;0;0;1;0;0;0;0;1;0;0;0;(-38.5148998 -3.736607);
362529;2020-10-13 15:40:00;AVENIDA PRS COSTA E SILVA, ;, ; ;;;Colisão Traseira;Luz do Dia;Bom;Seca;Meio de Quadra;Semáforo;Longo da via;0;1;1;1;1;0;0;0;0;0;0;0;0;(-38.568455 -3.8157606);
363455;2020-10-13 15:35:00;AVENIDA LAURO VIEIRA CHAVES, 1076;, ; 1076;;;Queda;Luz do Dia;;;Meio de Quadra;;Longo da via;0;1;0;1;0;0;0;0;0;0;0;0;0;(-38.536867 -3.7720125);
363456;2020-10-13 13:48:00;RUA ALUISIO AZEVEDO, 619;, ; 619;;;Colisão;Luz do Dia;;;Meio de Quadra;;Longo da via;0;1;0;0;0;0;0;0;0;0;0;0;0;(-38.5783792 -3.77062163);
362526;2020-10-13 13:01:00;RUA CHICO LEMOS, ;RUA ALICE, ; ;;;Colisão Transversal;Luz do Dia;Bom;Seca;Cruz;Pare;Cruzamento;0;2;0;1;1;0;0;0;0;0;0;0;0;(-38.499726 -3.790026);
362527;2020-10-13 12:15:00;RUA BENI DE CARVALHO, ;RUA VICENTE LEITE, ; ;;;Colisão Transversal;Luz do Dia;Bom;Seca;Cruz;Pare;Cruzamento;0;1;1;1;1;0;0;0;0;0;0;0;0;(-38.497966 -3.745037);
363457;2020-10-13 11:11:00;RUA CON DE CASTRO, 7284;, ; 7284;;;Atropelamento;Luz do Dia;;;Meio de Quadra;;Longo da via;0;2;0;1;0;0;0;0;0;0;0;0;0;(-38.6009365 -3.81747763);
362524;2020-10-13 10:57:00;RUA ANTONIO AUGUSTO, ;RUA COSTA BARROS, ; ;;;Colisão Transversal;Luz do Dia;Bom;Seca;Cruz;Pare;Cruzamento;0;2;0;2;0;0;0;0;0;0;0;0;0;(-38.513288 -3.729783);
362525;2020-10-13 10:00:00;AVENIDA HEROIS DO ACRE, ;AVENIDA PRUDENTE BRASIL, ; ;;;Colisão Transversal;Luz do Dia;Bom;Seca;Cruz;Semáforo;Cruzamento;0;1;1;0;1;0;0;0;0;0;0;0;0;(-38.532196 -3.803135);
363458;2020-10-13 09:34:00;AVENIDA PASTEUR, 908;, ; 908;;;Colisão;Luz do Dia;;;Meio de Quadra;;Longo da via;0;2;0;1;1;0;0;0;0;0;0;0;0;(-38.559742 -3.713905);
363459;2020-10-13 09:28:00;AVENIDA PRS COSTA E SILVA, ;AVENIDA PRS JUSCELINO KUBITSCHEK (PASSARÉ), ; ;;;Colisão;Luz do Dia;;;T;Semáforo;Cruzamento;0;2;0;1;1;0;0;0;0;0;0;0;0;(-38.539516 -3.825648);
362523;2020-10-13 09:09:00;AVENIDA DR SILAS MUNGUBA, 590;, ; 590;;;Não informado;Luz do Dia;Bom;Seca;Meio de Quadra;Não Há Controle;Longo da via;0;0;1;0;0;0;0;1;0;0;0;0;0;(-38.5602335 -3.77970149);
362522;2020-10-13 08:54:00;AVENIDA FRANCISCO SA, 4393;, ; 4393;;;Colisão;Luz do Dia;Bom;Seca;;;Longo da via;0;2;0;1;1;0;0;0;0;0;0;0;0;(-38.563951 -3.71518);
363460;2020-10-13 08:24:00;AVENIDA EDUARDO GIRAO, ;RUA DEP OSWALDO STUDART, ; ;;;Colisão;Luz do Dia;;;Cruz;Semáforo Intermitente;Cruzamento;0;2;0;2;0;0;0;0;0;0;0;0;0;(-38.5297 -3.7554035);
363461;2020-10-13 08:14:00;AVENIDA PRS CASTELO BRANCO, 2396;, ; 2396;;;Colisão;Luz do Dia;;;Meio de Quadra;;Longo da via;0;2;0;1;1;0;0;0;0;0;0;0;0;(-38.5492933 -3.71350274);
363467;2020-10-13 07:05:00;AVENIDA PRS CASTELO BRANCO, 865;, ; 865;;;Colisão;Luz do Dia;;;Meio de Quadra;;Longo da via;0;2;0;1;1;0;0;0;0;0;0;0;0;(-38.5314 -3.71986);
362267;2020-10-13 07:00:00;RD BR 020, ;, ; ;;;Queda;Luz do Dia;;Seca;Meio de Quadra;;Longo da via;0;1;0;1;0;0;0;0;0;0;0;0;0;(-38.507 -3.869);
363469;2020-10-13 06:54:00;RD QUARTO ANEL VIARIO, ;, ; ;;;Colisão;Luz do Dia;;;Meio de Quadra;;Longo da via;0;2;0;2;0;0;0;0;0;0;0;0;0;(0 0);
363471;2020-10-13 06:37:00;ROD CE 010, ;, ; ;;;Queda;Luz do Dia;;;Meio de Quadra;;Longo da via;0;1;0;0;0;0;0;0;0;1;0;0;0;(0 0);
364753;2020-10-13 04:10:00;RUA JOAO CARVALHO, 45;, ; 45;;;Colisão;;;;Meio de Quadra;;Longo da via;0;1;0;0;1;0;0;0;0;0;0;0;0;(-38.5124215 -3.73605685);
363472;2020-10-12 23:40:00;RUA PRO EDGAR DE ARRUDA, 1967;, ; 1967;;;Colisão;;;;Meio de Quadra;;Longo da via;0;2;0;2;0;0;0;0;0;0;0;0;0;(-38.5918075 -3.75446768);
363473;2020-10-12 22:49:00;AVENIDA GODOFREDO MACIEL, 6240;, ; 6240;;;Queda;;;;Meio de Quadra;;Longo da via;0;1;0;1;0;0;0;0;0;0;0;0;0;(-38.58075586 -3.830367);
363474;2020-10-12 22:24:00;RUA CEL JOAQUIM FRANKLIN, ;RUA SALGADO FILHO, ; ;;;Colisão;;;;Cruz;Pare;Cruzamento;0;1;0;0;0;0;0;0;0;0;0;0;0;(-38.594868 -3.743486);
363476;2020-10-12 21:40:00;AVENIDA FRE CIRILO, 4290;, ; 4290;;;Colisão;;;;Meio de Quadra;;Longo da via;0;1;0;1;1;0;0;0;0;0;0;0;0;(-38.495888 -3.820819);
364741;2020-10-12 21:30:00;RUA PORTO ALEGRE, ;, ; ;;;Colisão;;;;Meio de Quadra;;Longo da via;0;2;0;1;1;0;0;0;0;0;0;0;0;(0 0);
363479;2020-10-12 20:49:00;RUA DR JOSE LOURENCO, 1550;, ; 1550;;;Colisão;;;;Meio de Quadra;;Longo da via;0;2;0;2;0;0;0;0;0;0;0;0;0;(-38.508619 -3.737211);
363480;2020-10-12 20:35:00;RUA SGT JOAO PINHEIRO, 1770;, ; 1770;;;Colisão;;;;Meio de Quadra;;Longo da via;0;1;0;0;0;0;0;0;0;0;0;0;0;(-38.624137 -3.787647);
362835;2020-10-12 20:00:00;RUA PORTO VELHO, ;RUA STA FILOMENA, ; ;;;Tombamento;Via Iluminada;Bom;Seca;Cruz;Não Há Controle;Cruzamento;0;1;1;1;1;0;0;0;0;0;0;0;0;(-38.592165 -3.763217);
363481;2020-10-12 19:48:00;RUA VIS ICO D20, 671;, ; 671;;;Colisão;;;;Meio de Quadra;;Longo da via;0;1;0;0;0;0;0;0;0;0;0;0;0;(-38.5639916 -3.72127967);
363482;2020-10-12 18:56:00;RUA AMANCIO PEREIRA, 905;, ; 905;;;Queda;;;;Meio de Quadra;;Longo da via;0;1;0;1;0;0;0;0;0;0;0;0;0;(-38.5234105 -3.81679);
363483;2020-10-12 18:53:00;RUA RIO GRANDE DO SUL, 246;, ; 246;;;Atropelamento;;;;Meio de Quadra;;Longo da via;0;2;0;0;0;0;0;0;0;1;0;0;0;(-38.5627394 -3.75151115);
362266;2020-10-12 18:13:00;RD BR 020, ;, ; ;;;Colisão Traseira;Anoitecer;;Seca;Meio de Quadra;;Longo da via;0;1;1;1;1;0;0;0;0;0;0;0;0;(-38.515 -3.866);
363484;2020-10-12 17:57:00;RUA URUCUTUBA, 2046;, ; 2046;;;Colisão;Anoitecer;;;Meio de Quadra;;Longo da via;0;1;0;0;0;0;0;0;0;0;0;0;0;(-38.615219 -3.7986285);
363485;2020-10-12 17:46:00;AVENIDA ANTONIO SALES, ;AVENIDA ENG SANTANA JUNIOR, ; ;;;Colisão;Anoitecer;;;T;Dê Preferência;Cruzamento;0;2;0;1;1;0;0;0;0;0;0;0;0;(-38.490039 -3.749257);
363486;2020-10-12 16:17:00;AVENIDA CASTELO DE CASTRO, ;RUA 202 CJ SAO CRISTOVAO, ; ;;;Colisão;Luz do Dia;;;;;Cruzamento;0;2;0;1;1;0;0;0;0;0;0;0;0;(-38.521533 -3.832223);
363487;2020-10-12 14:37:00;AVENIDA MR HULL, 5498;, ; 5498;;;Colisão;Luz do Dia;;;Meio de Quadra;;Longo da via;0;2;0;0;2;0;0;0;0;0;0;0;0;(-38.5934375 -3.7399365);
363488;2020-10-12 14:09:00;RUA PDE PEDRO DE ALENCAR, 1778;, ; 1778;;;Colisão;Luz do Dia;;;Meio de Quadra;;Longo da via;0;2;0;1;1;0;0;0;0;0;0;0;0;(-38.494382 -3.843805);
363489;2020-10-12 13:03:00;RUA PORTO VELHO, 70;, ; 70;;;Queda;Luz do Dia;;;Meio de Quadra;;Longo da via;0;1;0;1;0;0;0;0;0;0;0;0;0;(0 0);
364752;2020-10-12 12:50:00;AVENIDA OLIVEIRA PAIVA, ;, ; ;;;Colisão;Luz do Dia;;;Meio de Quadra;;Longo da via;0;2;0;0;2;0;0;0;0;0;0;0;0;(0 0);
362262;2020-10-12 12:20:00;RD BR 222, ;, ; ;;;Colisão Transversal;Luz do Dia;;Seca;Meio de Quadra;;Longo da via;0;1;1;0;1;0;0;0;0;1;0;0;0;(0 0);
363490;2020-10-12 12:01:00;AVENIDA SEN FERNANDES TAVORA, ;, ; ;;;Queda;Luz do Dia;;;Meio de Quadra;;Longo da via;0;1;0;1;0;0;0;0;0;0;0;0;0;(0 0);
363491;2020-10-12 10:53:00;AVENIDA WASHINGTON LUIS, 1133;, ; 1133;;;Colisão;Luz do Dia;;;Meio de Quadra;;Longo da via;0;2;0;1;1;0;0;0;0;0;0;0;0;(0 0);
363492;2020-10-12 10:42:00;RUA CATOLE, 2530;, ; 2530;;;Colisão;Luz do Dia;;;Meio de Quadra;;Longo da via;0;2;0;2;0;0;0;0;0;0;0;0;0;(-38.521785 -3.852098);
363493;2020-10-12 10:21:00;AVENIDA L CJ CEARA, ;, ; ;;;Colisão;Luz do Dia;;;Meio de Quadra;;Longo da via;0;2;0;1;1;0;0;0;0;0;0;0;0;(0 0);
363494;2020-10-12 10:02:00;AVENIDA PERIMETRAL, 3000;, ; 3000;;;Colisão;Luz do Dia;;;Meio de Quadra;;Longo da via;0;2;0;1;1;0;0;0;0;0;0;0;0;(-38.521973 -3.828854);
363495;2020-10-12 04:02:00;AVENIDA PRO JOSE ARTHUR CARVALHO, 1220;, ; 1220;;;Queda;;;;Meio de Quadra;;Longo da via;0;1;0;1;0;0;0;0;0;0;0;0;0;(-38.470341 -3.8269785);
363496;2020-10-12 00:17:00;RUA FRANCISCO GLICERIO, 2170;, ; 2170;;;Queda;;;;Meio de Quadra;;Longo da via;0;1;0;1;0;0;0;0;0;0;0;0;0;(-38.5810245 -3.79459023);
363497;2020-10-11 23:15:00;RUA PDE GUERRA, 1788;, ; 1788;;;Colisão;;;;Meio de Quadra;;Longo da via;0;2;0;0;2;0;0;0;0;0;0;0;0;(-38.5601655 -3.73942175);
363498;2020-10-11 23:10:00;AVENIDA CARAPINIMA, 2200;, ; 2200;;;Colisão;;;;Meio de Quadra;;Longo da via;0;2;0;1;1;0;0;0;0;0;0;0;0;(-38.5397075 -3.7394995);
362520;2020-10-11 21:52:00;RUA JOAO FIRMINO, ;RUA EUGENIO GADELHA, ; ;;;Colisão Transversal;Via Iluminada;Bom;Seca;Meio de Quadra;Semáforo;Cruzamento;0;1;1;1;1;0;0;0;0;0;0;0;0;(-38.55243 -3.76066);
363499;2020-10-11 21:45:00;RUA BOTELHO MAGALHAES, 520;, ; 520;;;Colisão;;;;Meio de Quadra;;Longo da via;0;2;0;2;0;0;0;0;0;0;0;0;0;(-38.4914784 -3.80041886);
363500;2020-10-11 21:20:00;RUA JOAO FIRMINO, 196;, ; 196;;;Colisão;;;;Meio de Quadra;;Longo da via;0;2;0;1;1;0;0;0;0;0;0;0;0;(-38.552504 -3.7607675);
362519;2020-10-11 20:40:00;AVENIDA FRANCISCO SA, ;RUA CRUZEIRO DO SUL, ; ;;;Colisão Transversal;Via Iluminada;Bom;Seca;Meio de Quadra;Não Há Controle;Cruzamento;0;0;2;0;2;0;0;0;0;0;0;0;0;(-38.563034 -3.715499);
363501;2020-10-11 20:33:00;RUA JOSE AMAURY MOREIRA, 109;, ; 109;;;Queda;;;;Meio de Quadra;;Longo da via;0;1;0;1;0;0;0;0;0;0;0;0;0;(-38.5094 -3.79923);
362518;2020-10-11 18:45:00;RUA DAS PITANGUEIRAS, ;RUA MON AGOSTINHO, ; ;;;Não informado;Anoitecer;Bom;Seca;Meio de Quadra;Pare;Cruzamento;0;1;1;0;1;0;0;0;1;0;0;0;0;(-38.58533 -3.79081);
363502;2020-10-11 18:10:00;RUA ELCIAS LOPES, 670;, ; 670;;;Colisão;Anoitecer;;;Meio de Quadra;;Longo da via;0;1;0;0;0;0;0;0;0;0;0;0;0;(-38.55406 -3.77188);
363503;2020-10-11 17:57:00;RUA ROCHA LIMA, 90;, ; 90;;;Queda;Anoitecer;;;Meio de Quadra;;Longo da via;0;1;0;0;0;0;0;0;0;1;0;0;0;(-38.52384 -3.73593);
362832;2020-10-11 17:50:00;AVENIDA ANTONIO SALES, ;RUA DNA LEOPOLDINA, ; ;;;Colisão;Anoitecer;Bom;Seca;Cruz;Dê Preferência;Cruzamento;0;1;1;0;1;0;0;0;0;1;0;0;0;(-38.522386 -3.739197);
363504;2020-10-11 17:35:00;RUA CRUZEIRO DO SUL, 337;, ; 337;;;Colisão;Anoitecer;;;Meio de Quadra;;Longo da via;0;2;0;2;0;0;0;0;0;0;0;0;0;(-38.5608374 -3.71373514);
363505;2020-10-11 17:02:00;AVENIDA CONTORNO OESTE D71, 18;, ; 18;;;Colisão;Anoitecer;;;Meio de Quadra;;Longo da via;0;2;0;1;1;0;0;0;0;0;0;0;0;(-38.592095 -3.809185);
363506;2020-10-11 16:57:00;RUA ANTERO QUENTAL, 8;, ; 8;;;Colisão;Luz do Dia;;;Meio de Quadra;;Longo da via;0;2;0;1;1;0;0;0;0;0;0;0;0;(-38.49129 -3.85953);
363507;2020-10-11 13:52:00;RUA DES GOMES PARENTE, 1124;, ; 1124;;;Choque c/ Obstáculo Fixo;Luz do Dia;;;Meio de Quadra;;Longo da via;0;1;0;0;1;0;0;0;0;0;0;0;0;(-38.5797996 -3.7727756);
363508;2020-10-11 13:39:00;AVENIDA A CJ CEARA, 855;, ; 855;;;Queda;Luz do Dia;;;Meio de Quadra;;Longo da via;0;1;0;1;0;0;0;0;0;0;0;0;0;(-38.4751689 -3.7839728);
363509;2020-10-11 13:17:00;AVENIDA JOSE BASTOS, 5191;, ; 5191;;;Colisão;Luz do Dia;;;Meio de Quadra;;Longo da via;0;2;0;1;1;0;0;0;0;0;0;0;0;(-38.56053 -3.76067);
362517;2020-10-11 12:40:00;RUA CEL VIRGILIO NOGUEIRA (BOM JARDIM), ;RUA BOM JESUS (GRANJA LISBOA), ; ;;;Não informado;Luz do Dia;Bom;Seca;Cruz;Semáforo;Cruzamento;0;0;3;0;2;0;0;1;0;0;0;0;0;(-38.609724 -3.791658);
363510;2020-10-11 12:18:00;AVENIDA DIOGUINHO, 2022;, ; 2022;;;Atropelamento;Luz do Dia;;;Meio de Quadra;;Longo da via;0;2;0;0;1;0;0;0;0;0;0;0;0;(-38.457286 -3.734366);
362516;2020-10-11 12:15:00;RUA BAR AQUIRAZ, ;RUA GURGEL DO AMARAL, ; ;;;Colisão Transversal;Luz do Dia;Bom;Seca;Cruz;Semáforo;Cruzamento;0;1;1;1;1;0;0;0;0;0;0;0;0;(-38.48991 -3.83378);
364897;2020-10-11 11:49:00;RUA MON CARNEIRO DA CUNHA, 241;, ; 241;;;Colisão;Luz do Dia;;;Meio de Quadra;;Longo da via;0;2;0;0;0;0;0;0;0;0;0;0;0;(-38.483733 -3.778156);
363512;2020-10-11 11:10:00;AVENIDA SEN FERNANDES TAVORA, ;, ; ;;;Colisão;Luz do Dia;;;Meio de Quadra;;Longo da via;0;2;0;0;1;0;0;0;0;1;0;0;0;(0 0);
363513;2020-10-11 11:00:00;RUA BENI DE CARVALHO, ;RUA VICENTE LEITE, ; ;;;Colisão;Luz do Dia;;;Cruz;Pare;Cruzamento;0;2;0;1;1;0;0;0;0;0;0;0;0;(-38.497966 -3.745037);
362515;2020-10-11 10:56:00;AVENIDA HIS RAIMUNDO GIRAO, ;RUA JOAO CORDEIRO, ; ;;;Atropelamento;Luz do Dia;Bom;Seca;Cruz;Semáforo;Cruzamento;0;1;1;0;1;0;0;0;0;0;0;0;0;(-38.51163 -3.720835);
362833;2020-10-11 10:50:00;AVENIDA LINEU MACHADO, 436;, ; 436;;;Choque c/ Obstáculo Fixo;Luz do Dia;Bom;Seca;Meio de Quadra;Não Há Controle;Longo da via;0;1;0;0;1;0;0;0;0;0;0;0;0;(-38.57604 -3.764258);
363514;2020-10-11 09:47:00;RUA JOSE VILAR, 3267;, ; 3267;;;Colisão;Luz do Dia;;;Meio de Quadra;;Longo da via;0;2;0;1;1;0;0;0;0;0;0;0;0;(-38.51003 -3.752317);
363515;2020-10-11 09:09:00;AVENIDA GAL OSORIO DE PAIVA, ;, ; ;;;Queda;Luz do Dia;;;Meio de Quadra;;Longo da via;0;1;0;1;0;0;0;0;0;0;0;0;0;(0 0);
363516;2020-10-11 08:21:00;AVENIDA ALM HENRIQUE SABOIA, 4180;, ; 4180;;;Colisão;Luz do Dia;;;Meio de Quadra;;Longo da via;0;2;0;1;1;0;0;0;0;0;0;0;0;(-38.49219 -3.74723);
364892;2020-10-11 08:03:00;RUA CEL DIONISIO ALENCAR, ;, ; ;;;Colisão;Luz do Dia;;;Meio de Quadra;;Longo da via;0;1;0;0;0;0;0;0;0;0;0;0;0;(0 0);