COD_ACIDENTE;DATA;LOG1;LOG2;NUMERO;BAIRRO;AMC;NATUREZA;ILUMINACAO;TEMPO;SUPERFICIEPISTA;TIPOCRUZAMENTO;CONTROLETRAFEGO;USOSOLO;MORTOS;FERIDOS;ILESOS;MOTOCICLETA;AUTOMOVEL;MICROONIBUS;CAMINHAO;ONIBUS;CICLOMOTOR;BICICLETA;OUTROS;TREM;TRACAOANIMAL;COORDENADAS
363517;2020-10-11 02:37:00;AVENIDA MAE LISBOA, 2089;, ; 2089;;;Colisão;;;;Meio de Quadra;;Longo da via;0;1;0;0;0;0;0;0;0;0;0;0;0;(-38.460878765 -3.807560177);
362521;2020-10-11 01:29:00;RUA FRANCISCO GLICERIO, ;RUA CARLOS STUDART, ; ;;;Colisão Transversal;Via Iluminada;Bom;Seca;Cruz;Pare;Cruzamento;0;0;1;0;0;0;0;1;0;0;0;0;0;(-38.5689 -3.796234);
363518;2020-10-11 00:11:00;RUA ANTONIO ARRUDA, 551;, ; 551;;;Colisão;;;;Meio de Quadra;;Longo da via;0;2;0;2;0;0;0;0;0;0;0;0;0;(-38.591721 -3.712294);
363519;2020-10-11 00:03:00;AVENIDA CEL CARVALHO, ;, ; ;;;Queda;;;;Meio de Quadra;;Longo da via;0;1;0;1;0;0;0;0;0;0;0;0;0;(0 0);
363520;2020-10-10 23:56:00;RUA ANTONIO ARRUDA, 55;, ; 55;;;Colisão;;;;Meio de Quadra;;Longo da via;0;2;0;2;0;0;0;0;0;0;0;0;0;(-38.59066 -3.70875);
363521;2020-10-10 22:57:00;RUA FRANCISCO GLICERIO, 839;, ; 839;;;Colisão;;;;Meio de Quadra;;Longo da via;0;1;0;0;0;0;0;0;0;0;0;0;0;(-38.568943 -3.796221);
363522;2020-10-10 22:40:00;AVENIDA BORGES DE MELO, 1597;, ; 1597;;;Atropelamento;;;;Meio de Quadra;;Longo da via;0;1;0;0;0;0;0;0;0;0;0;0;0;(-38.53282 -3.75772);
363253;2020-10-10 22:11:00;AVENIDA SGT HERMINIO SAMPAIO, 3790;, ; 3790;;;Colisão;;;;Meio de Quadra;;Longo da via;0;2;0;1;1;0;0;0;0;0;0;0;0;(-38.574437 -3.729636);
363252;2020-10-10 21:55:00;RUA SAO FRANCISCO D34, 1661;, ; 1661;;;Queda;;;;Meio de Quadra;;Longo da via;0;1;0;1;0;0;0;0;0;0;0;0;0;(-38.628399 -3.809613);
362513;2020-10-10 21:49:00;AVENIDA JOVITA FEITOSA, ;RUA AMADEU FURTADO, ; ;;;Não informado;Luz do Dia;Bom;Seca;Cruz;Semáforo;Cruzamento;0;1;1;1;1;0;0;0;0;0;0;0;0;(-38.562915 -3.741173);
363250;2020-10-10 21:20:00;RUA MANOEL AGUIAR PONTES, 1501;, ; 1501;;;Colisão;;;;Meio de Quadra;;Longo da via;0;1;0;0;0;0;0;0;0;0;0;0;0;(-38.51632 -3.80943);
363890;2020-10-10 20:30:00;AVENIDA LINEU MACHADO, 419;, ; 419;;;Colisão;;;;Meio de Quadra;;Longo da via;1;1;0;0;2;0;0;0;0;0;0;0;0;(-38.576251 -3.764716);
363249;2020-10-10 20:27:00;AVENIDA SGT HERMINIO SAMPAIO, 2006;, ; 2006;;;Colisão;;;;Meio de Quadra;;Longo da via;0;2;0;2;0;0;0;0;0;0;0;0;0;(-38.558754 -3.726096);
362514;2020-10-10 20:20:00;AVENIDA DUQ CAXIAS, ;RUA ASSUNCAO, ; ;;;Colisão Lateral;Via Iluminada;Bom;Seca;Cruz;Semáforo;Cruzamento;0;4;0;2;0;0;0;0;0;0;0;0;0;(-38.527952 -3.732405);
363529;2020-10-10 20:17:00;AVENIDA JOAO PESSOA, 6993;, ; 6993;;;Queda;;;;Meio de Quadra;;Longo da via;0;1;0;1;0;0;0;0;0;0;0;0;0;(-38.56138 -3.77124);
363236;2020-10-10 19:38:00;AVENIDA JOSE LEON, 393;, ; 393;;;Atropelamento;;;;Meio de Quadra;;Longo da via;0;2;0;0;1;0;0;0;0;0;0;0;0;(-38.51038 -3.78687);
363235;2020-10-10 19:23:00;AVENIDA GAL OSORIO DE PAIVA, ;, ; ;;;Colisão;;;;Meio de Quadra;;Longo da via;0;2;0;2;0;0;0;0;0;0;0;0;0;(0 0);
363234;2020-10-10 19:05:00;RUA NOSSA SRA APARECIDA, ;, ; ;;;Atropelamento;;;;Meio de Quadra;;Longo da via;0;2;0;0;1;0;0;0;0;0;0;0;0;(0 0);
362512;2020-10-10 17:40:00;RUA DEP MATOSO FILHO, ;RUA GONCALO BEZERRA, ; ;;;Colisão Lateral;Anoitecer;Bom;Seca;Cruz;Pare;Cruzamento;0;1;1;1;1;0;0;0;0;0;0;0;0;(-38.585256 -3.73014);
362511;2020-10-10 17:10:00;RUA MAJ GERARDO MENDES, ;RUA JOSE BUSON, ; ;;;Colisão Transversal;Anoitecer;Bom;Material Derrapante;Cruz;Pare;Cruzamento;0;1;4;0;2;0;0;0;0;0;0;0;0;(-38.51364 -3.76391);
364736;2020-10-10 17:05:00;AVENIDA PRS COSTA E SILVA, 3088;, ; 3088;;;Outros;Anoitecer;;;Meio de Quadra;;Longo da via;0;2;0;0;2;0;0;0;0;0;0;0;0;(-38.5551 -3.82216);
363233;2020-10-10 16:51:00;RUA VILA LOBOS, 188;, ; 188;;;Atropelamento;Luz do Dia;;;Meio de Quadra;;Longo da via;0;2;0;0;1;0;0;0;0;0;0;0;0;(-38.5549806 -3.772971);
362510;2020-10-10 16:24:00;RUA CURITIBA, ;RUA PRO MIRAMAR DA PONTE, ; ;;;Colisão Transversal;Luz do Dia;Bom;Seca;Cruz;Pare;Cruzamento;0;2;0;1;0;0;0;0;0;0;0;0;0;(-38.584628 -3.759586);
362830;2020-10-10 16:20:00;RUA CASTRO E SILVA, ;RUA FLORIANO PEIXOTO, ; ;;;Colisão Lateral;Luz do Dia;Bom;Seca;Cruz;Pare;Cruzamento;0;1;1;1;1;0;0;0;0;0;0;0;0;(-38.52611 -3.724272);
363232;2020-10-10 15:48:00;RUA COM GARCIA, ;RUA DOM HENRIQUE, ; ;;;Colisão;Luz do Dia;;;Cruz;Pare;Cruzamento;0;2;0;1;1;0;0;0;0;0;0;0;0;(-38.57966 -3.789291);
363230;2020-10-10 14:42:00;AVENIDA PRS COSTA E SILVA, 1714;, ; 1714;;;Colisão;Luz do Dia;;;Meio de Quadra;;Longo da via;0;2;0;1;1;0;0;0;0;0;0;0;0;(-38.5662832 -3.81717695);
363227;2020-10-10 13:54:00;AVENIDA DR SILAS MUNGUBA, 4500;, ; 4500;;;Colisão;Luz do Dia;;;Meio de Quadra;;Longo da via;0;2;0;1;1;0;0;0;0;0;0;0;0;(-38.535043 -3.79309);
363225;2020-10-10 13:34:00;AVENIDA DEP PAULINO ROCHA, 4585;, ; 4585;;;Queda;Luz do Dia;;;Meio de Quadra;;Longo da via;0;1;0;1;0;0;0;0;0;0;0;0;0;(0 0);
364873;2020-10-10 13:25:00;AVENIDA PRS COSTA E SILVA, ;, ; ;;;Tombamento;Luz do Dia;;;Meio de Quadra;;Longo da via;0;1;0;0;0;0;0;0;0;0;0;0;0;(0 0);
363224;2020-10-10 13:25:00;AVENIDA PRS COSTA E SILVA, ;RUA 111 CJ SAO CRISTOVAO, ; ;;;Capotamento;Luz do Dia;;;;;Cruzamento;0;1;0;0;1;0;0;0;0;0;0;0;0;(-38.5489 -3.82377);
363222;2020-10-10 12:43:00;RUA SAO PAULO, 1432;, ; 1432;;;Colisão;Luz do Dia;;;Meio de Quadra;;Longo da via;0;2;0;1;1;0;0;0;0;0;0;0;0;(-38.538855 -3.722289);
363218;2020-10-10 12:17:00;RUA MARIA JULIA, ;RUA GUSTAVO BARROSO, ; ;;;Colisão;Luz do Dia;;;Cruz;Pare;Cruzamento;0;2;0;1;1;0;0;0;0;0;0;0;0;(-38.598031 -3.786307);
362509;2020-10-10 12:00:00;AVENIDA ODILON GUIMARAES, ;RUA NENEN ARRUDA, ; ;;;Engavetamento;Luz do Dia;Bom;Seca;Cruz;Pare;Cruzamento;0;1;2;1;2;0;0;0;0;0;0;0;0;(-38.476548 -3.821504);
363213;2020-10-10 11:34:00;RUA ABELARDO MARINHO, 160;, ; 160;;;Colisão;Luz do Dia;;;Meio de Quadra;;Longo da via;0;2;0;1;1;0;0;0;0;0;0;0;0;(-38.5313896 -3.76396583);
363211;2020-10-10 11:17:00;RUA MARIA CLARA, ;RUA RIO ARAGUAIA, ; ;;;Colisão;Luz do Dia;;;Cruz;Pare;Cruzamento;0;2;0;1;1;0;0;0;0;0;0;0;0;(-38.582119 -3.725741);
363210;2020-10-10 11:02:00;AVENIDA BULEVAR I, ;RUA 212 CJ SAO CRISTOVAO, ; ;;;Colisão;Luz do Dia;;;;;Cruzamento;0;2;0;0;2;0;0;0;0;0;0;0;0;(-38.523629 -3.833626);
363209;2020-10-10 09:58:00;AVENIDA SGT HERMINIO SAMPAIO, ;RUA EVANDRO LUZ, ; ;;;Colisão;Luz do Dia;;;T;Não Há Controle;Cruzamento;0;2;0;1;1;0;0;0;0;0;0;0;0;(-38.577549 -3.730841);
363205;2020-10-10 09:57:00;AVENIDA JOSE TAVARES, 270;, ; 270;;;Colisão;Luz do Dia;;;Meio de Quadra;;Longo da via;0;2;0;1;1;0;0;0;0;0;0;0;0;(0 0);
362508;2020-10-10 09:22:00;RUA ALVES RIBEIRO, ;, ; ;;;Colisão Lateral;Luz do Dia;Bom;Seca;Meio de Quadra;Não Há Controle;Longo da via;0;0;2;0;2;0;0;0;0;0;0;0;0;(0 0);
363204;2020-10-10 03:23:00;AVENIDA FRANCISCO SA, 1801;, ; 1801;;;Colisão;;;;Meio de Quadra;;Longo da via;0;1;0;0;0;0;0;0;0;0;0;0;0;(-38.54189591 -3.7224765);
364739;2020-10-10 02:35:00;AVENIDA NORTE SUL, 367;, ; 367;;;Colisão;;;;Meio de Quadra;;Longo da via;0;2;0;0;1;0;0;0;1;0;0;0;0;(-38.59177 -3.81353);
363190;2020-10-10 01:56:00;RD BR 116, 432;, ; 432;;;Colisão;;;;Meio de Quadra;;Longo da via;0;2;0;1;1;0;0;0;0;0;0;0;0;(-38.518702 -3.762554);
363186;2020-10-10 01:08:00;RUA OLIMPIO LEITE, 259;, ; 259;;;Queda;;;;Meio de Quadra;;Longo da via;0;1;0;1;0;0;0;0;0;0;0;0;0;(-38.4822714 -3.81438034);
363183;2020-10-10 00:45:00;AVENIDA GAL MURILO BORGES, ;, ; ;;;Colisão;;;;Meio de Quadra;;Longo da via;0;1;0;0;0;0;0;0;0;0;0;0;0;(0 0);
363182;2020-10-09 23:43:00;RUA CON DE CASTRO, 1320;, ; 1320;;;Atropelamento;;;;Meio de Quadra;;Longo da via;1;1;0;1;0;0;0;0;0;0;0;0;0;(-38.571961 -3.783418);
362823;2020-10-09 23:20:00;AVENIDA PRO JOSE ARTHUR CARVALHO, ;, ; ;;;Colisão Frontal;Mal Iluminada;Bom;Seca;Meio de Quadra;;Longo da via;1;2;0;1;1;0;0;0;0;0;0;0;0;(-38.471551 -3.826825);
362506;2020-10-09 21:55:00;AVENIDA SEN VIRGILIO TAVORA, ;AVENIDA ANTONIO JUSTA, ; ;;;Colisão Transversal;Via Iluminada;Bom;Seca;Cruz;Gesto;Cruzamento;0;2;0;0;1;0;0;0;0;1;0;0;0;(-38.490692 -3.728875);
363173;2020-10-09 21:51:00;AVENIDA HIS RAIMUNDO GIRAO, ;RUA MON BRUNO, ; ;;;Colisão;;;;T;Não Há Controle;Cruzamento;0;1;0;0;0;0;0;0;0;0;0;0;0;(-38.506415 -3.723076);
362505;2020-10-09 21:07:00;RUA CON DE CASTRO, 8751;, ; 8751;;;Não informado;Via Iluminada;Bom;Seca;Meio de Quadra;Não Há Controle;Longo da via;0;0;3;0;2;0;0;1;0;0;0;0;0;(-38.604366 -3.821763);
363159;2020-10-09 20:26:00;AVENIDA SANTOS DUMONT, 6400;, ; 6400;;;Colisão;;;;Meio de Quadra;;Longo da via;0;2;0;0;0;0;0;0;0;0;0;0;0;(-38.475231 -3.743687);
362507;2020-10-09 20:20:00;AVENIDA JOSE JATAHY, 1450;, ; 1450;;;Choque c/ Obstáculo Fixo;Mal Iluminada;Bom;Seca;Meio de Quadra;Não Há Controle;Longo da via;0;1;0;0;0;0;0;0;0;0;0;0;0;(-38.5441802 -3.73429493);
362261;2020-10-09 20:10:00;RD BR 116, ;, ; ;;;Tombamento;;;Seca;Meio de Quadra;;Longo da via;0;2;0;1;0;0;0;0;0;0;0;0;0;(-38.5115614 -3.786276359);
362500;2020-10-09 19:31:00;RUA JULIO ABREU, 131;RUA DELMIRO GOUVEIA, ; 131;;;Colisão Traseira;Via Iluminada;Bom;Seca;Cruz;Gesto;Cruzamento;0;0;2;0;2;0;0;0;0;0;0;0;0;(-38.488072 -3.7359);
362501;2020-10-09 19:30:00;AVENIDA JOSE BASTOS, ;RUA DIAMANTINA, ; ;;;Queda;Via Iluminada;Bom;Seca;T;Semáforo;Cruzamento;0;1;0;1;0;0;0;0;0;0;0;0;0;(-38.567402 -3.764978);
362502;2020-10-09 19:10:00;AVENIDA JOVITA FEITOSA, 554;, ; 554;;;Colisão Traseira;Via Iluminada;Bom;Seca;Meio de Quadra;Não Há Controle;Longo da via;0;1;0;0;1;0;0;0;0;0;0;0;0;(-38.548919 -3.738297);
362503;2020-10-09 19:00:00;AVENIDA PRS COSTA E SILVA, 2527;, ; 2527;;;Colisão Lateral;Via Iluminada;Bom;Seca;Meio de Quadra;Semáforo;Longo da via;0;1;1;1;1;0;0;0;0;0;0;0;0;(-38.55947616 -3.820576);
362504;2020-10-09 18:45:00;AVENIDA SGT HERMINIO SAMPAIO, 709;, ; 709;;;Atropelamento;Via Iluminada;Bom;Seca;Meio de Quadra;Não Há Controle;Longo da via;1;1;0;1;0;0;0;0;0;0;0;0;0;(-38.546991 -3.724602);
362499;2020-10-09 18:36:00;AVENIDA PONTES VIEIRA, 267;, ; 267;;;Colisão Traseira;Via Iluminada;Bom;Seca;Meio de Quadra;Não Há Controle;Longo da via;0;2;0;1;1;0;0;0;0;0;0;0;0;(-38.518127 -3.753272);
363154;2020-10-09 16:55:00;AVENIDA PRO JOSE ARTHUR CARVALHO, 10;, ; 10;;;Colisão;Luz do Dia;;;Meio de Quadra;;Longo da via;0;2;0;2;0;0;0;0;0;0;0;0;0;(-38.4584 -3.82459);
362498;2020-10-09 16:26:00;RUA BAR CRATO, ;RUA CHASTINET GUIMARAES, ; ;;;Colisão Lateral;Luz do Dia;Bom;Seca;Cruz;Pare;Cruzamento;0;2;0;1;1;0;0;0;0;0;0;0;0;(-38.565856 -3.722909);
362497;2020-10-09 15:48:00;RUA CEL PERGENTINO FERREIRA, ;RUA CAROLINO DE AQUINO, ; ;;;Colisão Lateral;Luz do Dia;Bom;Seca;Cruz;Pare;Cruzamento;0;1;2;0;2;0;0;0;0;0;0;0;0;(-38.527323 -3.749034);
363153;2020-10-09 15:10:00;RUA ALCIDES GERARDO, 71;, ; 71;;;Queda;Luz do Dia;;;Meio de Quadra;;Longo da via;0;1;0;1;0;0;0;0;0;0;0;0;0;(-38.5256712 -3.84616586);
363134;2020-10-09 13:45:00;RUA PEREIRA FILGUEIRAS, 564;, ; 564;;;Queda;Luz do Dia;;;Meio de Quadra;;Longo da via;0;1;0;1;0;0;0;0;0;0;0;0;0;(-38.5175897 -3.72683222);
362826;2020-10-09 13:33:00;RUA CRISANTO M DA ROCHA, ;RUA WALDEMAR ALCANTARA, ; ;;;Colisão Lateral;Luz do Dia;;;Cruz;Pare;Cruzamento;0;1;1;1;1;0;0;0;0;0;0;0;0;(-38.480813 -3.799223);
362495;2020-10-09 13:20:00;RUA PDE SA LEITAO, ;RUA FLORIANOPOLIS, ; ;;;Colisão Transversal;Luz do Dia;Bom;Seca;Cruz;Pare;Cruzamento;0;1;1;1;1;0;0;0;0;0;0;0;0;(-38.582216 -3.763456);
362496;2020-10-09 13:05:00;RUA PDE MORORO, ;, ; ;;;Colisão Transversal;Luz do Dia;Bom;Seca;Meio de Quadra;Pare;Longo da via;0;1;1;1;1;0;0;0;0;0;0;0;0;(0 0);
363098;2020-10-09 12:11:00;RUA GUILHERME V DA COSTA, ;RUA PAURILO BARROSO, ; ;;;Colisão;Luz do Dia;;;;;Cruzamento;0;2;0;2;0;0;0;0;0;0;0;0;0;(-38.56912 -3.79904);
363095;2020-10-09 12:11:00;TRAVESSA GUILHERME ROCHA, ;RUA SAO FRANCISCO D71, ; ;;;Colisão;Luz do Dia;;;;;Cruzamento;0;2;0;2;0;0;0;0;0;0;0;0;0;(-38.52795 -3.83622);
363093;2020-10-09 11:46:00;RUA PAURILO BARROSO, 115;, ; 115;;;Colisão;Luz do Dia;;;Meio de Quadra;;Longo da via;0;2;0;2;0;0;0;0;0;0;0;0;0;(-38.5692848 -3.799628022);
363092;2020-10-09 11:22:00;RUA LUIZA NOBRE, 117;, ; 117;;;Colisão;Luz do Dia;;;Meio de Quadra;;Longo da via;0;2;0;0;1;0;0;0;0;1;0;0;0;(-38.57911 -3.84385);
363091;2020-10-09 10:25:00;RUA EQUADOR, ;, ; ;;;Atropelamento;Luz do Dia;;;Meio de Quadra;;Longo da via;0;2;0;1;0;0;0;0;0;0;0;0;0;(0 0);
363090;2020-10-09 10:11:00;RUA CON DE CASTRO, 1357;, ; 1357;;;Colisão;Luz do Dia;;;Meio de Quadra;;Longo da via;0;2;0;1;1;0;0;0;0;0;0;0;0;(0 0);
363089;2020-10-09 08:32:00;RUA JOAO GENTIL, ;ESTRADA DO JATOBA, ; ;;;Colisão;Luz do Dia;;;T;;Cruzamento;0;2;0;1;1;0;0;0;0;0;0;0;0;(-38.53919 -3.74503);
363892;2020-10-09 08:00:00;RUA JOAO BRIGIDO, 2200;, ; 2200;;;Atropelamento;Luz do Dia;;;Meio de Quadra;;Longo da via;1;1;0;0;1;0;0;0;0;0;0;0;0;(-38.5201727 -3.73921892);
362494;2020-10-09 07:00:00;RUA BAR SOBRAL, ;RUA ZACARIAS GONDIM, ; ;;;Colisão Transversal;Luz do Dia;Bom;Seca;Cruz;Pare;Cruzamento;0;1;1;1;1;0;0;0;0;0;0;0;0;(-38.557307 -3.76528);
363088;2020-10-09 06:58:00;AVENIDA ALBERTO NEPOMUCENO, 339;, ; 339;;;Colisão;Luz do Dia;;;Meio de Quadra;;Longo da via;0;2;0;1;1;0;0;0;0;0;0;0;0;(-38.524775 -3.724035);
363087;2020-10-09 05:58:00;RUA VIS BARBACENA D61, 2887;, ; 2887;;;Colisão;Amanhecer;;;Meio de Quadra;;Longo da via;0;1;0;0;0;0;0;0;0;0;0;0;0;(0 0);
363085;2020-10-09 01:56:00;AVENIDA DR SILAS MUNGUBA, 3281;, ; 3281;;;Choque c/ Obstáculo Fixo;;;;Meio de Quadra;;Longo da via;0;1;0;0;1;0;0;0;0;0;0;0;0;(-38.5444215 -3.78895342);
362493;2020-10-09 01:44:00;AVENIDA DES FAUSTINO ALBUQUERQUE, 96;, ; 96;;;Colisão Traseira;Via Iluminada;Bom;Seca;Meio de Quadra;;Longo da via;0;1;0;0;1;0;0;0;0;0;0;0;0;(-38.4979209 -3.78057661);
362438;2020-10-08 22:40:00;RUA JOSE ABILIO, 865;, ; 865;;;Colisão Lateral;Via Iluminada;Bom;Seca;;;Longo da via;0;1;1;0;1;0;0;1;0;0;0;0;0;(-38.599393 -3.783633);
363737;2020-10-08 22:12:00;RUA CON DE CASTRO, 6007;, ; 6007;;;Colisão;;;;Meio de Quadra;;Longo da via;0;1;0;1;1;0;0;0;0;0;0;0;0;(-38.59933207 -3.815328652);
363734;2020-10-08 20:11:00;AVENIDA ROGACIANO LEITE, 930;, ; 930;;;Colisão;;;;Meio de Quadra;;Longo da via;0;2;0;0;2;0;0;0;0;0;0;0;0;(-38.4955276 -3.76497749);
362492;2020-10-08 20:06:00;AVENIDA FRANCISCO SA, 5438;, ; 5438;;;Colisão Traseira;Mal Iluminada;Bom;Seca;Meio de Quadra;Não Há Controle;Longo da via;0;2;0;1;1;0;0;0;0;0;0;0;0;(-38.5727 -3.712153);
363729;2020-10-08 19:31:00;AVENIDA MR HULL, ;, ; ;;;Colisão;;;;Meio de Quadra;;Longo da via;0;3;0;2;0;0;0;0;0;0;0;0;0;(0 0);
363728;2020-10-08 19:01:00;RUA DUAS NACOES, 1359;, ; 1359;;;Queda;;;;Meio de Quadra;;Longo da via;0;1;0;1;0;0;0;0;0;0;0;0;0;(-38.60388 -3.78368);
363727;2020-10-08 18:43:00;AVENIDA WASHINGTON SOARES, 8590;, ; 8590;;;Atropelamento;;;;Meio de Quadra;;Longo da via;0;1;0;1;0;0;0;0;0;0;0;0;0;(-38.481766 -3.8263135);
363726;2020-10-08 18:14:00;RUA COS LAFAYETE, 1010;, ; 1010;;;Colisão;Anoitecer;;;Meio de Quadra;;Longo da via;0;1;0;0;0;0;0;0;0;0;1;0;0;(-38.587187 -3.717578);
363725;2020-10-08 18:07:00;AVENIDA MIN JOSE AMERICO, ;, ; ;;;Atropelamento;Anoitecer;;;Meio de Quadra;;Longo da via;0;1;0;0;0;0;0;0;0;0;1;0;0;(0 0);
363723;2020-10-08 17:17:00;AVENIDA GAL OSORIO DE PAIVA, ;, ; ;;;Queda;Anoitecer;;;Meio de Quadra;;Longo da via;0;1;0;1;0;0;0;0;0;0;0;0;0;(0 0);
363724;2020-10-08 17:17:00;AVENIDA DR THEBERGE, ;, ; ;;;Colisão;Anoitecer;;;Meio de Quadra;;Longo da via;0;1;0;1;1;0;0;0;0;0;0;0;0;(0 0);
363722;2020-10-08 17:03:00;AVENIDA ENG LEAL LIMA VERDE (SAPIRANGA/COITE), 375;, ; 375;;;Colisão;Anoitecer;;;Meio de Quadra;;Longo da via;0;1;0;1;1;0;0;0;0;0;0;0;0;(-38.476094 -3.791081);
363714;2020-10-08 16:54:00;RUA ANTONIO NERY, ;RUA JOSE ABILIO, ; ;;;Colisão;Luz do Dia;;;Cruz;Pare;Cruzamento;0;1;0;1;1;0;0;0;0;0;0;0;0;(-38.601558286 -3.783013774);
363710;2020-10-08 16:53:00;RUA LICURGO MONTENEGRO, ;, ; ;;;Colisão;Luz do Dia;;;Meio de Quadra;;Longo da via;0;1;0;1;1;0;0;0;0;0;0;0;0;(0 0);
363709;2020-10-08 16:32:00;RUA PDE PEDRO DE ALENCAR, 722;, ; 722;;;Colisão;Luz do Dia;;;Meio de Quadra;;Longo da via;0;1;0;1;1;0;0;0;0;0;0;0;0;(-38.4940937 -3.83430027);
363707;2020-10-08 13:46:00;RUA MONTE PASCOAL, 831;, ; 831;;;Colisão;Luz do Dia;;;Meio de Quadra;;Longo da via;0;1;0;0;1;0;0;0;0;1;0;0;0;(-38.59617 -3.80645);
362821;2020-10-08 13:45:00;AVENIDA JOVITA FEITOSA, ;RUA GAL PIRAGIBE, ; ;;;Colisão Transversal;Luz do Dia;Bom;Seca;Cruz;Semáforo;Cruzamento;0;2;0;0;2;0;0;0;0;0;0;0;0;(-38.557484 -3.740049);
363706;2020-10-08 13:43:00;RUA COS ESTELITA, 43;, ; 43;;;Colisão;Luz do Dia;;;Meio de Quadra;;Longo da via;0;1;0;1;1;0;0;0;0;0;0;0;0;(-38.5385657 -3.72134314);
362260;2020-10-08 11:30:00;RD BR 222, ;, ; ;;;Queda;Luz do Dia;;Seca;Meio de Quadra;;Longo da via;0;1;0;1;0;0;0;0;0;0;0;0;0;(0 0);
363705;2020-10-08 10:05:00;RUA MIGUEL GURGEL, ;, ; ;;;Colisão;Luz do Dia;;;Meio de Quadra;;Longo da via;0;1;0;1;1;0;0;0;0;0;0;0;0;(0 0);
363704;2020-10-08 10:03:00;AVENIDA JOR THOMAZ COELHO, ;, ; ;;;Colisão;Luz do Dia;;;Meio de Quadra;;Longo da via;0;1;0;0;0;0;0;0;0;0;1;0;0;(0 0);
363703;2020-10-08 09:49:00;RUA CAROLINA SUCUPIRA, 165;, ; 165;;;Colisão;Luz do Dia;;;Meio de Quadra;;Longo da via;0;1;0;1;1;0;0;0;0;0;0;0;0;(-38.501347 -3.740732);
363702;2020-10-08 09:00:00;RUA MACHADO DE ASSIS, 596;, ; 596;;;Queda;Luz do Dia;;;Meio de Quadra;;Longo da via;0;1;0;1;0;0;0;0;0;0;0;0;0;(-38.549728 -3.75104072);
363701;2020-10-08 08:47:00;AVENIDA J CJ JOSE WALTER, ;, ; ;;;Colisão;Luz do Dia;;;Meio de Quadra;;Longo da via;0;1;0;1;1;0;0;0;0;0;0;0;0;(0 0);
363700;2020-10-08 08:43:00;AVENIDA PRS COSTA E SILVA, 200;, ; 200;;;Queda;Luz do Dia;;;Meio de Quadra;;Longo da via;0;1;0;1;0;0;0;0;0;0;0;0;0;(-38.55855 -3.83733);
363698;2020-10-08 08:38:00;RUA PRO JOSE HENRIQUE, 951;, ; 951;;;Colisão;Luz do Dia;;;Meio de Quadra;;Longo da via;0;2;0;1;1;0;0;0;0;0;0;0;0;(-38.48101 -3.8304);
362531;2020-10-08 08:17:00;RUA ARTUR DE SOUZA, 1250;, ; 1250;;;Colisão;Luz do Dia;Bom;Seca;Meio de Quadra;Não Há Controle;Longo da via;0;1;0;0;1;0;0;0;0;1;0;0;0;(0 0);
362491;2020-10-08 08:10:00;RUA POMPILIO GOMES, ;RUA RUA MARIA ANALIA, ; ;;;Colisão Lateral;Luz do Dia;Bom;Seca;Meio de Quadra;Semáforo;Cruzamento;0;1;1;1;1;0;0;0;0;0;0;0;0;(-38.58289 -3.82484);
363697;2020-10-08 07:56:00;AVENIDA FRANCISCO SA, 5556;, ; 5556;;;Colisão;Luz do Dia;;;Meio de Quadra;;Longo da via;0;2;0;0;0;0;0;0;0;0;1;0;0;(-38.57293 -3.71204);
362247;2020-10-08 07:55:00;RD BR 222, ;, ; ;;;Tombamento;Luz do Dia;;Seca;Meio de Quadra;;Longo da via;0;0;2;1;0;0;0;1;0;0;0;0;0;(-38.59594097 -3.740300848);
363696;2020-10-08 07:45:00;AVENIDA ABOLICAO, 3949;, ; 3949;;;Atropelamento;Luz do Dia;;;Meio de Quadra;;Longo da via;0;1;0;0;1;0;0;0;0;0;0;0;0;(-38.483653 -3.725165);
362245;2020-10-08 07:35:00;RD BR 116, ;, ; ;;;Colisão Traseira;Luz do Dia;;Seca;Meio de Quadra;;Longo da via;0;1;2;1;1;0;0;0;0;0;0;0;0;(-38.503053 -3.804691);
363695;2020-10-08 07:20:00;RUA CASTRO E SILVA, ;AVENIDA IMPERADOR, ; ;;;Atropelamento;Luz do Dia;;;Cruz;Semáforo;Cruzamento;0;1;0;0;1;0;0;0;0;0;0;0;0;(-38.532916 -3.722013);
362442;2020-10-08 07:15:00;RUA PDE MORORO, ;RUA SEN ALENCAR, ; ;;;Colisão Transversal;Luz do Dia;Bom;Seca;Cruz;Pare;Cruzamento;0;2;0;0;2;0;0;0;0;0;0;0;0;(-38.536475 -3.72216);
362244;2020-10-08 07:13:00;RD BR 116, ;, ; ;;;Colisão Traseira;Luz do Dia;;Seca;Meio de Quadra;;Longo da via;0;3;0;2;0;0;0;0;0;0;0;0;0;(-38.506787 -3.796502);
363693;2020-10-08 05:00:00;TERM TERMINAL DO ANTONIO BEZERRA, ;, ; ;;;Colisão;Amanhecer;;;Meio de Quadra;;Longo da via;0;1;0;1;1;0;0;0;0;0;0;0;0;(0 0);
363692;2020-10-07 23:20:00;AVENIDA PRS CASTELO BRANCO, ;, ; ;;;Queda;;;;Meio de Quadra;;Longo da via;0;1;0;1;0;0;0;0;0;0;0;0;0;(0 0);