COD_ACIDENTE;DATA;LOG1;LOG2;NUMERO;BAIRRO;AMC;NATUREZA;ILUMINACAO;TEMPO;SUPERFICIEPISTA;TIPOCRUZAMENTO;CONTROLETRAFEGO;USOSOLO;MORTOS;FERIDOS;ILESOS;MOTOCICLETA;AUTOMOVEL;MICROONIBUS;CAMINHAO;ONIBUS;CICLOMOTOR;BICICLETA;OUTROS;TREM;TRACAOANIMAL;COORDENADAS
362430;2020-10-07 22:39:00;AVENIDA JOR THOMAZ COELHO, 2239;, ; 2239;;;Colisão Lateral;Luz do Dia;Bom;Seca;Meio de Quadra;Não Há Controle;Longo da via;1;0;1;1;1;0;0;0;0;0;0;0;0;(-38.5157298 -3.82800975);
363691;2020-10-07 22:26:00;RUA PARANA, 15;, ; 15;;;Queda;;;;Meio de Quadra;;Longo da via;0;1;0;1;0;0;0;0;0;0;0;0;0;(-38.5686532 -3.75775823);
363690;2020-10-07 20:56:00;RUA OSCAR ARARIPE, 270;, ; 270;;;Colisão;;;;Meio de Quadra;;Longo da via;0;1;0;1;1;0;0;0;0;0;0;0;0;(-38.5938564 -3.79297683);
363689;2020-10-07 20:02:00;AVENIDA SANTOS DUMONT, 1169;, ; 1169;;;Colisão;;;;Meio de Quadra;;Longo da via;0;1;0;0;1;0;0;0;0;1;0;0;0;(-38.51295 -3.7314372);
363688;2020-10-07 19:57:00;RUA NUNES VALENTE, ;RUA JOAO CARVALHO, ; ;;;Atropelamento;;;;Cruz;Pare;Cruzamento;0;1;0;1;0;0;0;0;0;0;0;0;0;(-38.504491 -3.738599);
362489;2020-10-07 19:24:00;RUA VALPARAISO, 545;, ; 545;;;Colisão Traseira;Via Iluminada;Bom;Seca;;;Longo da via;0;1;1;0;1;0;0;1;0;0;0;0;0;(-38.5253485 -3.84455211);
363686;2020-10-07 19:20:00;RUA JOAO MARIANO, 582;, ; 582;;;Atropelamento;;;;Meio de Quadra;;Longo da via;0;1;0;0;1;0;0;0;0;0;0;0;0;(-38.4756129 -3.79105069);
363685;2020-10-07 19:13:00;AVENIDA FRANCISCO SA, ;AVENIDA PASTEUR, ; ;;;Colisão;;;;Cruz;Semáforo;Cruzamento;0;1;0;1;1;0;0;0;0;0;0;0;0;(-38.560567 -3.716325);
362490;2020-10-07 18:45:00;RUA VITORIA (AV. PERIMETRAL), ;RUA PORTO ALEGRE, ; ;;;Colisão Transversal;Via Iluminada;Bom;Seca;Cruz;Pare;Cruzamento;0;2;0;1;0;0;0;0;0;0;1;0;0;(-38.586947 -3.762193);
363684;2020-10-07 18:40:00;AVENIDA ALBERTO CRAVEIRO, 530;, ; 530;;;Colisão;;;;Meio de Quadra;;Longo da via;0;1;0;1;1;0;0;0;0;0;0;0;0;(-38.516693 -3.783143);
363683;2020-10-07 18:36:00;RUA JOSE ABILIO, 885;, ; 885;;;Colisão;;;;Meio de Quadra;;Longo da via;0;1;0;1;1;0;0;0;0;0;0;0;0;(-38.599393 -3.783633);
363682;2020-10-07 18:12:00;RUA SGT JOAO PINHEIRO, 751;, ; 751;;;Colisão;Anoitecer;;;Meio de Quadra;;Longo da via;0;2;0;1;1;0;0;0;0;0;0;0;0;(-38.6226162 -3.78218371);
363681;2020-10-07 18:06:00;RD BR 116, 4000;, ; 4000;;;Outros;Anoitecer;;;Meio de Quadra;;Longo da via;0;1;0;0;0;0;0;0;0;1;0;0;0;(-38.503869 -3.802354);
363680;2020-10-07 17:42:00;AVENIDA AMERICO BARREIRA, 3112;, ; 3112;;;Colisão;Anoitecer;;;Meio de Quadra;;Longo da via;0;1;0;1;1;0;0;0;0;0;0;0;0;(-38.56369 -3.75908);
362488;2020-10-07 16:32:00;AVENIDA RUI BARBOSA, 2728;, ; 2728;;;Colisão Traseira;Luz do Dia;Bom;Seca;Meio de Quadra;Não Há Controle;Longo da via;0;2;0;0;2;0;0;0;0;0;0;0;0;(-38.5130237 -3.7471256);
362487;2020-10-07 16:13:00;AVENIDA SEN FERNANDES TAVORA, 2572;, ; 2572;;;Choque c/ Obstáculo Fixo;Luz do Dia;Bom;Seca;Meio de Quadra;Não Há Controle;Longo da via;0;1;0;1;0;0;0;0;0;0;0;0;0;(-38.596701 -3.755413);
363672;2020-10-07 15:57:00;AVENIDA PRS COSTA E SILVA, ;, ; ;;;Queda;Luz do Dia;;;Meio de Quadra;;Longo da via;0;1;0;0;0;0;0;0;0;1;0;0;0;(0 0);
363670;2020-10-07 15:27:00;RUA OLIVEIRA SOBRINHO, 354;, ; 354;;;Queda;Luz do Dia;;;Meio de Quadra;;Longo da via;0;1;0;1;0;0;0;0;0;0;0;0;0;(-38.5854197 -3.78302325);
363668;2020-10-07 13:40:00;RUA 511 CJ CEARA, 62;, ; 62;;;Queda;Luz do Dia;;;Meio de Quadra;;Longo da via;0;1;0;0;0;0;0;0;0;1;0;0;0;(-38.6100494 -3.77062119);
363667;2020-10-07 13:24:00;RUA FIRMINO ROCHA AGUIAR, 909;, ; 909;;;Colisão;Luz do Dia;;;Meio de Quadra;;Longo da via;0;2;0;1;1;0;0;0;0;0;0;0;0;(-38.48429 -3.76313);
363661;2020-10-07 12:34:00;RUA PRO HERIBALDO COSTA, 2031;, ; 2031;;;Queda;Luz do Dia;;;Meio de Quadra;;Longo da via;0;1;0;1;0;0;0;0;0;0;0;0;0;(-38.588544 -3.768978);
362486;2020-10-07 12:20:00;RUA JUVENAL DE CARVALHO, ;RUA DR JOSE VITOR, ; ;;;Colisão Transversal;Luz do Dia;Bom;Seca;Cruz;Pare;Cruzamento;0;0;1;0;2;0;0;0;0;0;0;0;0;(-38.525055 -3.7475576);
363660;2020-10-07 12:09:00;RUA DOM SEBASTIAO LEME, ;, ; ;;;Colisão;Luz do Dia;;;Meio de Quadra;;Longo da via;0;1;0;0;1;0;0;0;1;0;0;0;0;(0 0);
362485;2020-10-07 11:48:00;AVENIDA ABOLICAO, 2667;, ; 2667;;;Colisão Lateral;Luz do Dia;Bom;Seca;Meio de Quadra;Não Há Controle;Longo da via;0;1;1;0;1;0;0;0;0;0;0;0;0;(-38.49649 -3.727114);
363658;2020-10-07 11:18:00;RUA JOSE DANTAS PEREIRA, ;, ; ;;;Queda;Luz do Dia;;;Meio de Quadra;;Longo da via;0;1;0;1;0;0;0;0;0;0;0;0;0;(0 0);
362483;2020-10-07 10:17:00;RUA LAURO MAIA, ;RUA GUILHERME MOREIRA, ; ;;;Não informado;Luz do Dia;Bom;Seca;Cruz;Pare;Cruzamento;0;2;0;0;2;0;0;0;0;0;0;0;0;(-38.522399 -3.749673);
362484;2020-10-07 10:04:00;AVENIDA SGT HERMINIO SAMPAIO, 1338;, ; 1338;;;Colisão Traseira;Não Informado;Bom;Seca;Meio de Quadra;Não Há Controle;Longo da via;0;1;1;1;0;0;0;1;0;0;0;0;0;(-38.55266167 -3.724934333);
363622;2020-10-07 09:15:00;RUA DOM LINO, 101;, ; 101;;;Colisão;Luz do Dia;;;Meio de Quadra;;Longo da via;0;1;0;0;2;0;0;0;0;0;0;0;0;(-38.55733 -3.73525);
362482;2020-10-07 07:58:00;AVENIDA AUGUSTO DOS ANJOS, ;RUA SEIXAS CORREIA, ; ;;;Não informado;Luz do Dia;Bom;Seca;Cruz;Semáforo;Cruzamento;0;2;0;1;0;0;0;1;0;0;0;0;0;(-38.578496 -3.779412);
363621;2020-10-07 07:55:00;AVENIDA DES MOREIRA, 2640;, ; 2640;;;Queda;Luz do Dia;;;Meio de Quadra;;Longo da via;0;1;0;0;0;0;0;0;0;1;0;0;0;(-38.5023072 -3.74861621);
363620;2020-10-07 07:02:00;RUA GABRIEL FIUZA, 415;, ; 415;;;Colisão;Luz do Dia;;;Meio de Quadra;;Longo da via;0;1;0;1;1;0;0;0;0;0;0;0;0;(-38.579937 -3.787039);
364730;2020-10-07 06:30:00;AVENIDA PRS COSTA E SILVA, ;, ; ;;;Colisão;Luz do Dia;;;Meio de Quadra;;Longo da via;0;1;0;0;0;0;0;0;0;0;0;0;0;(0 0);
363618;2020-10-07 05:41:00;AVENIDA PERIMETRAL, 2235;, ; 2235;;;Colisão;Amanhecer;;;Meio de Quadra;;Longo da via;0;2;0;1;1;0;0;0;0;0;0;0;0;(0 0);
363617;2020-10-07 05:40:00;RUA PRO GOMES BRASIL, ;RUA MARACANA, ; ;;;Colisão;Amanhecer;;;Cruz;Pare;Cruzamento;0;2;0;0;0;0;0;0;0;0;1;0;0;(-38.568438 -3.77284);
363616;2020-10-07 04:44:00;RUA ASP MENDES, 55;, ; 55;;;Queda;;;;Meio de Quadra;;Longo da via;0;1;0;1;0;0;0;0;0;0;0;0;0;(-38.51511 -3.76356);
363615;2020-10-07 03:29:00;AVENIDA MR HULL, 1035;, ; 1035;;;Colisão;;;;Meio de Quadra;;Longo da via;0;1;0;1;1;0;0;0;0;0;0;0;0;(-38.56948 -3.73683);
363614;2020-10-07 02:39:00;AVENIDA FRANCISCO SA, 80;, ; 80;;;Atropelamento;;;;Meio de Quadra;;Longo da via;0;1;0;1;0;0;0;0;0;0;0;0;0;(-38.54113 -3.72268);
363613;2020-10-07 00:14:00;RUA VICENTE LEITE, 2020;, ; 2020;;;Colisão;;;;Meio de Quadra;;Longo da via;0;1;0;2;0;0;0;0;0;0;0;0;0;(-38.49807 -3.745381);
362481;2020-10-06 22:33:00;AVENIDA ENG SANTANA JUNIOR, 2620;, ; 2620;;;Colisão;Via Iluminada;Bom;Seca;Meio de Quadra;Não Há Controle;Longo da via;0;1;0;1;1;0;0;0;0;0;0;0;0;(-38.4884375 -3.7443755);
363609;2020-10-06 21:17:00;RUA MARANHAO, ;RUA MINAS GERAIS, ; ;;;Colisão;;;;Cruz;Pare;Cruzamento;0;1;0;0;0;0;0;0;0;0;1;0;0;(-38.565092 -3.756084);
364729;2020-10-06 21:00:00;AVENIDA CARAPINIMA, ;, ; ;;;Colisão;;;;Meio de Quadra;;Longo da via;0;2;0;1;1;0;0;0;0;0;0;0;0;(0 0);
363596;2020-10-06 20:57:00;AVENIDA VIS RIO BRANCO, 1183;, ; 1183;;;Colisão;;;;Meio de Quadra;;Longo da via;0;1;0;0;0;0;0;0;0;0;1;0;0;(-38.5251694 -3.7309006);
362480;2020-10-06 19:30:00;AVENIDA PAROARAS, ;RUA DOS SABIAS, ; ;;;Colisão Lateral;Via Iluminada;Bom;Seca;T;Pare;Cruzamento;0;1;1;1;1;0;0;0;0;0;0;0;0;(-38.540084 -3.809797);
363594;2020-10-06 19:27:00;RUA COS LAFAYETE, 1012;, ; 1012;;;Atropelamento;;;;Meio de Quadra;;Longo da via;0;1;0;1;0;0;0;0;0;0;0;0;0;(-38.5871318 -3.71758168);
362425;2020-10-06 17:00:00;AVENIDA SANTOS DUMONT, 6870;, ; 6870;;;Engavetamento;Anoitecer;Bom;Seca;Meio de Quadra;;Longo da via;0;2;0;0;2;0;0;0;0;0;0;0;0;(-38.47178989 -3.744803158);
362479;2020-10-06 16:30:00;AVENIDA CARAPINIMA, 2200;, ; 2200;;;Colisão Traseira;Via Iluminada;Bom;Seca;Meio de Quadra;Não Há Controle;Longo da via;0;1;1;1;1;0;0;0;0;0;0;0;0;(-38.5397075 -3.7394995);
363592;2020-10-06 16:29:00;AVENIDA FRE CIRILO, ;, ; ;;;Colisão;Luz do Dia;;;Meio de Quadra;;Longo da via;0;1;0;1;1;0;0;0;0;0;0;0;0;(0 0);
362478;2020-10-06 16:20:00;AVENIDA I CJ JOSE WALTER, ;AVENIDA PRS COSTA E SILVA, ; ;;;Colisão Lateral;Luz do Dia;Bom;Seca;T;Semáforo;Cruzamento;0;2;0;1;1;0;0;0;0;0;0;0;0;(-38.550232 -3.823494);
363585;2020-10-06 16:18:00;RUA 23 CJ JOSE WALTER, ;RUA 59 CJ JOSE WALTER, ; ;;;Colisão;Luz do Dia;;;;;Cruzamento;0;1;0;1;1;0;0;0;0;0;0;0;0;(0 0);
363581;2020-10-06 15:29:00;AVENIDA ODILON GUIMARAES, ;, ; ;;;Colisão;Luz do Dia;;;Meio de Quadra;;Longo da via;0;1;0;1;1;0;0;0;0;0;0;0;0;(0 0);
363579;2020-10-06 14:55:00;AVENIDA MR HULL, 5640;, ; 5640;;;Colisão;Luz do Dia;;;Meio de Quadra;;Longo da via;0;2;0;0;0;0;0;0;0;0;1;0;0;(-38.5948364 -3.74014157);
363578;2020-10-06 13:36:00;RUA MON SALAZAR, ;AVENIDA VIS RIO BRANCO, ; ;;;Colisão;Luz do Dia;;;Cruz;Semáforo;Cruzamento;0;1;0;1;1;0;0;0;0;0;0;0;0;(-38.51987 -3.756701);
363554;2020-10-06 12:22:00;AVENIDA FRE CIRILO, 3810;, ; 3810;;;Colisão;Luz do Dia;;;Meio de Quadra;;Longo da via;0;1;0;2;0;0;0;0;0;0;0;0;0;(-38.49737045 -3.81740429);
362476;2020-10-06 11:50:00;RUA GUSTAVO SAMPAIO, ;RUA AMADEU FURTADO, ; ;;;Colisão Transversal;Luz do Dia;Bom;Seca;Cruz;Pare;Cruzamento;0;2;1;1;3;0;0;0;0;0;0;0;0;(-38.563828 -3.736786);
363553;2020-10-06 11:50:00;AVENIDA JOR THOMAZ COELHO, 1307;, ; 1307;;;Colisão;Luz do Dia;;;Meio de Quadra;;Longo da via;0;1;0;1;1;0;0;0;0;0;0;0;0;(-38.50634 -3.8307);
363552;2020-10-06 11:38:00;RUA BOM JESUS (GRANJA LISBOA), 3090;, ; 3090;;;Queda;Luz do Dia;;;Meio de Quadra;;Longo da via;0;1;0;1;0;0;0;0;0;0;0;0;0;(-38.621089 -3.788129);
362477;2020-10-06 11:34:00;AVENIDA GOV PARSIFAL BARROSO, ;, ; ;;;Colisão Traseira;Luz do Dia;Bom;Seca;Meio de Quadra;Não Há Controle;Longo da via;0;1;1;1;1;0;0;0;0;0;0;0;0;(-38.56902 -3.735738);
363551;2020-10-06 10:11:00;AVENIDA N CJ JOSE WALTER, 1565;, ; 1565;;;Colisão;Luz do Dia;;;Meio de Quadra;;Longo da via;0;1;0;0;1;0;0;0;0;1;0;0;0;(0 0);
363550;2020-10-06 09:18:00;RUA COSME JERONIMO, 820;, ; 820;;;Colisão;Luz do Dia;;;Meio de Quadra;;Longo da via;0;1;0;2;0;0;0;0;0;0;0;0;0;(-38.58642 -3.82269);
363549;2020-10-06 08:24:00;RUA ALM RUBIM, 1640;, ; 1640;;;Colisão;Luz do Dia;;;Meio de Quadra;;Longo da via;0;1;0;0;0;0;0;0;0;0;1;0;0;(-38.5569124 -3.77166648);
363548;2020-10-06 08:08:00;RUA BERNARDO MANUEL, 10109;, ; 10109;;;Queda;Luz do Dia;;;Meio de Quadra;;Longo da via;0;1;0;1;0;0;0;0;0;0;0;0;0;(-38.553792 -3.806618);
363547;2020-10-06 07:07:00;RUA ADOLFO CAMPELO, 300;, ; 300;;;Colisão;Luz do Dia;;;Meio de Quadra;;Longo da via;0;1;0;1;1;0;0;0;0;0;0;0;0;(-38.54591 -3.72049);
363546;2020-10-06 06:25:00;RUA MARIA JULIA, 801;, ; 801;;;Atropelamento;Luz do Dia;;;Meio de Quadra;;Longo da via;0;1;0;0;1;0;0;0;0;0;0;0;0;(-38.59927 -3.79055);
363545;2020-10-06 05:57:00;RUA PIN ANTONIO BANDEIRA, 254;, ; 254;;;Colisão;Amanhecer;;;Meio de Quadra;;Longo da via;0;1;0;1;1;0;0;0;0;0;0;0;0;(-38.54427 -3.72404);
363543;2020-10-05 21:57:00;AVENIDA D CJ JOSE WALTER, 440;, ; 440;;;Atropelamento;;;;Meio de Quadra;;Longo da via;0;1;0;0;1;0;0;0;0;0;0;0;0;(-38.5568677 -3.8312374);
363542;2020-10-05 21:37:00;RUA NOSSA SRA DAS GRACAS, 370;, ; 370;;;Colisão;;;;Meio de Quadra;;Longo da via;0;1;0;0;0;0;0;0;0;0;1;0;0;(-38.5516018 -3.71076519);
363541;2020-10-05 21:36:00;RUA OLAVO LIMA SILVA, 50;, ; 50;;;Atropelamento;;;;Meio de Quadra;;Longo da via;0;1;0;0;1;0;0;0;0;0;0;0;0;(-38.4891916 -3.75794448);
362473;2020-10-05 21:18:00;AVENIDA GAL OSORIO DE PAIVA, 7020;, ; 7020;;;Colisão Transversal;Via Iluminada;Bom;Seca;Meio de Quadra;Semáforo;Longo da via;0;0;1;0;1;0;0;0;0;0;0;0;0;(-38.611916 -3.8144789);
363539;2020-10-05 20:20:00;AVENIDA GAL OSORIO DE PAIVA, ;, ; ;;;Colisão;;;;Meio de Quadra;;Longo da via;0;1;0;1;1;0;0;0;0;0;0;0;0;(0 0);
363534;2020-10-05 20:03:00;RUA HOLANDA, 1887;, ; 1887;;;Queda;;;;Meio de Quadra;;Longo da via;0;1;0;1;0;0;0;0;0;0;0;0;0;(-38.55843 -3.80534);
363533;2020-10-05 19:28:00;RUA NEREU RAMOS, 186;, ; 186;;;Queda;;;;Meio de Quadra;;Longo da via;0;1;0;1;0;0;0;0;0;0;0;0;0;(-38.5683075 -3.786708);
362472;2020-10-05 19:22:00;AVENIDA JOR THOMAZ COELHO, 551;, ; 551;;;Não informado;Via Iluminada;Bom;Seca;T;Semáforo;Longo da via;0;0;2;1;1;0;0;0;0;0;0;0;0;(-38.499058 -3.8324);
363528;2020-10-05 18:42:00;AVENIDA GAL OSORIO DE PAIVA, 1805;, ; 1805;;;Atropelamento;;;;Meio de Quadra;;Longo da via;0;1;0;0;1;0;0;0;0;0;0;0;0;(-38.578294 -3.783103);
363527;2020-10-05 18:36:00;AVENIDA MR HULL, ;, ; ;;;Atropelamento;;;;Meio de Quadra;;Longo da via;0;1;0;0;0;0;0;0;0;0;0;1;0;(0 0);
363526;2020-10-05 18:19:00;AVENIDA AREIA BRANCA, 70;, ; 70;;;Atropelamento;Anoitecer;;;Meio de Quadra;;Longo da via;0;1;0;0;1;0;0;0;0;0;0;0;0;(-38.47323 -3.72811);
363364;2020-10-05 16:33:00;AVENIDA JOSE BASTOS, 3194;, ; 3194;;;Colisão;Luz do Dia;;;;;Longo da via;0;1;0;1;1;0;0;0;0;0;0;0;0;(-38.548183 -3.7477877);
363363;2020-10-05 15:33:00;RUA CANDIDO MAIA, ;, ; ;;;Atropelamento;Luz do Dia;;;Meio de Quadra;;Longo da via;0;1;0;1;0;0;0;0;0;0;0;0;0;(0 0);
363362;2020-10-05 15:21:00;AVENIDA GODOFREDO MACIEL, 2385;, ; 2385;;;Atropelamento;Luz do Dia;;;Meio de Quadra;;Longo da via;0;1;0;0;1;0;0;0;0;0;0;0;0;(-38.569776 -3.796044);
362475;2020-10-05 14:58:00;AVENIDA BAR STUDART, 2820;, ; 2820;;;Colisão Transversal;Luz do Dia;Bom;Seca;Meio de Quadra;Semáforo;Longo da via;0;1;0;1;1;0;0;0;0;0;0;0;0;(-38.511192 -3.748709);
363361;2020-10-05 14:42:00;AVENIDA CARNEIRO DE MENDONCA, 750;, ; 750;;;Colisão;Luz do Dia;;;Meio de Quadra;;Longo da via;0;1;0;1;1;0;0;0;0;0;0;0;0;(-38.566759 -3.764109);
363360;2020-10-05 14:09:00;RUA JUVENAL GALENO, 54;, ; 54;;;Colisão;Luz do Dia;;;Meio de Quadra;;Longo da via;0;1;0;1;1;0;0;0;0;0;0;0;0;(-38.536474 -3.7412995);
363359;2020-10-05 12:44:00;AVENIDA BEIRA MAR, ;, ; ;;;Queda;Luz do Dia;;;Meio de Quadra;;Longo da via;0;1;0;0;0;0;0;0;0;1;0;0;0;(0 0);
363358;2020-10-05 12:35:00;RUA TOMAS RODRIGUES, ;AVENIDA MR HULL, ; ;;;Atropelamento;Luz do Dia;;;Cruz;Semáforo;Cruzamento;0;2;0;1;0;0;0;0;0;0;0;0;0;(-38.593915 -3.740004);
362471;2020-10-05 10:45:00;RUA HENRIQUETA GALENO, ;RUA CEL JUCA, ; ;;;Colisão Transversal;Luz do Dia;Bom;Seca;Cruz;Semáforo;Cruzamento;0;0;2;0;2;0;0;0;0;0;0;0;0;(-38.494284 -3.746989);
363357;2020-10-05 09:41:00;RUA MAL BITENCOURT, 1197;, ; 1197;;;Colisão;Luz do Dia;;;Meio de Quadra;;Longo da via;0;1;0;1;0;0;0;0;0;0;0;0;0;(-38.53064433 -3.7941375);
362470;2020-10-05 08:30:00;RUA JOAO CARVALHO, ;RUA JOSE VILAR, ; ;;;Colisão Transversal;Luz do Dia;Bom;Seca;Cruz;Semáforo;Cruzamento;0;1;1;1;1;0;0;0;0;0;0;0;0;(-38.505477 -3.738318);
363356;2020-10-05 07:44:00;RUA JOAO CORDEIRO, ;, ; ;;;Queda;Luz do Dia;;;Meio de Quadra;;Longo da via;0;1;0;0;0;0;0;0;0;1;0;0;0;(0 0);
363355;2020-10-05 07:43:00;RD BR 116, 11000;, ; 11000;;;Queda;Luz do Dia;;;Meio de Quadra;;Longo da via;0;1;0;1;0;0;0;0;0;0;0;0;0;(-38.497176 -3.84716);
362468;2020-10-05 07:31:00;RUA MARIA JULIA, ;RUA BOM JESUS (GRANJA LISBOA), ; ;;;Colisão;Luz do Dia;Bom;Seca;Cruz;Pare;Cruzamento;0;1;1;1;1;0;0;0;0;0;0;0;0;(-38.600603 -3.79464);
362469;2020-10-05 07:30:00;AVENIDA JOAO PESSOA, ;RUA PACAEMBU, ; ;;;Colisão Transversal;Luz do Dia;Bom;Seca;T;Não Há Controle;Cruzamento;0;1;1;1;1;0;0;0;0;0;0;0;0;(-38.559014 -3.765308);
362474;2020-10-05 07:00:00;AVENIDA AREIA BRANCA, 360;, ; 360;;;Choque c/ Obstáculo Fixo;Anoitecer;Bom;Seca;Meio de Quadra;Não Há Controle;Longo da via;0;2;0;0;3;0;0;0;0;0;0;0;0;(-38.47523 -3.727917);
363354;2020-10-05 06:33:00;AVENIDA PRS CASTELO BRANCO, 3795;, ; 3795;;;Colisão;Luz do Dia;;;Meio de Quadra;;Longo da via;0;1;0;1;1;0;0;0;0;0;0;0;0;(-38.56612 -3.709189);
362466;2020-10-05 01:16:00;RUA PRO COSTA MENDES, ;RUA PAPI JUNIOR, ; ;;;Não informado;Não Informado;Não Informado;Não informado;Cruz;Gesto;Cruzamento;0;1;0;0;1;0;0;0;0;0;0;0;0;(-38.553931 -3.748342);
363353;2020-10-05 00:07:00;AVENIDA GODOFREDO MACIEL, ;, ; ;;;Queda;;;;Meio de Quadra;;Longo da via;0;1;0;1;0;0;0;0;0;0;0;0;0;(0 0);
363352;2020-10-04 23:27:00;AVENIDA ENG SANTANA JUNIOR, ;AVENIDA ENG ALBERTO SA, ; ;;;Colisão;;;;Cruz;Semáforo;Cruzamento;0;1;0;0;1;0;0;0;0;1;0;0;0;(-38.480624 -3.733357);
363351;2020-10-04 22:52:00;AVENIDA AUGUSTO DOS ANJOS, ;RUA PRO GOMES BRASIL, ; ;;;Colisão;;;;Cruz;Semáforo;Cruzamento;0;2;0;1;1;0;0;0;0;0;0;0;0;(-38.570427 -3.770153);
363350;2020-10-04 22:31:00;AVENIDA BEIRA MAR, ;, ; ;;;Queda;;;;Meio de Quadra;;Longo da via;0;1;0;1;0;0;0;0;0;0;0;0;0;(0 0);
362423;2020-10-04 22:30:00;RUA CON DE CASTRO, ;RUA A CONJ. JARDIM FLUMINENSE, ; ;;;Atropelamento;Mal Iluminada;Bom;Seca;T;Não Há Controle;Cruzamento;0;2;0;1;0;0;0;0;0;0;0;0;0;(-38.59791 -3.81268);
363329;2020-10-04 22:07:00;AVENIDA DES GONZAGA, 487;, ; 487;;;Queda;;;;Meio de Quadra;;Longo da via;0;1;0;0;0;0;0;0;0;1;0;0;0;(-38.50037 -3.79573);
363322;2020-10-04 22:00:00;AVENIDA BEIRA MAR, 886;, ; 886;;;Colisão;;;;Meio de Quadra;;Longo da via;0;2;0;2;0;0;0;0;0;0;0;0;0;(-38.5116688 -3.72020641);
363321;2020-10-04 22:00:00;AVENIDA RAD JOSE LIMA VERDE, 819;, ; 819;;;Queda;;;;Meio de Quadra;;Longo da via;0;1;0;0;0;0;0;0;0;1;0;0;0;(-38.588134 -3.699825);
364728;2020-10-04 21:40:00;RD DR MENDEL STEINBRUCH, ;, ; ;;;Colisão;;;;Meio de Quadra;;Longo da via;0;2;0;1;1;0;0;0;0;0;0;0;0;(0 0);
363320;2020-10-04 21:36:00;RUA MONTE LIBANO, 638;, ; 638;;;Colisão;;;;Meio de Quadra;;Longo da via;0;1;0;0;1;0;0;0;0;1;0;0;0;(-38.562973 -3.8260443);
363319;2020-10-04 21:06:00;AVENIDA GODOFREDO MACIEL, ;, ; ;;;Colisão;;;;Meio de Quadra;;Longo da via;0;1;0;1;1;0;0;0;0;0;0;0;0;(0 0);
363318;2020-10-04 20:23:00;RUA PLANALTINA (PL AYRTON SENNA), 827;, ; 827;;;Colisão;;;;Meio de Quadra;;Longo da via;0;1;0;2;0;0;0;0;0;0;0;0;0;(-38.56913 -3.83194);
363317;2020-10-04 20:19:00;RUA COM GARCIA, 385;, ; 385;;;Colisão;;;;Meio de Quadra;;Longo da via;0;2;0;2;0;0;0;0;0;0;0;0;0;(-38.5793117 -3.78891314);
363316;2020-10-04 19:48:00;RUA VALPARAISO, 169;, ; 169;;;Atropelamento;;;;Meio de Quadra;;Longo da via;0;1;0;1;0;0;0;0;0;0;0;0;0;(-38.521936 -3.846227);
363315;2020-10-04 19:47:00;RUA 1018 CJ CEARA, 148;, ; 148;;;Acidente Pessoal;;;;Meio de Quadra;;Longo da via;0;1;0;1;0;0;0;0;0;0;0;0;0;(-38.61644367 -3.770211333);
363314;2020-10-04 19:19:00;RUA E CJ RESD GUAJERU, 45;, ; 45;;;Colisão;;;;Meio de Quadra;;Longo da via;0;1;0;2;0;0;0;0;0;0;0;0;0;(-38.59508 -3.81421);
363313;2020-10-04 19:01:00;RUA NOVA CONQUISTA (GRANJA LISBOA), 388;, ; 388;;;Colisão;;;;Meio de Quadra;;Longo da via;0;1;0;0;0;0;0;0;0;0;1;0;0;(0 0);
363312;2020-10-04 18:55:00;RUA SEN POMPEU, ;, ; ;;;Colisão;;;;Meio de Quadra;;Longo da via;0;1;0;0;1;0;0;0;0;1;0;0;0;(0 0);
363311;2020-10-04 18:35:00;AVENIDA GODOFREDO MACIEL, 4848;, ; 4848;;;Colisão;;;;Meio de Quadra;;Longo da via;0;3;0;1;1;0;0;0;0;0;0;0;0;(-38.575727 -3.818399);
363310;2020-10-04 18:21:00;RUA SGT JOAO PINHEIRO, 610;, ; 610;;;Colisão;Anoitecer;;;Meio de Quadra;;Longo da via;1;1;0;1;1;0;0;0;0;0;0;0;0;(-38.62221 -3.78055);
363309;2020-10-04 18:17:00;RUA ALVES DE SOUZA, 799;, ; 799;;;Queda;Anoitecer;;;Meio de Quadra;;Longo da via;0;1;0;1;0;0;0;0;0;0;0;0;0;(0 0);
363308;2020-10-04 17:47:00;RUA 218 A CJ CEARA, 148;, ; 148;;;Queda;Anoitecer;;;Meio de Quadra;;Longo da via;0;1;0;1;0;0;0;0;0;0;0;0;0;(-38.6070793 -3.76426642);
363307;2020-10-04 17:36:00;RUA DO LAGO, 245;, ; 245;;;Queda;Anoitecer;;;Meio de Quadra;;Longo da via;0;1;0;1;0;0;0;0;0;0;0;0;0;(-38.5102653 -3.78228289);
363306;2020-10-04 17:24:00;RUA SEN POMPEU, 2656;, ; 2656;;;Queda;Anoitecer;;;Meio de Quadra;;Longo da via;0;1;0;0;0;0;0;0;0;1;0;0;0;(-38.5341502 -3.74186612);
363305;2020-10-04 17:19:00;RUA 1020 CJ CEARA, 2959;, ; 2959;;;Queda;Anoitecer;;;Meio de Quadra;;Longo da via;0;1;0;1;0;0;0;0;0;0;0;0;0;(0 0);
363304;2020-10-04 16:23:00;RUA ALVARO DE ALENCAR, 518;, ; 518;;;Queda;Luz do Dia;;;Meio de Quadra;;Longo da via;0;1;0;0;0;0;0;0;0;1;0;0;0;(-38.558073 -3.716156);