COD_ACIDENTE;DATA;LOG1;LOG2;NUMERO;BAIRRO;AMC;NATUREZA;ILUMINACAO;TEMPO;SUPERFICIEPISTA;TIPOCRUZAMENTO;CONTROLETRAFEGO;USOSOLO;MORTOS;FERIDOS;ILESOS;MOTOCICLETA;AUTOMOVEL;MICROONIBUS;CAMINHAO;ONIBUS;CICLOMOTOR;BICICLETA;OUTROS;TREM;TRACAOANIMAL;COORDENADAS
363303;2020-10-04 15:59:00;AVENIDA FRANCISCO SA, 2802;, ; 2802;;;Colisão;Luz do Dia;;;Meio de Quadra;;Longo da via;0;1;0;1;1;0;0;0;0;0;0;0;0;(-38.550501 -3.71968);
363302;2020-10-04 12:49:00;RUA FRANCISCO JOSE A PEREIRA, 1005;, ; 1005;;;Queda;Luz do Dia;;;Meio de Quadra;;Longo da via;0;2;0;0;0;0;0;0;0;1;0;0;0;(-38.50805 -3.81147);
363301;2020-10-04 11:46:00;RUA GUILHERME PESSOA, ;RUA MEM DE SA, ; ;;;Colisão;Luz do Dia;;;Cruz;Pare;Cruzamento;0;1;0;1;1;0;0;0;0;0;0;0;0;(-38.485338 -3.827417);
363296;2020-10-04 10:33:00;RUA CARNAUBAL, 512;, ; 512;;;Colisão;Luz do Dia;;;Meio de Quadra;;Longo da via;0;2;0;0;0;0;0;0;0;0;1;0;0;(-38.5830935 -3.72252914);
362465;2020-10-04 06:50:00;RUA BENI DE CARVALHO, ;RUA BARBOSA DE FREITAS, ; ;;;Colisão Transversal;Luz do Dia;Bom;Seca;Cruz;Semáforo;Cruzamento;0;2;0;1;0;0;0;0;0;1;0;0;0;(-38.49989 -3.744414);
362464;2020-10-04 01:17:00;AVENIDA C CJ CEARA, ;RUA 212 CJ CEARA, ; ;;;Colisão Transversal;Via Iluminada;Bom;Seca;T;Pare;Cruzamento;0;0;2;0;2;0;0;0;0;0;0;0;0;(-38.51835 -3.85636);
363295;2020-10-04 00:19:00;RUA JORGE FIGUEIREDO (ANCURI), 2353;, ; 2353;;;Queda;;;;Meio de Quadra;;Longo da via;0;1;0;1;0;0;0;0;0;0;0;0;0;(-38.52068 -3.88862);
363294;2020-10-04 00:13:00;AVENIDA GAL OSORIO DE PAIVA, 8003;, ; 8003;;;Queda;;;;Meio de Quadra;;Longo da via;0;1;0;1;0;0;0;0;0;0;0;0;0;(-38.618011 -3.821165);
363293;2020-10-03 23:24:00;RUA DA BARAUNA, 70;, ; 70;;;Queda;;;;Meio de Quadra;;Longo da via;0;1;0;1;0;0;0;0;0;0;0;0;0;(-38.5507794 -3.80125211);
362411;2020-10-03 23:15:00;AVENIDA DR THEBERGE, ;RUA LIRIO, ; ;;;Colisão Lateral;Via Iluminada;Bom;Seca;T;Pare;Cruzamento;0;1;1;1;1;0;0;0;0;0;0;0;0;(-38.564313 -3.712704);
363292;2020-10-03 23:15:00;RUA RAQUEL FLORENCIO, 228;, ; 228;;;Colisão;;;;Meio de Quadra;;Longo da via;0;2;0;2;0;0;0;0;0;0;0;0;0;(-38.45601 -3.82578);
363291;2020-10-03 22:33:00;AVENIDA DIOGUINHO, ;, ; ;;;Colisão;;;;Meio de Quadra;;Longo da via;0;1;0;1;1;0;0;0;0;0;0;0;0;(0 0);
363290;2020-10-03 22:11:00;RUA GETULIO VARGAS, 1186;, ; 1186;;;Atropelamento;;;;Meio de Quadra;;Longo da via;0;1;0;1;0;0;0;0;0;0;0;0;0;(-38.593805 -3.817859);
363289;2020-10-03 21:59:00;RD BR 116, 12000;, ; 12000;;;Colisão;;;;Meio de Quadra;;Longo da via;0;1;0;1;1;0;0;0;0;0;0;0;0;(-38.496066 -3.85574);
363288;2020-10-03 21:40:00;RUA CON DE CASTRO, 2680;, ; 2680;;;Colisão;;;;Meio de Quadra;;Longo da via;0;1;0;1;1;0;0;0;0;0;0;0;0;(-38.5806134 -3.79277507);
362388;2020-10-03 21:00:00;AVENIDA DUQ CAXIAS, ;RUA GAL SAMPAIO, ; ;;;Colisão Transversal;Via Iluminada;Bom;Seca;Cruz;Semáforo;Cruzamento;0;3;0;1;0;0;0;1;0;0;0;0;0;(-38.532029 -3.731096);
363287;2020-10-03 20:50:00;RUA PEDRO MACHADO, 685;, ; 685;;;Queda;;;;Meio de Quadra;;Longo da via;0;1;0;1;0;0;0;0;0;0;0;0;0;(-38.54798 -3.75635);
363281;2020-10-03 19:20:00;RUA TOMAS RODRIGUES, 168;, ; 168;;;Queda;;;;Meio de Quadra;;Longo da via;0;1;0;1;0;0;0;0;0;0;0;0;0;(-38.59391 -3.74048);
363280;2020-10-03 19:17:00;RUA PALMACIA, 410;, ; 410;;;Colisão;;;;Meio de Quadra;;Longo da via;0;1;0;1;1;0;0;0;0;0;0;0;0;(-38.59183 -3.71766);
363279;2020-10-03 19:10:00;RUA ELDORADO, 2310;, ; 2310;;;Colisão;;;;Meio de Quadra;;Longo da via;0;1;0;1;1;0;0;0;0;0;0;0;0;(-38.5299 -3.81739);
363278;2020-10-03 18:55:00;AVENIDA JOSE LEON, 1852;, ; 1852;;;Queda;;;;Meio de Quadra;;Longo da via;0;1;0;1;0;0;0;0;0;0;0;0;0;(-38.4958223 -3.78931695);
363275;2020-10-03 17:10:00;AVENIDA C CJ CEARA, 1655;, ; 1655;;;Atropelamento;Anoitecer;;;Meio de Quadra;;Longo da via;0;1;0;0;1;0;0;0;0;0;0;0;0;(-38.615402 -3.772946);
363266;2020-10-03 16:59:00;RD BR 116, ;, ; ;;;Colisão;Luz do Dia;;;Meio de Quadra;;Longo da via;0;1;0;1;1;0;0;0;0;0;0;0;0;(0 0);
363265;2020-10-03 16:33:00;AVENIDA HILDEBRANDO DE MELO, 1739;, ; 1739;;;Atropelamento;Luz do Dia;;;Meio de Quadra;;Longo da via;0;1;0;0;1;0;0;0;0;0;0;0;0;(-38.58902 -3.72323);
362463;2020-10-03 15:54:00;RUA PDE IBIAPINA, ;AVENIDA BEZERRA DE MENEZES, ; ;;;Colisão Lateral;Luz do Dia;Bom;Seca;T;Semáforo;Cruzamento;0;1;1;1;1;0;0;0;0;0;0;0;0;(-38.539973 -3.730548);
362462;2020-10-03 14:52:00;AVENIDA DUQ CAXIAS, ;RUA PRC ISABEL, ; ;;;Colisão Transversal;Luz do Dia;Bom;Seca;Cruz;Semáforo;Cruzamento;0;2;1;1;1;0;0;0;0;0;0;0;0;(-38.536407 -3.729687);
362461;2020-10-03 14:39:00;RUA ALM RUBIM, 1351;, ; 1351;;;Colisão Lateral;Luz do Dia;Bom;Seca;Meio de Quadra;Não Há Controle;Longo da via;0;2;0;0;1;0;0;0;0;0;0;0;0;(-38.55619 -3.769567);
362459;2020-10-03 14:24:00;RUA ILDEFONSO ALBANO, 1373;, ; 1373;;;Tombamento;Luz do Dia;Bom;Seca;Meio de Quadra;Não Há Controle;Longo da via;0;0;1;0;1;0;0;0;0;0;0;0;0;(-38.513063 -3.732813);
362460;2020-10-03 14:12:00;RUA ERETIDES MARTINS, ;RUA CANAL, ; ;;;Queda;Luz do Dia;Bom;Seca;Cruz;Pare;Cruzamento;0;2;0;1;0;0;0;0;0;0;0;0;0;(-38.55889 -3.73066);
363251;2020-10-03 13:58:00;RUA VALPARAISO, ;, ; ;;;Colisão;Luz do Dia;;;Meio de Quadra;;Longo da via;0;2;0;2;0;0;0;0;0;0;0;0;0;(0 0);
363248;2020-10-03 13:29:00;RUA CEL MANUEL ALBANO, 549;, ; 549;;;Colisão;Luz do Dia;;;Meio de Quadra;;Longo da via;0;2;0;1;1;0;0;0;0;0;0;0;0;(-38.57119 -3.80615);
363244;2020-10-03 11:36:00;AVENIDA I CJ JOSE WALTER, 1661;, ; 1661;;;Colisão;Luz do Dia;;;Meio de Quadra;;Longo da via;0;1;0;1;1;0;0;0;0;0;0;0;0;(-38.55494 -3.83923);
363240;2020-10-03 11:33:00;AVENIDA VICENTE DE CASTRO, ;, ; ;;;Colisão;Luz do Dia;;;Meio de Quadra;;Longo da via;0;1;0;2;0;0;0;0;0;0;0;0;0;(0 0);
363239;2020-10-03 11:20:00;RUA GOMES PASSOS, 543;, ; 543;;;Colisão;Luz do Dia;;;Meio de Quadra;;Longo da via;0;1;0;0;0;0;0;0;0;0;1;0;0;(-38.5611395 -3.71122748);
362375;2020-10-03 10:40:00;RUA CEL MATOS DOURADO, ;RUA FRANCO ROCHA, ; ;;;Colisão Lateral;Luz do Dia;Bom;Seca;Cruz;Pare;Cruzamento;0;1;1;1;1;0;0;0;0;0;0;0;0;(-38.582309 -3.753427);
363238;2020-10-03 09:49:00;RUA JULIO BRAGA, 1485;, ; 1485;;;Queda;Luz do Dia;;;Meio de Quadra;;Longo da via;0;1;0;1;0;0;0;0;0;0;0;0;0;(-38.583807 -3.773625);
363237;2020-10-03 09:47:00;AVENIDA BEZERRA DE MENEZES, 782;, ; 782;;;Atropelamento;Luz do Dia;;;Meio de Quadra;;Longo da via;0;1;0;1;0;0;0;0;0;0;0;0;0;(-38.5518707 -3.73306686);
363231;2020-10-03 08:36:00;AVENIDA CEL CARVALHO, ;RUA ROSINHA SAMPAIO, ; ;;;Colisão;Luz do Dia;;;Cruz;Semáforo;Cruzamento;0;1;0;1;1;0;0;0;0;0;0;0;0;(-38.585413 -3.726938);
362414;2020-10-03 08:30:00;AVENIDA ALBERTO CRAVEIRO, ;, ; ;;;Não informado;Luz do Dia;Bom;Seca;;;Longo da via;0;1;1;1;0;0;0;1;0;0;0;0;0;(0 0);
363229;2020-10-03 08:16:00;AVENIDA ALBERTO CRAVEIRO, ;, ; ;;;Colisão;Luz do Dia;;;Meio de Quadra;;Longo da via;0;1;0;1;1;0;0;0;0;0;0;0;0;(0 0);
363228;2020-10-03 07:39:00;RUA DEP MATOSO FILHO, 1134;, ; 1134;;;Colisão;Luz do Dia;;;Meio de Quadra;;Longo da via;0;1;0;1;1;0;0;0;0;0;0;0;0;(-38.594019 -3.733848);
363226;2020-10-03 04:19:00;AVENIDA GAL OSORIO DE PAIVA, ;, ; ;;;Queda;;;;Meio de Quadra;;Longo da via;0;1;0;1;0;0;0;0;0;0;0;0;0;(0 0);
362458;2020-10-03 04:18:00;AVENIDA ALM HENRIQUE SABOIA, ;, ; ;;;Capotamento;Via Iluminada;Bom;Seca;Meio de Quadra;Não Há Controle;Longo da via;0;1;0;0;1;0;0;0;0;0;0;0;0;(-38.4928 -3.7482736);
363223;2020-10-03 03:57:00;AVENIDA GODOFREDO MACIEL, 4606;, ; 4606;;;Colisão;;;;Meio de Quadra;;Longo da via;0;2;0;1;1;0;0;0;0;0;0;0;0;(-38.57483 -3.81543);
362238;2020-10-03 01:50:00;RD BR 116, ;, ; ;;;Colisão Frontal;;;Seca;Meio de Quadra;;Longo da via;0;2;1;0;2;0;0;0;0;0;0;0;0;(-38.496066 -3.85574);
363220;2020-10-03 01:47:00;RUA MIGUEL ARAGAO, 3;, ; 3;;;Queda;;;;Meio de Quadra;;Longo da via;0;1;0;1;0;0;0;0;0;0;0;0;0;(-38.58425 -3.8356);
363219;2020-10-03 00:35:00;AVENIDA GAL OSORIO DE PAIVA, 1431;, ; 1431;;;Colisão;;;;Meio de Quadra;;Longo da via;0;2;0;0;2;0;0;0;0;0;0;0;0;(-38.5741302 -3.780428636);
363217;2020-10-03 00:34:00;RUA CURIO, 150;, ; 150;;;Atropelamento;;;;Meio de Quadra;;Longo da via;0;1;0;0;0;0;0;0;0;0;0;1;0;(-38.5691 -3.71921);
363216;2020-10-03 00:13:00;AVENIDA DEP PAULINO ROCHA, 50;, ; 50;;;Atropelamento;;;;Meio de Quadra;;Longo da via;0;1;0;0;1;0;0;0;0;0;0;0;0;(-38.507565 -3.802136);
363215;2020-10-02 21:09:00;AVENIDA E CJ ESPERANCA, 113;, ; 113;;;Colisão;;;;Meio de Quadra;;Longo da via;0;1;0;1;1;0;0;0;0;0;0;0;0;(-38.5872077 -3.81594538);
363214;2020-10-02 20:32:00;RUA ALM RUBIM, ;RUA BAR SOBRAL, ; ;;;Colisão;;;;Cruz;Semáforo;Cruzamento;0;1;0;1;1;0;0;0;0;0;0;0;0;(-38.554972 -3.766572);
363212;2020-10-02 20:24:00;RUA ROCHA LIMA, 230;, ; 230;;;Atropelamento;;;;Meio de Quadra;;Longo da via;0;1;0;1;0;0;0;0;0;0;0;0;0;(-38.5220308 -3.73646085);
363208;2020-10-02 20:02:00;AVENIDA GODOFREDO MACIEL, 3862;, ; 3862;;;Colisão;;;;Meio de Quadra;;Longo da via;0;1;0;1;1;0;0;0;0;0;0;0;0;(-38.57378 -3.808857);
363203;2020-10-02 19:50:00;AVENIDA ALBERTO CRAVEIRO, 1975;, ; 1975;;;Colisão;;;;Meio de Quadra;;Longo da via;0;2;0;0;0;0;0;0;0;0;1;0;0;(-38.51866 -3.7968946);
362457;2020-10-02 19:33:00;AVENIDA GOV RAUL BARBOSA, 6750;, ; 6750;;;Colisão Lateral;Mal Iluminada;Bom;Seca;Meio de Quadra;Gesto;Longo da via;0;1;1;1;0;0;0;0;0;0;0;0;0;(-38.512602 -3.773044);
362456;2020-10-02 19:32:00;RUA PEDRO LOPES D64, ;RUA WILSON PEREIRA, ; ;;;Colisão Lateral;Via Iluminada;Bom;Molhada;Cruz;Pare;Cruzamento;0;3;0;1;1;0;0;0;0;0;0;0;0;(-38.47747 -3.82827);
363202;2020-10-02 19:01:00;RUA NUNES VALENTE, 2075;, ; 2075;;;Colisão;;;;Meio de Quadra;;Longo da via;0;1;0;1;1;0;0;0;0;0;0;0;0;(-38.50581 -3.74274);
363201;2020-10-02 18:57:00;AVENIDA H CJ CEARA, 165;, ; 165;;;Queda;;;;Meio de Quadra;;Longo da via;0;1;0;1;0;0;0;0;0;0;0;0;0;(0 0);
363193;2020-10-02 18:45:00;RUA CEARA, ;RUA AMAPA, ; ;;;Atropelamento;;;;;;Cruzamento;0;1;0;1;0;0;0;0;0;0;0;0;0;(-38.5633 -3.76131);
363191;2020-10-02 18:35:00;AVENIDA DR SILAS MUNGUBA, 1555;, ; 1555;;;Colisão;;;;Meio de Quadra;;Longo da via;0;1;0;1;1;0;0;0;0;0;0;0;0;(-38.55391 -3.78395);
363189;2020-10-02 18:32:00;RUA JOSE ABILIO, ;RUA BRAGANCA, ; ;;;Colisão;;;;Cruz;Pare;Cruzamento;0;2;0;1;1;0;0;0;0;0;0;0;0;(-38.5974467 -3.7841867);
363187;2020-10-02 18:18:00;AVENIDA CEL CARVALHO, 1577;, ; 1577;;;Atropelamento;Anoitecer;;;Meio de Quadra;;Longo da via;0;1;0;1;0;0;0;0;0;0;0;0;0;(-38.588159 -3.716645);
363185;2020-10-02 18:15:00;RUA JULIO BRAGA, 1370;, ; 1370;;;Colisão;Anoitecer;;;Meio de Quadra;;Longo da via;0;1;0;2;0;0;0;0;0;0;0;0;0;(-38.5832051 -3.77424152);
363184;2020-10-02 17:32:00;AVENIDA GODOFREDO MACIEL, ;, ; ;;;Queda;Anoitecer;;;Meio de Quadra;;Longo da via;0;1;0;1;0;0;0;0;0;0;0;0;0;(0 0);
363181;2020-10-02 17:30:00;AVENIDA ROGACIANO LEITE, 2407;, ; 2407;;;Colisão;Anoitecer;;;Meio de Quadra;;Longo da via;0;2;0;1;1;0;0;0;0;0;0;0;0;(-38.500362 -3.776151);
363179;2020-10-02 17:29:00;RUA PRO SILAS RIBEIRO, 722;, ; 722;;;Colisão;Anoitecer;;;Meio de Quadra;;Longo da via;0;1;0;1;1;0;0;0;0;0;0;0;0;(0 0);
363178;2020-10-02 17:24:00;RUA OSCAR ARARIPE, 711;, ; 711;;;Colisão;Anoitecer;;;Meio de Quadra;;Longo da via;0;1;0;0;0;0;0;0;0;0;1;0;0;(-38.597876 -3.791645);
363170;2020-10-02 17:24:00;RUA AVILA GOULART, 900;, ; 900;;;Atropelamento;Anoitecer;;;Meio de Quadra;;Longo da via;0;1;0;0;0;0;0;0;0;0;1;0;0;(-38.47815 -3.73565);
363164;2020-10-02 16:26:00;AVENIDA GODOFREDO MACIEL, 86;, ; 86;;;Colisão;Luz do Dia;;;Meio de Quadra;;Longo da via;0;1;0;1;1;0;0;0;0;0;0;0;0;(-38.564654 -3.779317);
363162;2020-10-02 16:02:00;AVENIDA AMERICO BARREIRA, ;RUA SERGIPE, ; ;;;Colisão;Luz do Dia;;;T;Semáforo;Cruzamento;0;1;0;1;1;0;0;0;0;0;0;0;0;(-38.5666 -3.76369);
363163;2020-10-02 16:02:00;AVENIDA JOR THOMAZ COELHO, 268;, ; 268;;;Colisão;Luz do Dia;;;Meio de Quadra;;Longo da via;0;1;0;2;0;0;0;0;0;0;0;0;0;(-38.49867 -3.83246);
362354;2020-10-02 16:00:00;RUA VALDETARIO MOTA, 225;, ; 225;;;Colisão Transversal;Luz do Dia;Bom;;;;Longo da via;0;1;1;0;2;0;0;0;0;0;0;0;0;(-38.47757 -3.73204);
362232;2020-10-02 15:55:00;RD BR 116, ;, ; ;;;Colisão Traseira;Luz do Dia;;Seca;Meio de Quadra;;Longo da via;0;1;1;1;1;0;0;0;0;0;0;0;0;(-38.51678 -3.771391);
363161;2020-10-02 15:45:00;RUA CAP OLAVO, 1036;, ; 1036;;;Colisão;Luz do Dia;;;Meio de Quadra;;Longo da via;0;1;0;1;1;0;0;0;0;0;0;0;0;(-38.514845 -3.771462);
362455;2020-10-02 15:30:00;RUA PDE GUERRA, ;RUA 21 DE ABRIL D27, ; ;;;Choque c/ Obstáculo Fixo;Luz do Dia;Bom;Seca;Cruz;Pare;Cruzamento;0;0;1;0;0;0;0;0;0;0;0;0;0;(-38.56868 -3.74113);
362453;2020-10-02 15:04:00;AVENIDA 13 DE MAIO, 2400;, ; 2400;;;Engavetamento;Luz do Dia;Bom;Seca;Meio de Quadra;Não Há Controle;Longo da via;0;5;1;0;6;0;0;0;0;0;0;0;0;(-38.5384715 -3.741504);
363160;2020-10-02 14:55:00;RUA CANDIDO MAIA, ;, ; ;;;Acidente Pessoal;Luz do Dia;;;Meio de Quadra;;Longo da via;0;1;0;1;0;0;0;0;0;0;0;0;0;(0 0);
363158;2020-10-02 14:07:00;AVENIDA BEZERRA DE MENEZES, ;, ; ;;;Queda;Luz do Dia;;;Meio de Quadra;;Longo da via;0;1;0;1;0;0;0;0;0;0;0;0;0;(0 0);
363156;2020-10-02 14:06:00;AVENIDA PRO JOSE ARTHUR CARVALHO, 2121;, ; 2121;;;Colisão;Luz do Dia;;;Meio de Quadra;;Longo da via;0;1;0;0;0;0;0;0;0;0;1;0;0;(-38.461141 -3.8249742);
363155;2020-10-02 13:50:00;AVENIDA SEN FERNANDES TAVORA, 2036;, ; 2036;;;Colisão;Luz do Dia;;;Meio de Quadra;;Longo da via;0;1;0;1;1;0;0;0;0;0;0;0;0;(-38.49576 -3.74473);
362369;2020-10-02 13:25:00;RUA ALBERTO MAGNO, ;RUA ANA NERY, ; ;;;Colisão Transversal;Luz do Dia;Bom;Seca;Cruz;Semáforo;Cruzamento;0;2;0;0;2;0;0;0;0;0;0;0;0;(-38.541115 -3.7546701);
362454;2020-10-02 12:31:00;AVENIDA RUI BARBOSA, ;RUA JOAO BRIGIDO, ; ;;;Colisão Lateral;Luz do Dia;Bom;Seca;Cruz;Pare;Cruzamento;0;2;0;1;0;1;0;0;0;0;0;0;0;(-38.511369 -3.741995);
363152;2020-10-02 11:52:00;RUA PRO MOREIRA DE SOUSA (PASSARE), 663;, ; 663;;;Colisão;Luz do Dia;;;Meio de Quadra;;Longo da via;0;1;0;2;0;0;0;0;0;0;0;0;0;(-38.52668 -3.81261);
363151;2020-10-02 11:48:00;RUA PERO COELHO, 126;, ; 126;;;Colisão;Luz do Dia;;;Meio de Quadra;;Longo da via;0;2;0;0;0;0;0;0;0;0;1;0;0;(-38.51706 -3.73496);
363130;2020-10-02 11:37:00;RUA MAJ PEDRO SAMPAIO, 420;, ; 420;;;Colisão;Luz do Dia;;;Meio de Quadra;;Longo da via;0;1;0;1;1;0;0;0;0;0;0;0;0;(-38.59219 -3.72496);
362230;2020-10-02 11:30:00;RD BR 222, ;, ; ;;;Colisão Lateral;Luz do Dia;;Seca;;;Longo da via;0;2;1;1;0;0;0;1;0;0;0;0;0;(-38.5969961 -3.7403624);
363129;2020-10-02 11:16:00;RUA EMILIO DE MENESES, 783;, ; 783;;;Colisão;Luz do Dia;;;Meio de Quadra;;Longo da via;0;1;0;2;0;0;0;0;0;0;0;0;0;(-38.58877245 -3.781362627);
362452;2020-10-02 10:29:00;RUA PEREIRA FILGUEIRAS, 1090;, ; 1090;;;Colisão Traseira;Luz do Dia;Bom;Seca;Meio de Quadra;Não Há Controle;Longo da via;0;1;0;1;1;0;0;0;0;0;0;0;0;(-38.5133715 -3.7281905);
363126;2020-10-02 09:48:00;RUA JAIME BENEVOLO, 1059;, ; 1059;;;Atropelamento;Luz do Dia;;;Meio de Quadra;;Longo da via;0;1;0;0;1;0;0;0;0;0;0;0;0;(-38.5284281 -3.741342);
363125;2020-10-02 09:47:00;RUA MATOS VASCONCELOS, 1602;, ; 1602;;;Colisão;Luz do Dia;;;Meio de Quadra;;Longo da via;0;1;0;1;1;0;0;0;0;0;0;0;0;(-38.5552991 -3.75655165);
363124;2020-10-02 07:39:00;AVENIDA GODOFREDO MACIEL, 3929;, ; 3929;;;Colisão;Luz do Dia;;;Meio de Quadra;;Longo da via;0;1;0;0;1;0;0;0;0;1;0;0;0;(-38.57403 -3.80987);
363122;2020-10-02 07:04:00;AVENIDA BEZERRA DE MENEZES, 25;, ; 25;;;Colisão;Luz do Dia;;;Meio de Quadra;;Longo da via;0;1;0;0;0;0;0;0;0;0;1;0;0;(-38.539973 -3.730548);
364726;2020-10-02 07:00:00;AVENIDA BEZERRA DE MENEZES, ;, ; ;;;Colisão;Luz do Dia;;;Meio de Quadra;;Longo da via;0;1;0;0;0;0;0;0;0;0;0;0;0;(0 0);
363121;2020-10-02 06:59:00;RUA PDE PEDRO DE ALENCAR, 17;, ; 17;;;Queda;Luz do Dia;;;Meio de Quadra;;Longo da via;0;1;0;1;0;0;0;0;0;0;0;0;0;(-38.49346 -3.82791);
363120;2020-10-02 05:58:00;AVENIDA JOR THOMAZ COELHO, ;, ; ;;;Atropelamento;Amanhecer;;;Meio de Quadra;;Longo da via;0;1;0;1;0;0;0;0;0;0;0;0;0;(0 0);
364725;2020-10-01 21:50:00;AVENIDA PERIMETRAL, ;, ; ;;;Colisão;;;;Meio de Quadra;;Longo da via;0;1;0;1;0;0;0;0;0;0;0;0;0;(0 0);
363119;2020-10-01 21:36:00;RUA CODO, 259;, ; 259;;;Colisão;;;;Meio de Quadra;;Longo da via;0;1;0;0;1;0;0;0;0;1;0;0;0;(-38.5223383 -3.85001624);
362311;2020-10-01 21:35:00;RUA FRANCISCO F BAIMA, 312;, ; 312;;;Choque c/ Obstáculo Fixo;Via Iluminada;Bom;Seca;Meio de Quadra;Outros;Longo da via;0;1;0;0;1;0;0;0;0;0;0;0;0;(-38.4859586 -3.82991289);
363113;2020-10-01 21:25:00;AVENIDA AUGUSTO DOS ANJOS, 444;, ; 444;;;Colisão;;;;Meio de Quadra;;Longo da via;0;2;0;1;1;0;0;0;0;0;0;0;0;(-38.57191 -3.77204);
363084;2020-10-01 21:23:00;AVENIDA GENIBAU, 577;, ; 577;;;Colisão;;;;Meio de Quadra;;Longo da via;0;1;0;1;1;0;0;0;0;0;0;0;0;(-38.599174 -3.760905);
363083;2020-10-01 21:19:00;RUA REV BOLIVAR P BANDEIRA, 650;, ; 650;;;Colisão;;;;Meio de Quadra;;Longo da via;0;1;0;1;1;0;0;0;0;0;0;0;0;(0 0);
363082;2020-10-01 21:17:00;RUA GONTRAN GIFFONI, 697;, ; 697;;;Colisão;;;;Meio de Quadra;;Longo da via;0;1;0;1;1;0;0;0;0;0;0;0;0;(-38.49121 -3.76868);
363081;2020-10-01 21:03:00;AVENIDA PRS CASTELO BRANCO, 791;, ; 791;;;Colisão;;;;Meio de Quadra;;Longo da via;0;2;0;0;1;0;0;0;0;1;0;0;0;(-38.530019 -3.720373);
363080;2020-10-01 20:58:00;AVENIDA GENIBAU, 577;, ; 577;;;Atropelamento;;;;Meio de Quadra;;Longo da via;0;1;0;0;1;0;0;0;0;0;0;0;0;(-38.599174 -3.760905);
363079;2020-10-01 19:31:00;RUA 26 BATALHAO, 511;, ; 511;;;Queda;;;;Meio de Quadra;;Longo da via;0;1;0;0;0;0;0;0;0;1;0;0;0;(-38.57036 -3.81261);
363078;2020-10-01 19:20:00;AVENIDA CASTELO DE CASTRO, ;, ; ;;;Acidente Pessoal;;;;Meio de Quadra;;Longo da via;0;1;0;1;0;0;0;0;0;0;0;0;0;(0 0);
362229;2020-10-01 19:05:00;RD BR 020, ;, ; ;;;Choque c/ Obstáculo Fixo;Luz do Dia;;Seca;Meio de Quadra;;Longo da via;0;1;1;0;1;0;1;0;0;0;0;0;0;(-38.507 -3.869);
363075;2020-10-01 18:47:00;AVENIDA JULIO VENTURA, 1790;, ; 1790;;;Colisão;;;;Meio de Quadra;;Longo da via;0;1;0;1;1;0;0;0;0;0;0;0;0;(0 0);
363054;2020-10-01 18:07:00;RUA POMPILIO GOMES, 1547;, ; 1547;;;Colisão;Anoitecer;;;Meio de Quadra;;Longo da via;0;1;0;0;0;0;0;0;0;0;1;0;0;(-38.521168 -3.8255243);
362341;2020-10-01 17:30:00;RUA PEREIRA VALENTE, ;RUA CEL JUCA, ; ;;;Outros;Anoitecer;Bom;Seca;Cruz;Pare;Cruzamento;0;0;1;0;0;0;1;0;0;0;0;0;0;(-38.490267 -3.734439);
363053;2020-10-01 16:38:00;AVENIDA OLIVEIRA PAIVA, 941;, ; 941;;;Colisão;Luz do Dia;;;Meio de Quadra;;Longo da via;0;1;0;1;1;0;0;0;0;0;0;0;0;(-38.498448 -3.796485);
362451;2020-10-01 16:12:00;AVENIDA PDE ANTONIO TOMAS, 3580;, ; 3580;;;Colisão Lateral;Luz do Dia;Bom;Seca;;;Longo da via;0;2;0;2;0;0;0;0;0;0;0;0;0;(-38.480486 -3.746376);
363052;2020-10-01 15:51:00;AVENIDA DR SILAS MUNGUBA, ;, ; ;;;Colisão;Luz do Dia;;;;;Longo da via;0;1;0;1;1;0;0;0;0;0;0;0;0;(0 0);
362997;2020-10-01 15:41:00;AVENIDA DEP PAULINO ROCHA, ;, ; ;;;Colisão;Luz do Dia;;;Meio de Quadra;;Longo da via;0;1;0;1;1;0;0;0;0;0;0;0;0;(0 0);
362996;2020-10-01 14:56:00;AVENIDA ODILON GUIMARAES, 2436;, ; 2436;;;Colisão;Luz do Dia;;;Meio de Quadra;;Longo da via;0;1;0;1;1;0;0;0;0;0;0;0;0;(-38.47354 -3.81778);
362995;2020-10-01 14:48:00;AVENIDA BEZERRA DE MENEZES, 262;, ; 262;;;Atropelamento;Luz do Dia;;;Meio de Quadra;;Longo da via;0;1;0;0;1;0;0;0;0;0;0;0;0;(-38.54717 -3.73207771);
362449;2020-10-01 14:20:00;RUA CORUMBA, ;AVENIDA DR SILAS MUNGUBA, ; ;;;Colisão Transversal;Luz do Dia;Bom;Seca;T;Semáforo;Cruzamento;0;1;1;0;1;0;0;0;1;0;0;0;0;(-38.530014 -3.801188);
362991;2020-10-01 14:03:00;RUA CANUTO DE AGUIAR, 1050;, ; 1050;;;Colisão;Luz do Dia;;;Meio de Quadra;;Longo da via;0;1;0;1;1;0;0;0;0;0;0;0;0;(-38.49352 -3.73126);
362450;2020-10-01 13:50:00;AVENIDA G CJ JOSE WALTER, 700;, ; 700;;;Colisão Lateral;Luz do Dia;Bom;Seca;Meio de Quadra;Não Há Controle;Longo da via;0;1;0;0;1;0;0;0;1;0;0;0;0;(-38.56042 -3.83726);