COD_ACIDENTE;DATA;LOG1;LOG2;NUMERO;BAIRRO;AMC;NATUREZA;ILUMINACAO;TEMPO;SUPERFICIEPISTA;TIPOCRUZAMENTO;CONTROLETRAFEGO;USOSOLO;MORTOS;FERIDOS;ILESOS;MOTOCICLETA;AUTOMOVEL;MICROONIBUS;CAMINHAO;ONIBUS;CICLOMOTOR;BICICLETA;OUTROS;TREM;TRACAOANIMAL;COORDENADAS
362988;2020-10-01 12:38:00;RUA GAL TOME CORDEIRO, 723;, ; 723;;;Queda;Luz do Dia;;;Meio de Quadra;;Longo da via;0;1;0;1;0;0;0;0;0;0;0;0;0;(-38.58354 -3.71649);
362986;2020-10-01 12:12:00;RUA VINTE E QUATRO DE MAIO, 1372;, ; 1372;;;Colisão;Luz do Dia;;;Meio de Quadra;;Longo da via;0;1;0;1;1;0;0;0;0;0;0;0;0;(-38.534186 -3.733667);
362984;2020-10-01 11:34:00;RUA EVILASIO A MIRANDA, 1240;, ; 1240;;;Colisão;Luz do Dia;;;Meio de Quadra;;Longo da via;0;1;0;1;1;0;0;0;0;0;0;0;0;(0 0);
362983;2020-10-01 10:07:00;RUA MIN ALBUQUERQUE LIMA, 880;, ; 880;;;Colisão;Luz do Dia;;;Meio de Quadra;;Longo da via;0;1;0;1;1;0;0;0;0;0;0;0;0;(-38.604872 -3.770615);
362982;2020-10-01 10:03:00;RUA BENTO LOUSADO, 190;, ; 190;;;Colisão;Luz do Dia;;;Meio de Quadra;;Longo da via;0;1;0;1;1;0;0;0;0;0;0;0;0;(-38.570299 -3.765287);
362981;2020-10-01 09:57:00;RUA CANDIDO MAIA, 294;, ; 294;;;Colisão;Luz do Dia;;;Meio de Quadra;;Longo da via;0;1;1;0;1;0;0;0;0;1;0;0;0;(-38.5904072 -3.737428);
362980;2020-10-01 09:02:00;AVENIDA CARNEIRO DE MENDONCA, 556;, ; 556;;;Colisão;Luz do Dia;;;Meio de Quadra;;Longo da via;0;1;0;1;1;0;0;0;0;0;0;0;0;(-38.564346 -3.765329);
362979;2020-10-01 08:05:00;AVENIDA JOR JOAO RAMOS, 1661;, ; 1661;;;Colisão;Luz do Dia;;;Meio de Quadra;;Longo da via;0;1;0;1;1;0;0;0;0;0;0;0;0;(-38.572518 -3.842129);
362313;2020-10-01 08:00:00;AVENIDA TRISTAO GONCALVES, ;RUA ANTONIO POMPEU, ; ;;;Colisão;Luz do Dia;Bom;Seca;Cruz;Semáforo;Cruzamento;0;3;0;2;0;0;0;0;0;0;0;0;0;(-38.535088 -3.733388);
362448;2020-10-01 07:53:00;AVENIDA PRS JUSCELINO KUBITSCHEK (PASSARÉ), 3451;RUA PRO MOREIRA DE SOUSA (PASSARE), ; 3451;;;Colisão Lateral;Luz do Dia;Bom;Seca;Meio de Quadra;Não Há Controle;Cruzamento;0;2;0;1;0;0;0;0;0;0;0;0;0;(-38.528117 -3.811364);
362978;2020-10-01 07:22:00;RUA OSVALDO CRUZ (ALDEOTA), ;RUA VICENTE LINHARES, ; ;;;Colisão;Luz do Dia;;;Cruz;Semáforo;Cruzamento;0;1;0;1;1;0;0;0;0;0;0;0;0;(-38.502221 -3.741502);
362977;2020-10-01 07:19:00;RUA 1068 CJ CEARA, 176;, ; 176;;;Colisão;Luz do Dia;;;Meio de Quadra;;Longo da via;0;1;0;1;0;0;1;0;0;0;0;0;0;(0 0);
362976;2020-10-01 07:06:00;AVENIDA C CJ CEARA, 185;, ; 185;;;Colisão;Luz do Dia;;;Meio de Quadra;;Longo da via;0;1;0;0;0;0;0;0;0;0;1;0;0;(-38.608601 -3.760265);
362975;2020-10-01 06:54:00;AVENIDA MR HULL, ;, ; ;;;Colisão;Luz do Dia;;;Meio de Quadra;;Longo da via;0;1;0;0;0;0;0;0;0;0;1;0;0;(0 0);
362974;2020-10-01 05:57:00;RUA PRO CARVALHO, 5630;, ; 5630;;;Colisão;Amanhecer;;;Meio de Quadra;;Longo da via;0;1;0;1;1;0;0;0;0;0;0;0;0;(0 0);
362447;2020-10-01 03:31:00;AVENIDA DR SILAS MUNGUBA, 3090;, ; 3090;;;Choque c/ Obstáculo Fixo;Via Iluminada;Bom;Seca;Meio de Quadra;Semáforo;Longo da via;0;1;0;0;1;0;0;0;0;0;0;0;0;(-38.545961 -3.788406);
362467;2020-10-01 01:24:00;AVENIDA FRE CIRILO, 3480;, ; 3480;;;Não informado;Via Iluminada;Bom;Seca;Outros;Não Há Controle;Longo da via;0;1;0;0;1;0;0;0;0;0;0;0;0;(-38.498509116 -3.814847116);
362885;2020-09-30 23:28:00;RUA FRANCISCO F BAIMA, 326;, ; 326;;;Choque c/ Obstáculo Fixo;;;;Meio de Quadra;;Longo da via;0;2;0;0;1;0;0;0;0;0;0;0;0;(-38.4861851 -3.83170632);
362886;2020-09-30 22:34:00;AVENIDA JOAO DE ARAUJO LIMA, 61;, ; 61;;;Queda;;;;Meio de Quadra;;Longo da via;0;1;0;1;0;0;0;0;0;0;0;0;0;(-38.55816 -3.82226);
362887;2020-09-30 22:04:00;RUA ESV AZEVEDO, 567;, ; 567;;;Queda;;;;Meio de Quadra;;Longo da via;0;1;0;1;0;0;0;0;0;0;0;0;0;(-38.5020915 -3.79451441);
362888;2020-09-30 21:45:00;RUA BAR CRATO, 1186;, ; 1186;;;Atropelamento;;;;Meio de Quadra;;Longo da via;0;1;1;1;0;0;0;0;0;0;0;0;0;(-38.5595331 -3.72123665);
360688;2020-09-30 21:45:00;AVENIDA GOV RAUL BARBOSA, ;AVENIDA GAL MURILO BORGES, ; ;;;Atropelamento;Via Iluminada;Bom;Seca;;;Cruzamento;0;1;1;0;1;0;0;0;0;0;0;0;0;(-38.508802 -3.763977);
362889;2020-09-30 20:43:00;RUA F PASSARE, 978;, ; 978;;;Colisão;;;;Meio de Quadra;;Longo da via;0;1;1;1;1;0;0;0;0;0;0;0;0;(-38.53943 -3.81402);
362890;2020-09-30 19:51:00;RUA AQUILES BEVILAQUA, 73;, ; 73;;;Colisão;;;;Meio de Quadra;;Longo da via;0;1;1;1;1;0;0;0;0;0;0;0;0;(-38.5208298 -3.74335246);
362893;2020-09-30 19:46:00;AVENIDA CASTELO DE CASTRO, ;, ; ;;;Colisão;;;;Meio de Quadra;;Longo da via;0;2;0;0;0;0;0;0;0;0;0;0;0;(0 0);
362911;2020-09-30 19:21:00;AVENIDA PRS CASTELO BRANCO, ;, ; ;;;Colisão;;;;Meio de Quadra;;Longo da via;0;1;1;1;1;0;0;0;0;0;0;0;0;(0 0);
362912;2020-09-30 17:48:00;RUA BAR AQUIRAZ, ;, ; ;;;Colisão;Anoitecer;;;Meio de Quadra;;Longo da via;0;1;1;1;1;0;0;0;0;0;0;0;0;(0 0);
362913;2020-09-30 17:22:00;RUA MARIA ALICE FERRAZ, ;AVENIDA ALM MAXIMIANO DA FONSECA, ; ;;;Colisão;Anoitecer;;;Cruz;Pare;Cruzamento;0;1;1;1;1;0;0;0;0;0;0;0;0;(-38.489581 -3.770381);
362915;2020-09-30 17:08:00;RUA LAURO MAIA, 1163;, ; 1163;;;Colisão;Anoitecer;;;Meio de Quadra;;Longo da via;0;1;1;1;1;0;0;0;0;0;0;0;0;(-38.522399 -3.749673);
362916;2020-09-30 17:06:00;AVENIDA DUQ CAXIAS, 733;, ; 733;;;Colisão;Anoitecer;;;Meio de Quadra;;Longo da via;0;2;0;0;0;0;0;0;0;0;0;0;0;(-38.530915 -3.731452);
360687;2020-09-30 16:46:00;RUA NUNES VALENTE, ;RUA DOM EXPEDITO LOPES, ; ;;;Colisão Transversal;Luz do Dia;Bom;Seca;Cruz;Pare;Cruzamento;0;1;1;1;0;0;1;0;0;0;0;0;0;(-38.506068 -3.743494);
360275;2020-09-30 16:32:00;AVENIDA DR SILAS MUNGUBA, 5650;, ; 5650;;;Colisão Lateral;Luz do Dia;Bom;Seca;Meio de Quadra;Semáforo;Longo da via;0;1;1;1;1;0;0;0;0;0;0;0;0;(-38.528187 -3.8033402);
362919;2020-09-30 16:20:00;RUA MARANGUAPE D50, 1470;, ; 1470;;;Queda;Luz do Dia;;;Meio de Quadra;;Longo da via;0;1;0;1;0;0;0;0;0;0;0;0;0;(0 0);
362921;2020-09-30 15:12:00;RUA 8, 1216;, ; 1216;;;Colisão;Luz do Dia;;;Meio de Quadra;;Longo da via;0;1;1;1;1;0;0;0;0;0;0;0;0;(0 0);
362922;2020-09-30 14:40:00;RUA PDE PEDRO DE ALENCAR, 1881;, ; 1881;;;Colisão;Luz do Dia;;;Meio de Quadra;;Longo da via;0;1;1;1;1;0;0;0;0;0;0;0;0;(-38.494436 -3.844646);
362923;2020-09-30 13:12:00;AVENIDA PRS CASTELO BRANCO, ;, ; ;;;Não informado;Luz do Dia;;;Meio de Quadra;;Longo da via;0;1;0;1;0;0;0;0;0;0;0;0;0;(0 0);
360276;2020-09-30 13:02:00;RUA BENI DE CARVALHO, 216;, ; 216;;;Colisão Lateral;Luz do Dia;Bom;Seca;;;Longo da via;0;1;1;1;1;0;0;0;0;0;0;0;0;(-38.498553 -3.744858);
362924;2020-09-30 11:46:00;RUA PINTO MADEIRA, 1044;, ; 1044;;;Colisão;Luz do Dia;;;Meio de Quadra;;Longo da via;0;1;1;1;1;0;0;0;0;0;0;0;0;(-38.5162297 -3.7327095);
360278;2020-09-30 08:53:00;RUA SAO JOSE D03, 1;, ; 1;;;Choque c/ Obstáculo Fixo;Via Iluminada;Bom;Seca;Meio de Quadra;Não Há Controle;Longo da via;0;0;1;0;1;0;0;0;0;0;0;0;0;(-38.45143 -3.8106);
362925;2020-09-30 08:49:00;RUA JOSE HIPOLITO, 2790;, ; 2790;;;Colisão;Luz do Dia;;;Meio de Quadra;;Longo da via;0;1;1;1;1;0;0;0;0;0;0;0;0;(-38.473314 -3.842419);
362228;2020-09-30 08:29:00;RD BR 116, ;, ; ;;;Colisão Lateral;Luz do Dia;;Seca;Meio de Quadra;;Longo da via;0;1;1;1;1;0;0;0;0;0;0;0;0;(-38.514372 -3.779838);
360717;2020-09-30 08:08:00;AVENIDA F CJ JOSE WALTER, ;AVENIDA L CJ JOSE WALTER, ; ;;;Colisão Transversal;Luz do Dia;Bom;Seca;Rotatória;Dê Preferência;Cruzamento;1;1;0;0;0;0;0;1;1;0;0;0;0;(-38.558805 -3.835328);
362926;2020-09-30 08:07:00;RUA LEON GRADVOHL, ;, ; ;;;Colisão;Luz do Dia;;;Meio de Quadra;;Longo da via;0;2;0;2;0;0;0;0;0;0;0;0;0;(0 0);
362927;2020-09-30 07:10:00;AVENIDA GODOFREDO MACIEL, 5642;, ; 5642;;;Colisão;Luz do Dia;;;Meio de Quadra;;Longo da via;0;1;1;0;2;0;0;0;0;0;0;0;0;(-38.57879612 -3.824379153);
362928;2020-09-29 20:57:00;AVENIDA JOSE BASTOS, ;, ; ;;;Colisão;;;;Meio de Quadra;;Longo da via;0;1;1;1;1;0;0;0;0;0;0;0;0;(0 0);
362929;2020-09-29 20:55:00;RUA PDE MORORO, 2167;, ; 2167;;;Colisão;;;;Meio de Quadra;;Longo da via;0;1;1;1;1;0;0;0;0;0;0;0;0;(-38.5404507 -3.73544934);
362227;2020-09-29 20:00:00;RD BR 116, ;, ; ;;;Atropelamento;Luz do Dia;;Seca;Meio de Quadra;;Longo da via;0;1;1;0;1;0;0;0;0;0;0;0;0;(-38.503269 -3.822018);
360273;2020-09-29 19:27:00;RUA FERNANDO FARIAS DE MELO (MANUEL SÁTIRO), 1108;, ; 1108;;;Atropelamento;Via Iluminada;Bom;Seca;Meio de Quadra;Pare;Longo da via;0;1;1;0;1;0;0;0;0;0;0;0;0;(0 0);
362932;2020-09-29 19:17:00;AVENIDA FRANCISCO SA, 6076;, ; 6076;;;Atropelamento;;;;Meio de Quadra;;Longo da via;0;1;1;1;0;0;0;0;0;0;0;0;0;(-38.5788415 -3.710034);
362934;2020-09-29 19:15:00;RUA GONCALO SOUTO, 100;, ; 100;;;Queda;;;;Meio de Quadra;;Longo da via;0;1;0;1;0;0;0;0;0;0;0;0;0;(-38.5299855 -3.76677069);
360272;2020-09-29 19:10:00;AVENIDA DES GONZAGA, ;RUA ANTONIO DE CASTRO, ; ;;;Colisão Traseira;Via Iluminada;Bom;Seca;Cruz;Semáforo;Cruzamento;0;0;2;0;2;0;0;0;0;0;0;0;0;(-38.500858 -3.795148);
362937;2020-09-29 18:34:00;AVENIDA AUGUSTO DOS ANJOS, ;RUA ARARIPE PRATA, ; ;;;Colisão;;;;Cruz;Não Há Controle;Cruzamento;0;1;1;1;1;0;0;0;0;0;0;0;0;(-38.571749 -3.771936);
362939;2020-09-29 18:31:00;AVENIDA H CJ CEARA, 2959;, ; 2959;;;Queda;;;;Meio de Quadra;;Longo da via;0;1;0;1;0;0;0;0;0;0;0;0;0;(0 0);
362941;2020-09-29 18:08:00;AVENIDA DUQ CAXIAS, ;AVENIDA IMPERADOR, ; ;;;Colisão;Anoitecer;;;Cruz;Semáforo;Cruzamento;0;1;1;1;1;0;0;0;0;0;0;0;0;(-38.535297 -3.730048);
362942;2020-09-29 18:01:00;RUA ADOLFO CAMINHA, ;AVENIDA ALBERTO NEPOMUCENO, ; ;;;Não informado;Anoitecer;;;;;Cruzamento;0;1;0;1;0;0;0;0;0;0;0;0;0;(-38.523212 -3.721257);
360271;2020-09-29 17:50:00;AVENIDA PRS COSTA E SILVA, ;AVENIDA PRS JUSCELINO KUBITSCHEK (PASSARÉ), ; ;;;Colisão Lateral;Anoitecer;Bom;Seca;T;Semáforo;Cruzamento;0;0;2;0;1;0;0;0;0;0;0;0;0;(-38.539516 -3.825648);
362943;2020-09-29 17:47:00;AVENIDA GOV RAUL BARBOSA, ;RUA CAP ARAGAO, ; ;;;Queda;Anoitecer;;;;;Cruzamento;0;1;0;1;0;0;0;0;0;0;0;0;0;(-38.508802 -3.763977);
360274;2020-09-29 17:37:00;RUA TEN TITO BARROS, ;RUA ENG HENRIQUE MORIZE, ; ;;;Colisão Lateral;Anoitecer;Bom;Seca;T;Pare;Cruzamento;0;1;1;0;0;0;0;0;0;1;0;0;0;(-38.507575 -3.800589);
360526;2020-09-29 16:30:00;RD CE-040, ;, ; ;;;Colisão;Luz do Dia;;;Meio de Quadra;;Longo da via;0;0;2;0;1;0;0;1;0;0;0;0;0;(-38.48033084 -3.791613156);
362948;2020-09-29 16:14:00;AVENIDA ABOLICAO, 4001;, ; 4001;;;Colisão;Luz do Dia;;;Meio de Quadra;;Longo da via;0;1;1;1;1;0;0;0;0;0;0;0;0;(-38.483388 -3.725056);
360523;2020-09-29 16:00:00;AVENIDA SEN CARLOS JEREISSATI (AEROPORTO), ;, ; ;;;Colisão;Luz do Dia;;;Meio de Quadra;;Longo da via;0;0;2;0;2;0;0;0;0;0;0;0;0;(-38.544038 -3.779641);
360269;2020-09-29 14:29:00;AVENIDA JOAO PESSOA, 6760;, ; 6760;;;Colisão Lateral;Luz do Dia;Bom;Seca;Meio de Quadra;Não Há Controle;Longo da via;0;1;1;2;0;0;0;0;0;0;0;0;0;(-38.5605481 -3.76903369);
362951;2020-09-29 14:23:00;RUA OLYNTHO ARRUDA, 101;, ; 101;;;Colisão;Luz do Dia;;;Meio de Quadra;;Longo da via;0;2;0;0;0;0;0;0;0;0;0;0;0;(-38.46693 -3.78727);
360270;2020-09-29 14:15:00;AVENIDA SEN FERNANDES TAVORA, ;RUA CAR ARCO VERDE, ; ;;;Colisão Transversal;Luz do Dia;Bom;Seca;Cruz;Semáforo;Cruzamento;0;1;1;1;0;0;0;1;0;0;0;0;0;(-38.59384 -3.7558422);
362952;2020-09-29 14:09:00;LOGRADOURO SEM NOME, ;, ; ;;;Queda;Luz do Dia;;;Meio de Quadra;;Longo da via;0;1;0;1;0;0;0;0;0;0;0;0;0;(0 0);
362883;2020-09-29 13:45:00;RUA FRANCISCO CALACA, ;LOGRADOURO SEM NOME, ; ;;;Colisão;Luz do Dia;;;;;Cruzamento;0;0;1;0;1;0;0;0;0;0;0;0;0;(-38.5715 -3.71022);
360522;2020-09-29 13:15:00;RD CE-040, ;, ; ;;;Colisão;Luz do Dia;;;Meio de Quadra;;Longo da via;0;0;2;1;1;0;0;0;0;0;0;0;0;(-38.48033084 -3.791613156);
362955;2020-09-29 12:13:00;AVENIDA AUGUSTO DOS ANJOS, 489;, ; 489;;;Colisão;Luz do Dia;;;Meio de Quadra;;Longo da via;0;1;1;2;0;0;0;0;0;0;0;0;0;(-38.5727921 -3.773047);
362226;2020-09-29 12:00:00;RD BR 116, 816;, ; 816;;;Colisão Lateral;Luz do Dia;;Seca;Meio de Quadra;;Longo da via;0;1;1;1;0;0;1;0;0;0;0;0;0;(-38.503269 -3.822018);
362957;2020-09-29 11:59:00;RUA VIRIATO RIBEIRO, 1047;, ; 1047;;;Colisão;Luz do Dia;;;Meio de Quadra;;Longo da via;0;1;1;1;1;0;0;0;0;0;0;0;0;(-38.562331 -3.749188);
362954;2020-09-29 11:50:00;RUA JOAO REGINO, 90;, ; 90;;;Colisão;Luz do Dia;;;Meio de Quadra;;Longo da via;0;1;1;1;1;0;0;0;0;0;0;0;0;(-38.483131 -3.788379);
362963;2020-09-29 11:36:00;RUA TEBAS, 677;, ; 677;;;Queda;Luz do Dia;;;Meio de Quadra;;Longo da via;0;1;0;1;0;0;0;0;0;0;0;0;0;(-38.62046 -3.81369);
362967;2020-09-29 11:19:00;RUA EMILIO DE MENESES, ;RUA VERBENA, ; ;;;Atropelamento;Luz do Dia;;;Cruz;Semáforo;Cruzamento;0;1;1;1;0;0;0;0;0;0;0;0;0;(-38.588838 -3.781344);
362970;2020-09-29 11:09:00;RUA FRANCISCO GLICERIO, 1000;, ; 1000;;;Colisão;Luz do Dia;;;Meio de Quadra;;Longo da via;0;1;1;1;1;0;0;0;0;0;0;0;0;(-38.56914 -3.7962);
362999;2020-09-29 11:08:00;RUA ALBERTO MONTEZUMA, ;RUA FRANCISCO LORDA, ; ;;;Colisão;Luz do Dia;;;Cruz;Não Há Controle;Cruzamento;0;1;1;1;1;0;0;0;0;0;0;0;0;(-38.531928 -3.7619);
363000;2020-09-29 10:51:00;RUA PEDRO MARTINS, 193;, ; 193;;;Atropelamento;Luz do Dia;;;Meio de Quadra;;Longo da via;0;1;1;1;0;0;0;0;0;0;0;0;0;(-38.599951 -3.800133);
363001;2020-09-29 10:42:00;AVENIDA SEN CARLOS JEREISSATI (AEROPORTO), ;, ; ;;;Colisão;Luz do Dia;;;Meio de Quadra;;Longo da via;0;1;1;1;1;0;0;0;0;0;0;0;0;(0 0);
362884;2020-09-29 10:30:00;RUA PDE ANCHIETA, ;RUA NAT FEIJO, ; ;;;Colisão;Luz do Dia;;;Cruz;Pare;Cruzamento;0;1;1;0;2;0;0;0;0;0;0;0;0;(-38.55052 -3.72295);
360268;2020-09-29 10:18:00;RUA JOAO FIRMINO, ;RUA ROMEU MARTINS, ; ;;;Colisão;Luz do Dia;Bom;Seca;Cruz;Pare;Cruzamento;0;1;1;1;1;0;0;0;0;0;0;0;0;(-38.555582 -3.764274);
363002;2020-09-29 10:18:00;AVENIDA A CJ CEARA, 977;, ; 977;;;Colisão;Luz do Dia;;;Meio de Quadra;;Longo da via;0;1;1;1;1;0;0;0;0;0;0;0;0;(-38.604241 -3.769076);
363004;2020-09-29 10:15:00;AVENIDA CEL CARVALHO, 1639;, ; 1639;;;Colisão;Luz do Dia;;;Meio de Quadra;;Longo da via;0;1;1;1;1;0;0;0;0;0;0;0;0;(-38.587938 -3.717512);
363005;2020-09-29 10:10:00;AVENIDA F CJ JOSE WALTER, ;AVENIDA J CJ JOSE WALTER, ; ;;;Colisão;Luz do Dia;;;Cruz;Pare;Cruzamento;0;1;1;2;0;0;0;0;0;0;0;0;0;(-38.557143 -3.835833);
360267;2020-09-29 09:56:00;AVENIDA GOV RAUL BARBOSA, 6320;, ; 6320;;;Colisão Traseira;Luz do Dia;Bom;Seca;Meio de Quadra;Não Há Controle;Longo da via;0;0;2;0;2;0;0;0;0;0;0;0;0;(-38.51149 -3.771657);
363006;2020-09-29 08:41:00;RUA PRO LINO ENCARNACAO, 850;, ; 850;;;Colisão;Luz do Dia;;;Meio de Quadra;;Longo da via;0;1;1;1;1;0;0;0;0;0;0;0;0;(-38.5602885 -3.7430265);
360265;2020-09-29 08:25:00;AVENIDA PONTES VIEIRA, 326;, ; 326;;;Colisão Traseira;Luz do Dia;Bom;Seca;Meio de Quadra;Não Há Controle;Longo da via;0;0;2;0;2;0;0;0;0;0;0;0;0;(-38.5173779 -3.7531831);
363007;2020-09-29 07:31:00;RUA CEL FERRAZ, ;RUA VIS SABOIA, ; ;;;Queda;Luz do Dia;;;T;Pare;Cruzamento;0;1;0;1;0;0;0;0;0;0;0;0;0;(-38.524296 -3.7563772);
362225;2020-09-29 07:30:00;RD BR 116, 10000;, ; 10000;;;Tombamento;Luz do Dia;;Seca;Meio de Quadra;;Longo da via;0;3;1;2;1;0;0;0;0;0;0;0;0;(-38.497176 -3.84716);
360266;2020-09-29 07:20:00;AVENIDA SEN FERNANDES TAVORA, ;RUA PROF. MANOEL LOURENCO, ; ;;;Colisão Transversal;Luz do Dia;Bom;Seca;;;Cruzamento;0;2;1;1;1;0;0;0;0;0;0;0;0;(-38.59457 -3.75578);
363010;2020-09-29 07:16:00;RUA ALVARO FERNANDES, ;RUA ALM RUBIM, ; ;;;Colisão;Luz do Dia;;;Cruz;Pare;Cruzamento;0;1;1;0;1;0;0;0;0;1;0;0;0;(-38.55155 -3.76271);
362224;2020-09-29 07:10:00;RD BR 116, ;, ; ;;;Choque c/ Obstáculo Fixo;Luz do Dia;;Seca;Meio de Quadra;;Longo da via;0;1;0;1;0;0;0;0;0;0;0;0;0;(-38.503373 -3.834435);
363013;2020-09-29 07:07:00;RUA POMPILIO GOMES, 400;, ; 400;;;Colisão;Luz do Dia;;;Meio de Quadra;;Longo da via;0;1;1;1;1;0;0;0;0;0;0;0;0;(0 0);
363014;2020-09-29 07:02:00;AVENIDA PRS COSTA E SILVA, ;, ; ;;;Atropelamento;Luz do Dia;;;Meio de Quadra;;Longo da via;0;1;1;1;0;0;0;0;0;0;0;0;0;(0 0);
363015;2020-09-29 06:39:00;RUA WALDIR DIOGO, 58;, ; 58;;;Colisão;Luz do Dia;;;Meio de Quadra;;Longo da via;0;2;0;0;0;0;0;0;0;0;0;0;0;(-38.5789143 -3.80809667);
363017;2020-09-29 06:37:00;AVENIDA CASTELO DE CASTRO, 400;, ; 400;;;Colisão;Luz do Dia;;;Meio de Quadra;;Longo da via;0;1;1;1;1;0;0;0;0;0;0;0;0;(-38.52162 -3.833);
362223;2020-09-29 06:00:00;RD BR 020, ;, ; ;;;Colisão Transversal;Luz do Dia;;Seca;Meio de Quadra;;Longo da via;0;1;1;1;1;0;0;0;0;0;0;0;0;(-38.524 -3.863);
363018;2020-09-29 01:18:00;AVENIDA PRS CASTELO BRANCO, ;, ; ;;;Não informado;;;;Meio de Quadra;;Longo da via;0;1;0;1;0;0;0;0;0;0;0;0;0;(0 0);
363019;2020-09-29 00:09:00;RUA NEREU RAMOS, 540;, ; 540;;;Queda;;;;Meio de Quadra;;Longo da via;0;1;0;1;0;0;0;0;0;0;0;0;0;(-38.571301 -3.785606);
363023;2020-09-28 22:02:00;RUA CON DE CASTRO, 3632;, ; 3632;;;Colisão;;;;Meio de Quadra;;Longo da via;0;1;1;1;1;0;0;0;0;0;0;0;0;(-38.5863664 -3.79896132);
363024;2020-09-28 21:44:00;RUA TEN JURANDIR ALENCAR, 56;, ; 56;;;Queda;;;;Meio de Quadra;;Longo da via;0;1;0;0;0;0;0;0;0;1;0;0;0;(-38.4946795 -3.831679);
363026;2020-09-28 19:53:00;AVENIDA PRS CASTELO BRANCO, 2645;, ; 2645;;;Colisão;;;;Meio de Quadra;;Longo da via;0;2;0;0;0;0;0;0;0;0;0;0;0;(-38.551504 -3.71284757);
360263;2020-09-28 19:00:00;RUA GEORGE CAVALCANTE, 309;, ; 309;;;Choque c/ Obstáculo Fixo;Via Iluminada;Bom;Seca;Meio de Quadra;Pare;Longo da via;0;1;1;0;1;0;0;0;0;0;0;0;0;(-38.59036 -3.71526);
363027;2020-09-28 18:54:00;RUA NOGUEIRA ACIOLI, ;RUA PEREIRA FILGUEIRAS, ; ;;;Atropelamento;;;;Cruz;Pare;Cruzamento;0;1;1;0;1;0;0;0;0;0;0;0;0;(-38.516026 -3.727365);
363029;2020-09-28 18:53:00;RUA JOSE DANTAS PEREIRA, ;, ; ;;;Queda;;;;Meio de Quadra;;Longo da via;0;1;0;1;0;0;0;0;0;0;0;0;0;(0 0);
363031;2020-09-28 18:29:00;RUA MARCELO REIS, 355;, ; 355;;;Colisão;Anoitecer;;;Meio de Quadra;;Longo da via;0;1;1;1;1;0;0;0;0;0;0;0;0;(-38.45876 -3.78491);
363033;2020-09-28 17:53:00;RUA BERNARDO MANUEL, 9970;, ; 9970;;;Colisão;Anoitecer;;;Meio de Quadra;;Longo da via;0;1;1;1;1;0;0;0;0;0;0;0;0;(-38.55318024 -3.80460432);
363035;2020-09-28 17:22:00;AVENIDA PRS CASTELO BRANCO, 2998;, ; 2998;;;Colisão;Anoitecer;;;Meio de Quadra;;Longo da via;0;1;1;1;1;0;0;0;0;0;0;0;0;(-38.5557699 -3.71184214);
363038;2020-09-28 17:18:00;AVENIDA H CJ JOSE WALTER, ;AVENIDA L CJ JOSE WALTER, ; ;;;Queda;Anoitecer;;;Cruz;Pare;Cruzamento;0;1;0;1;0;0;0;0;0;0;0;0;0;(-38.560432 -3.84072);
363844;2020-09-28 17:00:00;AVENIDA ALBERTO CRAVEIRO, ;, ; ;;;Choque c/ Obstáculo Fixo;Anoitecer;;;Meio de Quadra;;Longo da via;1;1;0;1;0;0;0;0;0;0;0;0;0;(-38.518539 -3.796573);
363039;2020-09-28 17:00:00;RUA MARCOS A A SOUZA, 144;, ; 144;;;Queda;Anoitecer;;;Meio de Quadra;;Longo da via;0;1;0;1;0;0;0;0;0;0;0;0;0;(0 0);
363040;2020-09-28 16:59:00;RUA RECANTO VERDE, 1370;, ; 1370;;;Atropelamento;Luz do Dia;;;Meio de Quadra;;Longo da via;0;1;1;1;0;0;0;0;0;0;0;0;0;(-38.511409 -3.838018);
363041;2020-09-28 16:52:00;RUA CARLOS MAGNO, 1230;, ; 1230;;;Colisão;Luz do Dia;;;Meio de Quadra;;Longo da via;0;1;1;1;1;0;0;0;0;0;0;0;0;(-38.57747 -3.81659);
363042;2020-09-28 14:53:00;RUA PLACIDO DE CASTRO, 619;, ; 619;;;Atropelamento;Luz do Dia;;;Meio de Quadra;;Longo da via;0;2;0;0;0;0;0;0;0;0;0;0;0;(-38.5860998 -3.78991155);
363055;2020-09-28 13:26:00;AVENIDA SEN FERNANDES TAVORA, 905;, ; 905;;;Colisão;Luz do Dia;;;Meio de Quadra;;Longo da via;0;2;0;2;0;0;0;0;0;0;0;0;0;(-38.5808475 -3.762891111);
360262;2020-09-28 12:28:00;AVENIDA ALM MAXIMIANO DA FONSECA, 1395;RUA AGERSON TABOSA, ; 1395;;;Colisão Lateral;Luz do Dia;Bom;Seca;Meio de Quadra;;Cruzamento;0;1;1;1;1;0;0;0;0;0;0;0;0;(-38.482876 -3.7715242);
363056;2020-09-28 12:16:00;RUA IRAPUA, ;AVENIDA FRANCISCO SA, ; ;;;Colisão;Luz do Dia;;;Cruz;Pare;Cruzamento;0;1;1;1;1;0;0;0;0;0;0;0;0;(-38.586099 -3.706356);
363057;2020-09-28 11:37:00;AVENIDA SEN FERNANDES TAVORA, 137;, ; 137;;;Colisão;Luz do Dia;;;Meio de Quadra;;Longo da via;0;1;1;1;1;0;0;0;0;0;0;0;0;(-38.574916 -3.766094);