COD_ACIDENTE;DATA;LOG1;LOG2;NUMERO;BAIRRO;AMC;NATUREZA;ILUMINACAO;TEMPO;SUPERFICIEPISTA;TIPOCRUZAMENTO;CONTROLETRAFEGO;USOSOLO;MORTOS;FERIDOS;ILESOS;MOTOCICLETA;AUTOMOVEL;MICROONIBUS;CAMINHAO;ONIBUS;CICLOMOTOR;BICICLETA;OUTROS;TREM;TRACAOANIMAL;COORDENADAS
363059;2020-09-28 11:16:00;AVENIDA COS GOMES DE FREITAS (SAPIRANGA/COITE), 3568;, ; 3568;;;Colisão;Luz do Dia;;;Meio de Quadra;;Longo da via;0;1;1;1;1;0;0;0;0;0;0;0;0;(-38.474942 -3.795265);
363060;2020-09-28 09:59:00;AVENIDA SANTOS DUMONT, ;RUA MON BRUNO, ; ;;;Colisão;Luz do Dia;;;Cruz;Pare;Cruzamento;0;1;1;1;1;0;0;0;0;0;0;0;0;(-38.509506 -3.732595);
360261;2020-09-28 09:01:00;AVENIDA BERNARDO MANUEL, 7240;, ; 7240;;;Colisão Traseira;Amanhecer;Bom;Seca;Meio de Quadra;Não Há Controle;Longo da via;0;1;1;1;1;0;0;0;0;0;0;0;0;(-38.56032 -3.82883);
363061;2020-09-28 07:47:00;AVENIDA DOMINGOS OLIMPIO, 1741;, ; 1741;;;Queda;Luz do Dia;;;Meio de Quadra;;Longo da via;0;1;0;1;0;0;0;0;0;0;0;0;0;(0 0);
360259;2020-09-28 07:11:00;RUA 15 DE NOVEMBRO, ;RUA ALBERTO MAGNO, ; ;;;Colisão Traseira;Luz do Dia;Nublado;Seca;Cruz;Semáforo;Cruzamento;0;0;2;0;2;0;0;0;0;0;0;0;0;(-38.553169 -3.769909);
363062;2020-09-28 06:08:00;RUA JOSE FACANHA, 720;, ; 720;;;Queda;Luz do Dia;;;Meio de Quadra;;Longo da via;0;1;0;1;0;0;0;0;0;0;0;0;0;(-38.5576249 -3.75181425);
363063;2020-09-28 06:00:00;RUA JOSE CANDIDO D08, 731;, ; 731;;;Queda;Luz do Dia;;;Meio de Quadra;;Longo da via;0;1;0;1;0;0;0;0;0;0;0;0;0;(-38.5512695 -3.731243);
363064;2020-09-28 05:40:00;AVENIDA MR HULL, ;, ; ;;;Colisão;Amanhecer;;;Meio de Quadra;;Longo da via;0;2;0;0;0;0;0;0;0;0;0;0;0;(0 0);
360527;2020-09-28 05:00:00;RD CE-040, ;, ; ;;;Capotamento;Amanhecer;;;Meio de Quadra;;Longo da via;0;1;0;0;1;0;0;0;0;0;0;0;0;(-38.48088284 -3.84257666);
363066;2020-09-28 03:27:00;AVENIDA RAD JOSE LIMA VERDE, 841;, ; 841;;;Colisão;;;;Meio de Quadra;;Longo da via;0;1;0;0;0;0;0;0;0;0;0;0;0;(-38.58769 -3.69961);
363067;2020-09-28 00:28:00;RUA NEREU RAMOS, 549;, ; 549;;;Queda;;;;Meio de Quadra;;Longo da via;0;1;0;1;0;0;0;0;0;0;0;0;0;(-38.5716604 -3.78547547);
363069;2020-09-27 23:30:00;AVENIDA ALBERTO CRAVEIRO, 430;, ; 430;;;Choque c/ Obstáculo Fixo;;;;Meio de Quadra;;Longo da via;1;0;0;1;0;0;0;0;0;0;0;0;0;(-38.516476 -3.782591);
363070;2020-09-27 23:23:00;RUA HUMAITA D73, ;AVENIDA GENIBAU, ; ;;;Colisão;;;;Cruz;Pare;Cruzamento;0;2;1;1;1;0;0;0;0;0;0;0;0;(-38.600613 -3.760652);
362880;2020-09-27 23:14:00;AVENIDA AGUANAMBI, ;AVENIDA DOMINGOS OLIMPIO, ; ;;;Colisão;;;;Cruz;Semáforo;Cruzamento;0;1;1;0;2;0;0;0;0;0;0;0;0;(-38.524628 -3.738683);
363071;2020-09-27 22:18:00;RUA MENEZES DE OLIVEIRA, 440;, ; 440;;;Queda;;;;Meio de Quadra;;Longo da via;0;1;0;1;0;0;0;0;0;0;0;0;0;(-38.59172 -3.71077);
363073;2020-09-27 21:26:00;RUA MIGUEL GURGEL, ;, ; ;;;Colisão;;;;Meio de Quadra;;Longo da via;0;1;1;1;1;0;0;0;0;0;0;0;0;(0 0);
363074;2020-09-27 20:34:00;RUA CON DE CASTRO, 1677;, ; 1677;;;Colisão;;;;Meio de Quadra;;Longo da via;0;2;1;1;1;0;0;0;0;0;0;0;0;(0 0);
363077;2020-09-27 20:28:00;AVENIDA VICENTE DE CASTRO, 5151;, ; 5151;;;Queda;;;;Meio de Quadra;;Longo da via;0;1;0;0;0;0;0;0;0;1;0;0;0;(-38.475204 -3.717632);
363094;2020-09-27 20:14:00;AVENIDA GOV LEONEL BRIZOLA, 1076;, ; 1076;;;Colisão;;;;Meio de Quadra;;Longo da via;0;1;1;1;1;0;0;0;0;0;0;0;0;(0 0);
363096;2020-09-27 20:01:00;RUA DEP MOREIRA DA ROCHA, ;RUA ILDEFONSO ALBANO, ; ;;;Colisão;;;;Cruz;Pare;Cruzamento;0;2;0;2;0;0;0;0;0;0;0;0;0;(-38.511072 -3.72648);
363097;2020-09-27 19:58:00;AVENIDA FRANCISCO SA, 6422;, ; 6422;;;Colisão;;;;Meio de Quadra;;Longo da via;0;1;1;1;1;0;0;0;0;0;0;0;0;(-38.58167 -3.70898);
360530;2020-09-27 19:30:00;RD CE-040, ;, ; ;;;Colisão;;;;Meio de Quadra;;Longo da via;0;0;2;0;2;0;0;0;0;0;0;0;0;(-38.48258304 -3.764650449);
363099;2020-09-27 19:17:00;RUA VALPARAISO, 126;, ; 126;;;Queda;;;;Meio de Quadra;;Longo da via;0;1;0;1;0;0;0;0;0;0;0;0;0;(-38.50513 -3.85156);
363100;2020-09-27 19:02:00;RUA PAULO FIRMEZA, 917;, ; 917;;;Queda;;;;Meio de Quadra;;Longo da via;0;1;0;0;0;0;0;0;0;1;0;0;0;(-38.51102 -3.756959);
363101;2020-09-27 18:51:00;RUA CARLOS AMORA, ;, ; ;;;Colisão;;;;Meio de Quadra;;Longo da via;0;1;1;1;1;0;0;0;0;0;0;0;0;(0 0);
363111;2020-09-27 18:18:00;AVENIDA GODOFREDO MACIEL, ;, ; ;;;Atropelamento;Anoitecer;;;Meio de Quadra;;Longo da via;0;1;0;0;1;0;0;0;0;0;0;0;0;(0 0);
363110;2020-09-27 18:01:00;AVENIDA PERIMETRAL, 395;, ; 395;;;Colisão;Anoitecer;;;Meio de Quadra;;Longo da via;0;1;0;2;0;0;0;0;0;0;0;0;0;(0 0);
363108;2020-09-27 17:08:00;RD BR 020, ;, ; ;;;Colisão;Anoitecer;;;Meio de Quadra;;Longo da via;0;1;0;0;0;0;0;0;0;0;1;0;0;(0 0);
360258;2020-09-27 17:00:00;RUA ALZIBERTO MIRANDA, 145;RUA FRANCISCA MARIA DA CONCEICAO, ; 145;;;Colisão Lateral;Luz do Dia;Bom;Seca;T;Não Há Controle;Cruzamento;0;1;1;1;0;0;0;1;0;0;0;0;0;(-38.56628 -3.84192);
360257;2020-09-27 16:23:00;RUA DR JOSE ROBERTO SALES, 644;, ; 644;;;Choque c/ Obstáculo Fixo;Luz do Dia;Bom;Seca;Meio de Quadra;Não Há Controle;Longo da via;0;0;2;0;2;0;0;0;0;0;0;0;0;(0 0);
363107;2020-09-27 15:31:00;RUA BENTO ALBUQUERQUE, 1717;, ; 1717;;;Colisão;Luz do Dia;;;Meio de Quadra;;Longo da via;0;1;0;1;1;0;0;0;0;0;0;0;0;(-38.473747 -3.7468338);
360777;2020-09-27 15:15:00;AVENIDA FRANCISCO SA, ;, ; ;;;Colisão Traseira;Luz do Dia;Bom;Seca;Meio de Quadra;Semáforo;Longo da via;0;2;0;0;2;0;0;0;0;0;0;0;0;(0 0);
363106;2020-09-27 14:46:00;RUA ANTONIO FORTES, 1737;, ; 1737;;;Colisão;Luz do Dia;;;Meio de Quadra;;Longo da via;0;1;0;1;1;0;0;0;0;0;0;0;0;(0 0);
363105;2020-09-27 14:34:00;RUA PORTO ALEGRE, 545;, ; 545;;;Queda;Luz do Dia;;;Meio de Quadra;;Longo da via;0;1;0;1;0;0;0;0;0;0;0;0;0;(-38.5835513 -3.76400667);
363104;2020-09-27 12:22:00;RUA VALPARAISO, ;, ; ;;;Colisão;Luz do Dia;;;Meio de Quadra;;Longo da via;0;1;0;1;1;0;0;0;0;0;0;0;0;(0 0);
363103;2020-09-27 09:13:00;AVENIDA CEL CARVALHO, 1969;, ; 1969;;;Colisão;Luz do Dia;;;Meio de Quadra;;Longo da via;0;1;0;0;0;0;0;0;0;0;1;0;0;(-38.587306474 -3.71987);
360781;2020-09-27 08:40:00;AVENIDA CEL CARVALHO, 1999;, ; 1999;;;Colisão Traseira;Luz do Dia;Bom;Seca;Meio de Quadra;Não Há Controle;Longo da via;0;1;1;0;2;0;0;0;0;0;0;0;0;(-38.587234 -3.72013625);
363102;2020-09-27 08:37:00;RUA VICENTE FERRETE, 480;, ; 480;;;Colisão;Luz do Dia;;;Meio de Quadra;;Longo da via;0;1;0;2;0;0;0;0;0;0;0;0;0;(0 0);
363037;2020-09-27 08:18:00;AVENIDA PRS COSTA E SILVA, 9693;, ; 9693;;;Colisão;Luz do Dia;;;Meio de Quadra;;Longo da via;0;1;0;0;0;0;0;0;0;0;1;0;0;(0 0);
363036;2020-09-27 07:53:00;RUA ANTENOR ROCHA ALEXANDRE, 327;, ; 327;;;Colisão;Luz do Dia;;;Meio de Quadra;;Longo da via;0;1;1;0;1;0;0;0;0;1;0;0;0;(-38.4828996 -3.79218593);
363034;2020-09-27 07:22:00;RUA MARIA GOMES DE SA, ;, ; ;;;Queda;Luz do Dia;;;Meio de Quadra;;Longo da via;0;1;0;1;0;0;0;0;0;0;0;0;0;(0 0);
363032;2020-09-27 05:52:00;AVENIDA GAL OSORIO DE PAIVA, 857;, ; 857;;;Colisão;Amanhecer;;;Meio de Quadra;;Longo da via;0;1;0;0;0;0;0;0;0;0;1;0;0;(-38.570115 -3.777906);
360256;2020-09-27 05:00:00;RUA CARLINDO CRUZ, 55;, ; 55;;;Choque c/ Obstáculo Fixo;Amanhecer;Bom;Seca;Meio de Quadra;Não Há Controle;Longo da via;0;1;1;0;2;0;0;0;0;0;0;0;0;(-38.5749353 -3.72790104);
360528;2020-09-27 04:05:00;ROD CE 010, 5000;, ; 5000;;;Choque c/ Obstáculo Fixo;;;;Meio de Quadra;;Longo da via;0;1;1;0;1;0;0;0;0;0;0;0;0;(0 0);
363030;2020-09-27 01:00:00;AVENIDA CEL CARVALHO, 1210;, ; 1210;;;Queda;;;;Meio de Quadra;;Longo da via;0;1;0;1;0;0;0;0;0;0;0;0;0;(-38.58911 -3.71312);
363028;2020-09-27 00:13:00;AVENIDA SEN FERNANDES TAVORA, ;, ; ;;;Atropelamento;;;;Meio de Quadra;;Longo da via;0;1;0;0;0;0;0;0;0;0;1;0;0;(0 0);
362994;2020-09-27 00:07:00;RUA JOR ANTONIO P TAVARES, 1171;, ; 1171;;;Colisão;;;;Meio de Quadra;;Longo da via;0;1;0;1;1;0;0;0;0;0;0;0;0;(-38.5081287 -3.8138962);
362993;2020-09-26 23:40:00;RUA CEL FABRICIANO, 809;, ; 809;;;Atropelamento;;;;Meio de Quadra;;Longo da via;1;0;1;1;0;0;0;0;0;0;0;0;0;(-38.5989122 -3.78529);
362992;2020-09-26 22:08:00;RUA BERNARDO MANUEL, 14001;, ; 14001;;;Queda;;;;Meio de Quadra;;Longo da via;0;1;0;1;0;0;0;0;0;0;0;0;0;(-38.56438 -3.840342);
360255;2020-09-26 21:48:00;AVENIDA PRO GOMES DE MATOS, 148;, ; 148;;;Colisão Traseira;Via Iluminada;Bom;Seca;Meio de Quadra;Não Há Controle;Longo da via;0;1;1;1;1;0;0;0;0;0;0;0;0;(-38.54816 -3.76418);
362990;2020-09-26 21:04:00;AVENIDA MR HULL, 5080;, ; 5080;;;Atropelamento;;;;Meio de Quadra;;Longo da via;0;1;0;1;0;0;0;0;0;0;0;0;0;(-38.5897744 -3.73939518);
362989;2020-09-26 20:36:00;AVENIDA SGT HERMINIO SAMPAIO, 3485;, ; 3485;;;Atropelamento;;;;Meio de Quadra;;Longo da via;0;1;0;1;0;0;0;0;0;0;0;0;0;(-38.571759 -3.72854);
362987;2020-09-26 19:31:00;RUA PRO ALVARO COSTA, 342;, ; 342;;;Colisão;;;;Meio de Quadra;;Longo da via;0;1;0;2;0;0;0;0;0;0;0;0;0;(-38.46568 -3.72352);
362985;2020-09-26 19:19:00;RUA ROSINHA SAMPAIO, 11285;, ; 11285;;;Queda;;;;Meio de Quadra;;Longo da via;0;1;0;0;0;0;0;0;0;1;0;0;0;(0 0);
362968;2020-09-26 18:26:00;RD BR 116, ;, ; ;;;Colisão;Anoitecer;;;Meio de Quadra;;Longo da via;0;1;0;1;1;0;0;0;0;0;0;0;0;(0 0);
362222;2020-09-26 18:15:00;RD BR 222, ;, ; ;;;Colisão Traseira;Anoitecer;;Seca;Meio de Quadra;;Longo da via;0;0;2;0;2;0;0;0;0;0;0;0;0;(-38.5969961 -3.7403624);
362961;2020-09-26 18:12:00;AVENIDA GAL OSORIO DE PAIVA, ;, ; ;;;Colisão;Anoitecer;;;Meio de Quadra;;Longo da via;0;1;0;1;1;0;0;0;0;0;0;0;0;(0 0);
362221;2020-09-26 18:10:00;RD BR 116, ;, ; ;;;Tombamento;Anoitecer;;Seca;Meio de Quadra;;Longo da via;0;1;1;1;1;0;0;0;0;0;0;0;0;(-38.503869 -3.802354);
362960;2020-09-26 17:11:00;RUA ACRE, ;RUA CEARA, ; ;;;Colisão;Anoitecer;;;T;Pare;Cruzamento;0;1;0;2;0;0;0;0;0;0;0;0;0;(-38.564785 -3.759573);
362944;2020-09-26 16:52:00;AVENIDA CASTELO DE CASTRO, ;, ; ;;;Colisão;Luz do Dia;;;Meio de Quadra;;Longo da via;0;1;0;0;0;0;0;0;0;0;1;0;0;(0 0);
362936;2020-09-26 16:12:00;RUA ANGELA DINIZ, 809;, ; 809;;;Colisão;Luz do Dia;;;Meio de Quadra;;Longo da via;0;1;0;1;1;0;0;0;0;0;0;0;0;(-38.5268474 -3.84701089);
362935;2020-09-26 15:58:00;RUA INA BRITO, 1571;, ; 1571;;;Colisão;Luz do Dia;;;Meio de Quadra;;Longo da via;0;1;0;1;1;0;0;0;0;0;0;0;0;(-38.59711 -3.82525);
362933;2020-09-26 15:40:00;RD BR 116, 4180;, ; 4180;;;Atropelamento;Luz do Dia;;;Meio de Quadra;;Longo da via;0;1;0;0;1;0;0;0;0;0;0;0;0;(-38.503869 -3.802354);
362931;2020-09-26 15:31:00;RUA JOSE ARISTOTELES GONDIM, ;RUA CARLOS CHAGAS, ; ;;;Colisão;Luz do Dia;;;Cruz;Pare;Cruzamento;0;1;0;1;1;0;0;0;0;0;0;0;0;(-38.585335 -3.780113);
362909;2020-09-26 15:25:00;RUA CAP GUTEMBERG, 648;, ; 648;;;Colisão;Luz do Dia;;;Meio de Quadra;;Longo da via;0;1;0;0;0;0;0;0;0;0;1;0;0;(-38.5257633 -3.83774592);
362878;2020-09-26 15:15:00;AVENIDA PRS CASTELO BRANCO, 295;, ; 295;;;Colisão;Luz do Dia;;;Meio de Quadra;;Longo da via;0;2;0;2;0;0;0;0;0;0;0;0;0;(-38.524576 -3.722157);
362899;2020-09-26 14:00:00;RUA ADOLFO CAMINHA, 217;, ; 217;;;Colisão;Luz do Dia;;;Meio de Quadra;;Longo da via;0;1;0;2;0;0;0;0;0;0;0;0;0;(-38.52508319 -3.721036394);
362897;2020-09-26 13:40:00;AVENIDA ARY THIERS, 163;, ; 163;;;Atropelamento;Luz do Dia;;;Meio de Quadra;;Longo da via;0;1;0;1;0;0;0;0;0;0;0;0;0;(0 0);
360254;2020-09-26 13:30:00;RUA METON DE ALENCAR, ;RUA JAIME BENEVOLO, ; ;;;Colisão Traseira;Luz do Dia;Bom;Seca;Cruz;Semáforo;Cruzamento;0;1;0;1;0;0;0;0;0;0;0;0;0;(-38.526349 -3.735065);
362896;2020-09-26 12:48:00;RUA VALPARAISO, 453;, ; 453;;;Colisão;Luz do Dia;;;Meio de Quadra;;Longo da via;0;1;0;0;0;0;0;0;0;0;1;0;0;(-38.5245654 -3.84516828);
360533;2020-09-26 12:40:00;AVENIDA SEN CARLOS JEREISSATI (AEROPORTO), 3000;, ; 3000;;;Colisão;Luz do Dia;;;Meio de Quadra;;Longo da via;0;0;2;0;2;0;0;0;0;0;0;0;0;(-38.544038 -3.779641);
360532;2020-09-26 11:30:00;RD CE-040, 3500;, ; 3500;;;Colisão;Luz do Dia;;;Meio de Quadra;;Longo da via;0;1;1;1;0;0;1;0;0;0;0;0;0;(-38.4810839 -3.782614325);
362420;2020-09-26 10:41:00;AVENIDA GAL OSORIO DE PAIVA, 5852;, ; 5852;;;Atropelamento;Luz do Dia;;;Meio de Quadra;;Longo da via;0;1;0;0;0;0;1;0;0;0;0;0;0;(-38.60486 -3.807594);
360838;2020-09-26 10:00:00;AVENIDA AGUANAMBI, ;RUA MES ROSA, ; ;;;Colisão;Luz do Dia;Bom;Seca;;Outros;Cruzamento;0;0;2;0;2;0;0;0;0;0;0;0;0;(-38.52586 -3.7416286);
362418;2020-09-26 09:38:00;RUA VITAL BRASIL, 2056;, ; 2056;;;Atropelamento;Luz do Dia;;;Meio de Quadra;;Longo da via;0;1;0;0;1;0;0;0;0;0;0;0;0;(-38.5991301 -3.77769644);
362417;2020-09-26 09:01:00;RUA GUSTAVO SAMPAIO, ;RUA PRO JOSE DE BARCELOS, ; ;;;Queda;Luz do Dia;;;Cruz;Pare;Cruzamento;0;1;0;1;0;0;0;0;0;0;0;0;0;(-38.550829 -3.734101);
360810;2020-09-26 09:00:00;AVENIDA ALM HENRIQUE SABOIA, ;, ; ;;;Colisão Traseira;Luz do Dia;Nublado;Seca;Meio de Quadra;Pare;Longo da via;1;0;1;1;0;0;1;0;0;0;0;0;0;(-38.501234 -3.752844);
360260;2020-09-26 08:48:00;RUA PDE PEDRO DE ALENCAR, 2201;, ; 2201;;;Colisão Traseira;Luz do Dia;Nublado;Molhada;Outros;Não Há Controle;Longo da via;0;0;2;0;1;0;0;0;0;0;0;0;0;(-38.49476943 -3.848014397);
362415;2020-09-26 07:47:00;RUA NEREU RAMOS, 206;, ; 206;;;Queda;Luz do Dia;;;Meio de Quadra;;Longo da via;0;1;0;1;0;0;0;0;0;0;0;0;0;(-38.568807 -3.786525);
362413;2020-09-26 07:35:00;RUA PEREIRA FILGUEIRAS, 825;, ; 825;;;Colisão;Luz do Dia;;;Meio de Quadra;;Longo da via;0;1;0;1;1;0;0;0;0;0;0;0;0;(-38.51555 -3.7274244);
362406;2020-09-26 06:52:00;AVENIDA LUCIANO CARNEIRO, 1900;, ; 1900;;;Queda;Luz do Dia;;;Meio de Quadra;;Longo da via;0;1;0;1;0;0;0;0;0;0;0;0;0;(-38.536449 -3.764194);
362405;2020-09-26 06:50:00;RUA PDE PEDRO DE ALENCAR, 2201;, ; 2201;;;Colisão;Luz do Dia;;;Meio de Quadra;;Longo da via;0;1;0;0;0;0;0;0;0;0;1;0;0;(-38.49476943 -3.848014397);
362404;2020-09-26 06:33:00;RUA JOSE FACANHA, 708;, ; 708;;;Colisão;Luz do Dia;;;Meio de Quadra;;Longo da via;0;1;0;1;1;0;0;0;0;0;0;0;0;(-38.55752675 -3.751902);
362403;2020-09-26 06:31:00;RUA CON DE CASTRO, 1320;, ; 1320;;;Queda;Luz do Dia;;;Meio de Quadra;;Longo da via;0;1;0;1;0;0;0;0;0;0;0;0;0;(0 0);
360812;2020-09-26 04:44:00;AVENIDA JOR THOMAZ COELHO, 3100;, ; 3100;;;Colisão Frontal;Via Iluminada;Bom;Seca;Meio de Quadra;Outros;Longo da via;0;1;0;0;1;0;0;0;0;0;0;0;0;(-38.5236157 -3.82906252);
362220;2020-09-26 04:00:00;RD BR 116, 8000;, ; 8000;;;Tombamento;;;Molhada;Meio de Quadra;;Longo da via;1;0;0;1;0;0;0;0;0;0;0;0;0;(-38.503269 -3.822018);
360535;2020-09-26 03:50:00;AVENIDA MIN JOSE AMERICO, 1000;, ; 1000;;;Capotamento;;;;Meio de Quadra;;Longo da via;0;0;1;0;1;0;0;0;0;0;0;0;0;(-38.4912085 -3.8090986);
360253;2020-09-26 01:14:00;RUA ANTONIO POMPEU, ;RUA PDE MORORO, ; ;;;Colisão Transversal;Luz do Dia;Bom;Seca;Cruz;Pare;Cruzamento;0;1;1;1;1;0;0;0;0;0;0;0;0;(-38.53945 -3.731997);
363845;2020-09-26 00:00:00;RUA CAETANO SILVA (A. NUNES), ;, ; ;;;Não informado;;;;Meio de Quadra;;Longo da via;1;0;0;0;0;0;0;0;0;0;0;0;0;(-38.599049 -3.749966);
362235;2020-09-25 23:44:00;AVENIDA ALBERTO CRAVEIRO, 530;, ; 530;;;Colisão;;;;Meio de Quadra;;Longo da via;0;1;0;1;1;0;0;0;0;0;0;0;0;(-38.516693 -3.783143);
360534;2020-09-25 23:30:00;AVENIDA SEN CARLOS JEREISSATI (AEROPORTO), ;, ; ;;;Colisão;;;;Meio de Quadra;;Longo da via;0;1;1;1;1;0;0;0;0;0;0;0;0;(-38.52685 -3.783753);
362234;2020-09-25 22:12:00;RUA TAVARES IRACEMA, ;, ; ;;;Colisão;;;;Meio de Quadra;;Longo da via;0;1;0;1;1;0;0;0;0;0;0;0;0;(0 0);
362233;2020-09-25 21:38:00;RUA MON SALAZAR, ;RUA CAP MELO, ; ;;;Colisão;;;;Cruz;Semáforo;Cruzamento;0;1;0;1;1;0;0;0;0;0;0;0;0;(-38.51318 -3.756019);
362231;2020-09-25 21:23:00;AVENIDA JOVITA FEITOSA, ;RUA ERICO MOTA, ; ;;;Colisão;;;;Cruz;Semáforo;Cruzamento;0;2;0;2;0;0;0;0;0;0;0;0;0;(-38.56185 -3.740938);
360855;2020-09-25 21:00:00;RUA TEODOMIRO DE CASTRO, ;RUA ADOLFO B DE MENEZES, ; ;;;Colisão Transversal;Via Iluminada;Bom;Seca;Cruz;Pare;Cruzamento;0;1;1;1;1;0;0;0;0;0;0;0;0;(-38.577425 -3.716619);
362069;2020-09-25 20:47:00;AVENIDA DR SILAS MUNGUBA, 1231;, ; 1231;;;Colisão;;;;;;Longo da via;0;1;0;1;1;0;0;0;0;0;0;0;0;(-38.555167 -3.782524);
362874;2020-09-25 20:45:00;RUA ALVES DE SOUZA, ;LOGRADOURO SEM NOME, ; ;;;Colisão;;;;;;Cruzamento;0;0;2;0;2;0;0;0;0;0;0;0;0;(-38.59678 -3.80474);
362068;2020-09-25 20:17:00;RUA JOSE FACANHA, ;RUA MAJ PEDRO SAMPAIO, ; ;;;Colisão;;;;Cruz;Pare;Cruzamento;0;1;0;1;1;0;0;0;0;0;0;0;0;(-38.558312 -3.7512);
362286;2020-09-25 20:00:00;RUA CARLOS VASCONCELOS, 105;, ; 105;;;Colisão;;;;Meio de Quadra;;Longo da via;0;1;0;1;1;0;0;0;0;0;0;0;0;(-38.507433 -3.722597);
362402;2020-09-25 19:53:00;AVENIDA GAL OSORIO DE PAIVA, 600;, ; 600;;;Colisão;;;;Meio de Quadra;;Longo da via;0;1;0;1;1;0;0;0;0;0;0;0;0;(-38.56787518 -3.776497727);
362401;2020-09-25 19:47:00;RUA HOLANDA, 1174;, ; 1174;;;Colisão;;;;Meio de Quadra;;Longo da via;0;1;0;1;0;0;0;0;0;0;1;0;0;(-38.561168 -3.800572);
362399;2020-09-25 19:34:00;TRAVESSA SAO FRANCISCO D21, 704;, ; 704;;;Atropelamento;;;;Meio de Quadra;;Longo da via;0;1;0;1;0;0;0;0;0;0;0;0;0;(0 0);
360857;2020-09-25 19:27:00;AVENIDA DOM MANUEL, ;RUA PEREIRA FILGUEIRAS, ; ;;;Colisão Transversal;Anoitecer;Bom;Seca;Cruz;Semáforo;Cruzamento;0;1;1;0;2;0;0;0;0;0;0;0;0;(-38.520338 -3.725943);
362400;2020-09-25 19:16:00;AVENIDA JOVITA FEITOSA, 2401;, ; 2401;;;Colisão;;;;Meio de Quadra;;Longo da via;0;1;0;0;0;0;0;0;0;0;1;0;0;(-38.558594 -3.740276);
360250;2020-09-25 19:15:00;RUA DES HERMES PARAHYBA, ;RUA ANTONIO ARRUDA, ; ;;;Colisão Transversal;Mal Iluminada;Bom;Seca;Cruz;Pare;Cruzamento;0;1;1;2;0;0;0;0;0;0;0;0;0;(-38.591926 -3.712999);
362398;2020-09-25 18:59:00;RUA ANTONIO ARRUDA, ;RUA DES HERMES PARAHYBA, ; ;;;Colisão;;;;Cruz;Pare;Cruzamento;0;1;0;2;0;0;0;0;0;0;0;0;0;(-38.591926 -3.712999);
360252;2020-09-25 18:30:00;RUA PORTO ALEGRE, ;RUA AUDISIO PINHEIRO, ; ;;;Colisão Lateral;Via Iluminada;Bom;Seca;Cruz;Pare;Cruzamento;1;2;1;2;1;0;0;0;0;0;0;0;0;(-38.589942 -3.760602);
362342;2020-09-25 18:23:00;AVENIDA PERIMETRAL, 300;, ; 300;;;Colisão;Anoitecer;;;Meio de Quadra;;Longo da via;0;1;0;1;1;0;0;0;0;0;0;0;0;(0 0);
362397;2020-09-25 18:17:00;RUA CEL ALVES TEIXEIRA, 1717;, ; 1717;;;Atropelamento;Anoitecer;;;Meio de Quadra;;Longo da via;0;1;0;0;0;0;0;0;0;0;1;0;0;(-38.5055737 -3.7472233);
360251;2020-09-25 17:50:00;AVENIDA I CJ JOSE WALTER, ;AVENIDA G CJ JOSE WALTER, ; ;;;Colisão Transversal;Anoitecer;Bom;Seca;Cruz;Pare;Cruzamento;0;1;1;1;1;0;0;0;0;0;0;0;0;(-38.554956 -3.839061);
362338;2020-09-25 17:02:00;AVENIDA ALBERTO NEPOMUCENO, ;, ; ;;;Colisão;Anoitecer;;;Meio de Quadra;;Longo da via;0;1;0;1;1;0;0;0;0;0;0;0;0;(0 0);
362310;2020-09-25 16:00:00;AVENIDA MR HULL, 3835;, ; 3835;;;Atropelamento;Luz do Dia;;;Meio de Quadra;;Longo da via;0;1;0;1;0;0;0;0;0;0;0;0;0;(0 0);
362875;2020-09-25 16:00:00;RUA RUTILO, ;, ; ;;;Colisão;Luz do Dia;;;Meio de Quadra;;Longo da via;0;1;1;0;1;0;1;0;0;0;0;0;0;(0 0);
362340;2020-09-25 15:56:00;RUA MARIA GOMES DE SA, 1290;, ; 1290;;;Colisão;Luz do Dia;;;Meio de Quadra;;Longo da via;0;1;0;0;0;0;0;0;0;0;1;0;0;(-38.58218 -3.82549);
362309;2020-09-25 15:52:00;AVENIDA DES MOREIRA, 2960;, ; 2960;;;Colisão;Luz do Dia;;;Meio de Quadra;;Longo da via;0;1;0;1;1;0;0;0;0;0;0;0;0;(-38.503726 -3.753019);
362876;2020-09-25 15:00:00;RUA COS LAFAYETE, ;AVENIDA CEL CARVALHO, ; ;;;Colisão;Luz do Dia;;;;;Cruzamento;0;1;1;1;1;0;0;0;0;0;0;0;0;(-38.587938 -3.717512);
362339;2020-09-25 14:56:00;RUA BETEL, ;, ; ;;;Queda;Luz do Dia;;;Meio de Quadra;;Longo da via;0;1;0;0;0;0;0;0;0;1;0;0;0;(0 0);
360854;2020-09-25 14:25:00;RUA EDUARDO PERDIGAO, ;RUA GERMANO FRANCK, ; ;;;Outros;Luz do Dia;Bom;Seca;Cruz;Semáforo;Cruzamento;0;1;1;2;0;0;0;0;0;0;0;0;0;(-38.562542 -3.777704);
360249;2020-09-25 14:10:00;RUA JOSE RANGEL, ;RUA CESAR FONSECA, ; ;;;Colisão Transversal;Luz do Dia;Bom;Seca;T;Pare;Cruzamento;0;1;1;1;1;0;0;0;0;0;0;0;0;(-38.47148 -3.73854);