COD_ACIDENTE;DATA;LOG1;LOG2;NUMERO;BAIRRO;AMC;NATUREZA;ILUMINACAO;TEMPO;SUPERFICIEPISTA;TIPOCRUZAMENTO;CONTROLETRAFEGO;USOSOLO;MORTOS;FERIDOS;ILESOS;MOTOCICLETA;AUTOMOVEL;MICROONIBUS;CAMINHAO;ONIBUS;CICLOMOTOR;BICICLETA;OUTROS;TREM;TRACAOANIMAL;COORDENADAS
362307;2020-09-25 13:47:00;AVENIDA DEP PAULINO ROCHA, 1001;, ; 1001;;;Colisão;Luz do Dia;;;Meio de Quadra;;Longo da via;0;1;1;0;1;0;0;0;0;1;0;0;0;(-38.5084 -3.80762);
360248;2020-09-25 13:23:00;AVENIDA SGT HERMINIO SAMPAIO, 1694;RUA ARISTIDES B NETO, ; 1694;;;Colisão Frontal;Luz do Dia;Bom;Seca;T;Pare;Cruzamento;0;0;1;0;1;0;0;0;0;0;0;0;0;(-38.55582 -3.725509);
362302;2020-09-25 12:41:00;RUA DES LEITE ALBUQUERQUE, ;RUA JOAQUIM NABUCO, ; ;;;Colisão;Luz do Dia;;;Cruz;Pare;Cruzamento;0;1;0;1;1;0;0;0;0;0;0;0;0;(-38.501621 -3.736273);
362301;2020-09-25 12:12:00;AVENIDA SGT HERMINIO SAMPAIO, 1694;, ; 1694;;;Colisão;Luz do Dia;;;Meio de Quadra;;Longo da via;0;1;0;1;1;0;0;0;0;0;0;0;0;(-38.55582 -3.725509);
362300;2020-09-25 11:38:00;AVENIDA GAL OSORIO DE PAIVA, 2955;, ; 2955;;;Colisão;Luz do Dia;;;Meio de Quadra;;Longo da via;0;1;0;1;1;0;0;0;0;0;0;0;0;(-38.587028 -3.789256);
360264;2020-09-25 10:55:00;AVENIDA ABOLICAO, ;RUA NUNES VALENTE, ; ;;;Não informado;Luz do Dia;Bom;Seca;Cruz;Semáforo;Cruzamento;0;1;1;1;1;0;0;0;0;0;0;0;0;(-38.500384 -3.72575);
362219;2020-09-25 10:50:00;RD BR 116, ;, ; ;;;Colisão Traseira;Luz do Dia;;Seca;Meio de Quadra;;Longo da via;0;0;2;0;2;0;0;0;0;0;0;0;0;(-38.518702 -3.762554);
360247;2020-09-25 10:00:00;RUA CAP ARAGAO, ;RUA CAP VASCONCELOS D46, ; ;;;Não informado;Luz do Dia;Bom;Seca;Cruz;Semáforo;Cruzamento;0;1;0;1;0;0;0;0;0;0;0;0;0;(-38.517041 -3.765538);
362297;2020-09-25 09:59:00;TRAVESSA CAP ARAGAO, ;, ; ;;;Queda;Luz do Dia;;;Meio de Quadra;;Longo da via;0;1;0;1;0;0;0;0;0;0;0;0;0;(0 0);
362295;2020-09-25 09:53:00;RUA LAURO NOGUEIRA, 781;, ; 781;;;Queda;Luz do Dia;;;Meio de Quadra;;Longo da via;0;1;0;1;0;0;0;0;0;0;0;0;0;(-38.4788 -3.73987);
362291;2020-09-25 09:41:00;RUA JOSE RANGEL, 666;, ; 666;;;Colisão;Luz do Dia;;;Meio de Quadra;;Longo da via;0;1;0;1;1;0;0;0;0;0;0;0;0;(-38.47172 -3.73851);
362290;2020-09-25 07:14:00;RUA EMILIO DE MENESES, 629;, ; 629;;;Colisão;Luz do Dia;;;Meio de Quadra;;Longo da via;0;1;0;1;1;0;0;0;0;0;0;0;0;(-38.5871045 -3.7818188);
362285;2020-09-25 04:05:00;AVENIDA GAL OSORIO DE PAIVA, 1706;, ; 1706;;;Colisão;;;;Meio de Quadra;;Longo da via;0;1;0;1;1;0;0;0;0;0;0;0;0;(-38.577307 -3.782507);
362237;2020-09-25 04:04:00;AVENIDA PERIMETRAL, ;, ; ;;;Colisão;;;;Meio de Quadra;;Longo da via;0;1;0;0;0;0;0;0;0;0;1;0;0;(0 0);
362282;2020-09-25 01:25:00;RUA EDUARDO PERDIGAO, 10;, ; 10;;;Queda;;;;Meio de Quadra;;Longo da via;0;1;0;1;0;0;0;0;0;0;0;0;0;(-38.56731 -3.77444);
362236;2020-09-25 00:05:00;RUA DR JOSE LOURENCO, ;RUA COSTA BARROS, ; ;;;Colisão;;;;Cruz;Pare;Cruzamento;0;1;0;0;0;0;0;0;0;0;1;0;0;(-38.506927 -3.73187);
360891;2020-09-24 21:00:00;RUA MON BRUNO, ;RUA JOAO CARVALHO, ; ;;;Colisão Lateral;Via Iluminada;Bom;Seca;Cruz;Pare;Cruzamento;0;2;0;2;0;0;0;0;0;0;0;0;0;(-38.510792 -3.736585);
362281;2020-09-24 19:51:00;RUA MON BRUNO, 307;, ; 307;;;Colisão;;;;Meio de Quadra;;Longo da via;0;1;0;2;0;0;0;0;0;0;0;0;0;(-38.50693 -3.72457);
362279;2020-09-24 19:44:00;AVENIDA MOZART PINHEIRO DE LUCENA, 2799;, ; 2799;;;Colisão;;;;Meio de Quadra;;Longo da via;0;1;0;1;1;0;0;0;0;0;0;0;0;(-38.5988058 -3.72922679);
360538;2020-09-24 18:40:00;RD CE-040, ;, ; ;;;Colisão;;;;Meio de Quadra;;Longo da via;0;0;2;0;2;0;0;0;0;0;0;0;0;(-38.48088284 -3.84257666);
362275;2020-09-24 18:21:00;RUA CATOLE, 2240;, ; 2240;;;Colisão;Anoitecer;;;Meio de Quadra;;Longo da via;0;1;0;1;0;0;0;0;0;0;0;0;0;(-38.520947 -3.84916);
362271;2020-09-24 17:55:00;RUA CAP NESTOR GOIS, ;RUA BAR CRATO, ; ;;;Colisão;Anoitecer;;;Cruz;Não Há Controle;Cruzamento;0;1;0;2;0;0;0;0;0;0;0;0;0;(-38.561626 -3.7218456);
362218;2020-09-24 17:40:00;RD BR 222, ;, ; ;;;Tombamento;Anoitecer;;Seca;Meio de Quadra;;Longo da via;0;1;1;1;1;0;0;0;0;0;0;0;0;(-38.5969961 -3.7403624);
362268;2020-09-24 17:36:00;RUA ROSINHA SAMPAIO, 1866;, ; 1866;;;Colisão;Anoitecer;;;Meio de Quadra;;Longo da via;0;1;0;1;1;0;0;0;0;0;0;0;0;(-38.595375 -3.724816);
360244;2020-09-24 17:20:00;RUA CHICO LEMOS, ;RUA MARGARIDA DE QUEIROZ, ; ;;;Colisão Transversal;Via Iluminada;Bom;Seca;Cruz;Pare;Cruzamento;0;2;1;1;1;0;0;0;0;0;0;0;0;(-38.498869 -3.791881);
362265;2020-09-24 17:03:00;AVENIDA LINEU MACHADO, ;, ; ;;;Colisão;Anoitecer;;;Meio de Quadra;;Longo da via;0;1;0;1;1;0;0;0;0;0;0;0;0;(0 0);
362264;2020-09-24 16:52:00;RUA CEARA, 5475;, ; 5475;;;Colisão;Luz do Dia;;;Meio de Quadra;;Longo da via;0;1;0;1;1;0;0;0;0;0;0;0;0;(0 0);
362217;2020-09-24 16:40:00;RD BR 222, ;, ; ;;;Colisão Lateral;Luz do Dia;;Seca;Meio de Quadra;;Longo da via;0;2;0;0;1;0;0;0;0;1;0;0;0;(-38.59594097 -3.740300848);
362263;2020-09-24 16:26:00;RUA CEL VIRGILIO NOGUEIRA (BOM JARDIM), 1136;, ; 1136;;;Colisão;Luz do Dia;;;Meio de Quadra;;Longo da via;0;1;0;1;1;0;0;0;0;0;0;0;0;(-38.6104 -3.79396);
360245;2020-09-24 16:15:00;RUA WALDIR DIOGO, 112;, ; 112;;;Engavetamento;Luz do Dia;Bom;Seca;Meio de Quadra;Semáforo;Longo da via;0;0;3;0;3;0;0;0;0;0;0;0;0;(-38.5793244 -3.80784081);
360537;2020-09-24 14:50:00;RD CE-040, ;, ; ;;;Colisão;Luz do Dia;;;Meio de Quadra;;Longo da via;0;1;1;1;1;0;0;0;0;0;0;0;0;(-38.4810839 -3.782614325);
362258;2020-09-24 13:15:00;AVENIDA PRS COSTA E SILVA, 51;, ; 51;;;Colisão;Luz do Dia;;;Meio de Quadra;;Longo da via;0;1;0;0;0;0;0;0;0;0;1;0;0;(-38.550921 -3.823308);
363207;2020-09-24 13:13:00;RUA FRANCISCO JOSE A PEREIRA, ;RUA DR WANDA SIDOU, ; ;;;Outros;Luz do Dia;;;Cruz;Não Há Controle;Cruzamento;1;1;0;2;0;0;0;0;0;0;0;0;0;(-38.50741 -3.81165);
362256;2020-09-24 13:06:00;AVENIDA PRS COSTA E SILVA, ;, ; ;;;Queda;Luz do Dia;;;Meio de Quadra;;Longo da via;0;1;0;1;0;0;0;0;0;0;0;0;0;(0 0);
362255;2020-09-24 12:09:00;AVENIDA DEP PAULINO ROCHA, 1313;, ; 1313;;;Queda;Luz do Dia;;;Meio de Quadra;;Longo da via;0;1;0;1;0;0;0;0;0;0;0;0;0;(-38.50953 -3.8107746);
362254;2020-09-24 10:46:00;RUA CATAO MAMEDE, ;RUA CARLOS VASCONCELOS, ; ;;;Atropelamento;Luz do Dia;;;Cruz;Não Há Controle;Cruzamento;0;1;0;0;0;0;1;0;0;0;0;0;0;(-38.512151 -3.737182);
362253;2020-09-24 09:48:00;AVENIDA DR SILAS MUNGUBA, ;AVENIDA HEROIS DO ACRE, ; ;;;Colisão;Luz do Dia;;;T;Semáforo;Cruzamento;0;1;0;1;1;0;0;0;0;0;0;0;0;(-38.52854 -3.803079);
362252;2020-09-24 09:24:00;RUA DELMIRO FARIAS, ;RUA MON FURTADO, ; ;;;Colisão;Luz do Dia;;;Cruz;Não Há Controle;Cruzamento;0;1;0;1;1;0;0;0;0;0;0;0;0;(-38.55055 -3.747544);
360242;2020-09-24 09:05:00;RUA MARIA JULIA, ;RUA MARTINS CARVALHO, ; ;;;Colisão Transversal;Luz do Dia;Bom;Seca;Cruz;Pare;Cruzamento;0;1;1;1;1;0;0;0;0;0;0;0;0;(-38.600949 -3.796333);
362251;2020-09-24 08:31:00;RUA MARIA JULIA, 1329;, ; 1329;;;Colisão;Luz do Dia;;;Meio de Quadra;;Longo da via;0;1;0;1;1;0;0;0;0;0;0;0;0;(-38.6010198 -3.7969363);
360243;2020-09-24 08:14:00;RUA LAURO MAIA, ;RUA CEL JOSE EUCLIDES, ; ;;;Colisão Transversal;Luz do Dia;Bom;Seca;Cruz;Pare;Cruzamento;0;1;1;1;1;0;0;0;0;0;0;0;0;(-38.521915 -3.752061);
360246;2020-09-24 08:00:00;RUA VALDETARIO MOTA, ;RUA PRO HERACLITO, ; ;;;Não informado;Luz do Dia;Bom;Seca;Meio de Quadra;Pare;Cruzamento;0;0;2;0;2;0;0;0;0;0;0;0;0;(-38.47755 -3.73192);
362249;2020-09-24 07:41:00;RUA PRO MIRAMAR DA PONTE, ;RUA CURITIBA, ; ;;;Colisão;Luz do Dia;;;Cruz;Pare;Cruzamento;0;1;0;1;1;0;0;0;0;0;0;0;0;(-38.584628 -3.759586);
362243;2020-09-24 07:39:00;RUA POMPILIO GOMES, 1075;, ; 1075;;;Colisão;Luz do Dia;;;Meio de Quadra;;Longo da via;0;1;0;1;1;0;0;0;0;0;0;0;0;(0 0);
360896;2020-09-24 07:30:00;RUA CEL MATOS DOURADO, 228;, ; 228;;;Colisão Traseira;Luz do Dia;Bom;Seca;Meio de Quadra;Outros;Longo da via;0;0;2;0;1;0;1;0;0;0;0;0;0;(-38.5852135 -3.740878);
362242;2020-09-24 07:13:00;RUA ELISEU ORIA, 1130;, ; 1130;;;Colisão;Luz do Dia;;;Meio de Quadra;;Longo da via;0;1;0;1;1;0;0;0;0;0;0;0;0;(-38.477202 -3.798011);
360241;2020-09-24 07:10:00;RUA EUCLIDES O DE SOUSA, ;RUA ELISEU ORIA, ; ;;;Colisão Lateral;Luz do Dia;Bom;Seca;Cruz;Pare;Cruzamento;0;1;1;1;1;0;0;0;0;0;0;0;0;(-38.477202 -3.798011);
362241;2020-09-24 07:00:00;RUA SAO JOAO DEL REY, 1579;, ; 1579;;;Colisão;Luz do Dia;;;Meio de Quadra;;Longo da via;0;1;0;0;0;0;0;0;0;0;1;0;0;(0 0);
362240;2020-09-24 06:52:00;RUA GUSTAVO SAMPAIO, 1784;, ; 1784;;;Colisão;Luz do Dia;;;Meio de Quadra;;Longo da via;0;2;0;1;1;0;0;0;0;0;0;0;0;(-38.560462 -3.736074);
362239;2020-09-24 05:04:00;RUA DES OTACILIO PEIXOTO, ;, ; ;;;Atropelamento;Amanhecer;;;Meio de Quadra;;Longo da via;0;1;0;0;0;0;0;0;0;0;1;0;0;(0 0);
360240;2020-09-24 01:09:00;AVENIDA BAR STUDART, ;RUA TEN BENEVOLO, ; ;;;Colisão Transversal;Via Iluminada;Bom;Seca;Cruz;Semáforo;Cruzamento;0;2;0;0;2;0;0;0;0;0;0;0;0;(-38.504908 -3.72939);
360603;2020-09-23 22:40:00;AVENIDA MIN JOSE AMERICO, 2000;, ; 2000;;;Colisão;;;;Meio de Quadra;;Longo da via;0;0;2;0;2;0;0;0;0;0;0;0;0;(-38.4836225 -3.8103935);
362973;2020-09-23 21:38:00;RUA ANDRE REBOUCAS, 371;, ; 371;;;Colisão;;;;Meio de Quadra;;Longo da via;0;1;0;1;1;0;0;0;0;0;0;0;0;(-38.5912995 -3.7759401);
360277;2020-09-23 20:30:00;RUA PDE VALDEVINO, ;RUA SILVA PAULET, ; ;;;Colisão Lateral;Via Iluminada;Bom;Seca;Cruz;Semáforo;Cruzamento;0;3;0;1;0;0;0;1;0;0;0;0;0;(-38.507851 -3.741957);
362972;2020-09-23 19:02:00;RUA GUILHERME PERDIGAO, 352;, ; 352;;;Queda;;;;Meio de Quadra;;Longo da via;0;1;0;0;0;0;0;0;0;1;0;0;0;(-38.5724367 -3.77474161);
362971;2020-09-23 19:01:00;AVENIDA WASHINGTON SOARES, 4210;, ; 4210;;;Colisão;;;;Meio de Quadra;;Longo da via;0;1;0;1;1;0;0;0;0;0;0;0;0;(-38.48023 -3.79372);
360602;2020-09-23 19:00:00;RD CE-060, ;, ; ;;;Colisão;;;;Meio de Quadra;;Longo da via;0;0;2;1;2;0;0;0;0;0;0;0;0;(-38.585133 -3.843038);
360932;2020-09-23 19:00:00;AVENIDA JOVITA FEITOSA, 150;, ; 150;;;Colisão Traseira;Via Iluminada;Bom;Seca;;;Longo da via;0;1;1;1;1;0;0;0;0;0;0;0;0;(-38.5451843 -3.73752625);
362969;2020-09-23 18:40:00;RUA NOVA CONQUISTA (PASSARE), 24;, ; 24;;;Colisão;;;;Meio de Quadra;;Longo da via;0;1;0;0;0;0;0;0;0;0;1;0;0;(-38.52132 -3.81482);
362966;2020-09-23 18:14:00;AVENIDA OLIVEIRA PAIVA, 245;, ; 245;;;Colisão;Anoitecer;;;Meio de Quadra;;Longo da via;0;1;0;0;0;0;0;0;0;0;1;0;0;(-38.502593 -3.79837);
362964;2020-09-23 18:13:00;RD BR 116, ;, ; ;;;Colisão;Anoitecer;;;Meio de Quadra;;Longo da via;0;2;0;0;0;0;0;0;0;0;1;0;0;(0 0);
362962;2020-09-23 17:55:00;AVENIDA JOR THOMAZ COELHO, ;, ; ;;;Queda;Anoitecer;;;Meio de Quadra;;Longo da via;0;2;0;1;0;0;0;0;0;0;0;0;0;(0 0);
362959;2020-09-23 17:21:00;AVENIDA ROGACIANO LEITE, 400;, ; 400;;;Colisão;Anoitecer;;;Meio de Quadra;;Longo da via;0;2;0;1;1;0;0;0;0;0;0;0;0;(-38.49339988 -3.76164925);
362958;2020-09-23 17:08:00;RUA LIVINO DE CARVALHO, 110;, ; 110;;;Atropelamento;Anoitecer;;;Meio de Quadra;;Longo da via;0;1;0;0;1;0;0;0;0;0;0;0;0;(-38.5586511 -3.77112327);
362956;2020-09-23 16:20:00;AVENIDA F CJ JOSE WALTER, 401;, ; 401;;;Colisão;Luz do Dia;;;Meio de Quadra;;Longo da via;0;1;0;0;0;0;0;0;0;0;1;0;0;(-38.557539 -3.83571645);
362872;2020-09-23 16:20:00;AVENIDA ANTONIO SALES, ;RUA PRO DIAS DA ROCHA, ; ;;;Colisão;Luz do Dia;;;Cruz;Pare;Cruzamento;0;1;1;0;2;0;0;0;0;0;0;0;0;(-38.495535 -3.747586);
360239;2020-09-23 16:19:00;RUA CARLOS AMORA, 120;, ; 120;;;Colisão Traseira;Luz do Dia;Bom;Seca;Meio de Quadra;Não Há Controle;Longo da via;0;1;1;0;1;0;0;0;0;1;0;0;0;(-38.563769 -3.7750345);
362953;2020-09-23 14:14:00;AVENIDA DA UNIVERSIDADE, ;, ; ;;;Atropelamento;Luz do Dia;;;Meio de Quadra;;Longo da via;0;1;0;0;1;0;0;0;0;0;0;0;0;(0 0);
362950;2020-09-23 13:06:00;RUA EUCLIDES O DE SOUSA, ;RUA RAFAEL TOBIAS, ; ;;;Colisão;Luz do Dia;;;;Pare;Cruzamento;0;1;0;2;0;0;0;0;0;0;0;0;0;(-38.472133 -3.797565);
362949;2020-09-23 12:42:00;RUA BAR AQUIRAZ, 1759;, ; 1759;;;Colisão;Luz do Dia;;;Meio de Quadra;;Longo da via;0;1;0;2;0;0;0;0;0;0;0;0;0;(-38.48355 -3.842357);
362938;2020-09-23 11:56:00;RUA PLACIDO CARVALHO, 150;, ; 150;;;Colisão;Luz do Dia;;;Meio de Quadra;;Longo da via;0;1;0;0;0;0;0;0;0;0;1;0;0;(-38.5554075 -3.718927);
362871;2020-09-23 11:40:00;AVENIDA JOSE BASTOS, ;RUA PORFIRIO SAMPAIO, ; ;;;Colisão;Luz do Dia;;;T;Semáforo;Cruzamento;0;1;2;0;3;0;0;0;0;0;0;0;0;(-38.546271 -3.745851);
360238;2020-09-23 11:10:00;AVENIDA LINEU MACHADO, 400;, ; 400;;;Colisão Lateral;Luz do Dia;Bom;Seca;Meio de Quadra;Não Há Controle;Longo da via;0;1;1;0;0;0;0;1;0;0;0;0;0;(-38.5757405 -3.7636975);
362907;2020-09-23 11:00:00;AVENIDA CONTORNO NORTE D71, 1237;, ; 1237;;;Colisão;Luz do Dia;;;Meio de Quadra;;Longo da via;0;1;0;1;1;0;0;0;0;0;0;0;0;(-38.5881121 -3.81347257);
360600;2020-09-23 10:15:00;AVENIDA SEN CARLOS JEREISSATI (AEROPORTO), ;, ; ;;;Colisão;Luz do Dia;;;Meio de Quadra;;Longo da via;0;0;2;0;1;0;1;0;0;0;0;0;0;(-38.544038 -3.779641);
360237;2020-09-23 10:10:00;RUA MARIO MAMEDE, ;RUA PAULA RODRIGUES, ; ;;;Colisão Transversal;Luz do Dia;Bom;Seca;Cruz;Pare;Cruzamento;0;1;1;0;3;0;0;0;0;0;0;0;0;(-38.526739 -3.753285);
360236;2020-09-23 09:19:00;RUA ADEMAR DE BARROS, 36;AVENIDA PROF GERARDO RODRIGUES DE ALBUQUERQUE, ; 36;;;Colisão Transversal;Luz do Dia;Nublado;Seca;Meio de Quadra;Pare;Cruzamento;0;1;0;1;1;0;0;0;0;0;0;0;0;(-38.49727 -3.7811);
362906;2020-09-23 08:53:00;AVENIDA MR HULL, 5640;, ; 5640;;;Colisão;Luz do Dia;;;Meio de Quadra;;Longo da via;0;2;0;2;0;0;0;0;0;0;0;0;0;(-38.5948364 -3.74014157);
362216;2020-09-23 08:50:00;RD BR 116, ;, ; ;;;Colisão Traseira;Luz do Dia;;Seca;Meio de Quadra;;Longo da via;0;1;1;1;1;0;0;0;0;0;0;0;0;(-38.518702 -3.762554);
362901;2020-09-23 08:19:00;AVENIDA JOSE BASTOS, ;, ; ;;;Colisão;Luz do Dia;;;Meio de Quadra;;Longo da via;0;2;0;1;0;0;1;0;0;0;0;0;0;(0 0);
362892;2020-09-23 07:53:00;RUA OSCAR ARARIPE, 1529;, ; 1529;;;Atropelamento;Luz do Dia;;;Meio de Quadra;;Longo da via;0;2;0;1;0;0;0;0;0;0;0;0;0;(-38.6050001 -3.78938179);
362891;2020-09-23 07:20:00;RD QUARTO ANEL VIARIO, 2335;, ; 2335;;;Colisão;Luz do Dia;;;Meio de Quadra;;Longo da via;0;1;0;2;0;0;0;0;0;0;0;0;0;(-38.50972 -3.868159);
362881;2020-09-23 07:20:00;RUA JULIO ABREU, 860;, ; 860;;;Colisão;Luz do Dia;;;Meio de Quadra;;Longo da via;0;2;0;2;0;0;0;0;0;0;0;0;0;(0 0);
362879;2020-09-23 07:15:00;AVENIDA JOSE BASTOS, 2426;, ; 2426;;;Colisão;Luz do Dia;;;Meio de Quadra;;Longo da via;0;1;0;1;1;0;0;0;0;0;0;0;0;(-38.543823 -3.743075);
360234;2020-09-23 06:50:00;AVENIDA DEP PAULINO ROCHA, 1320;, ; 1320;;;Queda;Luz do Dia;Bom;Seca;Meio de Quadra;Semáforo;Longo da via;0;1;0;1;0;0;0;0;0;0;0;0;0;(-38.50885 -3.809755);
362867;2020-09-23 06:04:00;RUA MON CARNEIRO DA CUNHA, 668;, ; 668;;;Queda;Luz do Dia;;;Meio de Quadra;;Longo da via;0;1;0;0;0;0;0;0;0;1;0;0;0;(0 0);
362866;2020-09-22 21:58:00;AVENIDA MR HULL, 5000;, ; 5000;;;Queda;;;;Meio de Quadra;;Longo da via;0;1;0;1;0;0;0;0;0;0;0;0;0;(-38.5886706 -3.739210614);
360232;2020-09-22 21:21:00;RUA ALFREDO MAMEDE, 859;, ; 859;;;Colisão Frontal;Via Iluminada;Bom;Seca;Meio de Quadra;;Longo da via;0;1;1;1;0;0;0;1;0;0;0;0;0;(-38.5846351 -3.81381429);
360233;2020-09-22 21:09:00;RUA DIONISIO ALENCAR FILHO, 2399;, ; 2399;;;Colisão Transversal;Via Iluminada;Bom;Seca;Meio de Quadra;Não Há Controle;Longo da via;0;2;0;0;0;0;0;0;0;0;0;0;0;(-38.50612 -3.855);
360231;2020-09-22 20:00:00;RUA BAR AQUIRAZ, 1409;, ; 1409;;;Atropelamento;Mal Iluminada;Bom;Seca;Meio de Quadra;Não Há Controle;Longo da via;1;0;1;0;0;0;1;0;0;0;0;0;0;(-38.48554028 -3.840289139);
362863;2020-09-22 18:51:00;AVENIDA GAL OSORIO DE PAIVA, ;, ; ;;;Atropelamento;;;;Meio de Quadra;;Longo da via;0;2;0;1;0;0;0;0;0;0;0;0;0;(0 0);
362862;2020-09-22 18:46:00;RUA CEL DIONISIO ALENCAR, 2399;, ; 2399;;;Colisão;;;;Meio de Quadra;;Longo da via;0;1;0;1;1;0;0;0;0;0;0;0;0;(0 0);
362861;2020-09-22 17:58:00;AVENIDA MIGUEL DIAS, ;, ; ;;;Queda;Anoitecer;;;Meio de Quadra;;Longo da via;0;1;0;1;0;0;0;0;0;0;0;0;0;(0 0);
362860;2020-09-22 17:37:00;AVENIDA E CJ JOSE WALTER, 900;, ; 900;;;Atropelamento;Anoitecer;;;Meio de Quadra;;Longo da via;0;1;0;1;0;0;0;0;0;0;0;0;0;(0 0);
362859;2020-09-22 17:35:00;AVENIDA GAL OSORIO DE PAIVA, 8130;, ; 8130;;;Atropelamento;Anoitecer;;;Meio de Quadra;;Longo da via;0;1;0;0;1;0;0;0;0;0;0;0;0;(-38.6186103 -3.82177924);
362858;2020-09-22 17:12:00;AVENIDA ALM BARROSO, 435;, ; 435;;;Colisão;Anoitecer;;;Meio de Quadra;;Longo da via;0;1;0;0;0;0;0;0;0;0;1;0;0;(-38.519363 -3.720749);
362857;2020-09-22 16:54:00;AVENIDA SGT HERMINIO SAMPAIO, 769;, ; 769;;;Colisão;Luz do Dia;;;Meio de Quadra;;Longo da via;0;1;0;1;1;0;0;0;0;0;0;0;0;(-38.547436 -3.724573);
362854;2020-09-22 16:50:00;AVENIDA EDUARDO GIRAO, ;RUA GAL SILVA JUNIOR, ; ;;;Colisão;Luz do Dia;;;Cruz;Semáforo;Cruzamento;0;1;1;1;0;0;1;0;0;0;0;0;0;(-38.530785 -3.754309);
360948;2020-09-22 15:25:00;RUA DEP MATOSO FILHO, ;RUA XXIX CIDADE OESTE, ; ;;;Colisão Transversal;Luz do Dia;Bom;Seca;Cruz;Pare;Cruzamento;0;1;1;1;0;0;1;0;0;0;0;0;0;(-38.594093 -3.7338214);
362856;2020-09-22 15:17:00;RUA 218 CJ CEARA, ;RUA 448 CJ CEARA, ; ;;;Atropelamento;Luz do Dia;;;;;Cruzamento;0;1;0;0;1;0;0;0;0;0;0;0;0;(-38.607071 -3.763707);
360607;2020-09-22 14:30:00;RD CE-040, ;, ; ;;;Colisão;Luz do Dia;;;Meio de Quadra;;Longo da via;0;0;3;1;2;0;0;0;0;0;0;0;0;(-38.48303286 -3.817159445);
360229;2020-09-22 14:07:00;AVENIDA EDILSON B SOARES, ;RUA JOAO REGINO, ; ;;;Colisão Transversal;Luz do Dia;Bom;Seca;Cruz;Pare;Cruzamento;0;2;0;0;2;0;0;0;0;0;0;0;0;(-38.483001 -3.789663);
360230;2020-09-22 14:06:00;RUA LEONARDO MOTA, ;RUA PEREIRA VALENTE, ; ;;;Não informado;Luz do Dia;Bom;Seca;Cruz;Pare;Cruzamento;0;1;1;0;3;0;0;0;0;0;0;0;0;(-38.495134 -3.732885);
360605;2020-09-22 12:40:00;RD CE-060, ;, ; ;;;Colisão;Luz do Dia;;;Meio de Quadra;;Longo da via;0;0;2;0;1;0;1;0;0;0;0;0;0;(-38.5795 -3.826136);
360606;2020-09-22 11:30:00;RD CE-040, ;, ; ;;;Colisão;Luz do Dia;;;Meio de Quadra;;Longo da via;0;0;2;1;1;0;0;0;0;0;0;0;0;(-38.48246582 -3.834450897);
360228;2020-09-22 10:59:00;RUA ANTONELE BEZERRA, 176;, ; 176;;;Colisão;Luz do Dia;Bom;Seca;Meio de Quadra;Pare;Longo da via;0;2;1;2;1;0;0;0;0;0;0;0;0;(-38.5066376 -3.72497066);
360227;2020-09-22 10:11:00;RUA URUCUTUBA, ;, ; ;;;Colisão;Luz do Dia;Bom;Seca;Meio de Quadra;Dê Preferência;Longo da via;0;2;0;1;1;0;0;0;0;0;0;0;0;(0 0);
360226;2020-09-22 08:15:00;AVENIDA RUI BARBOSA, ;RUA JOAO CARVALHO, ; ;;;Colisão;Luz do Dia;Bom;Seca;Cruz;Semáforo;Cruzamento;0;2;0;2;0;0;0;0;0;0;0;0;0;(-38.509731 -3.736928);
360224;2020-09-22 08:03:00;RUA BRUNO VALENTE, ;, ; ;;;Não informado;Luz do Dia;Bom;Seca;Meio de Quadra;Pare;Longo da via;0;1;1;1;1;0;0;0;0;0;0;0;0;(0 0);
360225;2020-09-22 07:50:00;AVENIDA LUIZ VIEIRA, 205;RUA COM GARCIA, ; 205;;;Colisão Transversal;Luz do Dia;Bom;Seca;Cruz;Pare;Cruzamento;0;0;2;0;2;0;0;0;0;0;0;0;0;(-38.58637 -3.79662);
360235;2020-09-22 07:46:00;RUA CARAMURU D45 (ITAPERI), 105;, ; 105;;;Choque c/ Obstáculo Fixo;Luz do Dia;Bom;Seca;Meio de Quadra;Pare;Longo da via;0;1;0;0;0;0;0;0;0;0;0;0;0;(0 0);
362851;2020-09-22 07:28:00;RUA BRUNO VALENTE, 453;, ; 453;;;Colisão;Luz do Dia;;;Meio de Quadra;;Longo da via;0;1;0;0;2;0;0;0;0;0;0;0;0;(-38.5394907 -3.78897151);
362850;2020-09-22 06:52:00;AVENIDA MR HULL, ;, ; ;;;Atropelamento;Luz do Dia;;;Meio de Quadra;;Longo da via;0;1;0;0;0;0;0;1;0;0;0;0;0;(0 0);
362196;2020-09-22 06:30:00;RD BR 116, 13000;, ; 13000;;;Colisão Traseira;Luz do Dia;;Seca;Meio de Quadra;;Longo da via;0;1;1;1;0;0;1;0;0;0;0;0;0;(-38.497727 -3.86467);
362841;2020-09-22 00:15:00;AVENIDA GAL OSORIO DE PAIVA, 51;, ; 51;;;Colisão;;;;Meio de Quadra;;Longo da via;0;2;0;1;1;0;0;0;0;0;0;0;0;(-38.5629213 -3.77256424);
362840;2020-09-21 23:28:00;RUA EDUARDO SALGADO, ;AVENIDA BAR STUDART, ; ;;;Colisão;;;;Cruz;Pare;Cruzamento;0;1;0;1;1;0;0;0;0;0;0;0;0;(-38.506655 -3.734692);