COD_ACIDENTE;DATA;LOG1;LOG2;NUMERO;BAIRRO;AMC;NATUREZA;ILUMINACAO;TEMPO;SUPERFICIEPISTA;TIPOCRUZAMENTO;CONTROLETRAFEGO;USOSOLO;MORTOS;FERIDOS;ILESOS;MOTOCICLETA;AUTOMOVEL;MICROONIBUS;CAMINHAO;ONIBUS;CICLOMOTOR;BICICLETA;OUTROS;TREM;TRACAOANIMAL;COORDENADAS
362839;2020-09-21 20:28:00;AVENIDA BEZERRA DE MENEZES, ;RUA MOREIRA DE SOUSA, ; ;;;Queda;;;;T;Semáforo;Cruzamento;0;1;0;1;0;0;0;0;0;0;0;0;0;(-38.566546 -3.736109);
362446;2020-09-21 18:26:00;AVENIDA AUGUSTO DOS ANJOS, 1000;, ; 1000;;;Atropelamento;Anoitecer;;;Meio de Quadra;;Longo da via;0;1;0;0;0;0;0;1;0;0;0;0;0;(-38.576193 -3.776779);
360613;2020-09-21 17:40:00;RD CE-040, ;, ; ;;;Atropelamento;Anoitecer;;;Meio de Quadra;;Longo da via;0;2;0;1;0;0;0;0;0;0;0;0;0;(-38.48303286 -3.817159445);
360611;2020-09-21 17:30:00;RD CE-040, ;, ; ;;;Colisão;Anoitecer;;;Meio de Quadra;;Longo da via;0;0;2;1;1;0;0;0;0;0;0;0;0;(-38.48033084 -3.791613156);
362445;2020-09-21 17:25:00;RUA SEN ALENCAR, 1008;, ; 1008;;;Queda;Anoitecer;;;Meio de Quadra;;Longo da via;0;1;0;1;0;0;0;0;0;0;0;0;0;(-38.5346875 -3.722723);
362444;2020-09-21 17:11:00;AVENIDA G CJ CEARA, 705;, ; 705;;;Atropelamento;Anoitecer;;;Meio de Quadra;;Longo da via;0;1;0;1;0;0;0;0;0;0;0;0;0;(-38.609976 -3.774554);
362443;2020-09-21 16:29:00;RUA MONTE LIBANO, 710;, ; 710;;;Colisão;Luz do Dia;;;Meio de Quadra;;Longo da via;0;1;0;1;1;0;0;0;0;0;0;0;0;(-38.563483 -3.826737);
362441;2020-09-21 15:23:00;RUA AMERICO VESPUCIO, 936;, ; 936;;;Atropelamento;Luz do Dia;;;Meio de Quadra;;Longo da via;0;1;0;0;0;0;0;1;0;0;0;0;0;(-38.5495931 -3.78637932);
362440;2020-09-21 15:16:00;RUA PERGENTINO MAIA, 808;, ; 808;;;Atropelamento;Luz do Dia;;;Meio de Quadra;;Longo da via;0;1;0;0;1;0;0;0;0;0;0;0;0;(-38.4873985 -3.8316065);
362439;2020-09-21 15:10:00;AVENIDA BORGES DE MELO, 201;, ; 201;;;Atropelamento;Luz do Dia;;;Meio de Quadra;;Longo da via;0;1;0;1;0;0;0;0;0;0;0;0;0;(-38.539143 -3.7527523);
360221;2020-09-21 14:00:00;RUA SILVA PAULET, ;RUA JOAO CARVALHO, ; ;;;Colisão Transversal;Luz do Dia;Bom;Seca;Cruz;Pare;Cruzamento;0;2;0;2;0;0;0;0;0;0;0;0;0;(-38.506557 -3.737966);
360220;2020-09-21 12:00:00;RUA PDE VALDEVINO, ;RUA DES LEITE ALBUQUERQUE, ; ;;;Colisão Transversal;Luz do Dia;Bom;Seca;Cruz;Pare;Cruzamento;0;2;0;0;2;0;0;0;0;0;0;0;0;(-38.49669 -3.73787);
362434;2020-09-21 11:39:00;ESTRADA DO ITAPERI, 1670;, ; 1670;;;Colisão;Luz do Dia;;;Meio de Quadra;;Longo da via;0;1;0;1;1;0;0;0;0;0;0;0;0;(-38.52995 -3.82366);
362433;2020-09-21 10:40:00;AVENIDA BORGES DE MELO, 80;, ; 80;;;Colisão;Luz do Dia;;;Meio de Quadra;;Longo da via;0;1;0;1;1;0;0;0;0;0;0;0;0;(-38.51813 -3.76168);
360965;2020-09-21 09:00:00;RUA BAR CANINDE, ;RUA MUNDICA PAULA, ; ;;;Colisão Transversal;Luz do Dia;Bom;Seca;Cruz;Pare;Cruzamento;0;2;0;1;0;0;0;0;0;0;0;0;0;(-38.558309 -3.773214);
362432;2020-09-21 08:43:00;RUA PASCOAL CASTRO ALVES, 429;, ; 429;;;Colisão;Luz do Dia;;;Meio de Quadra;;Longo da via;0;1;0;1;1;0;0;0;0;0;0;0;0;(-38.47801 -3.73245);
360609;2020-09-21 08:40:00;AVENIDA MIN JOSE AMERICO, 1000;, ; 1000;;;Engavetamento;Luz do Dia;;;Meio de Quadra;;Longo da via;0;0;3;0;3;0;0;0;0;0;0;0;0;(-38.4912085 -3.8090986);
362853;2020-09-21 08:30:00;AVENIDA DES GONZAGA, ;RUA ULISSES BEZERRA, ; ;;;Colisão;Luz do Dia;;;Cruz;Semáforo;Cruzamento;0;1;1;1;1;0;0;0;0;0;0;0;0;(-38.499516 -3.79797);
362429;2020-09-21 08:16:00;AVENIDA OLIVEIRA PAIVA, 245;, ; 245;;;Colisão;Luz do Dia;;;Meio de Quadra;;Longo da via;0;1;0;1;1;0;0;0;0;0;0;0;0;(-38.502593 -3.79837);
362428;2020-09-21 08:00:00;AVENIDA PRS COSTA E SILVA, 5479;, ; 5479;;;Colisão;Luz do Dia;;;Meio de Quadra;;Longo da via;0;1;0;1;1;0;0;0;0;0;0;0;0;(-38.53131315 -3.828499035);
362427;2020-09-21 07:41:00;RUA ARAQUEM, 658;, ; 658;;;Colisão;Luz do Dia;;;Meio de Quadra;;Longo da via;0;1;0;1;1;0;0;0;0;0;0;0;0;(-38.57835 -3.70598);
360961;2020-09-21 07:30:00;RUA BERNARDO MANUEL, 7587;, ; 7587;;;Colisão Traseira;Luz do Dia;Bom;Seca;Meio de Quadra;Outros;Longo da via;0;1;1;1;1;0;0;0;0;0;0;0;0;(-38.5470587 -3.78451052);
360219;2020-09-21 07:17:00;RUA MARCILIO DIAS, 2015;, ; 2015;;;Choque c/ Obstáculo Fixo;Luz do Dia;Bom;Seca;Meio de Quadra;Não Há Controle;Longo da via;0;1;0;0;1;0;0;0;0;0;0;0;0;(-38.56465 -3.70822);
362426;2020-09-21 06:54:00;AVENIDA GOV RAUL BARBOSA, 5800;, ; 5800;;;Colisão;Luz do Dia;;;Meio de Quadra;;Longo da via;0;1;0;0;0;0;0;0;0;0;1;0;0;(-38.5102455 -3.769151);
362424;2020-09-21 06:40:00;RUA NELSON COELHO, 388;, ; 388;;;Colisão;Luz do Dia;;;Meio de Quadra;;Longo da via;0;1;0;1;1;0;0;0;0;0;0;0;0;(-38.4633598 -3.82907892);
362412;2020-09-21 06:14:00;AVENIDA SIQUEIRA CAMPOS, 1227;, ; 1227;;;Colisão;Luz do Dia;;;Meio de Quadra;;Longo da via;0;2;0;0;0;0;0;0;0;0;1;0;0;(-38.627033 -3.814553);
360608;2020-09-21 06:14:00;AVENIDA SEN CARLOS JEREISSATI (AEROPORTO), ;AVENIDA ALBERTO CRAVEIRO, ; ;;;Colisão;Luz do Dia;;;Y;Semáforo Intermitente;Cruzamento;0;1;1;0;1;0;0;0;0;1;0;0;0;(-38.516874 -3.783767);
360610;2020-09-21 02:30:00;RD CE-040, 2500;, ; 2500;;;Engavetamento;;;;Meio de Quadra;;Longo da via;0;0;3;0;3;0;0;0;0;0;0;0;0;(-38.4817994 -3.773616148);
360217;2020-09-21 02:16:00;RUA CATOLE, ;, ; ;;;Não informado;Não Informado;Não Informado;Não informado;Meio de Quadra;Gesto;Longo da via;0;0;1;0;1;0;0;0;0;0;0;0;0;(0 0);
360218;2020-09-21 01:50:00;AVENIDA BERNARDO MANUEL, 9938;, ; 9938;;;Choque c/ Obstáculo Fixo;Via Iluminada;Bom;Seca;Meio de Quadra;Não Há Controle;Longo da via;0;1;0;0;1;0;0;0;0;0;0;0;0;(-38.56057 -3.82963);
362410;2020-09-21 00:06:00;RUA BERNARDO MANUEL, ;, ; ;;;Colisão;;;;Meio de Quadra;;Longo da via;0;1;0;0;0;0;0;0;0;0;1;0;0;(0 0);
360960;2020-09-21 00:00:00;AVENIDA GODOFREDO MACIEL, ;RUA FRANCISCO GLICERIO, ; ;;;Não informado;Luz do Dia;Bom;Seca;Cruz;Semáforo;Cruzamento;0;2;0;0;2;0;0;0;0;0;0;0;0;(-38.569757 -3.795981);
362409;2020-09-20 23:35:00;AVENIDA A CJ CEARA, 883;, ; 883;;;Colisão;;;;Meio de Quadra;;Longo da via;0;1;0;0;0;0;0;0;0;0;1;0;0;(-38.603726 -3.768235);
362408;2020-09-20 21:55:00;RUA MAJ VERISSIMO, 438;, ; 438;;;Colisão;;;;Meio de Quadra;;Longo da via;0;1;0;1;1;0;0;0;0;0;0;0;0;(-38.5624845 -3.72279579);
362407;2020-09-20 21:30:00;RUA 12 DE JULHO, 1290;, ; 1290;;;Colisão;;;;Meio de Quadra;;Longo da via;0;2;0;2;0;0;0;0;0;0;0;0;0;(0 0);
362393;2020-09-20 20:45:00;RUA MAISA, 430;, ; 430;;;Colisão;;;;Meio de Quadra;;Longo da via;0;1;0;0;0;0;0;0;0;0;1;0;0;(-38.5259108 -3.84964025);
362385;2020-09-20 19:47:00;RUA JORGE FIGUEIREDO (ANCURI), ;, ; ;;;Colisão;;;;Meio de Quadra;;Longo da via;0;1;0;1;1;0;0;0;0;0;0;0;0;(0 0);
362384;2020-09-20 19:26:00;AVENIDA DR SILAS MUNGUBA, ;, ; ;;;Colisão;;;;Meio de Quadra;;Longo da via;0;1;0;0;0;0;0;0;0;0;1;0;0;(0 0);
360966;2020-09-20 19:10:00;RUA CARLOS CAMARA, ;RUA ALVARO MARTINS, ; ;;;Colisão Transversal;;Bom;Seca;Cruz;Pare;Cruzamento;0;1;1;1;1;0;0;0;0;0;0;0;0;(-38.543554 -3.74755);
360969;2020-09-20 18:36:00;AVENIDA PRS JUSCELINO KUBITSCHEK (PASSARÉ), 3236;, ; 3236;;;Colisão Traseira;Via Iluminada;Bom;Seca;Meio de Quadra;;Longo da via;0;2;0;0;2;0;0;0;0;0;0;0;0;(0 0);
362383;2020-09-20 17:49:00;RUA RAIMUNDO NERY, 1344;, ; 1344;;;Atropelamento;Anoitecer;;;Meio de Quadra;;Longo da via;0;1;0;1;0;0;0;0;0;0;0;0;0;(0 0);
362381;2020-09-20 17:08:00;RUA BOA ESPERANCA D43, 178;, ; 178;;;Colisão;Anoitecer;;;Meio de Quadra;;Longo da via;0;1;0;0;0;0;0;0;0;0;1;0;0;(-38.604075 -3.751754);
362379;2020-09-20 16:56:00;RUA TEODOMIRO DE CASTRO, ;, ; ;;;Colisão;Luz do Dia;;;Meio de Quadra;;Longo da via;0;1;0;1;1;0;0;0;0;0;0;0;0;(0 0);
362378;2020-09-20 16:45:00;AVENIDA BEIRA MAR, 3600;, ; 3600;;;Queda;Luz do Dia;;;Meio de Quadra;;Longo da via;0;1;0;0;0;0;0;0;0;1;0;0;0;(-38.4885155 -3.7236995);
362371;2020-09-20 16:23:00;AVENIDA SGT HERMINIO SAMPAIO, ;, ; ;;;Queda;Luz do Dia;;;Meio de Quadra;;Longo da via;0;1;0;0;0;0;0;0;0;1;0;0;0;(0 0);
362360;2020-09-20 15:59:00;RUA LUIS VIEIRA, 243;, ; 243;;;Colisão;Luz do Dia;;;Meio de Quadra;;Longo da via;0;1;0;1;1;0;0;0;0;0;0;0;0;(-38.5865679 -3.79608942);
362358;2020-09-20 15:55:00;AVENIDA EDILSON B SOARES, 1150;, ; 1150;;;Colisão;Luz do Dia;;;Meio de Quadra;;Longo da via;0;1;0;1;1;0;0;0;0;0;0;0;0;(-38.4760268 -3.78906541);
362357;2020-09-20 15:44:00;AVENIDA LEITE BARBOSA, 962;, ; 962;;;Atropelamento;Luz do Dia;;;Meio de Quadra;;Longo da via;0;1;0;0;1;0;0;0;0;0;0;0;0;(-38.46848 -3.70964);
362356;2020-09-20 15:37:00;RUA JOSE DANTAS PEREIRA, ;, ; ;;;Queda;Luz do Dia;;;Meio de Quadra;;Longo da via;0;1;0;1;0;0;0;0;0;0;0;0;0;(0 0);
362355;2020-09-20 15:01:00;RUA AVILA GOULART, 900;, ; 900;;;Queda;Luz do Dia;;;Meio de Quadra;;Longo da via;0;1;0;0;0;0;0;0;0;1;0;0;0;(-38.47815 -3.73565);
360216;2020-09-20 14:30:00;AVENIDA SGT HERMINIO SAMPAIO, 2160;, ; 2160;;;Colisão Traseira;Luz do Dia;Bom;Seca;Meio de Quadra;Não Há Controle;Longo da via;0;1;1;1;1;0;0;0;0;0;0;0;0;(-38.560134 -3.7263075);
362353;2020-09-20 12:51:00;AVENIDA BEIRA MAR, ;, ; ;;;Queda;Luz do Dia;;;Meio de Quadra;;Longo da via;0;1;0;0;0;0;0;0;0;1;0;0;0;(0 0);
362346;2020-09-20 12:45:00;AVENIDA FRANCISCO SA, 3780;, ; 3780;;;Colisão;Luz do Dia;;;Meio de Quadra;;Longo da via;0;1;0;0;0;0;0;0;0;0;1;0;0;(-38.558237 -3.717106);
362345;2020-09-20 12:39:00;RUA ANTERO QUENTAL, 255;, ; 255;;;Colisão;Luz do Dia;;;Meio de Quadra;;Longo da via;0;1;0;2;0;0;0;0;0;0;0;0;0;(-38.49242 -3.85332);
362344;2020-09-20 11:22:00;RUA SEN ROBERT KENNEDY, 822;, ; 822;;;Colisão;Luz do Dia;;;Meio de Quadra;;Longo da via;0;1;0;1;1;0;0;0;0;0;0;0;0;(-38.580444 -3.707063);
360215;2020-09-20 11:15:00;AVENIDA TRISTAO GONCALVES, ;AVENIDA DOMINGOS OLIMPIO, ; ;;;Colisão Lateral;Luz do Dia;Bom;Seca;Cruz;Semáforo;Cruzamento;0;1;0;1;1;0;0;0;0;0;0;0;0;(-38.535613 -3.735133);
360967;2020-09-20 08:55:00;RUA RIO GRANDE DO NORTE, ;RUA GUANABARA, ; ;;;Colisão Frontal;Luz do Dia;Bom;Seca;Cruz;Pare;Cruzamento;0;1;1;1;1;0;0;0;0;0;0;0;0;(-38.569353 -3.757469);
360213;2020-09-20 06:52:00;AVENIDA PAROARAS, 496;, ; 496;;;Choque c/ Obstáculo Fixo;Amanhecer;Nublado;Seca;Meio de Quadra;Não Há Controle;Longo da via;0;1;0;1;1;0;0;0;0;0;0;0;0;(-38.5395027 -3.81018335);
362343;2020-09-20 06:41:00;AVENIDA ALANIS MARIA LAURINDO DE OLIVEIRA, 540;, ; 540;;;Queda;Luz do Dia;;;Meio de Quadra;;Longo da via;0;1;0;1;0;0;0;0;0;0;0;0;0;(0 0);
362324;2020-09-20 04:13:00;TRAVESSA MARANGUAPE D01, ;, ; ;;;Queda;;;;Meio de Quadra;;Longo da via;0;1;0;1;0;0;0;0;0;0;0;0;0;(0 0);
362322;2020-09-20 03:46:00;AVENIDA LINEU MACHADO, 144;, ; 144;;;Queda;;;;Meio de Quadra;;Longo da via;0;1;0;1;0;0;0;0;0;0;0;0;0;(-38.5746 -3.761711);
362321;2020-09-20 02:35:00;RUA 23 DE JUNHO, 2140;, ; 2140;;;Colisão;;;;Meio de Quadra;;Longo da via;0;1;0;2;0;0;0;0;0;0;0;0;0;(-38.609892 -3.781437);
360211;2020-09-20 01:23:00;RUA PARAGUACU D45, 1433;, ; 1433;;;Choque c/ Obstáculo Fixo;Via Iluminada;Nublado;Seca;Meio de Quadra;Não Há Controle;Longo da via;0;1;0;0;1;0;0;0;0;0;0;0;0;(-38.5397408 -3.78738382);
362318;2020-09-20 00:21:00;RUA VERBENA, ;, ; ;;;Colisão;;;;Meio de Quadra;;Longo da via;0;1;0;0;0;0;0;0;0;0;1;0;0;(0 0);
362308;2020-09-19 22:33:00;RUA CASIMIRO DE ABREU, 460;, ; 460;;;Colisão;;;;Meio de Quadra;;Longo da via;0;1;0;1;1;0;0;0;0;0;0;0;0;(-38.563565 -3.7829735);
362306;2020-09-19 22:25:00;AVENIDA OLAVO BILAC, 1300;, ; 1300;;;Atropelamento;;;;Meio de Quadra;;Longo da via;0;1;0;1;0;0;0;0;0;0;0;0;0;(-38.56459 -3.732041);
362305;2020-09-19 22:03:00;AVENIDA A CJ CEARA, 1630;, ; 1630;;;Colisão;;;;Meio de Quadra;;Longo da via;0;1;0;1;1;0;0;0;0;0;0;0;0;(-38.606186 -3.776076);
360986;2020-09-19 21:50:00;AVENIDA JOAO PESSOA, ;RUA BAR SOBRAL, ; ;;;Colisão Traseira;Via Iluminada;Bom;Seca;Cruz;Semáforo;Cruzamento;0;2;0;1;1;0;0;0;0;0;0;0;0;(-38.5587057 -3.7645096);
362304;2020-09-19 21:45:00;RUA JOAQUIM DOS ANJOS, 1081;, ; 1081;;;Atropelamento;;;;Meio de Quadra;;Longo da via;0;1;0;1;0;0;0;0;0;0;0;0;0;(-38.5710558 -3.83025338);
362303;2020-09-19 21:19:00;RUA OSCAR FRANCA, 2550;, ; 2550;;;Colisão;;;;Meio de Quadra;;Longo da via;0;1;0;1;1;0;0;0;0;0;0;0;0;(-38.6129503 -3.78755283);
360991;2020-09-19 20:17:00;RUA DR GILBERTO STUDART, ;RUA FRANCISCO MATOS, ; ;;;Atropelamento;Anoitecer;Bom;Seca;Cruz;Pare;Cruzamento;0;1;1;0;0;0;0;1;0;0;0;0;0;(-38.470123 -3.7471738);
362299;2020-09-19 19:26:00;RUA ANTONIO ARRUDA, 1444;, ; 1444;;;Colisão;;;;Meio de Quadra;;Longo da via;0;2;0;1;1;0;0;0;0;0;0;0;0;(-38.594052 -3.7203015);
360972;2020-09-19 19:00:00;AVENIDA JOVITA FEITOSA, ;RUA AMADEU FURTADO, ; ;;;Colisão Lateral;;Bom;Seca;Cruz;Semáforo;Cruzamento;0;2;0;1;1;0;0;0;0;0;0;0;0;(-38.562915 -3.741173);
360210;2020-09-19 18:57:00;AVENIDA JOAO PESSOA, ;RUA MAJ WEYNE, ; ;;;Colisão Transversal;Via Iluminada;Bom;Seca;Cruz;Semáforo;Cruzamento;0;1;1;1;1;0;0;0;0;0;0;0;0;(-38.545334 -3.747841);
360975;2020-09-19 18:40:00;AVENIDA BEZERRA DE MENEZES, 1802;, ; 1802;;;Colisão;Via Iluminada;Bom;Seca;Meio de Quadra;Não Há Controle;Longo da via;0;1;1;1;1;0;0;0;0;0;0;0;0;(-38.560822 -3.734912);
362278;2020-09-19 18:31:00;RUA MINAS GERAIS, ;RUA PARA, ; ;;;Colisão;;;;;;Cruzamento;0;1;0;2;0;0;0;0;0;0;0;0;0;(-38.56434 -3.75489);
362276;2020-09-19 18:30:00;AVENIDA GAL OSORIO DE PAIVA, 5099;, ; 5099;;;Queda;Anoitecer;;;Meio de Quadra;;Longo da via;0;1;0;1;0;0;0;0;0;0;0;0;0;(-38.6003422 -3.80294753);
362259;2020-09-19 17:56:00;AVENIDA H CJ JOSE WALTER, 522;, ; 522;;;Colisão;Anoitecer;;;Meio de Quadra;;Longo da via;0;1;0;0;0;0;0;0;0;0;1;0;0;(-38.5602433 -3.84077754);
362193;2020-09-19 16:57:00;RD BR 116, 577;, ; 577;;;Colisão Traseira;Luz do Dia;;Seca;Meio de Quadra;;Longo da via;0;1;1;1;1;0;0;0;0;0;0;0;0;(-38.503373 -3.834435);
362248;2020-09-19 16:26:00;RUA JULIO SILVA, 440;, ; 440;;;Colisão;Luz do Dia;;;Meio de Quadra;;Longo da via;0;1;0;1;1;0;0;0;0;0;0;0;0;(-38.45462 -3.74537);
362246;2020-09-19 15:58:00;AVENIDA ALBERTO CRAVEIRO, ;, ; ;;;Colisão;Luz do Dia;;;Meio de Quadra;;Longo da via;0;1;0;1;1;0;0;0;0;0;0;0;0;(0 0);
362192;2020-09-19 15:50:00;RD BR 116, ;, ; ;;;Tombamento;Luz do Dia;;Seca;Meio de Quadra;;Longo da via;0;1;1;1;1;0;0;0;0;0;0;0;0;(-38.514372 -3.779838);
360209;2020-09-19 15:30:00;AVENIDA DUQ CAXIAS, ;RUA BAR RIO BRANCO, ; ;;;Colisão;Luz do Dia;Bom;Seca;Cruz;Semáforo;Cruzamento;0;1;1;1;0;1;0;0;0;0;0;0;0;(-38.529947 -3.731774);
362215;2020-09-19 15:23:00;RUA JOAO FERREIRA, 800;, ; 800;;;Colisão;Luz do Dia;;;Meio de Quadra;;Longo da via;0;1;0;1;1;0;0;0;0;0;0;0;0;(-38.5088372 -3.81530648);
362214;2020-09-19 14:25:00;RUA CARLOS VASCONCELOS, ;RUA JOAO CARVALHO, ; ;;;Colisão;Luz do Dia;;;Cruz;Pare;Cruzamento;0;1;0;1;1;0;0;0;0;0;0;0;0;(-38.511844 -3.736251);
362213;2020-09-19 14:01:00;RUA EDUARDO PORTO, 55;, ; 55;;;Colisão;Luz do Dia;;;Meio de Quadra;;Longo da via;0;1;0;1;1;0;0;0;0;0;0;0;0;(-38.4971949 -3.8327234);
362212;2020-09-19 13:55:00;RUA PERNAMBUCO, 1941;, ; 1941;;;Queda;Luz do Dia;;;Meio de Quadra;;Longo da via;0;1;0;1;0;0;0;0;0;0;0;0;0;(-38.574444 -3.7547848);
362211;2020-09-19 13:34:00;RUA CANDIDO MAIA, 294;, ; 294;;;Atropelamento;Luz do Dia;;;Meio de Quadra;;Longo da via;0;1;0;0;0;0;0;0;0;0;0;1;0;(-38.5904072 -3.737428);
362210;2020-09-19 13:33:00;AVENIDA FRANCISCO SA, ;, ; ;;;Colisão;Luz do Dia;;;Meio de Quadra;;Longo da via;0;1;0;1;1;0;0;0;0;0;0;0;0;(0 0);
362209;2020-09-19 13:14:00;AVENIDA COSTA OESTE, 50;, ; 50;;;Queda;Luz do Dia;;;Meio de Quadra;;Longo da via;0;1;0;0;0;0;0;0;0;1;0;0;0;(-38.5766319 -3.6979933);
362208;2020-09-19 13:06:00;AVENIDA TEN LISBOA, ;, ; ;;;Atropelamento;Luz do Dia;;;Meio de Quadra;;Longo da via;0;1;0;0;0;0;0;0;0;0;0;1;0;(0 0);
360208;2020-09-19 12:40:00;RUA DOM LINO, ;RUA PDE GUERRA, ; ;;;Colisão Transversal;Luz do Dia;Bom;Seca;Cruz;Pare;Cruzamento;0;0;2;0;2;0;0;0;0;0;0;0;0;(-38.556643 -3.738718);
362207;2020-09-19 12:37:00;RUA VALPARAISO, 169;, ; 169;;;Colisão;Luz do Dia;;;Meio de Quadra;;Longo da via;0;1;0;1;1;0;0;0;0;0;0;0;0;(-38.521936 -3.846227);
362206;2020-09-19 12:27:00;RUA DR ESTENIO GOMES, 592;, ; 592;;;Colisão;Luz do Dia;;;Meio de Quadra;;Longo da via;0;1;0;1;1;0;0;0;0;0;0;0;0;(-38.581255 -3.789763);
360998;2020-09-19 11:50:00;RUA EINSTEIN, ;, ; ;;;Colisão Transversal;Luz do Dia;Bom;Seca;Meio de Quadra;Pare;Longo da via;0;1;1;1;1;0;0;0;0;0;0;0;0;(0 0);
360973;2020-09-19 11:30:00;RUA DNA LUCIA PINHEIRO (QUINTINO CUNHA), 2752;, ; 2752;;;Acidente Pessoal;Luz do Dia;Bom;Seca;;;Longo da via;0;2;0;0;0;0;0;0;0;0;0;0;0;(-38.603746 -3.730375);
361009;2020-09-19 10:10:00;AVENIDA GAL OSORIO DE PAIVA, 2962;, ; 2962;;;Colisão Lateral;Luz do Dia;Bom;Seca;Meio de Quadra;Não Há Controle;Longo da via;0;3;0;1;0;0;0;0;0;0;0;0;0;(-38.5863515 -3.788585);
362205;2020-09-19 10:08:00;AVENIDA J CJ CEARA, 903;, ; 903;;;Colisão;Luz do Dia;;;Meio de Quadra;;Longo da via;0;1;0;1;1;0;0;0;0;0;0;0;0;(-38.6150226 -3.76501216);
362204;2020-09-19 09:35:00;AVENIDA ENG HUMBERTO MONTE, 2677;, ; 2677;;;Queda;Luz do Dia;;;Meio de Quadra;;Longo da via;0;1;0;1;0;0;0;0;0;0;0;0;0;(-38.5680326 -3.7396952);
362203;2020-09-19 08:54:00;AVENIDA FRE CIRILO, 4201;, ; 4201;;;Colisão;Luz do Dia;;;Meio de Quadra;;Longo da via;0;1;0;0;0;0;0;0;0;0;1;0;0;(-38.495888 -3.820819);
360207;2020-09-19 08:11:00;AVENIDA DOM MANUEL, 336;, ; 336;;;Colisão Traseira;Luz do Dia;Bom;Seca;Meio de Quadra;Não Há Controle;Longo da via;0;1;0;0;2;0;0;0;0;0;0;0;0;(-38.5207345 -3.72719611);
362202;2020-09-19 07:55:00;AVENIDA CARNEIRO DE MENDONCA, 14;, ; 14;;;Queda;Luz do Dia;;;Meio de Quadra;;Longo da via;0;1;0;1;0;0;0;0;0;0;0;0;0;(-38.5599218 -3.76717543);
362201;2020-09-19 07:49:00;AVENIDA DR SILAS MUNGUBA, 557;, ; 557;;;Queda;Luz do Dia;;;Meio de Quadra;;Longo da via;0;1;0;1;0;0;0;0;0;0;0;0;0;(-38.55161 -3.78557);
362200;2020-09-19 07:39:00;RUA DIOGO CORREIA, 514;, ; 514;;;Colisão;Luz do Dia;;;Meio de Quadra;;Longo da via;0;1;0;1;1;0;0;0;0;0;0;0;0;(-38.59015 -3.77082);
362199;2020-09-19 07:35:00;RUA CON DE CASTRO, 1388;, ; 1388;;;Colisão;Luz do Dia;;;Meio de Quadra;;Longo da via;0;1;0;1;1;0;0;0;0;0;0;0;0;(-38.5725345 -3.784019);
362198;2020-09-19 07:23:00;RUA POMPILIO GOMES, 1126;, ; 1126;;;Acidente Pessoal;Luz do Dia;;;Meio de Quadra;;Longo da via;0;1;0;1;0;0;0;0;0;0;0;0;0;(0 0);
362197;2020-09-19 07:18:00;RUA OSCAR LEITAO, 282;, ; 282;;;Queda;Luz do Dia;;;Meio de Quadra;;Longo da via;0;1;0;1;0;0;0;0;0;0;0;0;0;(-38.4913762 -3.83800725);
360706;2020-09-19 06:10:00;RD CE-025, ;, ; ;;;Colisão;Luz do Dia;;;Meio de Quadra;;Longo da via;0;0;2;0;1;1;0;0;0;0;0;0;0;(-38.45224656 -3.805889179);
360707;2020-09-19 06:00:00;RD CE-025, 2905;, ; 2905;;;Choque c/ Obstáculo Fixo;Luz do Dia;;;Meio de Quadra;;Longo da via;0;1;0;0;1;0;0;0;0;0;0;0;0;(-38.45224656 -3.805889179);
360990;2020-09-19 05:00:00;RUA PLANALTO (PRES. KENNEDY), ;, ; ;;;Choque c/ Obstáculo Fixo;Luz do Dia;Bom;Seca;Meio de Quadra;Pare;Longo da via;0;1;0;0;1;0;0;0;0;0;0;0;0;(0 0);
362195;2020-09-19 04:20:00;RUA CONSTANCIA, 300;, ; 300;;;Acidente Pessoal;;;;Meio de Quadra;;Longo da via;0;1;0;1;0;0;0;0;0;0;0;0;0;(0 0);
362194;2020-09-19 03:13:00;AVENIDA ENG HUMBERTO MONTE, ;, ; ;;;Queda;;;;Meio de Quadra;;Longo da via;0;1;0;1;0;0;0;0;0;0;0;0;0;(0 0);
360206;2020-09-19 03:05:00;RUA BARBOSA DE FREITAS, ;RUA EDUARDO GARCIA, ; ;;;Colisão Transversal;Via Iluminada;Bom;Seca;Cruz;Semáforo;Cruzamento;0;0;2;0;2;0;0;0;0;0;0;0;0;(-38.497999 -3.738523);
360212;2020-09-19 01:24:00;RUA ROSA CRUZ, ;RUA LEON GRADVOHL, ; ;;;Colisão Transversal;Via Iluminada;Bom;Seca;Cruz;Pare;Cruzamento;0;1;1;1;1;0;0;0;0;0;0;0;0;(-38.567025 -3.798812);
362190;2020-09-19 01:06:00;RUA SGT JOAO PINHEIRO, 1680;, ; 1680;;;Colisão;;;;Meio de Quadra;;Longo da via;0;1;0;1;1;0;0;0;0;0;0;0;0;(-38.6239425 -3.7869555);
362189;2020-09-18 23:45:00;RUA CEL FABRICIANO, 1219;, ; 1219;;;Queda;;;;Meio de Quadra;;Longo da via;0;1;0;1;0;0;0;0;0;0;0;0;0;(-38.6025212 -3.78425232);