COD_ACIDENTE;DATA;LOG1;LOG2;NUMERO;BAIRRO;AMC;NATUREZA;ILUMINACAO;TEMPO;SUPERFICIEPISTA;TIPOCRUZAMENTO;CONTROLETRAFEGO;USOSOLO;MORTOS;FERIDOS;ILESOS;MOTOCICLETA;AUTOMOVEL;MICROONIBUS;CAMINHAO;ONIBUS;CICLOMOTOR;BICICLETA;OUTROS;TREM;TRACAOANIMAL;COORDENADAS
362160;2020-09-18 23:17:00;RUA DES WALDETARIO P MOTA, ;RUA BENTO ALBUQUERQUE, ; ;;;Colisão;;;;Cruz;Semáforo;Cruzamento;0;1;1;0;2;0;0;0;0;0;0;0;0;(-38.484783 -3.7433836);
362159;2020-09-18 22:39:00;RUA NELSON COELHO, 291;, ; 291;;;Colisão;;;;Meio de Quadra;;Longo da via;0;1;0;2;0;0;0;0;0;0;0;0;0;(-38.463794 -3.828068);
360205;2020-09-18 21:43:00;RUA PORTO VELHO, ;, ; ;;;Colisão Traseira;Via Iluminada;Bom;Seca;Meio de Quadra;Semáforo;Longo da via;0;1;1;0;1;0;0;0;0;0;0;0;0;(0 0);
362158;2020-09-18 21:09:00;RUA CEL FABRICIANO, 1225;, ; 1225;;;Queda;;;;Meio de Quadra;;Longo da via;0;1;0;1;0;0;0;0;0;0;0;0;0;(-38.6025946 -3.78423146);
362157;2020-09-18 20:52:00;RUA PORTO VELHO, 386;, ; 386;;;Colisão;;;;Meio de Quadra;;Longo da via;0;2;0;1;1;0;0;0;0;0;0;0;0;(-38.584086 -3.76756025);
360204;2020-09-18 19:00:00;RUA CARLOS CHAGAS, 1931;RUA BATURITE, ; 1931;;;Colisão Transversal;Via Iluminada;Bom;Seca;Meio de Quadra;Pare;Cruzamento;0;1;0;1;1;0;0;0;0;0;0;0;0;(-38.59127 -3.77841);
362156;2020-09-18 18:47:00;AVENIDA SANTOS DUMONT, ;RUA SILVA PAULET, ; ;;;Colisão;;;;Cruz;Pare;Cruzamento;0;1;0;1;1;0;0;0;0;0;0;0;0;(-38.505258 -3.733985);
362155;2020-09-18 18:19:00;AVENIDA ANTONIO JUSTA, 3320;, ; 3320;;;Colisão;Anoitecer;;;;;Longo da via;0;1;1;1;1;0;0;0;0;0;0;0;0;(-38.491285 -3.728686);
360203;2020-09-18 18:00:00;AVENIDA NORTE, 2920;, ; 2920;;;Colisão Lateral;Anoitecer;Bom;Seca;Meio de Quadra;Não Há Controle;Longo da via;0;1;1;1;1;0;0;0;0;0;0;0;0;(-38.48301 -3.77829);
360712;2020-09-18 17:55:00;RD CE-060, ;, ; ;;;Atropelamento;Anoitecer;;;Meio de Quadra;;Longo da via;0;2;0;1;0;0;0;0;0;0;0;0;0;(-38.5795 -3.826136);
362154;2020-09-18 17:50:00;AVENIDA GODOFREDO MACIEL, 5462;, ; 5462;;;Queda;Anoitecer;;;Meio de Quadra;;Longo da via;0;1;0;1;0;0;0;0;0;0;0;0;0;(-38.57812 -3.82173);
362153;2020-09-18 17:46:00;RUA WALDIR DIOGO, ;RUA ALFREDO MAMEDE, ; ;;;Colisão;Anoitecer;;;Cruz;Semáforo;Cruzamento;0;1;0;0;0;0;0;0;0;0;1;0;0;(-38.580084 -3.807367);
362849;2020-09-18 17:30:00;AVENIDA SGT HERMINIO SAMPAIO, 2955;, ; 2955;;;Colisão;Anoitecer;;;Meio de Quadra;;Longo da via;0;1;1;0;1;0;0;0;0;0;0;0;0;(-38.5670044 -3.72752033);
360711;2020-09-18 17:00:00;AVENIDA SEN CARLOS JEREISSATI (AEROPORTO), ;, ; ;;;Colisão;Anoitecer;;;Meio de Quadra;;Longo da via;0;1;1;1;1;0;0;0;0;0;0;0;0;(-38.544038 -3.779641);
360710;2020-09-18 16:50:00;RD CE-040, ;, ; ;;;Colisão;Luz do Dia;;;Meio de Quadra;;Longo da via;0;1;1;1;1;0;0;0;0;0;0;0;0;(-38.47873348 -3.809596804);
362152;2020-09-18 15:25:00;RUA RIO ARAGUAIA, 728;, ; 728;;;Colisão;Luz do Dia;;;Meio de Quadra;;Longo da via;0;2;0;1;1;0;0;0;0;0;0;0;0;(-38.5818468 -3.72264313);
362151;2020-09-18 13:58:00;AVENIDA LINEU MACHADO, 50;, ; 50;;;Colisão;Luz do Dia;;;Meio de Quadra;;Longo da via;0;1;0;0;0;0;0;0;0;0;1;0;0;(-38.57436 -3.76083);
360709;2020-09-18 13:50:00;RD CE-040, ;, ; ;;;Engavetamento;Luz do Dia;;;Meio de Quadra;;Longo da via;0;0;3;0;3;0;0;0;0;0;0;0;0;(-38.4810839 -3.782614325);
362150;2020-09-18 13:15:00;AVENIDA PRS COSTA E SILVA, ;, ; ;;;Colisão;Luz do Dia;;;Meio de Quadra;;Longo da via;0;1;0;1;1;0;0;0;0;0;0;0;0;(0 0);
362146;2020-09-18 13:13:00;AVENIDA WASHINGTON SOARES, 4550;, ; 4550;;;Colisão;Luz do Dia;;;Meio de Quadra;;Longo da via;0;1;0;1;1;0;0;0;0;0;0;0;0;(-38.47993 -3.7978);
360708;2020-09-18 13:00:00;RD CE-040, ;, ; ;;;Colisão;Luz do Dia;;;Meio de Quadra;;Longo da via;0;1;1;1;1;0;0;0;0;0;0;0;0;(-38.47953463 -3.800595823);
360200;2020-09-18 12:58:00;RUA CIDADE ECOLOGICA, ;RUA DR MONTEIRO, ; ;;;Colisão;Luz do Dia;Bom;Seca;;;Cruzamento;0;1;1;0;2;0;0;0;0;0;0;0;0;(-38.46057 -3.77423);
361024;2020-09-18 12:55:00;RUA LEONARDO MOTA, ;RUA SILVA JATAHY, ; ;;;Colisão Transversal;Luz do Dia;Bom;Seca;Cruz;Pare;Cruzamento;0;0;2;0;2;0;0;0;0;0;0;0;0;(-38.493878 -3.728986);
360201;2020-09-18 11:30:00;RUA CEREJEIRAS, ;RUA UMARIZEIRA, ; ;;;Colisão Transversal;Luz do Dia;Bom;Seca;Cruz;Pare;Cruzamento;0;1;1;1;1;0;0;0;0;0;0;0;0;(-38.598589 -3.820829);
362117;2020-09-18 11:16:00;RUA N ESPLANADA CASTELAO, 535;, ; 535;;;Colisão;Luz do Dia;;;Meio de Quadra;;Longo da via;0;2;0;1;1;0;0;0;0;0;0;0;0;(0 0);
362110;2020-09-18 10:30:00;AVENIDA JOR THOMAZ COELHO, 1326;, ; 1326;;;Colisão;Luz do Dia;;;Meio de Quadra;;Longo da via;0;1;0;1;1;0;0;0;0;0;0;0;0;(-38.50762 -3.830289);
362106;2020-09-18 09:38:00;RUA ANDRE CHAVES, 216;, ; 216;;;Atropelamento;Luz do Dia;;;Meio de Quadra;;Longo da via;0;1;0;0;0;0;0;1;0;0;0;0;0;(-38.53958 -3.75713);
360199;2020-09-18 09:20:00;AVENIDA ABOLICAO, 2377;, ; 2377;;;Colisão;Luz do Dia;Bom;Seca;Meio de Quadra;Não Há Controle;Longo da via;0;1;1;1;1;0;0;0;0;0;0;0;0;(-38.497445 -3.72669);
360202;2020-09-18 09:03:00;AVENIDA DES MOREIRA, ;RUA GAL TERTULIANO POTYGUARA, ; ;;;Colisão Transversal;Luz do Dia;Bom;Seca;Cruz;Semáforo;Cruzamento;0;1;0;1;2;0;0;0;0;0;0;0;0;(-38.500568 -3.74313);
362071;2020-09-18 08:40:00;AVENIDA JOSE BASTOS, 3800;, ; 3800;;;Colisão;Luz do Dia;;;Meio de Quadra;;Longo da via;0;1;0;0;0;0;0;0;0;0;1;0;0;(-38.5523795 -3.751924);
362070;2020-09-18 08:32:00;RUA CRUZEIRO DO SUL, 5405;, ; 5405;;;Colisão;Luz do Dia;;;Meio de Quadra;;Longo da via;0;1;0;0;0;0;0;0;0;0;1;0;0;(0 0);
362067;2020-09-18 08:13:00;RD BR 116, ;, ; ;;;Colisão;Luz do Dia;;;Meio de Quadra;;Longo da via;0;1;0;1;1;0;0;0;0;0;0;0;0;(0 0);
362066;2020-09-18 08:00:00;RUA DA SAUDADE D04, ;, ; ;;;Colisão;Luz do Dia;;;Meio de Quadra;;Longo da via;0;1;0;1;1;0;0;0;0;0;0;0;0;(0 0);
362065;2020-09-18 07:37:00;AVENIDA SANTOS DUMONT, 4005;, ; 4005;;;Colisão;Luz do Dia;;;Meio de Quadra;;Longo da via;0;1;0;0;0;0;0;0;0;0;1;0;0;(-38.48846 -3.739432);
360198;2020-09-18 07:11:00;AVENIDA EDUARDO GIRAO, ;AVENIDA LUCIANO CARNEIRO, ; ;;;Colisão Transversal;Luz do Dia;Bom;Seca;Cruz;Semáforo;Cruzamento;0;1;1;1;1;0;0;0;0;0;0;0;0;(-38.532811 -3.752275);
362064;2020-09-18 04:43:00;AVENIDA WASHINGTON SOARES, ;, ; ;;;Choque c/ Obstáculo Fixo;;;;Meio de Quadra;;Longo da via;0;1;0;0;1;0;0;0;0;0;0;0;0;(0 0);
362063;2020-09-18 04:23:00;AVENIDA PRS CASTELO BRANCO, ;, ; ;;;Colisão;;;;Meio de Quadra;;Longo da via;0;1;0;0;0;0;0;0;0;0;1;0;0;(0 0);
362062;2020-09-18 02:22:00;RUA URUCUTUBA, ;, ; ;;;Queda;;;;Meio de Quadra;;Longo da via;0;1;0;1;0;0;0;0;0;0;0;0;0;(0 0);
362061;2020-09-18 01:02:00;RUA CHILE, 344;, ; 344;;;Queda;;;;Meio de Quadra;;Longo da via;0;1;0;1;0;0;0;0;0;0;0;0;0;(-38.5662914 -3.7470914);
362060;2020-09-18 00:44:00;AVENIDA AUGUSTO DOS ANJOS, 1257;, ; 1257;;;Colisão;;;;Meio de Quadra;;Longo da via;0;1;0;1;1;0;0;0;0;0;0;0;0;(-38.577234 -3.777974);
360197;2020-09-17 22:08:00;AVENIDA BORGES DE MELO, ;, ; ;;;Choque c/ Obstáculo Fixo;Via Iluminada;Bom;Seca;Outros;Não Há Controle;Longo da via;0;1;0;0;1;0;0;0;0;0;0;0;0;(-38.534706 -3.756065);
362058;2020-09-17 20:17:00;AVENIDA JOSE BASTOS, 5592;, ; 5592;;;Colisão;;;;Meio de Quadra;;Longo da via;0;2;0;2;0;0;0;0;0;0;0;0;0;(-38.564477 -3.760562);
362848;2020-09-17 19:36:00;RUA VALDETARIO MOTA, ;, ; ;;;Colisão;;;;Meio de Quadra;;Longo da via;0;1;1;1;1;0;0;0;0;0;0;0;0;(0 0);
361042;2020-09-17 19:00:00;RUA PRO JOSE HENRIQUE, ;RUA WILSON PEREIRA, ; ;;;Colisão Lateral;Via Iluminada;Bom;Seca;Cruz;Não Há Controle;Cruzamento;0;2;1;2;0;0;0;1;0;0;0;0;0;(-38.47779 -3.830787);
362052;2020-09-17 17:46:00;AVENIDA AMERICO BARREIRA, 4800;, ; 4800;;;Colisão;Anoitecer;;;Meio de Quadra;;Longo da via;0;1;0;2;0;0;0;0;0;0;0;0;0;(-38.56407 -3.75968);
360713;2020-09-17 17:30:00;RD CE-040, ;, ; ;;;Colisão;Anoitecer;;;Meio de Quadra;;Longo da via;0;1;1;1;1;0;0;0;0;0;0;0;0;(-38.4817994 -3.773616148);
360196;2020-09-17 17:05:00;RUA AVILA GOULART, ;RUA VALDETARIO MOTA, ; ;;;Colisão;Luz do Dia;Bom;Seca;;;Cruzamento;0;2;0;1;1;0;0;0;0;0;0;0;0;(-38.47921 -3.734652);
362057;2020-09-17 17:01:00;RUA BERNARDO MANUEL, ;RUA ANTONIO PEREIRA, ; ;;;Colisão;Anoitecer;;;Cruz;Não Há Controle;Cruzamento;0;2;0;1;1;0;0;0;0;0;0;0;0;(-38.56207 -3.8342);
360195;2020-09-17 16:18:00;RUA PDE VALDEVINO, ;RUA ANTONIO AUGUSTO, ; ;;;Colisão Transversal;Luz do Dia;Bom;Seca;Cruz;Pare;Cruzamento;0;2;0;0;2;0;0;0;0;0;0;0;0;(-38.516489 -3.739239);
360194;2020-09-17 15:45:00;AVENIDA JOVITA FEITOSA, ;RUA FRANCISCO HIPOLITO, ; ;;;Colisão Transversal;Luz do Dia;Bom;Seca;Cruz;Semáforo;Cruzamento;0;1;0;1;1;0;0;0;0;0;0;0;0;(-38.55044 -3.73868);
361031;2020-09-17 14:00:00;AVENIDA CONTORNO SUL, ;, ; ;;;Colisão Lateral;Luz do Dia;Bom;Seca;Meio de Quadra;Não Há Controle;Longo da via;0;1;1;1;1;0;0;0;0;0;0;0;0;(0 0);
362056;2020-09-17 11:55:00;AVENIDA GAL OSORIO DE PAIVA, 4059;, ; 4059;;;Colisão;Luz do Dia;;;Meio de Quadra;;Longo da via;0;1;0;1;1;0;0;0;0;0;0;0;0;(-38.5902857 -3.7926152);
360214;2020-09-17 11:50:00;RUA ALBERTO MAGNO, ;RUA CESAR ROSSAS, ; ;;;Colisão Transversal;Luz do Dia;Bom;Seca;Cruz;Semáforo;Cruzamento;0;1;1;1;1;0;0;0;0;0;0;0;0;(-38.552686 -3.768561);
362055;2020-09-17 10:38:00;RUA PERILIO TEIXEIRA, 946;, ; 946;;;Atropelamento;Luz do Dia;;;Meio de Quadra;;Longo da via;0;1;0;1;0;0;0;0;0;0;0;0;0;(-38.6012335 -3.75615415);
362054;2020-09-17 09:36:00;RUA G CJ VILA VELHA, ;, ; ;;;Queda;Luz do Dia;;;Meio de Quadra;;Longo da via;0;1;0;0;0;0;0;0;0;1;0;0;0;(0 0);
361034;2020-09-17 09:30:00;AVENIDA RUI BARBOSA, 1999;, ; 1999;;;Colisão Lateral;Luz do Dia;Bom;Seca;Meio de Quadra;Não Há Controle;Longo da via;0;1;1;1;1;0;0;0;0;0;0;0;0;(-38.510753 -3.740096);
362053;2020-09-17 08:08:00;RUA PAULO RUBENS, 38;, ; 38;;;Queda;Luz do Dia;;;Meio de Quadra;;Longo da via;0;1;0;0;0;0;0;0;0;1;0;0;0;(0 0);
361046;2020-09-17 07:50:00;RUA TOMAS RODRIGUES, 415;, ; 415;;;Colisão Lateral;Luz do Dia;Bom;Seca;Meio de Quadra;Não Há Controle;Longo da via;0;0;2;0;1;0;1;0;0;0;0;0;0;(-38.593853 -3.740435);
362051;2020-09-17 07:45:00;AVENIDA SGT HERMINIO SAMPAIO, 725;, ; 725;;;Colisão;Luz do Dia;;;Meio de Quadra;;Longo da via;0;1;0;1;1;0;0;0;0;0;0;0;0;(-38.547436 -3.724573);
362050;2020-09-17 07:28:00;RUA ANTONIO BARBOSA, 1390;, ; 1390;;;Colisão;Luz do Dia;;;Meio de Quadra;;Longo da via;0;1;0;1;1;0;0;0;0;0;0;0;0;(-38.564642 -3.831178);
362049;2020-09-17 07:17:00;RUA BERNARDO MANUEL, ;RUA JAPI, ; ;;;Colisão;Luz do Dia;;;Cruz;Pare;Cruzamento;0;1;0;2;0;0;0;0;0;0;0;0;0;(-38.546927 -3.784073);
362031;2020-09-17 06:32:00;AVENIDA JOAO PESSOA, ;RUA ALVARO FERNANDES, ; ;;;Colisão;Luz do Dia;;;Cruz;Semáforo;Cruzamento;0;1;0;1;1;0;0;0;0;0;0;0;0;(-38.555648 -3.759317);
362048;2020-09-17 06:32:00;AVENIDA PRS COSTA E SILVA, 835;, ; 835;;;Colisão;Luz do Dia;;;Meio de Quadra;;Longo da via;0;1;0;0;0;0;0;0;0;0;1;0;0;(-38.5721695 -3.81266359);
360193;2020-09-17 05:54:00;RUA ALBERTO MAGNO, ;RUA BAR SOBRAL, ; ;;;Colisão Transversal;Luz do Dia;Bom;Seca;Cruz;Semáforo;Cruzamento;0;1;1;1;1;0;0;0;0;0;0;0;0;(-38.552417 -3.767991);
362025;2020-09-17 05:41:00;RUA BAR AQUIRAZ, 587;, ; 587;;;Colisão;Amanhecer;;;Meio de Quadra;;Longo da via;0;1;0;2;0;0;0;0;0;0;0;0;0;(0 0);
362336;2020-09-16 23:35:00;RUA SILVA BAIMA, 58;, ; 58;;;Colisão;;;;Meio de Quadra;;Longo da via;0;2;0;2;0;0;0;0;0;0;0;0;0;(-38.5792235 -3.75740967);
362337;2020-09-16 22:14:00;RUA MARIA TOMASIA, 1245;, ; 1245;;;Queda;;;;Meio de Quadra;;Longo da via;0;1;0;1;0;0;0;0;0;0;0;0;0;(-38.49225 -3.73705);
362347;2020-09-16 18:33:00;RUA JOSE ALVES CAMPOS, ;, ; ;;;Colisão;;;;Meio de Quadra;;Longo da via;0;1;0;0;0;0;0;0;0;0;0;0;0;(0 0);
362348;2020-09-16 18:22:00;RUA CARLOS CHAGAS, 1235;, ; 1235;;;Colisão;Anoitecer;;;Meio de Quadra;;Longo da via;0;2;0;1;1;0;0;0;0;0;0;0;0;(-38.5916247 -3.77829875);
360191;2020-09-16 17:50:00;AVENIDA EDILSON B SOARES, ;RUA MARVIN, ; ;;;Colisão Transversal;Anoitecer;Bom;Seca;Cruz;Pare;Cruzamento;0;2;0;1;1;0;0;0;0;0;0;0;0;(-38.483855 -3.789736);
360192;2020-09-16 17:45:00;AVENIDA HIS RAIMUNDO GIRAO, 91;, ; 91;;;Colisão Transversal;Anoitecer;Bom;Seca;Meio de Quadra;Não Há Controle;Longo da via;0;2;0;1;0;0;0;0;0;0;0;0;0;(-38.5151 -3.7203);
362349;2020-09-16 17:44:00;RUA ALAGOAS, ;RUA RODRIGUES ANDRADE, ; ;;;Colisão;Anoitecer;;;;;Cruzamento;0;2;0;1;1;0;0;0;0;0;0;0;0;(-38.56428 -3.76389);
360190;2020-09-16 16:48:00;AVENIDA ENG HUMBERTO MONTE, 2810;, ; 2810;;;Colisão Traseira;Luz do Dia;Bom;Seca;Meio de Quadra;Semáforo;Longo da via;0;2;0;0;2;0;0;0;0;0;0;0;0;(-38.56908 -3.7387598);
362362;2020-09-16 16:27:00;RUA ALBERTO MAGNO, 2050;, ; 2050;;;Colisão;Luz do Dia;;;Meio de Quadra;;Longo da via;0;1;0;0;0;0;0;0;0;0;0;0;0;(-38.55356 -3.77084);
360189;2020-09-16 15:53:00;RUA TEODOMIRO DE CASTRO, 6058;, ; 6058;;;Colisão Traseira;Luz do Dia;Bom;Seca;Meio de Quadra;Não Há Controle;Longo da via;0;1;1;1;1;0;0;0;0;0;0;0;0;(-38.574654 -3.7176445);
362363;2020-09-16 15:45:00;RUA VERBENA, ;RUA EMILIO DE MENESES, ; ;;;Colisão;Luz do Dia;;;Cruz;Semáforo;Cruzamento;0;2;0;1;1;0;0;0;0;0;0;0;0;(-38.588838 -3.781344);
362367;2020-09-16 15:00:00;RUA PRISCO BEZERRA, 2085;, ; 2085;;;Queda;Luz do Dia;;;Meio de Quadra;;Longo da via;0;1;0;1;0;0;0;0;0;0;0;0;0;(-38.47075 -3.73612);
360188;2020-09-16 13:50:00;AVENIDA CESAR CALS, 1261;, ; 1261;;;Colisão Transversal;Luz do Dia;Bom;Seca;Meio de Quadra;Não Há Controle;Longo da via;0;1;1;1;1;0;0;0;0;0;0;0;0;(-38.4602433 -3.72895308);
362376;2020-09-16 13:39:00;RUA CAP TIBURCIO DA FROTA, 868;, ; 868;;;Colisão;Luz do Dia;;;Meio de Quadra;;Longo da via;0;1;0;0;0;0;0;0;0;0;0;0;0;(-38.5124884 -3.75483303);
362377;2020-09-16 12:15:00;AVENIDA 13 DE MAIO, 1383;, ; 1383;;;Colisão;Luz do Dia;;;Meio de Quadra;;Longo da via;0;2;0;1;1;0;0;0;0;0;0;0;0;(-38.5309225 -3.747966);
361057;2020-09-16 12:00:00;AVENIDA DOM MANUEL, ;RUA ROCHA LIMA, ; ;;;Colisão Traseira;Luz do Dia;Bom;Seca;Cruz;Semáforo;Cruzamento;0;1;1;1;1;0;0;0;0;0;0;0;0;(-38.523587 -3.735959);
362386;2020-09-16 11:41:00;RUA JULIO SILVA, 440;, ; 440;;;Colisão;Luz do Dia;;;Meio de Quadra;;Longo da via;0;2;0;2;0;0;0;0;0;0;0;0;0;(-38.45462 -3.74537);
360187;2020-09-16 11:30:00;AVENIDA AGUANAMBI, ;, ; ;;;Colisão Traseira;Luz do Dia;Bom;Seca;Outros;Não Há Controle;Longo da via;0;0;6;0;6;0;0;0;0;0;0;0;0;(-38.523056 -3.7555196);
360808;2020-09-16 10:00:00;AVENIDA AGUANAMBI, ;RUA MES ROSA, ; ;;;Queda;Luz do Dia;Bom;Seca;;Outros;Cruzamento;0;1;0;1;0;0;0;0;0;0;0;0;0;(-38.52586 -3.7416286);
362389;2020-09-16 09:31:00;RUA ESPIRITO SANTO, ;, ; ;;;Colisão;Luz do Dia;;;Meio de Quadra;;Longo da via;0;2;0;2;0;0;0;0;0;0;0;0;0;(0 0);
360186;2020-09-16 08:32:00;AVENIDA JOSE JATAHY, ;AVENIDA DUQ CAXIAS, ; ;;;Colisão Transversal;Luz do Dia;Bom;Seca;T;Semáforo;Cruzamento;0;1;1;1;1;0;0;0;0;0;0;0;0;(-38.545566 -3.726698);
362390;2020-09-16 08:10:00;RUA PORTO VELHO, 135;, ; 135;;;Colisão;Luz do Dia;;;Meio de Quadra;;Longo da via;0;1;0;0;0;0;0;0;0;0;0;0;0;(-38.5819046 -3.76870622);
362396;2020-09-16 07:07:00;RUA SEBASTIAO DE ABREU, 405;, ; 405;;;Colisão;Luz do Dia;;;Meio de Quadra;;Longo da via;0;1;1;1;1;0;0;0;0;0;0;0;0;(-38.56741 -3.79479);
360714;2020-09-16 07:00:00;RD CE-040, ;, ; ;;;Colisão;Luz do Dia;;;Meio de Quadra;;Longo da via;0;1;1;0;0;0;0;0;0;0;0;0;0;(-38.4817994 -3.773616148);
362395;2020-09-16 06:23:00;AVENIDA ANTONIO SALES, ;, ; ;;;Queda;Luz do Dia;;;Meio de Quadra;;Longo da via;0;1;0;1;0;0;0;0;0;0;0;0;0;(0 0);
362394;2020-09-16 05:09:00;RUA FRANCISCA MARIA DA CONCEICAO, 1580;, ; 1580;;;Colisão;Amanhecer;;;Meio de Quadra;;Longo da via;0;2;0;0;0;0;0;0;0;0;0;0;0;(-38.57364 -3.83605);
362392;2020-09-16 00:20:00;RUA BRAGANCA, 1219;, ; 1219;;;Queda;;;;Meio de Quadra;;Longo da via;0;1;0;1;0;0;0;0;0;0;0;0;0;(-38.597461 -3.784181);
362391;2020-09-15 19:49:00;AVENIDA OLIVEIRA PAIVA, 740;, ; 740;;;Atropelamento;;;;Meio de Quadra;;Longo da via;0;2;0;1;0;0;0;0;0;0;0;0;0;(-38.499 -3.7966208);
360184;2020-09-15 19:20:00;AVENIDA CEL CARVALHO, 836;, ; 836;;;Colisão Traseira;Via Iluminada;Bom;Seca;Meio de Quadra;Semáforo;Longo da via;0;1;1;0;2;0;0;0;0;0;0;0;0;(-38.590031 -3.709414);
360185;2020-09-15 19:00:00;RUA BARRA VERMELHA, 209;, ; 209;;;Atropelamento;Via Iluminada;Bom;Seca;Meio de Quadra;Pare;Longo da via;0;1;0;1;0;0;0;0;0;0;0;0;0;(-38.61494 -3.78903);
362387;2020-09-15 18:54:00;RUA DAURA, 200;, ; 200;;;Queda;;;;Meio de Quadra;;Longo da via;0;1;0;0;0;0;0;0;0;1;0;0;0;(-38.505288 -3.82296635);
362382;2020-09-15 18:27:00;AVENIDA AUGUSTO DOS ANJOS, ;AVENIDA GAL OSORIO DE PAIVA, ; ;;;Colisão;Anoitecer;;;Outros;Semáforo;Cruzamento;0;1;1;1;1;0;0;0;0;0;0;0;0;(-38.584939 -3.787349);
362380;2020-09-15 18:08:00;AVENIDA BEIRA MAR, 1140;, ; 1140;;;Colisão;Anoitecer;;;Meio de Quadra;;Longo da via;0;1;1;1;1;0;0;0;0;0;0;0;0;(-38.5104005 -3.7206535);
360181;2020-09-15 17:22:00;RUA VERBENA, 386;, ; 386;;;Choque c/ Obstáculo Fixo;Luz do Dia;Bom;Seca;Meio de Quadra;Pare;Longo da via;0;0;1;0;2;0;0;0;0;0;0;0;0;(-38.5883229 -3.77949784);
360182;2020-09-15 17:21:00;AVENIDA AUGUSTO DOS ANJOS, ;RUA PRO GOMES BRASIL, ; ;;;Colisão Transversal;Anoitecer;Bom;Seca;Meio de Quadra;;Cruzamento;0;1;2;2;1;0;0;0;0;0;0;0;0;(-38.570427 -3.770153);
362374;2020-09-15 17:09:00;RUA JOAQUIM FROTA, 923;, ; 923;;;Atropelamento;Anoitecer;;;Meio de Quadra;;Longo da via;0;1;1;0;1;0;0;0;0;0;0;0;0;(-38.4704245 -3.80120375);
362373;2020-09-15 16:06:00;RUA VITORIA (AV. PERIMETRAL), 1583;, ; 1583;;;Colisão;Luz do Dia;;;Meio de Quadra;;Longo da via;0;2;0;0;0;0;0;0;0;0;0;0;0;(-38.5890147 -3.76607024);
362372;2020-09-15 15:35:00;AVENIDA PDE ANTONIO TOMAS, ;, ; ;;;Colisão;Luz do Dia;;;Meio de Quadra;;Longo da via;0;1;1;1;1;0;0;0;0;0;0;0;0;(0 0);
360179;2020-09-15 15:00:00;AVENIDA JOSE JATAHY, 2025;AVENIDA JOVITA FEITOSA, ; 2025;;;Colisão Transversal;Luz do Dia;Bom;Seca;;;Cruzamento;0;1;1;2;0;0;0;0;0;0;0;0;0;(-38.543936 -3.737273);
362370;2020-09-15 14:47:00;AVENIDA PRS COSTA E SILVA, 859;, ; 859;;;Colisão;Luz do Dia;;;Meio de Quadra;;Longo da via;0;1;1;2;0;0;0;0;0;0;0;0;0;(-38.571836 -3.812772);
360177;2020-09-15 14:36:00;AVENIDA SEN FERNANDES TAVORA, ;RUA PRO VIRGILIO DE MORAIS, ; ;;;Colisão Traseira;Luz do Dia;Bom;Seca;Cruz;Semáforo;Cruzamento;0;2;0;0;1;0;0;0;0;0;0;0;0;(-38.59735 -3.7552326);
360178;2020-09-15 13:21:00;RUA LEONARDO MOTA, 774;, ; 774;;;Colisão Lateral;Luz do Dia;Bom;Seca;Meio de Quadra;Não Há Controle;Longo da via;0;1;1;1;1;0;0;0;0;0;0;0;0;(-38.49542 -3.733793);
362368;2020-09-15 12:28:00;AVENIDA ABOLICAO, ;RUA JOAQUIM NABUCO, ; ;;;Colisão;Luz do Dia;;;Cruz;Semáforo;Cruzamento;0;2;1;1;1;0;0;0;0;0;0;0;0;(-38.498436 -3.726373);
362366;2020-09-15 12:26:00;AVENIDA H CJ CEARA, ;AVENIDA G CJ CEARA, ; ;;;Queda;Luz do Dia;;;T;Pare;Cruzamento;0;1;0;1;0;0;0;0;0;0;0;0;0;(-38.610167 -3.775739);
362847;2020-09-15 12:10:00;RUA CARVALHO MOTA, ;, ; ;;;Colisão;Luz do Dia;;;Meio de Quadra;;Longo da via;0;1;1;0;1;0;1;0;0;0;0;0;0;(0 0);
360176;2020-09-15 11:16:00;AVENIDA SANTOS DUMONT, 3701;, ; 3701;;;Colisão Traseira;Luz do Dia;Bom;Seca;Cruz;Não Há Controle;Longo da via;0;0;1;1;1;0;0;0;0;0;0;0;0;(-38.490564 -3.738745);
362365;2020-09-15 11:03:00;AVENIDA JOSE LEON, 1601;, ; 1601;;;Colisão;Luz do Dia;;;Meio de Quadra;;Longo da via;0;1;1;1;1;0;0;0;0;0;0;0;0;(-38.497001 -3.789018);
362364;2020-09-15 10:14:00;RUA PRO VIRGILIO DE MORAIS, ;RUA GRACO CARDOSO, ; ;;;Colisão;Luz do Dia;;;Cruz;Pare;Cruzamento;0;1;1;1;1;0;0;0;0;0;0;0;0;(-38.59672 -3.75182);
360716;2020-09-15 10:10:00;AVENIDA SEN CARLOS JEREISSATI (AEROPORTO), 3000;, ; 3000;;;Colisão;Luz do Dia;;;Meio de Quadra;;Longo da via;0;0;2;0;2;0;0;0;0;0;0;0;0;(-38.544038 -3.779641);
362361;2020-09-15 10:03:00;RUA L CJ VILA VELHA, 1366;, ; 1366;;;Colisão;Luz do Dia;;;Meio de Quadra;;Longo da via;0;1;1;1;1;0;0;0;0;0;0;0;0;(0 0);
362359;2020-09-15 09:02:00;AVENIDA PRS COSTA E SILVA, 1801;, ; 1801;;;Colisão;Luz do Dia;;;Meio de Quadra;;Longo da via;0;2;0;0;0;0;0;0;0;0;0;0;0;(-38.559154 -3.8206199);