COD_ACIDENTE;DATA;LOG1;LOG2;NUMERO;BAIRRO;AMC;NATUREZA;ILUMINACAO;TEMPO;SUPERFICIEPISTA;TIPOCRUZAMENTO;CONTROLETRAFEGO;USOSOLO;MORTOS;FERIDOS;ILESOS;MOTOCICLETA;AUTOMOVEL;MICROONIBUS;CAMINHAO;ONIBUS;CICLOMOTOR;BICICLETA;OUTROS;TREM;TRACAOANIMAL;COORDENADAS
360175;2020-09-15 08:26:00;AVENIDA GAL OSORIO DE PAIVA, ;AVENIDA LUIZ VIEIRA, ; ;;;Colisão Traseira;Luz do Dia;Bom;Seca;;;Cruzamento;0;1;1;1;1;0;0;0;0;0;0;0;0;(-38.58862 -3.79098);
360174;2020-09-15 07:50:00;RUA JOAO CARVALHO, ;RUA JOSE VILAR, ; ;;;Colisão Transversal;Luz do Dia;Bom;Seca;Cruz;Semáforo;Cruzamento;0;2;0;2;0;0;0;0;0;0;0;0;0;(-38.505477 -3.738318);
362352;2020-09-15 07:48:00;AVENIDA WASHINGTON SOARES, ;, ; ;;;Atropelamento;Luz do Dia;;;Meio de Quadra;;Longo da via;0;2;0;0;0;0;0;0;0;1;0;0;0;(0 0);
360172;2020-09-15 06:48:00;RUA BAR RIO BRANCO, 2424;, ; 2424;;;Colisão;Luz do Dia;Bom;Seca;Meio de Quadra;Não Há Controle;Longo da via;0;1;1;1;1;0;0;0;0;0;0;0;0;(-38.532427 -3.73955);
360173;2020-09-15 06:37:00;RUA VIS MAUA, 2555;, ; 2555;;;Colisão Lateral;Luz do Dia;Bom;Seca;Meio de Quadra;Não Há Controle;Longo da via;0;1;1;1;1;0;0;0;0;0;0;0;0;(-38.502977 -3.747201);
362351;2020-09-15 06:16:00;AVENIDA JOAO PESSOA, ;RUA BAR SOBRAL, ; ;;;Não informado;Luz do Dia;;;Cruz;Semáforo;Cruzamento;0;1;0;1;0;0;0;0;0;0;0;0;0;(-38.5587057 -3.7645096);
362350;2020-09-15 06:03:00;RUA CONRADO MALTA, 276;, ; 276;;;Queda;Luz do Dia;;;Meio de Quadra;;Longo da via;0;2;0;0;0;0;0;0;0;1;0;0;0;(-38.5021036 -3.83498933);
362335;2020-09-14 20:35:00;AVENIDA BEZERRA DE MENEZES, ;, ; ;;;Colisão;;;;Meio de Quadra;;Longo da via;0;2;1;1;0;0;1;0;0;0;0;0;0;(0 0);
362334;2020-09-14 19:02:00;AVENIDA PDE ANTONIO TOMAS, 3377;, ; 3377;;;Colisão;;;;Meio de Quadra;;Longo da via;0;1;1;1;1;0;0;0;0;0;0;0;0;(-38.481947 -3.745906);
362333;2020-09-14 18:46:00;RUA ALBERTO MAGNO, ;RUA BAR SOBRAL, ; ;;;Queda;;;;Cruz;Semáforo;Cruzamento;0;1;0;1;0;0;0;0;0;0;0;0;0;(-38.552417 -3.767991);
362332;2020-09-14 18:40:00;AVENIDA GOV RAUL BARBOSA, ;RUA TEN JAIME ANDRADE, ; ;;;Atropelamento;;;;Cruz;Não Há Controle;Cruzamento;0;1;1;1;0;0;0;0;0;0;0;0;0;(-38.51089 -3.77073);
361061;2020-09-14 18:40:00;RUA SOARES BULCAO, ;RUA JOSE CANDIDO D08, ; ;;;Colisão Transversal;Via Iluminada;Bom;Seca;Cruz;Pare;Cruzamento;0;1;1;0;2;0;0;0;0;0;0;0;0;(-38.551357 -3.731931);
362331;2020-09-14 18:11:00;AVENIDA PLACIDO CASTELO, ;RUA CASTRO DE ALENCAR, ; ;;;Colisão;Anoitecer;;;;;Cruzamento;0;2;0;0;0;0;0;0;0;0;0;0;0;(-38.505899 -3.782123);
362191;2020-09-14 18:10:00;RD BR 116, ;, ; ;;;Atropelamento;Anoitecer;;Seca;Meio de Quadra;;Longo da via;1;1;0;1;0;0;0;0;0;0;0;0;0;(-38.497727 -3.86467);
360718;2020-09-14 16:40:00;RD CE-060, 3000;, ; 3000;;;Colisão;Luz do Dia;;;Meio de Quadra;;Longo da via;0;1;1;1;0;0;1;0;0;0;0;0;0;(-38.585133 -3.843038);
360171;2020-09-14 16:35:00;AVENIDA DES GONZAGA, ;RUA JULIO LIMA, ; ;;;Colisão Lateral;Luz do Dia;Bom;Seca;Cruz;Pare;Cruzamento;0;1;1;2;0;0;0;0;0;0;0;0;0;(-38.500411 -3.796143);
361076;2020-09-14 15:50:00;RUA GURGEL DO AMARAL, ;TRAVESSA MARIO BARCELO, ; ;;;Colisão Frontal;Luz do Dia;Bom;Inundada;T;Não Há Controle;Cruzamento;0;2;0;1;0;0;0;0;0;1;0;0;0;(-38.49137 -3.8331);
362330;2020-09-14 15:31:00;AVENIDA PRO JOSE ARTHUR CARVALHO, 1535;, ; 1535;;;Colisão;Luz do Dia;;;Meio de Quadra;;Longo da via;0;1;1;1;1;0;0;0;0;0;0;0;0;(-38.465732 -3.826525);
360169;2020-09-14 15:20:00;AVENIDA ROGACIANO LEITE, 2411;, ; 2411;;;Colisão Lateral;Luz do Dia;Bom;Seca;Meio de Quadra;Pare;Longo da via;0;1;1;1;1;0;0;0;0;0;0;0;0;(-38.50015 -3.77616);
362329;2020-09-14 15:06:00;RUA JOSE HIPOLITO, 33;, ; 33;;;Atropelamento;Luz do Dia;;;Meio de Quadra;;Longo da via;0;1;1;1;0;0;0;0;0;0;0;0;0;(-38.49379 -3.8327);
361060;2020-09-14 14:34:00;RUA DELTA, ;RUA ILHA BELA, ; ;;;Colisão Transversal;Luz do Dia;Bom;Seca;Cruz;Pare;Cruzamento;0;1;1;1;1;0;0;0;0;0;0;0;0;(-38.576993 -3.789797);
362328;2020-09-14 13:55:00;RUA PRISCO BEZERRA, 2070;, ; 2070;;;Queda;Luz do Dia;;;Meio de Quadra;;Longo da via;0;1;0;1;0;0;0;0;0;0;0;0;0;(-38.47084 -3.73615);
362327;2020-09-14 13:39:00;AVENIDA AMERICO BARREIRA, 5592;, ; 5592;;;Colisão;Luz do Dia;;;Meio de Quadra;;Longo da via;0;2;0;2;0;0;0;0;0;0;0;0;0;(-38.564423 -3.7607644);
362326;2020-09-14 13:35:00;ESTRADA DO FIO (MESSEJANA), 2000;, ; 2000;;;Colisão;Luz do Dia;;;Meio de Quadra;;Longo da via;0;2;0;0;0;0;0;0;0;0;0;0;0;(0 0);
362325;2020-09-14 13:11:00;RUA MON CARNEIRO DA CUNHA, 300;, ; 300;;;Queda;Luz do Dia;;;Meio de Quadra;;Longo da via;0;1;0;1;0;0;0;0;0;0;0;0;0;(-38.493828 -3.77496);
360170;2020-09-14 13:00:00;RUA PEREIRA VALENTE, ;RUA 8 DE SETEMBRO, ; ;;;Colisão Transversal;Luz do Dia;Bom;Seca;Cruz;Pare;Cruzamento;0;1;1;1;1;0;0;0;0;0;0;0;0;(-38.487156 -3.7348015);
362323;2020-09-14 12:30:00;RUA VIS CAIRU, 436;, ; 436;;;Colisão;Luz do Dia;;;Meio de Quadra;;Longo da via;0;1;1;1;1;0;0;0;0;0;0;0;0;(-38.46435 -3.7266);
360166;2020-09-14 10:38:00;AVENIDA 13 DE MAIO, 1995;, ; 1995;;;Colisão Transversal;Luz do Dia;Bom;Seca;Meio de Quadra;Não Há Controle;Longo da via;0;1;2;1;1;0;0;0;0;0;0;0;0;(0 0);
362320;2020-09-14 10:32:00;AVENIDA DR SILAS MUNGUBA, 3673;, ; 3673;;;Colisão;Luz do Dia;;;Meio de Quadra;;Longo da via;0;1;1;1;1;0;0;0;0;0;0;0;0;(-38.540768 -3.79023206);
360167;2020-09-14 10:30:00;RUA SEN ROBERT KENNEDY, 230;, ; 230;;;Colisão Transversal;Luz do Dia;Bom;Seca;Meio de Quadra;Não Há Controle;Longo da via;0;1;1;0;1;0;0;0;0;0;0;0;0;(-38.578081 -3.702091);
360168;2020-09-14 10:07:00;RUA ASSUNCAO, ;RUA PDE MIGUELINHO, ; ;;;Colisão;Luz do Dia;Bom;Seca;Cruz;Pare;Cruzamento;0;2;0;2;0;0;0;0;0;0;0;0;0;(-38.531602 -3.743337);
362319;2020-09-14 10:07:00;RD BR 116, 12000;, ; 12000;;;Colisão;Luz do Dia;;;Meio de Quadra;;Longo da via;0;2;0;0;0;0;0;0;0;0;0;0;0;(-38.496066 -3.85574);
360223;2020-09-14 10:06:00;AVENIDA GODOFREDO MACIEL, 2959;, ; 2959;;;Colisão Traseira;Luz do Dia;Bom;Seca;Meio de Quadra;Não Há Controle;Longo da via;0;0;3;0;3;0;0;0;0;0;0;0;0;(-38.57157 -3.801758);
362317;2020-09-14 09:54:00;RUA GOIANIA, ;RUA PRO MIRAMAR DA PONTE, ; ;;;Colisão;Luz do Dia;;;;;Cruzamento;0;1;1;1;1;0;0;0;0;0;0;0;0;(-38.586725 -3.763567);
362316;2020-09-14 09:36:00;RUA MARIA GOMES DE SA, 1995;, ; 1995;;;Queda;Luz do Dia;;;Meio de Quadra;;Longo da via;0;1;0;1;0;0;0;0;0;0;0;0;0;(-38.585504 -3.821552);
361085;2020-09-14 09:20:00;RUA MATOS VASCONCELOS, 955;, ; 955;;;Colisão Lateral;Luz do Dia;Bom;Seca;Meio de Quadra;Não Há Controle;Longo da via;0;1;1;0;1;0;0;0;0;1;0;0;0;(-38.5532002 -3.7542096);
362315;2020-09-14 08:45:00;RUA GUILHERME ALMEIDA, 128;, ; 128;;;Queda;Luz do Dia;;;Meio de Quadra;;Longo da via;0;1;0;0;0;0;0;0;0;1;0;0;0;(-38.49692 -3.85078);
361062;2020-09-14 08:30:00;RUA CEL MATOS DOURADO, 1309;, ; 1309;;;Colisão Lateral;Luz do Dia;Bom;Seca;Meio de Quadra;Outros;Longo da via;1;0;1;1;1;0;0;0;0;0;0;0;0;(-38.5834246 -3.75158961);
362314;2020-09-14 07:27:00;AVENIDA WASHINGTON SOARES, 11999;, ; 11999;;;Queda;Luz do Dia;;;Meio de Quadra;;Longo da via;0;1;0;1;0;0;0;0;0;0;0;0;0;(0 0);
362312;2020-09-14 07:25:00;RUA CON DE CASTRO, 4537;, ; 4537;;;Colisão;Luz do Dia;;;Meio de Quadra;;Longo da via;0;1;1;1;1;0;0;0;0;0;0;0;0;(-38.591807 -3.804897);
360165;2020-09-14 07:14:00;RUA VALPARAISO, 156;RUA UM (JANGURUSSU), ; 156;;;Colisão Transversal;Luz do Dia;Bom;Seca;;;Cruzamento;0;2;1;1;1;0;0;0;0;0;0;0;0;(-38.5195 -3.84636);
360164;2020-09-14 01:20:00;RUA SOLON PINHEIRO, 1143;, ; 1143;;;Choque c/ Obstáculo Fixo;Via Iluminada;Bom;Seca;Meio de Quadra;Não Há Controle;Longo da via;0;0;2;0;2;0;0;0;0;0;0;0;0;(-38.529503 -3.7400439);
362183;2020-09-13 23:01:00;TRAVESSA BRI TORRES, 1522;, ; 1522;;;Colisão;;;;Meio de Quadra;;Longo da via;0;1;1;1;0;0;1;0;0;0;0;0;0;(0 0);
362182;2020-09-13 21:54:00;RUA MARIO DE ANDRADE, 530;, ; 530;;;Colisão;;;;Meio de Quadra;;Longo da via;1;1;0;2;0;0;0;0;0;0;0;0;0;(-38.5605958 -3.75207311);
360612;2020-09-13 21:35:00;RUA CANUTO DE AGUIAR, ;RUA VICENTE LEITE, ; ;;;Colisão Transversal;Via Iluminada;Bom;Seca;Cruz;Pare;Cruzamento;0;0;4;0;4;0;0;0;0;0;0;0;0;(-38.493529 -3.731247);
362181;2020-09-13 20:58:00;RUA CARLOS CHAGAS, 1450;, ; 1450;;;Queda;;;;Meio de Quadra;;Longo da via;0;1;0;1;0;0;0;0;0;0;0;0;0;(-38.5928374 -3.77797074);
362179;2020-09-13 20:21:00;RUA JOAQUIM MAGALHAES, 64;, ; 64;;;Colisão;;;;Meio de Quadra;;Longo da via;0;1;1;1;1;0;0;0;0;0;0;0;0;(-38.535063 -3.737539);
362178;2020-09-13 20:18:00;RD BR 116, 16000;, ; 16000;;;Colisão;;;;Meio de Quadra;;Longo da via;0;1;1;1;1;0;0;0;0;0;0;0;0;(-38.5190567 -3.7611657);
362187;2020-09-13 20:15:00;RD BR 116, ;, ; ;;;Atropelamento;Anoitecer;;Seca;Meio de Quadra;;Longo da via;0;1;1;0;1;0;0;0;0;0;0;0;0;(-38.501113 -3.882329);
362177;2020-09-13 20:11:00;AVENIDA F CJ CEARA, ;AVENIDA C CJ CEARA, ; ;;;Queda;;;;Rotatória;Dê Preferência;Cruzamento;0;1;0;1;0;0;0;0;0;0;0;0;0;(-38.60821 -3.76321);
362176;2020-09-13 19:55:00;RUA MON CATAO, ;AVENIDA PDE ANTONIO TOMAS, ; ;;;Atropelamento;;;;Cruz;Semáforo;Cruzamento;0;1;1;1;0;0;0;0;0;0;0;0;0;(-38.491843 -3.742708);
360161;2020-09-13 19:11:00;AVENIDA PRS JUSCELINO KUBITSCHEK (PASSARÉ), 3999;, ; 3999;;;Engavetamento;Via Iluminada;Bom;Seca;Meio de Quadra;Semáforo;Longo da via;0;0;4;0;4;0;0;0;0;0;0;0;0;(-38.5318 -3.81671);
362175;2020-09-13 18:54:00;RUA FRANCO ROCHA, 335;, ; 335;;;Queda;;;;Meio de Quadra;;Longo da via;0;1;0;1;0;0;0;0;0;0;0;0;0;(-38.579551 -3.755431);
362174;2020-09-13 18:48:00;AVENIDA ODILON GUIMARAES, 2249;, ; 2249;;;Atropelamento;;;;Meio de Quadra;;Longo da via;0;2;0;1;0;0;0;0;0;0;0;0;0;(-38.474737 -3.818986);
362173;2020-09-13 18:27:00;AVENIDA CESAR CALS, 495;, ; 495;;;Colisão;Anoitecer;;;Meio de Quadra;;Longo da via;0;2;0;0;0;0;0;0;0;0;0;0;0;(-38.4637117 -3.72245606);
360162;2020-09-13 18:12:00;RUA ESTEVAO DE CAMPOS, 431;, ; 431;;;Colisão Lateral;Anoitecer;Bom;Seca;Meio de Quadra;Não Há Controle;Longo da via;0;1;2;2;1;0;0;0;0;0;0;0;0;(-38.578767 -3.705471);
362172;2020-09-13 18:03:00;RUA BOM JESUS (GRANJA LISBOA), 1012;, ; 1012;;;Colisão;Anoitecer;;;Meio de Quadra;;Longo da via;0;1;1;1;1;0;0;0;0;0;0;0;0;(-38.602585 -3.79399424);
362171;2020-09-13 17:43:00;RUA MARIA QUINTELA, ;RUA FRANCISCO DE SALES, ; ;;;Colisão;Anoitecer;;;Cruz;Pare;Cruzamento;0;1;1;1;1;0;0;0;0;0;0;0;0;(-38.584395 -3.776801);
362170;2020-09-13 16:26:00;RUA ELISEU VIANA, ;RUA JOAQUIM M DE MACEDO, ; ;;;Colisão;Luz do Dia;;;;;Cruzamento;0;1;1;1;1;0;0;0;0;0;0;0;0;(-38.58863 -3.77083);
362169;2020-09-13 16:23:00;RUA TEODOMIRO DE CASTRO, 6180;, ; 6180;;;Atropelamento;Luz do Dia;;;Meio de Quadra;;Longo da via;0;2;0;1;0;0;0;0;0;0;0;0;0;(-38.5753653 -3.71738011);
360160;2020-09-13 14:43:00;AVENIDA PRO JOSE ARTHUR CARVALHO, 955;, ; 955;;;Colisão Traseira;Luz do Dia;Bom;Seca;Meio de Quadra;Não Há Controle;Longo da via;0;2;1;1;1;0;0;0;0;0;0;0;0;(-38.45807 -3.82463);
360159;2020-09-13 13:58:00;RUA CEL MATOS DOURADO, ;RUA PRO PAULO LOPES, ; ;;;Não informado;Luz do Dia;Bom;Seca;Cruz;Pare;Cruzamento;0;0;1;0;2;0;0;0;0;0;0;0;0;(-38.584334 -3.757225);
362168;2020-09-13 13:46:00;RUA PRISCO BEZERRA, ;RUA JOSE RANGEL, ; ;;;Choque c/ Obstáculo Fixo;Luz do Dia;;;Outros;Não Há Controle;Cruzamento;0;1;0;0;1;0;0;0;0;0;0;0;0;(-38.46977 -3.73905);
362167;2020-09-13 12:21:00;RUA FLORIANO PEIXOTO, ;RUA PEDRO PEREIRA, ; ;;;Colisão;Luz do Dia;;;Cruz;Pare;Cruzamento;0;1;1;1;1;0;0;0;0;0;0;0;0;(-38.527962 -3.729873);
362166;2020-09-13 12:16:00;AVENIDA BENJAMIM BRASIL, 714;, ; 714;;;Colisão;Luz do Dia;;;Meio de Quadra;;Longo da via;0;1;1;1;1;0;0;0;0;0;0;0;0;(-38.56598 -3.8050356);
362165;2020-09-13 12:07:00;RUA PEDRO DANTAS, 390;, ; 390;;;Colisão;Luz do Dia;;;Meio de Quadra;;Longo da via;0;1;1;1;1;0;0;0;0;0;0;0;0;(-38.5209317 -3.78608991);
362164;2020-09-13 09:01:00;AVENIDA RAD JOSE LIMA VERDE, ;, ; ;;;Queda;Luz do Dia;;;Meio de Quadra;;Longo da via;0;1;0;1;0;0;0;0;0;0;0;0;0;(0 0);
360158;2020-09-13 06:40:00;AVENIDA DR SILAS MUNGUBA, ;RUA EQUADOR, ; ;;;Colisão Traseira;Luz do Dia;Bom;Seca;Cruz;Semáforo;Cruzamento;0;1;1;1;0;0;0;1;0;0;0;0;0;(-38.555434 -3.782377);
362163;2020-09-13 05:59:00;AVENIDA VILA DO MAR, ;, ; ;;;Queda;Amanhecer;;;Meio de Quadra;;Longo da via;0;1;0;1;0;0;0;0;0;0;0;0;0;(0 0);
360156;2020-09-13 02:20:00;AVENIDA AMERICO BARREIRA, ;AVENIDA AUGUSTO DOS ANJOS, ; ;;;Não informado;Via Iluminada;Bom;Seca;Meio de Quadra;Semáforo;Cruzamento;0;1;1;1;1;0;0;0;0;0;0;0;0;(-38.56884 -3.76674);
362162;2020-09-13 01:36:00;RUA LOURDES VIDAL ALVES, 542;, ; 542;;;Queda;;;;Meio de Quadra;;Longo da via;0;1;0;1;0;0;0;0;0;0;0;0;0;(0 0);
362161;2020-09-13 01:34:00;AVENIDA AUGUSTO DOS ANJOS, ;RUA PRO GOMES BRASIL, ; ;;;Colisão;;;;;;Cruzamento;0;1;1;1;1;0;0;0;0;0;0;0;0;(-38.570427 -3.770153);
360157;2020-09-13 00:43:00;AVENIDA BAR STUDART, 1165;, ; 1165;;;Colisão;Luz do Dia;Bom;Seca;Meio de Quadra;Não Há Controle;Longo da via;0;2;0;1;1;0;0;0;0;0;0;0;0;(-38.506849 -3.735316);
362149;2020-09-13 00:39:00;AVENIDA ENG HUMBERTO MONTE, ;AVENIDA JOSE BASTOS, ; ;;;Queda;;;;T;Semáforo;Cruzamento;0;1;0;1;0;0;0;0;0;0;0;0;0;(-38.555455 -3.754966);
362148;2020-09-12 23:27:00;RUA MANAUS, 416;, ; 416;;;Colisão;;;;Meio de Quadra;;Longo da via;0;1;1;1;1;0;0;0;0;0;0;0;0;(-38.59004 -3.75165);
362147;2020-09-12 23:09:00;RUA RAIMUNDO BIZARRIA, 661;, ; 661;;;Colisão;;;;Meio de Quadra;;Longo da via;0;1;1;2;0;0;0;0;0;0;0;0;0;(-38.5792224 -3.72554178);
362145;2020-09-12 22:55:00;RUA 3 DE MAIO, 358;, ; 358;;;Colisão;;;;Meio de Quadra;;Longo da via;0;2;1;1;1;0;0;0;0;0;0;0;0;(-38.5621403 -3.751308);
362144;2020-09-12 22:53:00;AVENIDA PRO JOSE ARTHUR CARVALHO, 2271;, ; 2271;;;Queda;;;;Meio de Quadra;;Longo da via;0;1;0;1;0;0;0;0;0;0;0;0;0;(-38.459142 -3.824505);
362143;2020-09-12 21:54:00;AVENIDA NOVE, 4611;, ; 4611;;;Colisão;;;;Meio de Quadra;;Longo da via;0;1;1;1;1;0;0;0;0;0;0;0;0;(0 0);
362142;2020-09-12 21:46:00;AVENIDA DUQ CAXIAS, ;, ; ;;;Atropelamento;;;;Meio de Quadra;;Longo da via;0;1;1;1;0;0;0;0;0;0;0;0;0;(0 0);
362141;2020-09-12 21:19:00;RUA IEDA PEREIRA, 82;, ; 82;;;Colisão;;;;Meio de Quadra;;Longo da via;0;1;1;1;1;0;0;0;0;0;0;0;0;(-38.48782 -3.78433);
360155;2020-09-12 21:12:00;RUA VALDETARIO MOTA, 558;RUA AVILA GOULART, ; 558;;;Colisão Transversal;Via Iluminada;Bom;Seca;Meio de Quadra;Pare;Cruzamento;0;1;4;0;2;0;0;0;0;0;0;0;0;(-38.47921 -3.734652);
362126;2020-09-12 20:33:00;RUA MONTE LIBANO, ;, ; ;;;Colisão;;;;Meio de Quadra;;Longo da via;0;1;1;1;1;0;0;0;0;0;0;0;0;(0 0);
362124;2020-09-12 19:56:00;RUA ALM RUBIM, 660;, ; 660;;;Colisão;;;;Meio de Quadra;;Longo da via;0;1;1;1;1;0;0;0;0;0;0;0;0;(-38.5523655 -3.763603);
362122;2020-09-12 19:54:00;RUA DIREITA, 255;, ; 255;;;Queda;;;;Meio de Quadra;;Longo da via;0;1;0;1;0;0;0;0;0;0;0;0;0;(-38.57591 -3.8376);
360571;2020-09-12 19:50:00;RUA PEREIRA FILGUEIRAS, ;RUA ANTONIO AUGUSTO, ; ;;;Colisão Transversal;Via Iluminada;Bom;Seca;Cruz;Pare;Cruzamento;0;1;1;1;1;0;0;0;0;0;0;0;0;(-38.512866 -3.72838);
362115;2020-09-12 19:30:00;AVENIDA BENJAMIM BRASIL, 607;, ; 607;;;Colisão;;;;Meio de Quadra;;Longo da via;0;1;1;1;1;0;0;0;0;0;0;0;0;(-38.5675748 -3.804632);
360154;2020-09-12 19:07:00;AVENIDA BAR STUDART, 1205;, ; 1205;;;Colisão Traseira;Via Iluminada;Bom;Seca;Meio de Quadra;Gesto;Longo da via;0;1;1;1;1;0;0;0;0;0;0;0;0;(-38.506944 -3.735624);
362109;2020-09-12 18:58:00;RUA CARIUS, 123;, ; 123;;;Colisão;;;;Meio de Quadra;;Longo da via;0;1;1;2;0;0;0;0;0;0;0;0;0;(-38.58911 -3.7229);
362100;2020-09-12 18:37:00;RUA CON DE CASTRO, 6141;, ; 6141;;;Colisão;;;;Meio de Quadra;;Longo da via;0;1;1;2;0;0;0;0;0;0;0;0;0;(-38.599887 -3.8161);
362099;2020-09-12 18:13:00;RUA CEL MATOS DOURADO, 1033;, ; 1033;;;Colisão;Anoitecer;;;Meio de Quadra;;Longo da via;0;2;0;0;0;0;0;0;0;0;0;0;0;(-38.584765 -3.748056);
362098;2020-09-12 18:01:00;AVENIDA SEN FERNANDES TAVORA, 3395;, ; 3395;;;Colisão;Anoitecer;;;Meio de Quadra;;Longo da via;0;1;1;1;1;0;0;0;0;0;0;0;0;(-38.60312 -3.75428);
362097;2020-09-12 17:53:00;RUA CARMEM CINIRA, 296;, ; 296;;;Atropelamento;Anoitecer;;;Meio de Quadra;;Longo da via;0;1;1;0;1;0;0;0;0;0;0;0;0;(0 0);
362096;2020-09-12 17:24:00;RUA DEP MATOSO FILHO, 788;, ; 788;;;Colisão;Anoitecer;;;Meio de Quadra;;Longo da via;0;2;0;2;0;0;0;0;0;0;0;0;0;(-38.591562 -3.7329375);
360604;2020-09-12 16:50:00;AVENIDA RAD JOSE LIMA VERDE, 655;, ; 655;;;Colisão Lateral;Luz do Dia;Bom;Seca;Meio de Quadra;;Longo da via;0;2;0;0;2;0;0;0;0;0;0;0;0;(-38.5864236 -3.69638307);
360152;2020-09-12 16:45:00;RUA VICENTE LEITE, ;RUA CANUTO DE AGUIAR, ; ;;;Colisão Transversal;Luz do Dia;Bom;Seca;Cruz;Pare;Cruzamento;0;2;0;0;2;0;0;0;0;0;0;0;0;(-38.493529 -3.731247);
362095;2020-09-12 16:31:00;AVENIDA PRS CASTELO BRANCO, ;, ; ;;;Queda;Luz do Dia;;;Meio de Quadra;;Longo da via;0;1;0;1;0;0;0;0;0;0;0;0;0;(0 0);
362094;2020-09-12 16:17:00;AVENIDA ZEZE DIOGO, 992;, ; 992;;;Queda;Luz do Dia;;;Meio de Quadra;;Longo da via;0;1;0;1;0;0;0;0;0;0;0;0;0;(-38.4652929 -3.71572748);
362093;2020-09-12 16:14:00;AVENIDA GODOFREDO MACIEL, ;AVENIDA PRS COSTA E SILVA, ; ;;;Colisão;Luz do Dia;;;Cruz;Semáforo;Cruzamento;0;1;1;1;1;0;0;0;0;0;0;0;0;(-38.574739 -3.811743);
360581;2020-09-12 16:12:00;RUA EMILIO DE MENESES, ;RUA BRAGANCA, ; ;;;Colisão Traseira;Luz do Dia;Bom;Seca;Cruz;Semáforo;Cruzamento;0;0;2;0;1;1;0;0;0;0;0;0;0;(-38.596166 -3.779277);
360578;2020-09-12 15:50:00;AVENIDA JOR THOMAZ COELHO, 2245;, ; 2245;;;Colisão Frontal;Luz do Dia;Bom;;Meio de Quadra;;Longo da via;0;1;1;1;1;0;0;0;0;0;0;0;0;(-38.5158496 -3.82802288);
360183;2020-09-12 15:45:00;AVENIDA ENG AGRONOMO JOSE GUIMARAES DUQUE, ;RUA PEDRO LAZAR, ; ;;;Colisão Transversal;Luz do Dia;Bom;Seca;Cruz;Pare;Cruzamento;0;3;0;1;0;0;0;0;1;0;0;0;0;(-38.4883906 -3.8048829);
362186;2020-09-12 15:30:00;RD BR 020, ;, ; ;;;Colisão Traseira;Luz do Dia;;Seca;Meio de Quadra;;Longo da via;0;0;2;0;1;0;1;0;0;0;0;0;0;(-38.515 -3.866);
362087;2020-09-12 15:27:00;AVENIDA PRS CASTELO BRANCO, 6390;, ; 6390;;;Colisão;Luz do Dia;;;Meio de Quadra;;Longo da via;0;1;1;1;1;0;0;0;0;0;0;0;0;(-38.5877535 -3.7000105);
362085;2020-09-12 13:49:00;RUA IGUAPE, 48;, ; 48;;;Colisão;Luz do Dia;;;Meio de Quadra;;Longo da via;0;1;1;1;1;0;0;0;0;0;0;0;0;(-38.5696927 -3.77610523);
360151;2020-09-12 13:48:00;RUA JAIME BENEVOLO, 1582;, ; 1582;;;Colisão Traseira;Luz do Dia;Bom;Seca;Meio de Quadra;Gesto;Longo da via;0;1;1;1;1;0;0;0;0;0;0;0;0;(-38.53004 -3.746035);
361088;2020-09-12 12:40:00;RUA CAP CLOVIS MAIA, ;, ; ;;;Capotamento;Luz do Dia;Bom;Seca;Meio de Quadra;;Longo da via;0;1;0;0;1;0;0;0;0;0;0;0;0;(0 0);
362084;2020-09-12 12:09:00;RUA RIO ARAGUAIA, ;RUA PRP NASSAU, ; ;;;Atropelamento;Luz do Dia;;;;;Cruzamento;0;1;1;0;1;0;0;0;0;0;0;0;0;(-38.582411 -3.728718);
362082;2020-09-12 11:30:00;AVENIDA FRANCISCO SA, ;RUA PDE ANCHIETA, ; ;;;Colisão;Luz do Dia;;;;;Cruzamento;0;1;1;1;1;0;0;0;0;0;0;0;0;(-38.549538 -3.719988);
362081;2020-09-12 11:19:00;RUA MIGUEL GURGEL, ;, ; ;;;Queda;Luz do Dia;;;Meio de Quadra;;Longo da via;0;1;0;1;0;0;0;0;0;0;0;0;0;(0 0);
362080;2020-09-12 10:18:00;RUA JULIO GASPAR, 899;, ; 899;;;Colisão;Luz do Dia;;;Meio de Quadra;;Longo da via;0;1;1;0;1;0;0;0;0;1;0;0;0;(-38.55971 -3.78531);
362034;2020-09-12 10:11:00;RUA JOAQUIM LIMA, 333;, ; 333;;;Colisão;Luz do Dia;;;Meio de Quadra;;Longo da via;0;1;1;1;1;0;0;0;0;0;0;0;0;(-38.484656 -3.739755);
360574;2020-09-12 10:07:00;RUA BAR RIO BRANCO, 2027;, ; 2027;;;Colisão Lateral;Luz do Dia;Bom;Seca;Meio de Quadra;Não Há Controle;Longo da via;0;1;1;1;1;0;0;0;0;0;0;0;0;(-38.5312773 -3.73590653);
360149;2020-09-12 09:20:00;RUA PDE JOAO PIAMARTA, 598;, ; 598;;;Choque c/ Obstáculo Fixo;Luz do Dia;Bom;Seca;Meio de Quadra;Não Há Controle;Longo da via;0;2;0;0;2;0;0;0;0;0;0;0;0;(-38.5424436 -3.76020023);