COD_ACIDENTE;DATA;LOG1;LOG2;NUMERO;BAIRRO;AMC;NATUREZA;ILUMINACAO;TEMPO;SUPERFICIEPISTA;TIPOCRUZAMENTO;CONTROLETRAFEGO;USOSOLO;MORTOS;FERIDOS;ILESOS;MOTOCICLETA;AUTOMOVEL;MICROONIBUS;CAMINHAO;ONIBUS;CICLOMOTOR;BICICLETA;OUTROS;TREM;TRACAOANIMAL;COORDENADAS
360150;2020-09-12 09:00:00;AVENIDA ODILON GUIMARAES, ;RUA SITIO GRAVITO, ; ;;;Colisão Transversal;Luz do Dia;Bom;Seca;T;Pare;Cruzamento;0;2;1;1;1;0;0;0;0;1;0;0;0;(-38.46705 -3.81454);
360148;2020-09-12 08:27:00;AVENIDA DR SILAS MUNGUBA, ;RUA PRA STELLA COCHRANE, ; ;;;Colisão Lateral;Luz do Dia;Bom;Seca;T;Semáforo;Cruzamento;0;1;3;1;0;1;0;0;0;0;0;0;0;(-38.535043 -3.79309);
360587;2020-09-12 07:00:00;AVENIDA ALBERTO NEPOMUCENO, ;, ; ;CENTRO;;Atropelamento;Luz do Dia;Bom;Seca;Não informado;Não informado;Longo da via;1;1;1;0;0;0;1;0;0;0;0;0;0;(-38.52416945502916 -3.723160373362183);
362033;2020-09-12 06:35:00;RUA JOSE AVELINO, ;, ; ;;;Colisão;Luz do Dia;;;Meio de Quadra;;Longo da via;0;2;0;0;0;0;0;0;0;0;0;0;0;(0 0);
362029;2020-09-12 04:49:00;AVENIDA JOR THOMAZ COELHO, 1650;, ; 1650;;;Atropelamento;;;;Meio de Quadra;;Longo da via;0;1;1;0;1;0;0;0;0;0;0;0;0;(-38.509588 -3.829801);
362027;2020-09-12 04:19:00;RUA 15 DE NOVEMBRO, 891;, ; 891;;;Colisão;;;;Meio de Quadra;;Longo da via;0;1;1;1;1;0;0;0;0;0;0;0;0;(-38.5522 -3.77028);
362026;2020-09-12 02:37:00;RUA DIADEMA, 222;, ; 222;;;Colisão;;;;Meio de Quadra;;Longo da via;0;2;1;1;1;0;0;0;0;0;0;0;0;(-38.52257 -3.84485);
362023;2020-09-11 22:08:00;RUA MON JOAO DANTAS, ;, ; ;;;Atropelamento;;;;Meio de Quadra;;Longo da via;0;2;0;1;0;0;0;0;0;0;0;0;0;(0 0);
360146;2020-09-11 22:01:00;RUA ALM RUFINO, 683;, ; 683;;;Colisão Lateral;Via Iluminada;Bom;Seca;Meio de Quadra;Não Há Controle;Longo da via;0;0;1;0;1;0;0;0;0;0;0;0;0;(-38.53604 -3.767023);
360549;2020-09-11 21:30:00;RUA BATISTA DE OLIVEIRA, ;RUA ANDRE DALL OLIO, ; ;;;Colisão Transversal;Via Iluminada;Bom;Seca;Cruz;Pare;Cruzamento;0;2;1;1;1;0;0;0;0;0;0;0;0;(-38.477454 -3.73919);
362022;2020-09-11 21:14:00;RUA STA MARIA GORETE, 20;, ; 20;;;Queda;;;;Meio de Quadra;;Longo da via;0;1;0;0;0;0;0;0;0;1;0;0;0;(-38.6018891 -3.72384347);
362021;2020-09-11 21:08:00;RUA MIGUEL ARAGAO, 1400;, ; 1400;;;Queda;;;;Meio de Quadra;;Longo da via;0;1;0;1;0;0;0;0;0;0;0;0;0;(-38.591281157 -3.830255675);
362019;2020-09-11 20:34:00;AVENIDA DR THEBERGE, 1981;, ; 1981;;;Atropelamento;;;;Meio de Quadra;;Longo da via;0;1;1;0;1;0;0;0;0;0;0;0;0;(-38.566062 -3.718007);
362018;2020-09-11 20:27:00;AVENIDA ABOLICAO, 4144;, ; 4144;;;Acidente Pessoal;;;;Meio de Quadra;;Longo da via;0;1;1;1;0;0;0;0;0;0;0;0;0;(-38.4821 -3.72436);
362017;2020-09-11 20:18:00;AVENIDA CASTELO DE CASTRO, 390;, ; 390;;;Colisão;;;;Meio de Quadra;;Longo da via;0;2;0;0;0;0;0;0;0;0;0;0;0;(-38.5215438 -3.83259967);
360568;2020-09-11 19:44:00;RUA NAPOLEAO LAUREANO, ;RUA PDE BARBOSA DE JESUS, ; ;;;Colisão Transversal;Via Iluminada;Bom;Seca;Cruz;Pare;Cruzamento;0;1;1;0;2;0;0;0;0;0;0;0;0;(-38.52854 -3.748917);
362016;2020-09-11 19:27:00;RUA SEN POMPEU, ;, ; ;;;Colisão;;;;Meio de Quadra;;Longo da via;0;1;1;1;1;0;0;0;0;0;0;0;0;(0 0);
362015;2020-09-11 18:43:00;AVENIDA DR THEBERGE, 120;, ; 120;;;Colisão;;;;Meio de Quadra;;Longo da via;0;2;0;0;0;0;0;0;0;0;0;0;0;(-38.56213 -3.7059);
362014;2020-09-11 18:36:00;AVENIDA I CJ CEARA, 1245;, ; 1245;;;Atropelamento;;;;Meio de Quadra;;Longo da via;0;2;0;1;0;0;0;0;0;0;0;0;0;(-38.598835 -3.773254);
362013;2020-09-11 18:27:00;RUA PDE RODOLFO, 857;, ; 857;;;Queda;Anoitecer;;;Meio de Quadra;;Longo da via;0;1;0;1;0;0;0;0;0;0;0;0;0;(-38.5870817 -3.80413787);
362010;2020-09-11 17:14:00;RUA GAL PIRAGIBE, 1110;, ; 1110;;;Atropelamento de Animal;Anoitecer;;;Meio de Quadra;;Longo da via;0;1;0;1;0;0;0;0;0;0;0;0;0;(-38.556613 -3.744282);
362008;2020-09-11 17:13:00;RUA MEM DE SA, 562;, ; 562;;;Colisão;Anoitecer;;;Meio de Quadra;;Longo da via;0;1;1;2;0;0;0;0;0;0;0;0;0;(-38.48535025 -3.827516454);
362007;2020-09-11 16:14:00;RUA AMERICO ROCHA LIMA, 940;, ; 940;;;Colisão;Luz do Dia;;;Meio de Quadra;;Longo da via;0;1;1;2;0;0;0;0;0;0;0;0;0;(-38.583647 -3.798828);
362006;2020-09-11 15:35:00;AVENIDA MIGUEL DIAS, 1010;, ; 1010;;;Colisão;Luz do Dia;;;Meio de Quadra;;Longo da via;0;1;1;1;1;0;0;0;0;0;0;0;0;(-38.48757 -3.76598);
362005;2020-09-11 15:30:00;RUA ALBERTO MAGNO, 521;, ; 521;;;Colisão;Luz do Dia;;;Meio de Quadra;;Longo da via;0;1;1;1;1;0;0;0;0;0;0;0;0;(-38.5460028 -3.76032329);
360722;2020-09-11 14:00:00;RD CE-040, ;, ; ;;;Colisão;Luz do Dia;;;Meio de Quadra;;Longo da via;0;0;2;0;2;0;0;0;0;0;0;0;0;(-38.47953463 -3.800595823);
360145;2020-09-11 13:45:00;RUA BAR SOBRAL, ;AVENIDA JOAO PESSOA, ; ;;;Colisão Traseira;Luz do Dia;Bom;Seca;Cruz;Semáforo;Cruzamento;0;0;2;0;2;0;0;0;0;0;0;0;0;(-38.5587057 -3.7645096);
362185;2020-09-11 13:15:00;RD BR 116, 9000;, ; 9000;;;Colisão;Luz do Dia;;Seca;Meio de Quadra;;Longo da via;0;1;1;1;1;0;0;0;0;0;0;0;0;(-38.504865 -3.830837);
362003;2020-09-11 13:10:00;AVENIDA OLIVEIRA PAIVA, ;AVENIDA DES GONZAGA, ; ;;;Colisão;Luz do Dia;;;Cruz;Semáforo;Cruzamento;0;2;0;0;0;0;0;0;0;0;0;0;0;(-38.499953 -3.797165);
360143;2020-09-11 13:10:00;AVENIDA PDE ANTONIO TOMAS, ;RUA CEL JUCA, ; ;;;Colisão Transversal;Luz do Dia;Bom;Seca;Cruz;Semáforo;Cruzamento;0;0;2;0;2;0;0;0;0;0;0;0;0;(-38.492803 -3.742392);
362000;2020-09-11 12:24:00;RUA LUCIANO ALVES, 3100;, ; 3100;;;Colisão;Luz do Dia;;;Meio de Quadra;;Longo da via;0;1;1;1;1;0;0;0;0;0;0;0;0;(-38.50964 -3.84566);
360142;2020-09-11 12:06:00;RUA ANDRE DALL OLIO, 815;, ; 815;;;Colisão;Luz do Dia;Bom;Seca;Meio de Quadra;Não Há Controle;Longo da via;0;1;1;0;1;0;0;0;0;1;0;0;0;(-38.47785 -3.73855);
361997;2020-09-11 12:06:00;RD BR 116, ;, ; ;;;Colisão;Luz do Dia;;;Meio de Quadra;;Longo da via;0;1;1;0;1;0;1;0;0;0;0;0;0;(0 0);
361995;2020-09-11 11:54:00;AVENIDA A CJ CEARA, ;AVENIDA D CJ CEARA, ; ;;;Colisão;Luz do Dia;;;Cruz;Pare;Cruzamento;0;1;1;1;1;0;0;0;0;0;0;0;0;(-38.601152 -3.766922);
361994;2020-09-11 10:55:00;RUA 23 DE JUNHO, 1948;, ; 1948;;;Colisão;Luz do Dia;;;Meio de Quadra;;Longo da via;0;1;1;2;0;0;0;0;0;0;0;0;0;(-38.6088007 -3.7817345);
360141;2020-09-11 10:00:00;RUA VINTE E QUATRO DE MAIO, 1230;, ; 1230;;;Choque c/ Obstáculo Fixo;Luz do Dia;Bom;Seca;Cruz;Pare;Longo da via;0;2;0;1;0;0;0;1;0;0;0;0;0;(-38.533848 -3.732626);
360140;2020-09-11 09:39:00;RUA MIN ALBUQUERQUE LIMA, 816;AVENIDA C CJ CEARA, ; 816;;;Colisão Transversal;Luz do Dia;Bom;Seca;Meio de Quadra;Semáforo;Cruzamento;0;2;1;1;0;0;1;0;0;0;0;0;0;(-38.611113 -3.7663896);
360138;2020-09-11 09:13:00;AVENIDA OLIVEIRA PAIVA, ;RUA TEOFREDO GOIANA, ; ;;;Colisão Traseira;Luz do Dia;Bom;Seca;T;Pare;Cruzamento;0;2;1;1;1;0;0;0;0;0;0;0;0;(-38.501221 -3.797744);
360137;2020-09-11 09:12:00;AVENIDA ANTONIO SALES, ;RUA J DA PENHA, ; ;;;Não informado;Luz do Dia;Bom;Seca;Cruz;Pare;Cruzamento;0;1;1;1;1;0;0;0;0;0;0;0;0;(-38.521352 -3.73954);
361993;2020-09-11 09:05:00;RUA FRANCISCO MATOS, ;, ; ;;;Queda;Luz do Dia;;;Meio de Quadra;;Longo da via;0;1;0;1;0;0;0;0;0;0;0;0;0;(0 0);
360139;2020-09-11 08:48:00;AVENIDA DES MOREIRA, ;RUA VICENTE LINHARES, ; ;;;Tombamento;Luz do Dia;Nublado;Seca;Cruz;Semáforo;Cruzamento;0;0;2;0;2;0;0;0;0;0;0;0;0;(-38.500253 -3.742153);
360136;2020-09-11 08:10:00;RUA PDE RODOLFO, 940;, ; 940;;;Queda;Luz do Dia;Nublado;Seca;Meio de Quadra;Não Há Controle;Longo da via;0;1;0;1;0;0;0;0;0;0;0;0;0;(-38.5877046 -3.8037314);
360134;2020-09-11 08:05:00;AVENIDA BENJAMIM BRASIL, 534;, ; 534;;;Colisão Transversal;Luz do Dia;Nublado;Seca;Meio de Quadra;Não Há Controle;Longo da via;0;2;0;1;1;0;0;0;0;0;0;0;0;(-38.5684196 -3.80437717);
361992;2020-09-11 08:03:00;RUA BERNARDO MANUEL, 9954;, ; 9954;;;Colisão;Luz do Dia;;;Meio de Quadra;;Longo da via;0;1;1;1;1;0;0;0;0;0;0;0;0;(-38.55310088 -3.80434384);
361991;2020-09-11 07:57:00;RUA CARAMURU D45 (ITAPERI), ;RUA TEN RENATO AGUIAR, ; ;;;Colisão;Luz do Dia;;;;;Cruzamento;0;1;1;1;1;0;0;0;0;0;0;0;0;(-38.54185 -3.79092);
361990;2020-09-11 07:11:00;AVENIDA PRS COSTA E SILVA, ;AVENIDA PRS JUSCELINO KUBITSCHEK (PASSARÉ), ; ;;;Colisão;Luz do Dia;;;T;Semáforo;Cruzamento;0;1;1;1;0;0;1;0;0;0;0;0;0;(-38.539516 -3.825648);
360135;2020-09-11 07:00:00;RUA JOAQUIM NABUCO, ;RUA CANUTO DE AGUIAR, ; ;;;Colisão Lateral;Luz do Dia;Nublado;Molhada;Cruz;Pare;Cruzamento;0;1;1;1;1;0;0;0;0;0;0;0;0;(-38.49939 -3.72936);
361987;2020-09-11 06:41:00;RUA ADOLFO CAMINHA, ;TRAVESSA MARANGUAPE D01, ; ;;;Queda;Luz do Dia;;;Cruz;Não Há Controle;Cruzamento;0;1;0;1;0;0;0;0;0;0;0;0;0;(-38.52646 -3.72082);
361986;2020-09-11 06:30:00;RUA VILEBALDO AGUIAR, 95;, ; 95;;;Queda;Luz do Dia;;;Meio de Quadra;;Longo da via;0;1;0;1;0;0;0;0;0;0;0;0;0;(-38.487474 -3.740669);
360133;2020-09-11 06:15:00;AVENIDA GODOFREDO MACIEL, ;RUA NEREU RAMOS, ; ;;;Colisão Transversal;Amanhecer;Nublado;Molhada;T;Semáforo;Cruzamento;0;0;2;0;2;0;0;0;0;0;0;0;0;(-38.566802 -3.78725);
360550;2020-09-11 01:20:00;AVENIDA IMPERADOR, ;RUA SAO PAULO, ; ;;;Choque c/ Obstáculo Fixo;;;;Cruz;Semáforo;Cruzamento;0;1;0;0;1;0;0;0;0;0;0;0;0;(-38.533522 -3.724049);
361985;2020-09-10 22:32:00;AVENIDA PRS COSTA E SILVA, ;, ; ;;;Queda;;;;Meio de Quadra;;Longo da via;0;1;0;1;0;0;0;0;0;0;0;0;0;(0 0);
361984;2020-09-10 22:27:00;AVENIDA IMPERADOR, 351;, ; 351;;;Colisão;;;;Meio de Quadra;;Longo da via;0;2;0;0;0;0;0;0;0;0;0;0;0;(-38.53348 -3.72429);
361983;2020-09-10 19:11:00;AVENIDA BENJAMIM BRASIL, 1445;, ; 1445;;;Colisão;;;;Meio de Quadra;;Longo da via;0;3;0;0;0;0;0;0;0;0;0;0;0;(-38.56247 -3.80635);
361982;2020-09-10 19:09:00;RUA MARIA CLARA, 358;, ; 358;;;Atropelamento;;;;Meio de Quadra;;Longo da via;0;1;1;1;0;0;0;0;0;0;0;0;0;(-38.5814762 -3.72579918);
361981;2020-09-10 18:49:00;AVENIDA GOV RAUL BARBOSA, 6690;, ; 6690;;;Queda;;;;Meio de Quadra;;Longo da via;0;1;0;0;0;0;0;0;0;1;0;0;0;(-38.5124879 -3.77274644);
361980;2020-09-10 18:21:00;RD QUARTO ANEL VIARIO, ;, ; ;;;Colisão;Anoitecer;;;Meio de Quadra;;Longo da via;0;1;1;2;0;0;0;0;0;0;0;0;0;(0 0);
361978;2020-09-10 17:50:00;RUA NAIR AZEVEDO, 180;, ; 180;;;Queda;Anoitecer;;;Meio de Quadra;;Longo da via;0;1;0;1;0;0;0;0;0;0;0;0;0;(0 0);
361974;2020-09-10 17:36:00;AVENIDA DES MOREIRA, ;RUA PDE VALDEVINO, ; ;;;Colisão;Anoitecer;;;;;Cruzamento;0;2;0;0;0;0;0;0;0;0;0;0;0;(-38.500877 -3.744098);
360723;2020-09-10 17:20:00;AVENIDA MIN JOSE AMERICO, ;RUA ARAUJO TORREAO, ; ;;;Colisão;Anoitecer;;;Cruz;Não Há Controle;Cruzamento;0;1;1;0;2;0;0;0;0;0;0;0;0;(-38.497336 -3.811926);
361973;2020-09-10 17:17:00;AVENIDA MAE LISBOA, 1375;, ; 1375;;;Colisão;Anoitecer;;;Meio de Quadra;;Longo da via;0;1;1;0;1;0;0;0;0;1;0;0;0;(-38.4668993 -3.80792918);
361972;2020-09-10 17:08:00;RUA DOIS, 386;, ; 386;;;Colisão;Anoitecer;;;Meio de Quadra;;Longo da via;0;1;1;1;1;0;0;0;0;0;0;0;0;(-38.54171 -3.7938);
360490;2020-09-10 17:01:00;RUA STA MARIA GORETE, 398;, ; 398;;;Colisão Frontal;Anoitecer;Bom;Seca;;;Longo da via;0;1;1;1;1;0;0;0;0;0;0;0;0;(-38.6025304 -3.72613335);
361963;2020-09-10 16:34:00;RUA DA LIBERDADE, 133;, ; 133;;;Queda;Luz do Dia;;;Meio de Quadra;;Longo da via;0;1;0;0;0;0;0;0;0;1;0;0;0;(0 0);
361962;2020-09-10 15:43:00;AVENIDA MIN JOSE AMERICO, 500;, ; 500;;;Colisão;Luz do Dia;;;;;Longo da via;0;1;1;1;1;0;0;0;0;0;0;0;0;(-38.495269 -3.810994);
360539;2020-09-10 15:40:00;RUA RIO PARAGUAI, ;RUA MARIA CLARA, ; ;;;Colisão Transversal;Luz do Dia;Bom;Seca;Cruz;Pare;Cruzamento;0;3;0;1;2;0;0;0;0;0;0;0;0;(-38.584245 -3.725526);
361923;2020-09-10 14:57:00;RUA OSCAR ARARIPE, 3018;, ; 3018;;;Colisão;Luz do Dia;;;Meio de Quadra;;Longo da via;0;1;1;1;1;0;0;0;0;0;0;0;0;(-38.6178079 -3.78532155);
360153;2020-09-10 14:21:00;AVENIDA DA UNIVERSIDADE, ;RUA ANTONIO POMPEU, ; ;;;Não informado;Luz do Dia;Bom;Seca;Cruz;Semáforo;Cruzamento;0;1;0;0;0;0;0;0;0;0;0;0;0;(-38.532908 -3.734083);
360144;2020-09-10 14:12:00;RUA UBIRAJARA MINDELLO, 1469;, ; 1469;;;Colisão Frontal;Luz do Dia;Bom;Seca;Meio de Quadra;Não Há Controle;Longo da via;0;1;1;1;1;0;0;0;0;0;0;0;0;(-38.49228 -3.8027);
361920;2020-09-10 14:00:00;RUA DR GILBERTO CAMARA, 564;, ; 564;;;Colisão;Luz do Dia;;;Meio de Quadra;;Longo da via;0;1;1;1;1;0;0;0;0;0;0;0;0;(-38.5625713 -3.72490777);
360443;2020-09-10 13:45:00;AVENIDA LUCIANO CARNEIRO, 721;, ; 721;;;Colisão Traseira;Luz do Dia;Bom;Seca;Meio de Quadra;Não Há Controle;Longo da via;0;1;1;1;1;0;0;0;0;0;0;0;0;(-38.53346 -3.75443);
361919;2020-09-10 13:23:00;RUA TAUBATE, 830;, ; 830;;;Colisão;Luz do Dia;;;Meio de Quadra;;Longo da via;0;1;1;2;0;0;0;0;0;0;0;0;0;(-38.5986182 -3.78027062);
361917;2020-09-10 13:09:00;RUA VINTE E CINCO DE MARCO, 607;, ; 607;;;Atropelamento;Luz do Dia;;;Meio de Quadra;;Longo da via;0;1;1;0;0;0;0;0;0;1;0;0;0;(-38.5225225 -3.72938069);
361916;2020-09-10 12:53:00;RUA CEL MATOS DOURADO, 1280;, ; 1280;;;Colisão;Luz do Dia;;;Meio de Quadra;;Longo da via;0;1;1;1;1;0;0;0;0;0;0;0;0;(-38.584391 -3.749716);
361915;2020-09-10 12:29:00;AVENIDA GAL OSORIO DE PAIVA, ;RUA RAIMUNDO NERY, ; ;;;Colisão;Luz do Dia;;;Cruz;Semáforo;Cruzamento;0;2;0;0;0;0;0;0;0;0;0;0;0;(-38.588065 -3.790306);
360147;2020-09-10 12:20:00;AVENIDA DOS EXPEDICIONARIOS, ;RUA VICENTE SPINDOLA, ; ;;;Colisão Transversal;Luz do Dia;Bom;Seca;Cruz;Pare;Cruzamento;0;1;1;1;1;0;0;0;0;0;0;0;0;(-38.542084 -3.767922);
361914;2020-09-10 11:34:00;AVENIDA SGT HERMINIO SAMPAIO, 2656;, ; 2656;;;Colisão;Luz do Dia;;;Meio de Quadra;;Longo da via;0;1;1;1;1;0;0;0;0;0;0;0;0;(-38.56388 -3.7268689);
361913;2020-09-10 10:04:00;RUA PRO HERIBALDO COSTA, 2111;, ; 2111;;;Colisão;Luz do Dia;;;Meio de Quadra;;Longo da via;0;1;1;1;1;0;0;0;0;0;0;0;0;(-38.5890758 -3.76995415);
361912;2020-09-10 09:58:00;RUA DR CONDES SANDOVAL, 283;, ; 283;;;Queda;Luz do Dia;;;Meio de Quadra;;Longo da via;0;1;0;0;0;0;0;0;0;1;0;0;0;(-38.5247654 -3.84201172);
361911;2020-09-10 09:51:00;RUA PRO JOSE HENRIQUE, 300;, ; 300;;;Colisão;Luz do Dia;;;Meio de Quadra;;Longo da via;0;1;1;1;1;0;0;0;0;0;0;0;0;(-38.4869496 -3.82973273);
360132;2020-09-10 09:44:00;AVENIDA PRS COSTA E SILVA, 4101;, ; 4101;;;Colisão Lateral;Luz do Dia;Bom;Seca;Meio de Quadra;Não Há Controle;Longo da via;0;0;2;0;1;0;0;0;0;0;0;0;0;(-38.543575 -3.824678);
360131;2020-09-10 09:22:00;AVENIDA PRS COSTA E SILVA, 4305;, ; 4305;;;Colisão Lateral;Luz do Dia;Bom;Seca;Meio de Quadra;Não Há Controle;Longo da via;0;1;1;0;1;0;0;0;0;0;0;0;0;(-38.54163692 -3.825148575);
361910;2020-09-10 08:07:00;RUA SGT JOAO PINHEIRO, ;, ; ;;;Colisão;Luz do Dia;;;Meio de Quadra;;Longo da via;0;1;1;1;1;0;0;0;0;0;0;0;0;(0 0);
360485;2020-09-10 07:20:00;RUA EMILIO DE MENESES, 600;, ; 600;;;Colisão Lateral;Luz do Dia;Bom;Seca;Meio de Quadra;Outros;Longo da via;0;1;1;1;1;0;0;0;0;0;0;0;0;(-38.5869099 -3.78189339);
361907;2020-09-10 07:02:00;RUA BERNARDO MANUEL, 9970;, ; 9970;;;Colisão;Luz do Dia;;;Meio de Quadra;;Longo da via;0;1;1;1;1;0;0;0;0;0;0;0;0;(-38.55318024 -3.80460432);
360814;2020-09-10 06:42:00;AVENIDA GODOFREDO MACIEL, ;, ; ;;;Colisão;Luz do Dia;;;Meio de Quadra;;Longo da via;0;1;1;2;0;0;0;0;0;0;0;0;0;(0 0);
361903;2020-09-10 06:42:00;AVENIDA DUQ CAXIAS, 1741;, ; 1741;;;Queda;Luz do Dia;;;Meio de Quadra;;Longo da via;0;1;0;1;0;0;0;0;0;0;0;0;0;(-38.539594 -3.728649);
361900;2020-09-10 04:12:00;RUA JULIO ABREU, 450;, ; 450;;;Colisão;;;;Meio de Quadra;;Longo da via;0;1;1;2;0;0;0;0;0;0;0;0;0;(0 0);
360130;2020-09-09 23:26:00;AVENIDA WENEFRIDO MELO, 381;RUA DNA LIBANIA R. MELO NUNES, ; 381;;;Colisão Lateral;Via Iluminada;Bom;Seca;Meio de Quadra;Semáforo;Cruzamento;0;1;1;1;1;0;0;0;0;0;0;0;0;(-38.57605 -3.8108473);
360380;2020-09-09 22:50:00;AVENIDA RUI BARBOSA, ;RUA DEP MOREIRA DA ROCHA, ; ;;;Colisão Lateral;Via Iluminada;Bom;;Cruz;Semáforo;Cruzamento;0;0;2;0;2;0;0;0;0;0;0;0;0;(-38.506454 -3.726748);
362184;2020-09-09 21:40:00;RD BR 116, ;, ; ;;;Colisão Traseira;;;Seca;Meio de Quadra;;Longo da via;0;0;2;0;2;0;0;0;0;0;0;0;0;(-38.504865 -3.830837);
361893;2020-09-09 21:33:00;RUA SAO PAULO, 1441;, ; 1441;;;Queda;;;;Meio de Quadra;;Longo da via;0;1;0;1;0;0;0;0;0;0;0;0;0;(-38.53857 -3.72259);
361892;2020-09-09 20:14:00;RUA TUPA, 60;, ; 60;;;Atropelamento;;;;Meio de Quadra;;Longo da via;0;1;1;0;1;0;0;0;0;0;0;0;0;(-38.58501 -3.70172);
361891;2020-09-09 20:13:00;RUA ESV AZEVEDO, ;, ; ;;;Queda;;;;Meio de Quadra;;Longo da via;0;1;0;1;0;0;0;0;0;0;0;0;0;(0 0);
361890;2020-09-09 19:28:00;RUA JOAO BRIGIDO, ;AVENIDA RUI BARBOSA, ; ;;;Colisão;;;;Cruz;Semáforo;Cruzamento;0;1;1;1;1;0;0;0;0;0;0;0;0;(-38.511369 -3.741995);
360365;2020-09-09 19:00:00;AVENIDA PDE ANTONIO TOMAS, 256;, ; 256;;;Colisão Lateral;Via Iluminada;Bom;Seca;Meio de Quadra;Semáforo;Longo da via;0;0;2;0;1;0;0;1;0;0;0;0;0;(-38.501304 -3.7396285);
361884;2020-09-09 18:57:00;AVENIDA PRS COSTA E SILVA, ;, ; ;;;Colisão;;;;Meio de Quadra;;Longo da via;0;1;1;2;0;0;0;0;0;0;0;0;0;(0 0);
360377;2020-09-09 18:20:00;AVENIDA EDILSON B SOARES, 1410;, ; 1410;;;Colisão Transversal;Via Iluminada;Bom;;Meio de Quadra;Pare;Longo da via;0;2;2;0;2;0;0;0;1;0;0;0;0;(-38.473352 -3.788828);
362829;2020-09-09 18:00:00;RUA CARLOS RIBEIRO, ;, ; ;;;Atropelamento;Anoitecer;;;Meio de Quadra;;Longo da via;0;1;1;0;0;0;0;1;0;0;0;0;0;(0 0);
361873;2020-09-09 17:49:00;RUA PDE PEDRO DE ALENCAR, 868;, ; 868;;;Atropelamento;Anoitecer;;;Meio de Quadra;;Longo da via;0;1;1;0;1;0;0;0;0;0;0;0;0;(-38.49412 -3.834967);
361872;2020-09-09 17:26:00;AVENIDA ENG HUMBERTO MONTE, ;, ; ;;;Colisão;Anoitecer;;;Meio de Quadra;;Longo da via;0;1;1;1;1;0;0;0;0;0;0;0;0;(0 0);
360729;2020-09-09 17:20:00;RD CE-040, ;, ; ;;;Colisão;Anoitecer;;;Meio de Quadra;;Longo da via;0;0;2;0;2;0;0;0;0;0;0;0;0;(-38.47606989 -3.84962623);
361836;2020-09-09 17:10:00;RD BR 116, 6685;, ; 6685;;;Queda;Anoitecer;;;Meio de Quadra;;Longo da via;0;1;0;1;0;0;0;0;0;0;0;0;0;(-38.513633 -3.782137);
361835;2020-09-09 16:56:00;AVENIDA GAL OSORIO DE PAIVA, ;, ; ;;;Colisão;Luz do Dia;;;Meio de Quadra;;Longo da via;0;1;1;2;0;0;0;0;0;0;0;0;0;(0 0);
361834;2020-09-09 15:57:00;AVENIDA JOSE BASTOS, 4699;, ; 4699;;;Queda;Luz do Dia;;;Meio de Quadra;;Longo da via;0;1;0;1;0;0;0;0;0;0;0;0;0;(-38.559071 -3.757183);
360391;2020-09-09 15:40:00;RUA DR CARLOS R PAMPLONA, ;, ; ;;;Atropelamento;Luz do Dia;Bom;Seca;;;Longo da via;0;1;1;0;0;0;0;1;0;0;0;0;0;(0 0);
361833;2020-09-09 14:31:00;RUA COSTA SOUZA, ;RUA MAL DEODORO, ; ;;;Colisão;Luz do Dia;;;T;;Cruzamento;0;1;1;1;1;0;0;0;0;0;0;0;0;(-38.537967 -3.746145);
361832;2020-09-09 12:49:00;RUA BETSAIDA D45, 664;, ; 664;;;Atropelamento;Luz do Dia;;;Meio de Quadra;;Longo da via;0;1;1;0;1;0;0;0;0;0;0;0;0;(0 0);
361830;2020-09-09 12:22:00;RUA DES PRAXEDES, 1344;, ; 1344;;;Colisão;Luz do Dia;;;Meio de Quadra;;Longo da via;0;1;1;1;1;0;0;0;0;0;0;0;0;(-38.54264 -3.76318);
361829;2020-09-09 12:14:00;RUA ANTONIO CORREIA LIMA, 1344;, ; 1344;;;Colisão;Luz do Dia;;;Meio de Quadra;;Longo da via;0;1;1;1;1;0;0;0;0;0;0;0;0;(-38.5423 -3.76358);
361825;2020-09-09 12:02:00;AVENIDA GODOFREDO MACIEL, 440;, ; 440;;;Queda;Luz do Dia;;;Meio de Quadra;;Longo da via;0;1;0;0;0;0;0;0;0;1;0;0;0;(-38.5648593 -3.78002139);
361824;2020-09-09 11:46:00;AVENIDA SEN FERNANDES TAVORA, ;, ; ;;;Colisão;Luz do Dia;;;Meio de Quadra;;Longo da via;0;2;0;0;0;0;0;0;0;0;0;0;0;(0 0);
360129;2020-09-09 11:08:00;RUA NAT FEIJO, 712;, ; 712;;;Não informado;Luz do Dia;Bom;Seca;Meio de Quadra;Não Há Controle;Longo da via;0;0;2;0;2;0;0;0;0;0;0;0;0;(-38.555364 -3.721706);
361823;2020-09-09 10:52:00;RUA EMILIO DE MENESES, 1517;, ; 1517;;;Colisão;Luz do Dia;;;Meio de Quadra;;Longo da via;0;2;0;1;1;0;0;0;0;0;0;0;0;(-38.594656 -3.779711);
361821;2020-09-09 10:34:00;RUA CON DE CASTRO, 1740;, ; 1740;;;Queda;Luz do Dia;;;Meio de Quadra;;Longo da via;0;1;0;1;0;0;0;0;0;0;0;0;0;(-38.574385 -3.786042);
360442;2020-09-09 10:00:00;AVENIDA DOM MANUEL, ;RUA BARBARA DE ALENCAR, ; ;;;Colisão;Luz do Dia;Bom;Material Derrapante;Cruz;Semáforo;Cruzamento;1;0;1;1;0;0;1;0;0;0;0;0;0;(-38.523262 -3.734972);