COD_ACIDENTE;DATA;LOG1;LOG2;NUMERO;BAIRRO;AMC;NATUREZA;ILUMINACAO;TEMPO;SUPERFICIEPISTA;TIPOCRUZAMENTO;CONTROLETRAFEGO;USOSOLO;MORTOS;FERIDOS;ILESOS;MOTOCICLETA;AUTOMOVEL;MICROONIBUS;CAMINHAO;ONIBUS;CICLOMOTOR;BICICLETA;OUTROS;TREM;TRACAOANIMAL;COORDENADAS
361820;2020-09-09 08:57:00;RUA CEL VIRGILIO NOGUEIRA (BOM JARDIM), 1002;, ; 1002;;;Colisão;Luz do Dia;;;Meio de Quadra;;Longo da via;0;2;0;0;0;0;0;0;0;0;0;0;0;(-38.6097017 -3.7911425);
360367;2020-09-09 08:30:00;AVENIDA JOSE BASTOS, 2576;, ; 2576;;;Colisão Traseira;Luz do Dia;Bom;Seca;Meio de Quadra;Semáforo;Longo da via;0;1;1;1;1;0;0;0;0;0;0;0;0;(-38.5437 -3.74295);
361818;2020-09-09 08:06:00;AVENIDA PRS CASTELO BRANCO, ;, ; ;;;Colisão;Luz do Dia;;;Meio de Quadra;;Longo da via;0;1;1;1;1;0;0;0;0;0;0;0;0;(0 0);
361817;2020-09-09 08:02:00;RD BR 116, ;, ; ;;;Colisão;Luz do Dia;;;Meio de Quadra;;Longo da via;0;1;1;2;0;0;0;0;0;0;0;0;0;(0 0);
360128;2020-09-09 07:32:00;AVENIDA FRANCISCO SA, 3190;, ; 3190;;;Colisão;Luz do Dia;Bom;Seca;Meio de Quadra;Não Há Controle;Longo da via;0;1;1;1;1;0;0;0;0;0;0;0;0;(-38.555342 -3.718081);
361811;2020-09-09 07:16:00;AVENIDA PRS COSTA E SILVA, ;, ; ;;;Colisão;Luz do Dia;;;Meio de Quadra;;Longo da via;0;2;1;1;1;0;0;0;0;0;0;0;0;(0 0);
361804;2020-09-09 07:07:00;AVENIDA ALBERTO CRAVEIRO, 2604;, ; 2604;;;Colisão;Luz do Dia;;;Meio de Quadra;;Longo da via;0;2;0;2;0;0;0;0;0;0;0;0;0;(-38.5212543 -3.80284468);
361800;2020-09-09 06:16:00;RUA PDE MORORO, ;RUA PEDRO I, ; ;;;Queda;Luz do Dia;;;Cruz;Pare;Cruzamento;0;1;0;1;0;0;0;0;0;0;0;0;0;(-38.53829 -3.728123);
361790;2020-09-09 06:04:00;RUA FRANCO ROCHA, 397;, ; 397;;;Queda;Luz do Dia;;;Meio de Quadra;;Longo da via;0;2;0;1;0;0;0;0;0;0;0;0;0;(-38.58007 -3.75507);
361788;2020-09-09 06:02:00;AVENIDA JOR JOAO RAMOS, 1060;, ; 1060;;;Queda;Luz do Dia;;;Meio de Quadra;;Longo da via;0;1;0;1;0;0;0;0;0;0;0;0;0;(-38.567308 -3.84347936);
360382;2020-09-09 06:00:00;AVENIDA AGUANAMBI, ;RUA MES ROSA, ; ;;;Queda;Luz do Dia;Bom;Material Derrapante;T;Outros;Cruzamento;0;2;0;1;0;0;0;0;0;0;0;0;0;(-38.52586 -3.7416286);
362828;2020-09-08 20:35:00;AVENIDA WASHINGTON SOARES, ;AVENIDA EDILSON B SOARES, ; ;;;Colisão;;;;Outros;Semáforo;Cruzamento;0;1;1;0;2;0;0;0;0;0;0;0;0;(-38.480489 -3.789444);
362138;2020-09-08 20:03:00;RUA ALM JACEGUAI, ;, ; ;;;Queda;;;;Meio de Quadra;;Longo da via;0;1;0;0;0;0;0;0;0;1;0;0;0;(0 0);
360307;2020-09-08 19:20:00;AVENIDA BORGES DE MELO, ;AVENIDA DOS EXPEDICIONARIOS, ; ;;;Colisão Lateral;Via Iluminada;Bom;Seca;Cruz;Semáforo;Cruzamento;0;2;0;0;2;0;0;0;0;0;0;0;0;(-38.537674 -3.753391);
362137;2020-09-08 18:56:00;AVENIDA PONTES VIEIRA, 84;, ; 84;;;Atropelamento;;;;Meio de Quadra;;Longo da via;0;1;0;0;1;0;0;0;0;0;0;0;0;(-38.519753 -3.753347);
360329;2020-09-08 18:30:00;AVENIDA PONTES VIEIRA, 81;, ; 81;;;Atropelamento;Via Iluminada;Bom;Seca;Meio de Quadra;;Longo da via;0;1;1;0;1;0;0;0;0;0;0;0;0;(-38.52148 -3.75357);
362136;2020-09-08 17:49:00;AVENIDA WASHINGTON SOARES, ;, ; ;;;Colisão;Anoitecer;;;Meio de Quadra;;Longo da via;0;2;0;1;1;0;0;0;0;0;0;0;0;(0 0);
362135;2020-09-08 17:13:00;AVENIDA PERIMETRAL, 3157;, ; 3157;;;Queda;Anoitecer;;;Meio de Quadra;;Longo da via;0;1;0;1;0;0;0;0;0;0;0;0;0;(0 0);
362134;2020-09-08 17:05:00;AVENIDA DES MOREIRA, ;AVENIDA PDE ANTONIO TOMAS, ; ;;;Colisão;Anoitecer;;;Cruz;Semáforo;Cruzamento;0;2;0;1;1;0;0;0;0;0;0;0;0;(-38.499616 -3.740161);
362133;2020-09-08 16:55:00;AVENIDA PRO JOSE ARTHUR CARVALHO, 1510;, ; 1510;;;Colisão;Luz do Dia;;;Meio de Quadra;;Longo da via;0;2;0;1;1;0;0;0;0;0;0;0;0;(-38.46575751 -3.82652183);
362132;2020-09-08 16:53:00;AVENIDA HILDEBRANDO DE MELO, ;RUA MARIA CLARA, ; ;;;Colisão;Luz do Dia;;;Cruz;Não Há Controle;Cruzamento;0;2;0;1;1;0;0;0;0;0;0;0;0;(-38.589234 -3.725093);
362131;2020-09-08 16:43:00;RUA EUGENIO GADELHA, ;RUA EDITE BRAGA, ; ;;;Queda;Luz do Dia;;;Cruz;Pare;Cruzamento;0;1;0;1;0;0;0;0;0;0;0;0;0;(-38.548426 -3.761638);
362130;2020-09-08 16:24:00;AVENIDA DR THEBERGE, 2410;, ; 2410;;;Colisão;Luz do Dia;;;Meio de Quadra;;Longo da via;0;2;0;1;1;0;0;0;0;0;0;0;0;(-38.567775 -3.723268);
362129;2020-09-08 16:17:00;AVENIDA EDILSON B SOARES, ;AVENIDA WASHINGTON SOARES, ; ;;;Colisão;Luz do Dia;;;Outros;Semáforo;Cruzamento;0;2;0;1;1;0;0;0;0;0;0;0;0;(-38.480489 -3.789444);
360127;2020-09-08 16:10:00;AVENIDA ABOLICAO, ;RUA JUVENCIO VASCONCELOS, ; ;;;Colisão Transversal;Luz do Dia;Bom;Seca;Cruz;Semáforo;Cruzamento;0;2;2;0;2;0;0;0;0;0;0;0;0;(-38.481815 -3.724048);
360719;2020-09-08 15:50:00;RD CE-040, ;, ; ;;;Colisão;Luz do Dia;;;Meio de Quadra;;Longo da via;0;1;2;0;2;0;0;0;0;0;0;0;0;(-38.47953463 -3.800595823);
362128;2020-09-08 15:36:00;RUA JOAQUIM NABUCO, 1208;, ; 1208;;;Queda;Luz do Dia;;;Meio de Quadra;;Longo da via;0;1;0;1;0;0;0;0;0;0;0;0;0;(-38.501453 -3.735784);
360125;2020-09-08 14:00:00;AVENIDA JOAO PESSOA, 6886;, ; 6886;;;Colisão Traseira;Luz do Dia;Bom;Seca;Meio de Quadra;Semáforo;Longo da via;0;2;0;1;1;0;0;0;0;0;0;0;0;(-38.561062 -3.770275);
362127;2020-09-08 13:54:00;RD BR 116, 3439;, ; 3439;;;Colisão;Luz do Dia;;;Meio de Quadra;;Longo da via;0;2;0;1;1;0;0;0;0;0;0;0;0;(-38.497727 -3.86467);
360126;2020-09-08 13:17:00;RUA CEL MATOS DOURADO, ;RUA RUI MONTE, ; ;;;Colisão Traseira;Luz do Dia;Bom;Seca;Outros;Pare;Cruzamento;0;0;2;0;2;0;0;0;0;0;0;0;0;(-38.584714 -3.749047);
362125;2020-09-08 12:46:00;AVENIDA PDE ANTONIO TOMAS, 605;, ; 605;;;Colisão;Luz do Dia;;;Meio de Quadra;;Longo da via;0;2;0;1;1;0;0;0;0;0;0;0;0;(-38.498006 -3.740697);
362123;2020-09-08 12:04:00;RUA PDE TEODORO (QUNTINO CUNHA), 512;, ; 512;;;Colisão;Luz do Dia;;;Meio de Quadra;;Longo da via;0;1;0;0;0;0;0;0;0;0;0;0;0;(0 0);
362121;2020-09-08 11:32:00;AVENIDA CEL CARVALHO, 1969;, ; 1969;;;Colisão;Luz do Dia;;;Meio de Quadra;;Longo da via;0;2;0;1;1;0;0;0;0;0;0;0;0;(-38.587306474 -3.71987);
362120;2020-09-08 11:09:00;RUA CON DE CASTRO, 1000;, ; 1000;;;Colisão;Luz do Dia;;;Meio de Quadra;;Longo da via;0;1;0;0;0;0;0;0;0;0;0;0;0;(-38.570588 -3.781914);
362119;2020-09-08 11:05:00;RUA CARLOS GONDIM, ;RUA PDE TEODORO (QUNTINO CUNHA), ; ;;;Colisão;Luz do Dia;;;Cruz;Não Há Controle;Cruzamento;0;2;0;1;1;0;0;0;0;0;0;0;0;(-38.58992 -3.721131);
360124;2020-09-08 10:00:00;RUA GERMANO FRANCK, 934;, ; 934;;;Não informado;Luz do Dia;Bom;Seca;Meio de Quadra;Não Há Controle;Longo da via;0;1;1;1;1;0;0;0;0;0;0;0;0;(-38.564554 -3.77939659);
362118;2020-09-08 08:49:00;AVENIDA AMERICO BARREIRA, 6510;, ; 6510;;;Atropelamento;Luz do Dia;;;Meio de Quadra;;Longo da via;0;1;0;1;0;0;0;0;0;0;0;0;0;(-38.56941 -3.76717);
360310;2020-09-08 08:30:00;RUA PRO LINO ENCARNACAO, ;RUA XAVIER DE OLIVEIRA, ; ;;;Não informado;Luz do Dia;Bom;;Cruz;Pare;Cruzamento;0;2;0;0;1;0;0;0;0;0;0;0;0;(-38.55946 -3.74705);
360123;2020-09-08 08:11:00;RUA MAJ PEDRO SAMPAIO, ;RUA PRO JOAO BOSCO, ; ;;;Colisão Transversal;Luz do Dia;Bom;Seca;Cruz;Pare;Cruzamento;0;2;0;1;1;0;0;0;0;0;0;0;0;(-38.54678 -3.73888);
360732;2020-09-08 08:10:00;AVENIDA SEN CARLOS JEREISSATI (AEROPORTO), ;, ; ;;;Colisão;Luz do Dia;;;Meio de Quadra;;Longo da via;0;0;2;0;2;0;0;0;0;0;0;0;0;(-38.550907 -3.77402);
360122;2020-09-08 08:03:00;RUA WALDIR DIOGO, 575;TRAVESSA WALDIR DIOGO, ; 575;;;Colisão Transversal;Luz do Dia;Bom;Seca;Cruz;Pare;Cruzamento;0;1;1;1;1;0;0;0;0;0;0;0;0;(-38.583096 -3.805728);
362116;2020-09-08 07:49:00;RUA ROBERTO GRADVOHL, 712;, ; 712;;;Colisão;Luz do Dia;;;Meio de Quadra;;Longo da via;0;2;0;1;1;0;0;0;0;0;0;0;0;(-38.47256 -3.80904);
362114;2020-09-08 05:21:00;RUA GERMANO FRANCK, 725;, ; 725;;;Queda;Amanhecer;;;Meio de Quadra;;Longo da via;0;1;0;1;0;0;0;0;0;0;0;0;0;(-38.56249 -3.77771);
362113;2020-09-08 04:17:00;RUA PRO LINO ENCARNACAO, 1302;, ; 1302;;;Colisão;;;;Meio de Quadra;;Longo da via;0;2;0;1;1;0;0;0;0;0;0;0;0;(-38.559461 -3.747053);
362112;2020-09-07 23:16:00;RUA DES PRAXEDES, 770;, ; 770;;;Colisão;;;;Meio de Quadra;;Longo da via;0;2;0;2;0;0;0;0;0;0;0;0;0;(-38.5474218 -3.76067722);
362111;2020-09-07 22:55:00;RUA PRO SILAS RIBEIRO, ;AVENIDA ALM HENRIQUE SABOIA, ; ;;;Colisão;;;;Cruz;Semáforo;Cruzamento;0;2;0;1;1;0;0;0;0;0;0;0;0;(-38.4849083 -3.7362582);
362108;2020-09-07 21:10:00;RUA BENTO LOUSADO, 180;, ; 180;;;Colisão;;;;Meio de Quadra;;Longo da via;0;2;0;2;0;0;0;0;0;0;0;0;0;(-38.5692966 -3.7655668);
362107;2020-09-07 20:59:00;TRAVESSA CAPIABA, 490;, ; 490;;;Atropelamento;;;;Meio de Quadra;;Longo da via;0;1;0;0;0;0;0;0;0;0;0;0;0;(-38.5736191 -3.75951018);
362105;2020-09-07 20:50:00;RUA ARI BARROSO, 202;, ; 202;;;Colisão;;;;Meio de Quadra;;Longo da via;0;2;0;0;2;0;0;0;0;0;0;0;0;(-38.5161 -3.77854);
362104;2020-09-07 20:20:00;AVENIDA CARAPINIMA, 2200;, ; 2200;;;Colisão;;;;Meio de Quadra;;Longo da via;0;2;0;0;1;0;0;0;0;1;0;0;0;(-38.5397075 -3.7394995);
362103;2020-09-07 20:09:00;RUA CIDADE ECOLOGICA, 120;, ; 120;;;Colisão;;;;Meio de Quadra;;Longo da via;0;2;0;1;1;0;0;0;0;0;0;0;0;(-38.47392 -3.77141);
362102;2020-09-07 19:27:00;AVENIDA FRE CIRILO, ;RUA FREDERICO SEVERO, ; ;;;Queda;;;;T;Pare;Cruzamento;0;1;0;1;0;0;0;0;0;0;0;0;0;(-38.496307 -3.81987);
362101;2020-09-07 18:34:00;AVENIDA PERIMETRAL, 1921;, ; 1921;;;Colisão;;;;Meio de Quadra;;Longo da via;0;2;0;1;1;0;0;0;0;0;0;0;0;(0 0);
362092;2020-09-07 18:14:00;RUA VIA LACTEA, 187;, ; 187;;;Colisão;Anoitecer;;;Meio de Quadra;;Longo da via;0;2;0;2;0;0;0;0;0;0;0;0;0;(-38.52934 -3.7627);
362091;2020-09-07 18:13:00;RUA GALILEU, ;RUA GOV JOAO CARLOS, ; ;;;Colisão;Anoitecer;;;Cruz;Pare;Cruzamento;0;2;0;1;1;0;0;0;0;0;0;0;0;(-38.55128 -3.7772);
362090;2020-09-07 18:06:00;RUA CON DE CASTRO, ;, ; ;;;Colisão;Anoitecer;;;Meio de Quadra;;Longo da via;0;2;0;1;1;0;0;0;0;0;0;0;0;(0 0);
360305;2020-09-07 18:00:00;RUA GALILEU, 315;, ; 315;;;Colisão;Anoitecer;Bom;Seca;Outros;Não Há Controle;Longo da via;0;1;1;1;1;0;0;0;0;0;0;0;0;(-38.551268 -3.777144);
362089;2020-09-07 17:58:00;TRAVESSA SATURNO, 150;, ; 150;;;Colisão;Anoitecer;;;Meio de Quadra;;Longo da via;0;2;0;2;0;0;0;0;0;0;0;0;0;(0 0);
362086;2020-09-07 17:54:00;RUA COM GARCIA, 1776;, ; 1776;;;Colisão;Anoitecer;;;Meio de Quadra;;Longo da via;0;2;0;1;1;0;0;0;0;0;0;0;0;(-38.5877698 -3.79821123);
362083;2020-09-07 17:33:00;AVENIDA OLIVEIRA PAIVA, ;, ; ;;;Colisão;Anoitecer;;;Meio de Quadra;;Longo da via;0;1;0;0;0;0;0;0;0;0;1;0;0;(0 0);
360121;2020-09-07 17:25:00;AVENIDA OLIVEIRA PAIVA, 550;, ; 550;;;Choque c/ Obstáculo Fixo;Anoitecer;Bom;Seca;Meio de Quadra;Não Há Controle;Longo da via;0;1;0;0;1;0;0;0;0;0;0;0;0;(-38.49998 -3.79723);
362079;2020-09-07 17:09:00;AVENIDA PDE ANTONIO TOMAS, 135;, ; 135;;;Atropelamento;Anoitecer;;;Meio de Quadra;;Longo da via;0;1;0;0;0;0;0;0;0;0;0;0;0;(-38.5023544 -3.73929113);
362078;2020-09-07 15:35:00;AVENIDA SEN FERNANDES TAVORA, 104;, ; 104;;;Queda;Luz do Dia;;;Meio de Quadra;;Longo da via;0;1;0;1;0;0;0;0;0;0;0;0;0;(-38.5734058 -3.7672496);
362077;2020-09-07 15:27:00;RUA SAO MIGUEL D60, 68;, ; 68;;;Colisão;Luz do Dia;;;Meio de Quadra;;Longo da via;0;2;0;1;1;0;0;0;0;0;0;0;0;(0 0);
362076;2020-09-07 15:19:00;RUA 1018 CJ CEARA, ;, ; ;;;Atropelamento;Luz do Dia;;;Meio de Quadra;;Longo da via;0;1;0;0;1;0;0;0;0;0;0;0;0;(0 0);
362075;2020-09-07 14:12:00;RUA DIOGO CORREIA, 486;, ; 486;;;Queda;Luz do Dia;;;Meio de Quadra;;Longo da via;0;1;0;1;0;0;0;0;0;0;0;0;0;(-38.590656 -3.769829);
360118;2020-09-07 13:58:00;AVENIDA CESAR CALS, 619;, ; 619;;;Colisão Traseira;Luz do Dia;Bom;Seca;Meio de Quadra;Não Há Controle;Longo da via;0;0;2;0;2;0;0;0;0;0;0;0;0;(-38.4631207 -3.72364213);
360120;2020-09-07 13:44:00;AVENIDA CARAPINIMA, ;AVENIDA 13 DE MAIO, ; ;;;Colisão Lateral;Luz do Dia;Bom;Seca;Cruz;Semáforo;Cruzamento;0;1;1;1;1;0;0;0;0;0;0;0;0;(-38.540239 -3.740001);
362074;2020-09-07 13:37:00;AVENIDA PRO JOSE ARTHUR CARVALHO, 461;, ; 461;;;Queda;Luz do Dia;;;Meio de Quadra;;Longo da via;0;1;0;1;0;0;0;0;0;0;0;0;0;(-38.476202 -3.825964);
362072;2020-09-07 13:10:00;RUA BERNARDO MANUEL, 9950;, ; 9950;;;Queda;Luz do Dia;;;Meio de Quadra;;Longo da via;0;1;0;1;0;0;0;0;0;0;0;0;0;(-38.553081 -3.80427872);
360119;2020-09-07 13:10:00;AVENIDA BERNARDO MANUEL, 9950;, ; 9950;;;Queda;Luz do Dia;Bom;Seca;Meio de Quadra;Não Há Controle;Longo da via;0;1;0;1;0;0;0;0;0;0;0;0;0;(-38.56058 -3.82963);
362073;2020-09-07 13:10:00;RUA PORTO VELHO, 1127;, ; 1127;;;Atropelamento;Luz do Dia;;;Meio de Quadra;;Longo da via;0;1;0;0;0;0;1;0;0;0;0;0;0;(-38.5902489 -3.7642257);
362059;2020-09-07 13:02:00;RUA DIOGO CORREIA, 510;, ; 510;;;Queda;Luz do Dia;;;Meio de Quadra;;Longo da via;0;2;0;1;0;0;0;0;0;0;0;0;0;(-38.5906625 -3.769819);
362047;2020-09-07 11:28:00;AVENIDA BENJAMIM BRASIL, 1094;, ; 1094;;;Colisão;Luz do Dia;;;Meio de Quadra;;Longo da via;0;2;0;1;1;0;0;0;0;0;0;0;0;(-38.5645775 -3.805645);
362046;2020-09-07 11:24:00;RD BR 116, ;, ; ;;;Colisão;Luz do Dia;;Seca;Meio de Quadra;;Longo da via;0;1;1;1;1;0;0;0;0;0;0;0;0;(-38.518702 -3.762554);
362045;2020-09-07 10:24:00;RUA CEL MATOS DOURADO, 256;, ; 256;;;Atropelamento;Luz do Dia;;;Meio de Quadra;;Longo da via;0;1;0;0;1;0;0;0;0;0;0;0;0;(-38.58521 -3.740923);
360116;2020-09-07 09:42:00;AVENIDA DUQ CAXIAS, ;RUA VINTE E QUATRO DE MAIO, ; ;;;Colisão Transversal;Luz do Dia;Bom;Seca;Cruz;Semáforo;Cruzamento;0;1;1;0;1;0;0;1;0;0;0;0;0;(-38.53323 -3.730708);
360115;2020-09-07 09:32:00;AVENIDA EDILSON B SOARES, 2670;, ; 2670;;;Choque c/ Obstáculo Fixo;Luz do Dia;Bom;Seca;Meio de Quadra;Não Há Controle;Longo da via;0;1;0;0;1;0;0;0;0;0;0;0;0;(-38.46187 -3.787843);
362044;2020-09-07 05:18:00;AVENIDA GAL OSORIO DE PAIVA, 7830;, ; 7830;;;Colisão;Amanhecer;;;Meio de Quadra;;Longo da via;0;1;0;0;0;0;0;0;0;0;1;0;0;(-38.61743062 -3.820573284);
362043;2020-09-07 05:04:00;RUA MANUEL CASTELO BRANCO, ;, ; ;;;Colisão;Amanhecer;;;Meio de Quadra;;Longo da via;0;2;0;1;1;0;0;0;0;0;0;0;0;(0 0);
362042;2020-09-07 04:14:00;RUA LUIS VIEIRA, 723;, ; 723;;;Colisão;;;;Meio de Quadra;;Longo da via;0;1;0;0;0;0;0;0;0;0;0;0;0;(0 0);
362041;2020-09-07 03:15:00;AVENIDA GODOFREDO MACIEL, 2160;, ; 2160;;;Queda;;;;Meio de Quadra;;Longo da via;0;1;0;1;0;0;0;0;0;0;0;0;0;(-38.569330565 -3.794617174);
362040;2020-09-07 01:46:00;AVENIDA 1 CANINDEZINHO, 685;, ; 685;;;Queda;;;;Meio de Quadra;;Longo da via;0;2;0;1;0;0;0;0;0;0;0;0;0;(0 0);
362039;2020-09-07 00:03:00;AVENIDA SEN CARLOS JEREISSATI (AEROPORTO), ;, ; ;;;Queda;;;;Meio de Quadra;;Longo da via;0;1;0;0;0;0;0;0;0;1;0;0;0;(0 0);
362827;2020-09-06 23:21:00;AVENIDA JOR THOMAZ COELHO, 1478;, ; 1478;;;Colisão;;;;Meio de Quadra;;Longo da via;0;2;0;1;0;0;0;0;0;0;0;0;0;(-38.5083163 -3.83011784);
362038;2020-09-06 23:03:00;AVENIDA I CJ CEARA, ;, ; ;;;Colisão;;;;Meio de Quadra;;Longo da via;0;2;0;0;2;0;0;0;0;0;0;0;0;(0 0);
362037;2020-09-06 22:17:00;RUA ANDRADE FURTADO, 1300;, ; 1300;;;Queda;;;;Meio de Quadra;;Longo da via;0;1;0;1;0;0;0;0;0;0;0;0;0;(-38.47713 -3.746563);
362036;2020-09-06 21:41:00;RUA EDUARDO SABOIA, 189;, ; 189;;;Colisão;;;;Meio de Quadra;;Longo da via;0;1;0;0;1;0;0;0;0;0;0;0;0;(-38.48353 -3.73582);
362035;2020-09-06 21:19:00;RUA ANTONIO NERY, ;RUA RISO DO PRADO, ; ;;;Atropelamento;;;;Cruz;Não Há Controle;Cruzamento;0;1;0;0;0;0;0;0;0;0;0;0;0;(-38.59905 -3.77395);
360735;2020-09-06 21:10:00;RD CE-040, ;, ; ;;;Colisão;;;;Meio de Quadra;;Longo da via;0;1;1;1;1;0;0;0;0;0;0;0;0;(-38.47606989 -3.84962623);
362032;2020-09-06 20:53:00;AVENIDA WASHINGTON SOARES, 7600;, ; 7600;;;Colisão;;;;Meio de Quadra;;Longo da via;0;2;0;0;0;0;0;0;0;0;0;0;0;(-38.481398 -3.820456);
362030;2020-09-06 20:04:00;RD BR 116, 469;, ; 469;;;Queda;;;;Meio de Quadra;;Longo da via;0;1;0;1;0;0;0;0;0;0;0;0;0;(-38.514372 -3.779838);
362028;2020-09-06 19:53:00;AVENIDA FRANCISCO SA, 6088;, ; 6088;;;Colisão;;;;Meio de Quadra;;Longo da via;0;1;0;0;0;0;0;0;0;0;0;0;0;(-38.5788415 -3.710034);
360285;2020-09-06 19:00:00;RUA PRO JOAQUIM ANTONIO, ;RUA BAR CRATO, ; ;;;Colisão Transversal;Via Iluminada;Bom;Seca;Cruz;Não Há Controle;Cruzamento;0;1;1;1;1;0;0;0;0;0;0;0;0;(-38.565243 -3.722755);
362011;2020-09-06 18:46:00;AVENIDA MR HULL, 541;, ; 541;;;Colisão;;;;Meio de Quadra;;Longo da via;0;2;0;1;1;0;0;0;0;0;0;0;0;(-38.56939 -3.73682);
360298;2020-09-06 18:40:00;RUA JAIME BENEVOLO, ;RUA METON DE ALENCAR, ; ;;;Colisão Frontal;;;;Cruz;Semáforo;Cruzamento;0;2;0;1;1;0;0;0;0;0;0;0;0;(-38.526349 -3.735065);
362009;2020-09-06 17:17:00;RUA JOAQUIM ALVES, 216;, ; 216;;;Colisão;Anoitecer;;;Meio de Quadra;;Longo da via;0;2;0;1;1;0;0;0;0;0;0;0;0;(-38.5116258 -3.722781);
362004;2020-09-06 16:11:00;RUA ALBERTO MAGNO, ;RUA ALVARO FERNANDES, ; ;;;Colisão;Luz do Dia;;;Cruz;Semáforo;Cruzamento;0;2;0;1;1;0;0;0;0;0;0;0;0;(-38.549422 -3.764244);
362001;2020-09-06 16:05:00;AVENIDA SGT HERMINIO SAMPAIO, 3485;, ; 3485;;;Colisão;Luz do Dia;;;Meio de Quadra;;Longo da via;0;2;0;1;1;0;0;0;0;0;0;0;0;(-38.571759 -3.72854);
361999;2020-09-06 15:22:00;RUA TRES CORACOES, ;RUA NOVA CONQUISTA (BONSUCESSO), ; ;;;Colisão;Luz do Dia;;;;;Cruzamento;0;3;0;2;0;0;0;0;0;0;0;0;0;(-38.61144 -3.79188);
361998;2020-09-06 13:14:00;AVENIDA JOVITA FEITOSA, ;, ; ;;;Colisão;Luz do Dia;;;Meio de Quadra;;Longo da via;0;2;0;1;1;0;0;0;0;0;0;0;0;(0 0);
360299;2020-09-06 13:00:00;RUA CEL FABRICIANO, 1480;, ; 1480;;;Colisão Lateral Sentido Oposto;Luz do Dia;Bom;Seca;Meio de Quadra;Não Há Controle;Longo da via;0;1;1;1;1;0;0;0;0;0;0;0;0;(-38.6051387 -3.78351645);
360303;2020-09-06 13:00:00;RUA MAL DEODORO, ;RUA PDE MIGUELINHO, ; ;;;Colisão Lateral Sentido Oposto;Luz do Dia;Bom;Seca;Cruz;Pare;Cruzamento;0;1;1;1;1;0;0;0;0;0;0;0;0;(-38.535963 -3.74172);
361996;2020-09-06 12:43:00;AVENIDA 13 DE MAIO, ;AVENIDA JOSE JATAHY, ; ;;;Colisão;Luz do Dia;;;;;Cruzamento;0;2;0;1;1;0;0;0;0;0;0;0;0;(-38.54374 -3.73723);
360114;2020-09-06 09:39:00;AVENIDA MAJ ASSIS, ;RUA ANTONIO ARRUDA, ; ;;;Não informado;Não Informado;Bom;Não informado;Cruz;Gesto;Cruzamento;0;1;0;0;1;0;0;0;0;0;0;0;0;(-38.594566 -3.722056);
361977;2020-09-06 09:07:00;RUA SGT JOAO PINHEIRO, 791;, ; 791;;;Atropelamento;Luz do Dia;;;Meio de Quadra;;Longo da via;0;1;0;0;1;0;0;0;0;0;0;0;0;(-38.62279 -3.782863);
361976;2020-09-06 08:13:00;AVENIDA MAJ ASSIS, 1678;, ; 1678;;;Colisão;Luz do Dia;;;Meio de Quadra;;Longo da via;0;2;0;1;1;0;0;0;0;0;0;0;0;(-38.594381 -3.722105);
361975;2020-09-06 08:08:00;RUA EDUARDO ARAUJO, 2109;, ; 2109;;;Atropelamento;Luz do Dia;;;Meio de Quadra;;Longo da via;0;1;0;0;0;0;0;0;0;0;0;0;0;(-38.59792 -3.81746);
361967;2020-09-06 05:24:00;RUA TRES MARIAS, 972;, ; 972;;;Queda;Amanhecer;;;Meio de Quadra;;Longo da via;0;1;0;1;0;0;0;0;0;0;0;0;0;(-38.43625 -3.80187);
361965;2020-09-06 03:25:00;AVENIDA I CJ CEARA, 1417;, ; 1417;;;Choque c/ Obstáculo Fixo;;;;;;Longo da via;0;1;0;0;1;0;0;0;0;0;0;0;0;(-38.6000938 -3.77309213);
361964;2020-09-06 02:15:00;RD BR 116, ;, ; ;;;Queda;;;;Meio de Quadra;;Longo da via;0;1;0;1;0;0;0;0;0;0;0;0;0;(0 0);
361961;2020-09-06 00:48:00;AVENIDA C CJ CEARA, ;AVENIDA F CJ CEARA, ; ;;;Colisão;;;;Rotatória;Dê Preferência;Cruzamento;0;2;0;2;0;0;0;0;0;0;0;0;0;(-38.60821 -3.76321);
362180;2020-09-06 00:15:00;RD BR 020, ;, ; ;;;Choque c/ Obstáculo Fixo;;;Seca;Meio de Quadra;;Longo da via;0;1;0;1;0;0;0;0;0;0;0;0;0;(-38.507 -3.869);
360293;2020-09-06 00:02:00;AVENIDA SGT HERMINIO SAMPAIO, 4333;, ; 4333;;;Colisão Frontal;Via Iluminada;Bom;Seca;Meio de Quadra;Não Há Controle;Longo da via;1;0;1;1;1;0;0;0;0;0;0;0;0;(-38.578925 -3.73138393);
361960;2020-09-05 23:22:00;AVENIDA LINEU MACHADO, 750;, ; 750;;;Queda;;;;Meio de Quadra;;Longo da via;0;1;0;1;0;0;0;0;0;0;0;0;0;(-38.577248 -3.766567);
361958;2020-09-05 21:02:00;AVENIDA M CJ JOSE WALTER, 431;, ; 431;;;Queda;;;;Meio de Quadra;;Longo da via;0;1;0;0;0;0;0;0;0;1;0;0;0;(0 0);
361957;2020-09-05 20:57:00;RUA PRO ARAUJO, 150;, ; 150;;;Colisão;;;;Meio de Quadra;;Longo da via;0;1;0;0;0;0;0;0;0;0;1;0;0;(0 0);