COD_ACIDENTE;DATA;LOG1;LOG2;NUMERO;BAIRRO;AMC;NATUREZA;ILUMINACAO;TEMPO;SUPERFICIEPISTA;TIPOCRUZAMENTO;CONTROLETRAFEGO;USOSOLO;MORTOS;FERIDOS;ILESOS;MOTOCICLETA;AUTOMOVEL;MICROONIBUS;CAMINHAO;ONIBUS;CICLOMOTOR;BICICLETA;OUTROS;TREM;TRACAOANIMAL;COORDENADAS
361954;2020-09-05 20:38:00;AVENIDA AUGUSTO DOS ANJOS, 240;, ; 240;;;Colisão;;;;Meio de Quadra;;Longo da via;0;2;0;1;1;0;0;0;0;0;0;0;0;(-38.57106657 -3.771213652);
360113;2020-09-05 20:10:00;RUA 06 UI 209, ;RUA 07 UI 509, ; ;;;Colisão Lateral;Anoitecer;Bom;Seca;Meio de Quadra;Não Há Controle;Cruzamento;0;2;0;0;0;0;0;0;0;0;0;0;0;(0 0);
360112;2020-09-05 20:03:00;RUA SILVEIRA FILHO, 762;, ; 762;;;Colisão;Via Iluminada;Bom;Seca;Meio de Quadra;Não Há Controle;Longo da via;0;0;2;0;2;0;0;0;0;0;0;0;0;(-38.576125 -3.77073003);
361953;2020-09-05 19:52:00;RD BR 116, 12000;, ; 12000;;;Colisão;;;Seca;Meio de Quadra;;Longo da via;0;2;0;1;0;0;0;0;0;1;0;0;0;(-38.496066 -3.85574);
361952;2020-09-05 19:29:00;RUA EDUARDO PERDIGAO, ;, ; ;;;Queda;;;;Meio de Quadra;;Longo da via;0;1;0;1;0;0;0;0;0;0;0;0;0;(0 0);
361951;2020-09-05 18:45:00;RUA MIRTES CORDEIRO, 1829;, ; 1829;;;Colisão;;;;Meio de Quadra;;Longo da via;0;2;0;1;1;0;0;0;0;0;0;0;0;(-38.60716 -3.78644);
361937;2020-09-05 18:42:00;RUA BOLEVAR, 48;, ; 48;;;Colisão;Anoitecer;;;Meio de Quadra;;Longo da via;0;1;0;0;0;0;0;0;0;0;0;0;0;(-38.5546594 -3.81424004);
361936;2020-09-05 17:51:00;AVENIDA 13 DE MAIO, ;RUA MON OTAVIO CASTRO, ; ;;;Atropelamento;Anoitecer;;;T;Não Há Controle;Cruzamento;0;1;0;0;1;0;0;0;0;0;0;0;0;(-38.526154 -3.7522688);
361935;2020-09-05 17:15:00;AVENIDA PENETRACAO NORTE 71, 160;, ; 160;;;Colisão;Anoitecer;;;Meio de Quadra;;Longo da via;0;2;0;1;1;0;0;0;0;0;0;0;0;(-38.58626 -3.81514);
361934;2020-09-05 16:50:00;AVENIDA WASHINGTON SOARES, 7039;, ; 7039;;;Atropelamento;Luz do Dia;;;Meio de Quadra;;Longo da via;0;1;0;0;1;0;0;0;0;0;0;0;0;(-38.48306 -3.818514);
360111;2020-09-05 16:37:00;RUA AZEVEDO BOLAO, ;RUA PEDRO DE QUEIROZ, ; ;;;Colisão Transversal;Luz do Dia;Bom;Seca;Cruz;Gesto;Cruzamento;0;4;1;1;1;0;0;0;0;0;0;0;0;(-38.560344 -3.7372);
360739;2020-09-05 16:30:00;RD CE-040, ;, ; ;;;Atropelamento;Luz do Dia;;;Meio de Quadra;;Longo da via;0;1;1;0;1;0;0;0;0;0;0;0;0;(-38.48246582 -3.834450897);
361932;2020-09-05 16:25:00;AVENIDA OLIVEIRA PAIVA, 2163;, ; 2163;;;Queda;Luz do Dia;;;Meio de Quadra;;Longo da via;0;1;0;0;0;0;0;0;0;1;0;0;0;(-38.486808 -3.796297);
361931;2020-09-05 15:14:00;AVENIDA BEZERRA DE MENEZES, ;, ; ;;;Queda;Luz do Dia;;;Meio de Quadra;;Longo da via;0;1;0;1;0;0;0;0;0;0;0;0;0;(0 0);
361930;2020-09-05 14:59:00;AVENIDA CONTORNO SUL, 391;, ; 391;;;Queda;Luz do Dia;;;Meio de Quadra;;Longo da via;0;1;0;0;0;0;0;0;0;1;0;0;0;(-38.5172266 -3.83554052);
361905;2020-09-05 14:42:00;AVENIDA PERIMETRAL, 2230;, ; 2230;;;Colisão;Luz do Dia;;;Meio de Quadra;;Longo da via;0;2;0;1;1;0;0;0;0;0;0;0;0;(0 0);
360110;2020-09-05 14:05:00;RUA ADEMAR PAULA, ;AVENIDA ALBERTO CRAVEIRO, ; ;;;Colisão Traseira;Luz do Dia;Bom;Seca;Cruz;Pare;Cruzamento;0;1;1;1;1;0;0;0;0;0;0;0;0;(-38.519844 -3.8013215);
361904;2020-09-05 13:09:00;RUA DUAS NACOES, 1129;, ; 1129;;;Colisão;Luz do Dia;;;Meio de Quadra;;Longo da via;0;2;0;1;1;0;0;0;0;0;0;0;0;(-38.603382 -3.781768);
361902;2020-09-05 12:57:00;AVENIDA ALBERTO CRAVEIRO, 2505;, ; 2505;;;Colisão;Luz do Dia;;;Meio de Quadra;;Longo da via;0;2;0;1;1;0;0;0;0;0;0;0;0;(-38.520707 -3.80217);
361901;2020-09-05 12:45:00;RUA BRAGANCA, 1094;, ; 1094;;;Queda;Luz do Dia;;;Meio de Quadra;;Longo da via;0;1;0;0;0;0;0;0;0;1;0;0;0;(-38.597461 -3.784181);
361899;2020-09-05 12:39:00;RD BR 116, ;, ; ;;;Colisão;Luz do Dia;;Seca;Meio de Quadra;;Longo da via;0;2;1;1;0;0;0;1;0;0;0;0;0;(0 0);
360281;2020-09-05 11:30:00;AVENIDA BEZERRA DE MENEZES, 71;, ; 71;;;Colisão Transversal;Luz do Dia;Bom;Seca;Meio de Quadra;Não Há Controle;Longo da via;1;0;1;1;0;0;0;1;0;0;0;0;0;(-38.544947 -3.731607);
360109;2020-09-05 10:57:00;AVENIDA ALM TAMANDARE, ;RUA PESSOA ANTA, ; ;;;Colisão Transversal;Luz do Dia;Bom;Seca;T;Pare;Cruzamento;0;2;0;1;1;0;0;0;0;0;0;0;0;(-38.519885 -3.720821);
361897;2020-09-05 10:32:00;RUA BERNARDO MANUEL, 11173;, ; 11173;;;Colisão;Luz do Dia;;;Meio de Quadra;;Longo da via;0;2;0;1;1;0;0;0;0;0;0;0;0;(-38.5570677 -3.81728364);
361895;2020-09-05 10:16:00;RUA MANUEL CASTELO BRANCO, ;RUA ANTONIO BARROS, ; ;;;Colisão;Luz do Dia;;;Cruz;Pare;Cruzamento;0;2;0;1;1;0;0;0;0;0;0;0;0;(-38.489296 -3.832632);
360736;2020-09-05 10:00:00;RD CE-060, 6348;, ; 6348;;;Colisão;Luz do Dia;;;Meio de Quadra;;Longo da via;0;1;1;0;1;0;0;0;1;0;0;0;0;(-38.582111 -3.834064);
361879;2020-09-05 09:46:00;RUA TULIPA, 150;, ; 150;;;Colisão;Luz do Dia;;;Meio de Quadra;;Longo da via;0;2;0;0;0;0;0;0;0;0;0;0;0;(-38.5906608 -3.8242046);
361878;2020-09-05 09:43:00;RUA MARIA JULIA, ;RUA MIRTES CORDEIRO, ; ;;;Colisão;Luz do Dia;;;Cruz;Pare;Cruzamento;0;2;0;0;1;0;0;0;0;1;0;0;0;(-38.598846 -3.789049);
360108;2020-09-05 08:34:00;RUA METON DE ALENCAR, ;RUA VINTE E QUATRO DE MAIO, ; ;;;Colisão Transversal;Luz do Dia;Bom;Seca;Cruz;Pare;Cruzamento;0;2;0;0;2;0;0;0;0;0;0;0;0;(-38.533848 -3.732626);
360282;2020-09-05 08:30:00;AVENIDA PONTES VIEIRA, ;AVENIDA BAR STUDART, ; ;;;Colisão Transversal;Luz do Dia;Bom;Seca;T;Semáforo;Cruzamento;0;1;1;1;1;0;0;0;0;0;0;0;0;(-38.51273 -3.7527115);
361877;2020-09-05 08:06:00;AVENIDA PRS COSTA E SILVA, 691;, ; 691;;;Colisão;Luz do Dia;;;Meio de Quadra;;Longo da via;0;2;0;0;2;0;0;0;0;0;0;0;0;(-38.573703 -3.812167);
360107;2020-09-05 00:45:00;AVENIDA GOV RAUL BARBOSA, 6686;, ; 6686;;;Choque c/ Obstáculo Fixo;Mal Iluminada;Bom;Seca;Meio de Quadra;Não Há Controle;Longo da via;0;1;1;0;2;0;0;0;0;0;0;0;0;(-38.512483 -3.772728);
360279;2020-09-04 21:40:00;RUA PEREIRA VALENTE, ;, ; ;;;Colisão;Via Iluminada;Bom;;Meio de Quadra;;Longo da via;0;2;0;1;1;0;0;0;0;0;0;0;0;(0 0);
361876;2020-09-04 21:30:00;RUA OSVALDO CRUZ, 620;, ; 620;;;Colisão;;;;Meio de Quadra;;Longo da via;0;2;0;1;1;0;0;0;0;0;0;0;0;(-38.49893 -3.7313);
361875;2020-09-04 20:08:00;RUA PIN ANTONIO BANDEIRA, 1234;, ; 1234;;;Queda;;;;Meio de Quadra;;Longo da via;0;1;0;1;0;0;0;0;0;0;0;0;0;(-38.45899 -3.73466);
361874;2020-09-04 19:03:00;RUA JORGE DUMAR, 1714;, ; 1714;;;Choque c/ Obstáculo Fixo;;;;Meio de Quadra;;Longo da via;0;2;0;1;1;0;0;0;0;0;0;0;0;(-38.5390377 -3.75124035);
361871;2020-09-04 18:37:00;AVENIDA DIOGUINHO, 1301;, ; 1301;;;Colisão;;;;Meio de Quadra;;Longo da via;0;1;1;0;1;0;0;0;0;1;0;0;0;(-38.46511 -3.71953);
361854;2020-09-04 18:02:00;RUA BERNARDO MANUEL, 8600;, ; 8600;;;Colisão;Anoitecer;;;Meio de Quadra;;Longo da via;0;2;0;1;1;0;0;0;0;0;0;0;0;(-38.55037 -3.795274);
361849;2020-09-04 17:20:00;RUA FRANCISCO MACHADO, 212;, ; 212;;;Colisão;Anoitecer;;;Meio de Quadra;;Longo da via;0;1;0;0;0;0;0;0;0;0;0;0;0;(-38.60645 -3.80678);
361848;2020-09-04 17:01:00;RUA BERNARDO MANUEL, 1632;, ; 1632;;;Colisão;Anoitecer;;;Meio de Quadra;;Longo da via;0;1;0;0;0;0;0;0;0;0;1;0;0;(0 0);
361847;2020-09-04 16:39:00;AVENIDA PONTES VIEIRA, ;RUA PRO CARVALHO, ; ;;;Colisão;Luz do Dia;;;Cruz;Semáforo;Cruzamento;0;1;0;0;0;0;0;0;0;0;1;0;0;(-38.514949 -3.75289);
361850;2020-09-04 16:00:00;AVENIDA VIS RIO BRANCO, 4000;, ; 4000;;;Atropelamento;Luz do Dia;;;Meio de Quadra;;Longo da via;1;0;1;0;1;0;0;0;0;0;0;0;0;(-38.520075 -3.755643);
361846;2020-09-04 15:34:00;AVENIDA SORIANO ALBUQUERQUE, ;RUA JOAO CORDEIRO, ; ;;;Colisão;Luz do Dia;;;Cruz;Pare;Cruzamento;0;2;0;1;1;0;0;0;0;0;0;0;0;(-38.519458 -3.747871);
361845;2020-09-04 15:21:00;AVENIDA ENG HUMBERTO MONTE, 1692;, ; 1692;;;Colisão;Luz do Dia;;;Meio de Quadra;;Longo da via;0;1;0;0;0;0;0;0;0;0;1;0;0;(-38.563123 -3.745968);
361843;2020-09-04 14:51:00;AVENIDA BENJAMIM BRASIL, 1685;, ; 1685;;;Colisão;Luz do Dia;;;;;Longo da via;0;1;1;1;1;0;0;0;0;0;0;0;0;(-38.56081148 -3.807078933);
361842;2020-09-04 14:16:00;AVENIDA PDE ANTONIO TOMAS, 3433;, ; 3433;;;Colisão;Luz do Dia;;;Meio de Quadra;;Longo da via;0;2;0;1;1;0;0;0;0;0;0;0;0;(-38.481221 -3.746133);
361841;2020-09-04 13:56:00;AVENIDA GAL OSORIO DE PAIVA, ;, ; ;;;Queda;Luz do Dia;;;Meio de Quadra;;Longo da via;0;1;0;1;0;0;0;0;0;0;0;0;0;(0 0);
361840;2020-09-04 13:55:00;RUA CEL TIBURCIO, ;, ; ;;;Queda;Luz do Dia;;;Meio de Quadra;;Longo da via;0;1;0;1;0;0;0;0;0;0;0;0;0;(0 0);
361839;2020-09-04 13:33:00;RUA JOSE TORRES, 1194;, ; 1194;;;Colisão;Luz do Dia;;;Meio de Quadra;;Longo da via;0;2;0;1;1;0;0;0;0;0;0;0;0;(-38.6076952 -3.78150233);
361838;2020-09-04 12:26:00;RUA AGAPITO DOS SANTOS, ;RUA PEDRO I, ; ;;;Colisão;Luz do Dia;;;Cruz;Pare;Cruzamento;0;1;0;0;0;0;0;0;0;0;1;0;0;(-38.539337 -3.727789);
361837;2020-09-04 11:44:00;AVENIDA SEN CARLOS JEREISSATI (AEROPORTO), ;, ; ;;;Colisão;Luz do Dia;;;Meio de Quadra;;Longo da via;0;2;0;1;1;0;0;0;0;0;0;0;0;(-38.539565 -3.781003);
361826;2020-09-04 11:36:00;AVENIDA AMERICO BARREIRA, 5355;, ; 5355;;;Colisão;Luz do Dia;;;Meio de Quadra;;Longo da via;0;2;0;1;1;0;0;0;0;0;0;0;0;(-38.563564 -3.7588696);
360105;2020-09-04 10:27:00;RUA CARLOS VASCONCELOS, ;RUA BARBARA DE ALENCAR, ; ;;;Não informado;Luz do Dia;Bom;Seca;Cruz;Pare;Cruzamento;0;2;0;0;2;0;0;0;0;0;0;0;0;(-38.512554 -3.738523);
360104;2020-09-04 10:05:00;AVENIDA DUQ CAXIAS, ;AVENIDA VIS RIO BRANCO, ; ;;;Colisão Traseira;Luz do Dia;Bom;Seca;Cruz;Semáforo;Cruzamento;0;0;2;0;2;0;0;0;0;0;0;0;0;(-38.524603 -3.733481);
362188;2020-09-04 09:40:00;RD BR 116, ;, ; ;;;Colisão Lateral;Luz do Dia;;Seca;Meio de Quadra;;Longo da via;0;1;1;0;1;0;1;0;0;0;0;0;0;(-38.497176 -3.84716);
360106;2020-09-04 09:35:00;AVENIDA RUI BARBOSA, 1341;, ; 1341;;;Colisão Lateral;Luz do Dia;Bom;Seca;Meio de Quadra;Semáforo;Longo da via;0;1;2;1;2;0;0;0;0;0;0;0;0;(-38.5090333 -3.73480611);
361815;2020-09-04 09:26:00;RUA POMPILIO GOMES, 260;, ; 260;;;Colisão;Luz do Dia;;;Meio de Quadra;;Longo da via;0;2;0;2;0;0;0;0;0;0;0;0;0;(-38.5205031 -3.8128123);
361805;2020-09-04 08:10:00;AVENIDA CARNEIRO DE MENDONCA, ;AVENIDA JOSE BASTOS, ; ;;;Queda;Luz do Dia;;;Cruz;Semáforo;Cruzamento;0;1;0;0;0;0;0;0;0;1;0;0;0;(-38.566759 -3.764109);
361801;2020-09-04 05:58:00;RUA SAO PAULO, ;, ; ;;;Colisão;Amanhecer;;;Meio de Quadra;;Longo da via;0;2;0;1;1;0;0;0;0;0;0;0;0;(0 0);
360103;2020-09-04 01:40:00;AVENIDA JOR JOAO RAMOS, 1261;RUA DA ALEGRIA, ; 1261;;;Colisão Transversal;Via Iluminada;Bom;Seca;Meio de Quadra;Não Há Controle;Cruzamento;0;1;1;1;1;0;0;0;0;0;0;0;0;(-38.46291 -3.7611);
361799;2020-09-03 23:01:00;RUA 1159 CJ CEARA, 187;, ; 187;;;Atropelamento;;;;Meio de Quadra;;Longo da via;0;1;0;1;0;0;0;0;0;0;0;0;0;(-38.61026488 -3.762860326);
361798;2020-09-03 22:00:00;AVENIDA A CJ CEARA, ;AVENIDA D CJ CEARA, ; ;;;Colisão;;;;Cruz;Pare;Cruzamento;0;1;0;0;0;0;0;0;0;0;0;0;0;(-38.601152 -3.766922);
359835;2020-09-03 20:45:00;AVENIDA PRS CASTELO BRANCO, ;RUA FRANCISCO CALACA, ; ;;;Colisão Transversal;;Bom;;Cruz;Pare;Cruzamento;0;1;1;1;1;0;0;0;0;0;0;0;0;(-38.570498 -3.707642);
359899;2020-09-03 20:30:00;RUA PDE ANCHIETA, 1381;, ; 1381;;;Colisão;Via Iluminada;Nublado;Seca;Meio de Quadra;Pare;Longo da via;0;3;0;2;0;0;0;0;0;0;0;0;0;(-38.552208 -3.732433364);
361794;2020-09-03 20:18:00;AVENIDA DEP PAULINO ROCHA, 1690;, ; 1690;;;Colisão;;;;Meio de Quadra;;Longo da via;0;2;0;2;0;0;0;0;0;0;0;0;0;(-38.512129 -3.811796);
359829;2020-09-03 20:00:00;RUA JOSE B PARENTE D59, ;, ; ;;;Colisão Transversal;;;;Meio de Quadra;;Longo da via;0;2;0;1;1;0;0;0;0;0;0;0;0;(0 0);
361782;2020-09-03 18:54:00;RUA COM ESTACIO BRIGIDO, 2399;, ; 2399;;;Queda;;;;Meio de Quadra;;Longo da via;0;1;0;1;0;0;0;0;0;0;0;0;0;(-38.59148 -3.80293);
361781;2020-09-03 18:53:00;AVENIDA DOS EXPEDICIONARIOS, 4363;, ; 4363;;;Colisão;;;;Meio de Quadra;;Longo da via;0;2;0;1;1;0;0;0;0;0;0;0;0;(-38.538697 -3.75673);
360102;2020-09-03 18:05:00;AVENIDA GODOFREDO MACIEL, 3570;, ; 3570;;;Colisão Traseira;Via Iluminada;Bom;Seca;Meio de Quadra;Não Há Controle;Longo da via;0;1;1;0;1;0;0;1;0;0;0;0;0;(-38.573019 -3.806413);
361780;2020-09-03 17:44:00;AVENIDA AGUANAMBI, ;, ; ;;;Queda;Anoitecer;;;Meio de Quadra;;Longo da via;0;1;0;1;0;0;0;0;0;0;0;0;0;(-38.523246 -3.755262);
361770;2020-09-03 17:19:00;RUA CAP CLOVIS MAIA, ;, ; ;;;Colisão;Anoitecer;;;Meio de Quadra;;Longo da via;0;2;0;2;0;0;0;0;0;0;0;0;0;(0 0);
361769;2020-09-03 13:58:00;RD BR 116, ;, ; ;;;Colisão;Luz do Dia;;Seca;Meio de Quadra;;Longo da via;0;3;0;2;0;0;0;0;0;0;0;0;0;(0 0);
361768;2020-09-03 13:39:00;AVENIDA D CJ JOSE WALTER, 440;, ; 440;;;Atropelamento;Luz do Dia;;;Meio de Quadra;;Longo da via;0;1;0;0;1;0;0;0;0;0;0;0;0;(-38.5568677 -3.8312374);
361766;2020-09-03 12:57:00;AVENIDA DIOGUINHO, ;, ; ;;;Queda;Luz do Dia;;;Meio de Quadra;;Longo da via;0;1;0;1;0;0;0;0;0;0;0;0;0;(0 0);
359890;2020-09-03 12:30:00;AVENIDA FRANCISCO SA, 4728;, ; 4728;;;Choque c/ Obstáculo Fixo;Luz do Dia;Bom;Seca;Meio de Quadra;Outros;Longo da via;0;1;0;0;1;0;0;0;0;0;0;0;0;(-38.56679486 -3.714199071);
361765;2020-09-03 12:06:00;RUA ULISSES BEZERRA, 1406;, ; 1406;;;Colisão;Luz do Dia;;;Meio de Quadra;;Longo da via;0;2;0;2;0;0;0;0;0;0;0;0;0;(0 0);
361764;2020-09-03 11:30:00;AVENIDA WASHINGTON SOARES, ;, ; ;;;Queda;Luz do Dia;;;Meio de Quadra;;Longo da via;0;1;0;0;0;0;0;0;0;1;0;0;0;(0 0);
360101;2020-09-03 11:00:00;RUA ROCHA LIMA, ;RUA RODRIGUES JUNIOR, ; ;;;Colisão Lateral;Luz do Dia;Bom;Seca;Cruz;Pare;Cruzamento;0;1;1;1;1;0;0;0;0;0;0;0;0;(-38.522475 -3.73632);
360100;2020-09-03 08:30:00;RUA CON DE CASTRO, 1105;ESTRADA SIQUEIRA, ; 1105;;;Colisão Lateral;Luz do Dia;Bom;Seca;Meio de Quadra;Semáforo;Cruzamento;0;2;0;1;1;0;0;0;0;0;0;0;0;(-38.594418 -3.807658);
361763;2020-09-03 07:25:00;AVENIDA DR SILAS MUNGUBA, ;, ; ;;;Colisão;Luz do Dia;;;Meio de Quadra;;Longo da via;0;2;0;2;0;0;0;0;0;0;0;0;0;(0 0);
361762;2020-09-03 07:21:00;RUA NAT FEIJO, 387;, ; 387;;;Queda;Luz do Dia;;;Meio de Quadra;;Longo da via;0;1;0;1;0;0;0;0;0;0;0;0;0;(-38.5522499 -3.72242032);
361761;2020-09-03 07:09:00;AVENIDA JOAO PESSOA, 5700;, ; 5700;;;Colisão;Luz do Dia;;;Meio de Quadra;;Longo da via;0;2;0;2;0;0;0;0;0;0;0;0;0;(-38.556474 -3.760267);
361759;2020-09-03 05:39:00;RUA VITAL BRASIL, 656;, ; 656;;;Colisão;Amanhecer;;;Meio de Quadra;;Longo da via;0;2;0;1;1;0;0;0;0;0;0;0;0;(-38.58698 -3.78118);
361758;2020-09-03 03:11:00;AVENIDA DES GONZAGA, 302;, ; 302;;;Colisão;;;;Meio de Quadra;;Longo da via;0;2;0;1;1;0;0;0;0;0;0;0;0;(-38.5033955 -3.78959);
360163;2020-09-03 02:34:00;RUA 15 DE NOVEMBRO, ;RUA ANTONIO FIUZA, ; ;;;Colisão;Via Iluminada;Bom;Seca;Cruz;Não Há Controle;Cruzamento;0;0;2;0;2;0;0;0;0;0;0;0;0;(-38.552228 -3.770252);
359895;2020-09-03 02:30:00;RUA CEL LINHARES, 1111;, ; 1111;;;Choque c/ Obstáculo Fixo;Via Iluminada;Bom;Seca;Meio de Quadra;Não Há Controle;Longo da via;0;0;1;0;1;0;0;0;0;0;0;0;0;(-38.494769 -3.738494);
361714;2020-09-03 02:20:00;RUA JAPI, 550;, ; 550;;;Queda;;;;Meio de Quadra;;Longo da via;0;1;0;0;0;0;0;0;0;1;0;0;0;(-38.54836 -3.78329);
361712;2020-09-03 01:36:00;RUA 15 DE NOVEMBRO, 911;, ; 911;;;Colisão;;;;Meio de Quadra;;Longo da via;0;3;0;0;2;0;0;0;0;0;0;0;0;(-38.552228 -3.770252);
361710;2020-09-02 23:01:00;RUA MAJ MOREIRA, 1209;, ; 1209;;;Queda;;;;Meio de Quadra;;Longo da via;0;1;0;1;0;0;0;0;0;0;0;0;0;(0 0);
361709;2020-09-02 22:29:00;RUA PASSEIO DOS CAJUEIROS, 370;, ; 370;;;Queda;;;;Meio de Quadra;;Longo da via;0;1;0;1;0;0;0;0;0;0;0;0;0;(-38.46932 -3.75523);
361707;2020-09-02 22:02:00;RUA JAMAICA, 230;, ; 230;;;Queda;;;;Meio de Quadra;;Longo da via;0;1;0;1;0;0;0;0;0;0;0;0;0;(-38.44044 -3.77163);
361706;2020-09-02 21:48:00;AVENIDA ALM HENRIQUE SABOIA, 1231;, ; 1231;;;Atropelamento de Animal;;;;Meio de Quadra;;Longo da via;0;1;0;1;0;0;0;0;0;0;0;0;0;(-38.4916663 -3.7466093);
361705;2020-09-02 20:36:00;AVENIDA ROGACIANO LEITE, 2356;, ; 2356;;;Queda;;;;Meio de Quadra;;Longo da via;0;1;0;1;0;0;0;0;0;0;0;0;0;(-38.500342 -3.776071);
361676;2020-09-02 19:36:00;RUA PDE CONSTANTINO, 19;, ; 19;;;Colisão;;;;Meio de Quadra;;Longo da via;0;2;0;1;1;0;0;0;0;0;0;0;0;(-38.54557476 -3.716314288);
361675;2020-09-02 17:50:00;RUA JUVENTUDE, ;, ; ;;;Colisão;Anoitecer;;;Meio de Quadra;;Longo da via;0;2;0;1;1;0;0;0;0;0;0;0;0;(0 0);
361673;2020-09-02 17:24:00;AVENIDA DUQ CAXIAS, ;RUA GAL SAMPAIO, ; ;;;Atropelamento;Anoitecer;;;Cruz;Semáforo;Cruzamento;0;1;0;0;1;0;0;0;0;0;0;0;0;(-38.532029 -3.731096);
360743;2020-09-02 17:00:00;ROD CE 010, 2000;, ; 2000;;;Colisão;Anoitecer;;;Meio de Quadra;;Longo da via;0;0;2;0;2;0;0;0;0;0;0;0;0;(-38.443046 -3.790094);
360099;2020-09-02 16:58:00;AVENIDA BEZERRA DE MENEZES, ;RUA ERICO MOTA, ; ;;;Colisão Transversal;Luz do Dia;Bom;Seca;Cruz;Semáforo;Cruzamento;0;1;0;0;2;0;0;0;0;0;0;0;0;(-38.562991 -3.735357);
361672;2020-09-02 16:57:00;AVENIDA GODOFREDO MACIEL, ;, ; ;;;Colisão;Luz do Dia;;;Meio de Quadra;;Longo da via;0;2;0;1;1;0;0;0;0;0;0;0;0;(0 0);
360098;2020-09-02 15:00:00;RUA ALBERTO MAGNO, ;RUA DES PRAXEDES, ; ;;;Colisão Traseira;Luz do Dia;Bom;Seca;Cruz;Semáforo;Cruzamento;0;3;0;0;3;0;0;0;0;0;0;0;0;(-38.546795 -3.76123);
361665;2020-09-02 14:50:00;RD BR 116, ;, ; ;;;Colisão;Luz do Dia;;;Meio de Quadra;;Longo da via;0;1;1;1;0;0;1;0;0;0;0;0;0;(-38.504803 -3.831154);
360097;2020-09-02 13:00:00;AVENIDA JOVITA FEITOSA, ;RUA PRO LINO ENCARNACAO, ; ;;;Colisão;Luz do Dia;Bom;Seca;Cruz;Semáforo;Cruzamento;0;1;1;1;1;0;0;0;0;0;0;0;0;(-38.560746 -3.74072);
360096;2020-09-02 09:26:00;RUA VINTE E CINCO DE MARCO, 139;, ; 139;;;Não informado;Luz do Dia;Bom;Seca;Meio de Quadra;Pare;Longo da via;0;2;0;1;1;0;0;0;0;0;0;0;0;(-38.521244 -3.725359);
361663;2020-09-02 09:12:00;AVENIDA N CJ JOSE WALTER, 1466;, ; 1466;;;Colisão;Luz do Dia;;;Meio de Quadra;;Longo da via;0;2;0;1;1;0;0;0;0;0;0;0;0;(-38.4922248 -3.7756868);
361662;2020-09-02 07:34:00;AVENIDA I CJ JOSE WALTER, 901;, ; 901;;;Colisão;Luz do Dia;;;Meio de Quadra;;Longo da via;0;1;0;0;0;0;0;0;0;0;0;0;0;(-38.552844 -3.8321628);
361660;2020-09-02 07:30:00;AVENIDA SGT HERMINIO SAMPAIO, 1846;, ; 1846;;;Colisão;Luz do Dia;;;Meio de Quadra;;Longo da via;0;2;0;0;0;0;0;0;0;0;1;0;0;(-38.557016 -3.725727);
361659;2020-09-02 06:53:00;AVENIDA VICENTE DE CASTRO, ;, ; ;;;Colisão;Luz do Dia;;;Meio de Quadra;;Longo da via;0;1;0;0;0;0;0;0;0;0;1;0;0;(0 0);
361658;2020-09-02 06:10:00;RUA VALPARAISO, 101;, ; 101;;;Colisão;Luz do Dia;;;Meio de Quadra;;Longo da via;0;2;0;1;1;0;0;0;0;0;0;0;0;(-38.5215639 -3.8464528);
361657;2020-09-02 05:24:00;RD QUARTO ANEL VIARIO, ;, ; ;;;Tombamento;Amanhecer;;;Meio de Quadra;;Longo da via;0;1;0;0;0;0;0;0;0;0;0;0;0;(0 0);
361656;2020-09-02 02:00:00;RUA JOSE MARTINS, 1939;, ; 1939;;;Queda;;;;Meio de Quadra;;Longo da via;0;1;0;0;0;0;0;0;0;1;0;0;0;(-38.60943 -3.78645);
361655;2020-09-01 23:52:00;RUA PRO DIAS DA ROCHA, ;RUA EDUARDO GARCIA, ; ;;;Colisão;;;;Cruz;Pare;Cruzamento;0;2;0;2;0;0;0;0;0;0;0;0;0;(-38.493139 -3.740103);
361650;2020-09-01 20:56:00;AVENIDA DUQ CAXIAS, 2038;, ; 2038;;;Queda;;;;Meio de Quadra;;Longo da via;0;1;0;1;0;0;0;0;0;0;0;0;0;(-38.542363957 -3.727750826);
361648;2020-09-01 20:33:00;AVENIDA GAL OSORIO DE PAIVA, 4;, ; 4;;;Queda;;;;Meio de Quadra;;Longo da via;0;1;0;0;0;0;0;0;0;1;0;0;0;(-38.561713 -3.771301);
361647;2020-09-01 19:38:00;AVENIDA FRE CIRILO, ;, ; ;;;Colisão;;;;Meio de Quadra;;Longo da via;0;2;0;1;1;0;0;0;0;0;0;0;0;(0 0);
361646;2020-09-01 19:27:00;AVENIDA SEN FERNANDES TAVORA, ;, ; ;;;Colisão;;;;Meio de Quadra;;Longo da via;0;2;0;0;0;0;0;0;0;0;1;0;0;(0 0);
361645;2020-09-01 18:16:00;AVENIDA PRS COSTA E SILVA, ;, ; ;;;Queda;Anoitecer;;;Meio de Quadra;;Longo da via;0;1;0;1;0;0;0;0;0;0;0;0;0;(0 0);
361640;2020-09-01 18:09:00;RUA JOAO AREAS, ;RUA SUICA, ; ;;;Colisão;Anoitecer;;;Cruz;Não Há Controle;Cruzamento;0;2;0;1;1;0;0;0;0;0;0;0;0;(-38.576036 -3.793895);