COD_ACIDENTE;DATA;LOG1;LOG2;NUMERO;BAIRRO;AMC;NATUREZA;ILUMINACAO;TEMPO;SUPERFICIEPISTA;TIPOCRUZAMENTO;CONTROLETRAFEGO;USOSOLO;MORTOS;FERIDOS;ILESOS;MOTOCICLETA;AUTOMOVEL;MICROONIBUS;CAMINHAO;ONIBUS;CICLOMOTOR;BICICLETA;OUTROS;TREM;TRACAOANIMAL;COORDENADAS
361636;2020-09-01 17:48:00;RUA TANCREDO S CARVALHO, ;RUA MARCELO REIS, ; ;;;Colisão;Anoitecer;;;;;Cruzamento;0;2;0;1;1;0;0;0;0;0;0;0;0;(-38.45873 -3.78575);
361631;2020-09-01 16:56:00;AVENIDA GOV LEONEL BRIZOLA, 210;, ; 210;;;Queda;Luz do Dia;;;Meio de Quadra;;Longo da via;0;1;0;1;0;0;0;0;0;0;0;0;0;(0 0);
361628;2020-09-01 16:48:00;RUA DIONISIO ALENCAR FILHO, ;, ; ;;;Atropelamento;Luz do Dia;;;Meio de Quadra;;Longo da via;0;1;0;0;1;0;0;0;0;0;0;0;0;(0 0);
362140;2020-09-01 16:10:00;RD BR 222, ;, ; ;;;Atropelamento;Luz do Dia;;;Meio de Quadra;;Longo da via;0;1;1;0;1;0;0;0;0;0;0;0;0;(-38.57814693 -3.737698444);
361627;2020-09-01 15:51:00;AVENIDA MR HULL, ;, ; ;;;Colisão;Luz do Dia;;Seca;Meio de Quadra;;Longo da via;0;2;0;1;1;0;0;0;0;0;0;0;0;(0 0);
361625;2020-09-01 15:46:00;RUA OSVALDO CRUZ (ALDEOTA), 2585;, ; 2585;;;Colisão;Luz do Dia;;;Meio de Quadra;;Longo da via;0;2;0;0;1;0;0;0;0;1;0;0;0;(-38.5044042 -3.74827217);
362139;2020-09-01 14:30:00;RD BR 020, ;, ; ;;;Colisão Traseira;Luz do Dia;;;Meio de Quadra;;Longo da via;0;1;1;1;1;0;0;0;0;0;0;0;0;(-38.507 -3.869);
360094;2020-09-01 14:20:00;AVENIDA OLIVEIRA PAIVA, 233;, ; 233;;;Atropelamento;Luz do Dia;Bom;Seca;Meio de Quadra;Semáforo;Longo da via;0;2;1;0;1;0;0;0;0;0;0;0;0;(-38.502852 -3.798488);
361623;2020-09-01 14:12:00;RUA BERNARDO PORTO, 497;, ; 497;;;Queda;Luz do Dia;;;Meio de Quadra;;Longo da via;0;1;0;0;0;0;0;0;0;1;0;0;0;(-38.5575034 -3.72036376);
360745;2020-09-01 14:00:00;RD CE-040, ;, ; ;;;Colisão;Luz do Dia;;;;;Longo da via;0;1;1;1;1;0;0;0;0;0;0;0;0;(-38.48153832 -3.825515822);
360093;2020-09-01 13:57:00;RUA EVILASIO A MIRANDA, ;RUA CLARINDO PEREIRA, ; ;;;Colisão Transversal;Luz do Dia;Bom;Seca;Cruz;Não Há Controle;Cruzamento;0;2;0;1;1;0;0;0;0;0;0;0;0;(-38.46793 -3.78884);
362820;2020-09-01 13:40:00;AVENIDA GAL OSORIO DE PAIVA, 8130;, ; 8130;;;Colisão;Luz do Dia;;;Meio de Quadra;;Longo da via;0;1;1;0;0;0;1;1;0;0;0;0;0;(-38.6186103 -3.82177924);
361622;2020-09-01 12:13:00;RUA JOAQUIM FROTA, ;RUA MIN ABNER VASCONCELOS, ; ;;;Colisão;Luz do Dia;;;;;Cruzamento;0;2;0;0;1;0;0;0;0;1;0;0;0;(-38.47853 -3.80184);
361621;2020-09-01 11:44:00;RUA VITAL BRASIL, 1436;, ; 1436;;;Colisão;Luz do Dia;;;Meio de Quadra;;Longo da via;0;2;0;1;1;0;0;0;0;0;0;0;0;(-38.593884 -3.779174);
361620;2020-09-01 10:24:00;AVENIDA SGT HERMINIO SAMPAIO, 3310;, ; 3310;;;Colisão;Luz do Dia;;;Meio de Quadra;;Longo da via;0;1;0;0;0;0;0;0;0;0;1;0;0;(-38.5705431 -3.7281795);
361612;2020-09-01 10:22:00;RUA MAJ FACUNDO, ;RUA PEDRO I, ; ;;;Colisão;Luz do Dia;;;Cruz;Pare;Cruzamento;0;2;0;1;1;0;0;0;0;0;0;0;0;(-38.52899 -3.731113);
360092;2020-09-01 10:20:00;AVENIDA AUGUSTO DOS ANJOS, 1388;, ; 1388;;;Colisão Transversal;Luz do Dia;Bom;Seca;Meio de Quadra;Não Há Controle;Longo da via;0;2;0;1;1;0;0;0;0;0;0;0;0;(-38.578018 -3.778877);
360091;2020-09-01 10:13:00;AVENIDA BEZERRA DE MENEZES, 365;, ; 365;;;Não informado;Luz do Dia;Bom;Seca;Meio de Quadra;Semáforo;Longo da via;0;3;0;2;1;0;0;0;0;0;0;0;0;(-38.5481129 -3.7322795);
362822;2020-09-01 10:00:00;RUA RODRIGUES JUNIOR, 1280;, ; 1280;;;Colisão;Luz do Dia;;;Meio de Quadra;;Longo da via;0;2;0;0;0;0;0;0;0;0;0;0;0;(-38.522294 -3.735759);
361606;2020-09-01 08:57:00;RD BR 116, 1000;, ; 1000;;;Colisão;Luz do Dia;;;Meio de Quadra;;Longo da via;0;1;0;0;0;0;0;0;0;0;1;0;0;(-38.506787 -3.796502);
361604;2020-09-01 08:49:00;RUA MANUEL MOURA, 326;, ; 326;;;Outros;Luz do Dia;;;Meio de Quadra;;Longo da via;0;1;0;1;0;0;0;0;0;0;0;0;0;(0 0);
361600;2020-09-01 08:01:00;RUA POMPILIO GOMES, 1188;, ; 1188;;;Colisão;Luz do Dia;;;Meio de Quadra;;Longo da via;0;2;0;1;1;0;0;0;0;0;0;0;0;(-38.521118 -3.824909);
361598;2020-09-01 06:23:00;RD BR 116, ;, ; ;;;Colisão;Luz do Dia;;;Meio de Quadra;;Longo da via;0;2;0;1;1;0;0;0;0;0;0;0;0;(-38.504803 -3.831154);
361595;2020-09-01 05:56:00;AVENIDA 13 DE MAIO, 1806;, ; 1806;;;Atropelamento;Amanhecer;;;Meio de Quadra;;Longo da via;0;1;0;1;0;0;0;0;0;0;0;0;0;(-38.533852231 -3.745465346);
361592;2020-09-01 01:11:00;RUA STO INACIO D04, 101;, ; 101;;;Queda;;;;Meio de Quadra;;Longo da via;0;1;0;1;0;0;0;0;0;0;0;0;0;(-38.62735 -3.82225);
361573;2020-08-31 23:30:00;RUA PLUTAO, ;RUA RIO GRANDE DO SUL, ; ;;;Colisão;;;;Cruz;Pare;Cruzamento;0;1;0;0;0;0;0;0;0;0;1;0;0;(-38.571071 -3.764313);
361699;2020-08-31 22:59:00;AVENIDA GOV RAUL BARBOSA, 175;, ; 175;;;Queda;Luz do Dia;;;Meio de Quadra;;Longo da via;0;1;0;1;0;0;0;0;0;0;0;0;0;(-38.50436 -3.75637);
361574;2020-08-31 21:14:00;AVENIDA DUQ CAXIAS, 1511;, ; 1511;;;Queda;;;;Meio de Quadra;;Longo da via;0;2;0;1;0;0;0;0;0;0;0;0;0;(-38.537452 -3.729335);
361576;2020-08-31 20:09:00;AVENIDA MR HULL, 3220;, ; 3220;;;Queda;;;;Meio de Quadra;;Longo da via;0;2;0;1;0;0;0;0;0;0;0;0;0;(-38.574093 -3.737274);
360090;2020-08-31 19:40:00;AVENIDA PRS COSTA E SILVA, 5559;, ; 5559;;;Atropelamento;Via Iluminada;Bom;Seca;Meio de Quadra;Não Há Controle;Longo da via;0;1;1;0;0;0;0;1;0;0;0;0;0;(-38.53167 -3.8283);
361578;2020-08-31 19:23:00;AVENIDA DOMINGOS OLIMPIO, 1190;, ; 1190;;;Queda;;;;Meio de Quadra;;Longo da via;0;1;0;0;0;0;0;0;0;1;0;0;0;(-38.534216 -3.735594);
361589;2020-08-31 19:09:00;RUA CAIO CID, 350;, ; 350;;;Colisão;;;;;;Longo da via;0;1;0;1;1;0;0;0;0;0;0;0;0;(-38.484694 -3.773571);
360087;2020-08-31 18:57:00;RUA ANSELMO NOGUEIRA, ;RUA VITAL BRASIL, ; ;;;Colisão Transversal;Via Iluminada;Bom;Seca;Cruz;Semáforo;Cruzamento;0;1;1;1;1;0;0;0;0;0;0;0;0;(-38.58714 -3.7809608);
360428;2020-08-31 18:50:00;RD CE-040, ;, ; ;;;Colisão;;;;Meio de Quadra;;Longo da via;0;0;2;0;2;0;0;0;0;0;0;0;0;(-38.4817994 -3.773616148);
361579;2020-08-31 18:48:00;RUA ANSELMO NOGUEIRA, 322;, ; 322;;;Colisão;;;;Meio de Quadra;;Longo da via;0;1;0;1;1;0;0;0;0;0;0;0;0;(-38.587181 -3.781072);
361581;2020-08-31 18:46:00;AVENIDA CARNEIRO DE MENDONCA, ;RUA MINAS GERAIS, ; ;;;Não informado;;;;Outros;Gesto;Cruzamento;0;1;0;1;1;0;0;0;0;0;0;0;0;(-38.5692 -3.762798);
361583;2020-08-31 18:36:00;AVENIDA 20 DE JANEIRO, 2007;, ; 2007;;;Colisão;;;;Meio de Quadra;;Longo da via;0;1;0;1;1;0;0;0;0;0;0;0;0;(-38.583963 -3.704392);
361586;2020-08-31 18:16:00;RUA DECIO DE CASTRO, ;RUA BUENO, ; ;;;Colisão;Anoitecer;;;;;Cruzamento;0;1;0;1;1;0;0;0;0;0;0;0;0;(-38.59302 -3.77175);
361593;2020-08-31 18:06:00;AVENIDA PRS COSTA E SILVA, ;, ; ;;;Atropelamento;Anoitecer;;;Meio de Quadra;;Longo da via;0;1;0;0;0;0;0;1;0;0;0;0;0;(0 0);
360088;2020-08-31 18:00:00;AVENIDA ROGACIANO LEITE, 2001;, ; 2001;;;Atropelamento;Via Iluminada;Bom;Seca;Meio de Quadra;Semáforo;Longo da via;0;1;1;1;0;0;0;0;0;0;0;0;0;(-38.498551 -3.772065);
361594;2020-08-31 17:56:00;AVENIDA DR SILAS MUNGUBA, 589;, ; 589;;;Colisão;Anoitecer;;;Meio de Quadra;;Longo da via;0;2;0;0;0;0;0;0;0;0;1;0;0;(-38.56053 -3.7794);
361599;2020-08-31 17:34:00;RD CE-040, 2530;, ; 2530;;;Colisão;Anoitecer;;;Meio de Quadra;;Longo da via;0;2;0;1;1;0;0;0;0;0;0;0;0;(-38.476742 -3.848565);
361603;2020-08-31 17:21:00;AVENIDA MAE LISBOA, ;, ; ;;;Colisão;Anoitecer;;;Meio de Quadra;;Longo da via;0;1;0;0;1;0;1;0;0;0;0;0;0;(0 0);
361607;2020-08-31 17:04:00;RUA CEL VIRGILIO NOGUEIRA (BOM JARDIM), ;, ; ;;;Colisão;Anoitecer;;;;;Longo da via;0;1;0;1;1;0;0;0;0;0;0;0;0;(0 0);
361609;2020-08-31 17:02:00;AVENIDA CESAR CALS, ;RUA PRO ALVARO COSTA, ; ;;;Colisão;Anoitecer;;;Cruz;Não Há Controle;Cruzamento;0;1;0;1;1;0;0;0;0;0;0;0;0;(-38.463641 -3.7226);
361611;2020-08-31 17:00:00;AVENIDA MACIEL BEZERRA, 1759;, ; 1759;;;Colisão;Anoitecer;;;Meio de Quadra;;Longo da via;0;1;0;1;1;0;0;0;0;0;0;0;0;(-38.62969 -3.80641);
361613;2020-08-31 16:55:00;AVENIDA BEZERRA DE MENEZES, ;, ; ;;;Colisão;Luz do Dia;;;Meio de Quadra;;Longo da via;0;1;0;1;1;0;0;0;0;0;0;0;0;(0 0);
361614;2020-08-31 16:54:00;RD BR 116, ;AVENIDA VIS RIO BRANCO, ; ;;;Atropelamento;Luz do Dia;;;Y;Não Há Controle;Cruzamento;0;1;0;1;0;0;0;0;0;0;0;0;0;(-38.519417 -3.758673);
360084;2020-08-31 16:17:00;RUA ALVES BATISTA, ;RUA LUIZ MARIANO, ; ;;;Colisão Transversal;Luz do Dia;Bom;Seca;Cruz;Pare;Cruzamento;0;1;1;0;1;0;0;0;0;1;0;0;0;(-38.601534 -3.761666);
361615;2020-08-31 15:54:00;AVENIDA JOSE DO PATROCINIO, ;RUA VENEZUELA, ; ;;;Colisão;Luz do Dia;;;Cruz;Pare;Cruzamento;0;1;0;1;1;0;0;0;0;0;0;0;0;(-38.546932 -3.766178);
361618;2020-08-31 15:34:00;AVENIDA CASTELO DE CASTRO, ;, ; ;;;Colisão;Luz do Dia;;;Meio de Quadra;;Longo da via;0;1;0;0;0;0;0;0;0;0;1;0;0;(0 0);
360083;2020-08-31 15:25:00;RUA ANSELMO NOGUEIRA, ;RUA EMILIO DE MENESES, ; ;;;Choque c/ Obstáculo Fixo;Luz do Dia;Bom;Seca;Cruz;Semáforo;Cruzamento;0;1;0;0;0;0;0;0;0;0;0;0;0;(-38.587374 -3.78176);
361629;2020-08-31 15:17:00;RUA HOLANDA, 2055;, ; 2055;;;Colisão;Luz do Dia;;;Meio de Quadra;;Longo da via;0;1;0;1;1;0;0;0;0;0;0;0;0;(-38.5572 -3.80701);
361630;2020-08-31 14:17:00;TRAVESSA CAP ARAGAO, 701;, ; 701;;;Colisão;Luz do Dia;;;Meio de Quadra;;Longo da via;0;1;0;1;1;0;0;0;0;0;0;0;0;(0 0);
360082;2020-08-31 13:35:00;AVENIDA SEN VIRGILIO TAVORA, ;AVENIDA PDE ANTONIO TOMAS, ; ;;;Colisão Transversal;Luz do Dia;Bom;Não informado;Cruz;Semáforo;Cruzamento;0;1;0;2;1;0;0;0;0;0;0;0;0;(-38.494749 -3.74176);
360086;2020-08-31 13:10:00;AVENIDA ALBERTO CRAVEIRO, ;, ; ;;;Colisão Lateral;Luz do Dia;Bom;Seca;Meio de Quadra;Dê Preferência;Longo da via;0;1;1;0;1;0;0;1;0;0;0;0;0;(-38.52383 -3.8063529);
361632;2020-08-31 13:10:00;AVENIDA SANTOS DUMONT, 7580;, ; 7580;;;Colisão;Luz do Dia;;;Meio de Quadra;;Longo da via;0;1;0;1;1;0;0;0;0;0;0;0;0;(-38.466157 -3.7466285);
361634;2020-08-31 13:01:00;RUA JOSE PONTES, 233;, ; 233;;;Colisão;Luz do Dia;;;Meio de Quadra;;Longo da via;0;1;0;1;1;0;0;0;0;0;0;0;0;(-38.55057 -3.72383);
361635;2020-08-31 12:54:00;AVENIDA ANTONIO JUSTA, ;, ; ;;;Colisão;Luz do Dia;;;Meio de Quadra;;Longo da via;0;1;0;1;1;0;0;0;0;0;0;0;0;(0 0);
360427;2020-08-31 12:40:00;RD CE-025, ;, ; ;;;Colisão;Luz do Dia;;;Meio de Quadra;;Longo da via;0;0;2;0;1;0;1;0;0;0;0;0;0;(-38.4700486 -3.807811443);
361638;2020-08-31 11:34:00;RUA OSCAR FRANCA, 1773;, ; 1773;;;Colisão;Luz do Dia;;;Meio de Quadra;;Longo da via;0;1;0;1;1;0;0;0;0;0;0;0;0;(-38.606988 -3.789496);
361642;2020-08-31 11:14:00;AVENIDA ALBERTO CRAVEIRO, ;, ; ;;;Colisão;Luz do Dia;;;Meio de Quadra;;Longo da via;0;3;0;0;0;0;0;0;0;0;1;0;0;(0 0);
361649;2020-08-31 11:12:00;TRAVESSA CAP ARAGAO, 509;, ; 509;;;Colisão;Luz do Dia;;;Meio de Quadra;;Longo da via;0;1;0;0;0;0;0;0;0;0;1;0;0;(0 0);
361674;2020-08-31 10:56:00;RUA GERMANO FRANCK, 860;, ; 860;;;Colisão;Luz do Dia;;;Meio de Quadra;;Longo da via;0;1;0;1;1;0;0;0;0;0;0;0;0;(-38.563206 -3.7783306);
360081;2020-08-31 10:37:00;RUA MAJ FACUNDO, 2140;, ; 2140;;;Não informado;Luz do Dia;Bom;Seca;Meio de Quadra;Não Há Controle;Longo da via;0;0;2;0;2;0;0;0;0;0;0;0;0;(-38.532348 -3.74158);
361696;2020-08-31 09:59:00;RUA ANTENOR ROCHA ALEXANDRE, 561;, ; 561;;;Colisão;Luz do Dia;;;Meio de Quadra;;Longo da via;0;1;0;1;0;0;0;0;0;0;0;0;0;(-38.4813085 -3.79204938);
361697;2020-08-31 09:57:00;RUA CEL MOZART GONDIM, 1506;, ; 1506;;;Colisão;Luz do Dia;;;Meio de Quadra;;Longo da via;0;1;0;1;1;0;0;0;0;0;0;0;0;(-38.5588755 -3.7338795);
360080;2020-08-31 09:54:00;RUA PERI, ;RUA SAUDARIA, ; ;;;Colisão Transversal;Luz do Dia;Bom;Seca;Cruz;Não Há Controle;Cruzamento;0;1;1;1;1;0;0;0;0;0;0;0;0;(-38.58525 -3.70045);
361698;2020-08-31 09:13:00;RUA PERI, 1061;, ; 1061;;;Colisão;Luz do Dia;;;Meio de Quadra;;Longo da via;0;1;0;1;1;0;0;0;0;0;0;0;0;(-38.58498 -3.70041);
360079;2020-08-31 08:45:00;RUA ANTENOR ROCHA ALEXANDRE, ;RUA NUBIA BARROCAS, ; ;;;Colisão Transversal;Luz do Dia;Bom;Seca;Cruz;Pare;Cruzamento;0;2;0;1;1;0;0;0;0;0;0;0;0;(-38.481964 -3.792125);
360095;2020-08-31 08:37:00;AVENIDA MAJ ASSIS, ;RUA PDE TEODORO (QUNTINO CUNHA), ; ;;;Queda;Luz do Dia;Bom;Seca;Cruz;Pare;Cruzamento;0;1;0;1;0;0;0;0;0;0;0;0;0;(-38.590526 -3.723221);
361695;2020-08-31 08:31:00;AVENIDA PRS COSTA E SILVA, 2257;, ; 2257;;;Colisão;Luz do Dia;;;Meio de Quadra;;Longo da via;0;1;0;0;0;0;0;0;0;0;1;0;0;(-38.5614546 -3.819631);
360673;2020-08-31 08:30:00;RUA TIBURCIO CAVALCANTE, ;RUA SILVA JATAHY, ; ;;;Colisão Transversal;Luz do Dia;Bom;Seca;Cruz;Pare;Cruzamento;0;1;1;1;1;0;0;0;0;0;0;0;0;(-38.499732 -3.727071);
361694;2020-08-31 08:15:00;AVENIDA MAJ ASSIS, ;RUA PDE TEODORO (QUNTINO CUNHA), ; ;;;Atropelamento;Luz do Dia;;;Cruz;Pare;Cruzamento;0;1;0;1;0;0;0;0;0;0;0;0;0;(-38.590526 -3.723221);
361693;2020-08-31 07:53:00;RUA TIBURCIO CAVALCANTE, ;RUA SILVA JATAHY, ; ;;;Colisão;Luz do Dia;;;Cruz;Pare;Cruzamento;0;1;0;1;1;0;0;0;0;0;0;0;0;(-38.499732 -3.727071);
360076;2020-08-31 07:42:00;AVENIDA DUQ CAXIAS, ;RUA VINTE E QUATRO DE MAIO, ; ;;;Não informado;Luz do Dia;Bom;Seca;Cruz;Semáforo;Cruzamento;0;1;0;0;1;0;0;0;0;0;0;0;0;(-38.53323 -3.730708);
360077;2020-08-31 07:40:00;RUA GAL SAMPAIO, ;RUA SEN ALENCAR, ; ;;;Colisão Transversal;Luz do Dia;Bom;Seca;Cruz;Semáforo;Cruzamento;0;1;1;0;1;0;0;1;0;0;0;0;0;(-38.529984 -3.724192);
361687;2020-08-31 07:36:00;RUA ELDORADO, 1122;, ; 1122;;;Outros;Luz do Dia;;;Meio de Quadra;;Longo da via;0;1;0;1;0;0;0;0;0;0;0;0;0;(-38.5229 -3.82018);
361686;2020-08-31 07:29:00;RUA DOM PEDRO II, ;, ; ;;;Colisão;Luz do Dia;;;Meio de Quadra;;Longo da via;0;1;0;1;1;0;0;0;0;0;0;0;0;(0 0);
361685;2020-08-31 07:28:00;AVENIDA GOV PARSIFAL BARROSO, 109;, ; 109;;;Colisão;Luz do Dia;;;Meio de Quadra;;Longo da via;0;1;0;2;0;0;0;0;0;0;0;0;0;(-38.56919 -3.72888);
361682;2020-08-31 07:00:00;AVENIDA DUQ CAXIAS, ;, ; ;;;Atropelamento;Luz do Dia;;;Meio de Quadra;;Longo da via;0;1;0;0;0;0;0;0;0;0;1;0;0;(0 0);
360078;2020-08-31 06:00:00;RUA ANTENOR ROCHA ALEXANDRE, ;RUA REPUBLICA ARMENIA, ; ;;;Colisão Transversal;Luz do Dia;Bom;Seca;Cruz;Pare;Cruzamento;0;0;1;1;1;0;0;0;0;0;0;0;0;(-38.481149 -3.792041);
361680;2020-08-31 05:30:00;RUA ANTENOR ROCHA ALEXANDRE, 1190;, ; 1190;;;Colisão;Amanhecer;;;Meio de Quadra;;Longo da via;1;0;1;1;1;0;0;0;0;0;0;0;0;(-38.48043 -3.791969);
360075;2020-08-31 02:34:00;AVENIDA C CJ CEARA, ;RUA 406 CJ CEARA, ; ;;;Colisão Transversal;Via Iluminada;Bom;Seca;T;Pare;Cruzamento;0;2;0;1;0;0;0;0;0;0;0;0;0;(-38.51835 -3.85636);
361678;2020-08-31 01:30:00;ALAMEDA VERDE 2, 44;, ; 44;;;Colisão;;;;Meio de Quadra;;Longo da via;0;1;0;1;1;0;0;0;0;0;0;0;0;(-38.57223 -3.81629);
361700;2020-08-30 22:48:00;RUA COS LAFAYETE, 712;, ; 712;;;Colisão;;;;Meio de Quadra;;Longo da via;0;1;0;1;1;0;0;0;0;0;0;0;0;(-38.5843489 -3.71784307);
361701;2020-08-30 21:59:00;RUA JAIME BENEVOLO, 133;, ; 133;;;Colisão;;;;Meio de Quadra;;Longo da via;0;2;0;1;1;0;0;0;0;0;0;0;0;(-38.52555 -3.7326);
361721;2020-08-30 20:22:00;AVENIDA PRS CASTELO BRANCO, 901;, ; 901;;;Queda;;;;Meio de Quadra;;Longo da via;0;1;0;1;0;0;0;0;0;0;0;0;0;(-38.53134654 -3.719760919);
360720;2020-08-30 20:00:00;AVENIDA DUQ CAXIAS, ;RUA SEN POMPEU, ; ;;;Colisão Lateral;Via Iluminada;Bom;Seca;Cruz;Semáforo;Cruzamento;0;1;1;1;1;0;0;0;0;0;0;0;0;(-38.530994 -3.73143);
361722;2020-08-30 19:30:00;RUA ANTONIO NERY, 774;, ; 774;;;Colisão;;;;Meio de Quadra;;Longo da via;0;1;0;1;1;0;0;0;0;0;0;0;0;(-38.600706 -3.779982);
361723;2020-08-30 19:23:00;RUA NICOLAU COELHO, 286;, ; 286;;;Colisão;;;;Meio de Quadra;;Longo da via;0;1;0;0;0;0;0;0;0;0;1;0;0;(-38.4921979 -3.81294246);
361724;2020-08-30 19:10:00;RUA DOM CARLOTO TAVORA, 26;, ; 26;;;Queda;;;;Meio de Quadra;;Longo da via;0;0;1;0;0;0;0;0;0;1;0;0;0;(-38.5595392 -3.76886569);
361732;2020-08-30 18:38:00;RUA NICOLAU COELHO, 286;, ; 286;;;Colisão;;;;Meio de Quadra;;Longo da via;0;1;0;1;0;0;0;0;0;0;0;0;0;(-38.4921979 -3.81294246);
361734;2020-08-30 18:15:00;RUA BERNARDO MANUEL, 13571;, ; 13571;;;Colisão;Anoitecer;;;Meio de Quadra;;Longo da via;0;1;0;0;0;0;0;0;0;0;1;0;0;(-38.5629688 -3.8365026);
361736;2020-08-30 17:59:00;RUA STA ELISA D21, 851;, ; 851;;;Queda;Anoitecer;;;Meio de Quadra;;Longo da via;0;1;0;1;0;0;0;0;0;0;0;0;0;(-38.56077307 -3.706036);
359831;2020-08-30 17:30:00;RUA GAL SAMPAIO, ;RUA METON DE ALENCAR, ; ;;;Colisão;Anoitecer;;;Cruz;Semáforo;Cruzamento;0;2;0;1;1;0;0;0;0;0;0;0;0;(-38.5326 -3.733033);
360072;2020-08-30 17:24:00;RUA GAL SAMPAIO, ;RUA METON DE ALENCAR, ; ;;;Não informado;Luz do Dia;Bom;Seca;Outros;Dê Preferência;Cruzamento;0;1;1;1;1;0;0;0;0;0;0;0;0;(-38.5326 -3.733033);
361738;2020-08-30 17:06:00;RUA DUARTE COELHO, 1581;, ; 1581;;;Queda;Anoitecer;;;Meio de Quadra;;Longo da via;0;1;0;1;0;0;0;0;0;0;0;0;0;(0 0);
361740;2020-08-30 16:48:00;AVENIDA ENG SANTANA JUNIOR, 2600;, ; 2600;;;Queda;Luz do Dia;;;Meio de Quadra;;Longo da via;0;1;0;1;0;0;0;0;0;0;0;0;0;(-38.4884375 -3.7443755);
360073;2020-08-30 16:42:00;RUA COSTA BARROS, ;RUA ILDEFONSO ALBANO, ; ;;;Colisão;Luz do Dia;Bom;Seca;Cruz;Semáforo;Cruzamento;0;0;2;0;1;0;0;1;0;0;0;0;0;(-38.512227 -3.730135);
361767;2020-08-30 16:29:00;RUA COSTA BARROS, ;RUA ILDEFONSO ALBANO, ; ;;;Colisão;Luz do Dia;;;Cruz;Semáforo;Cruzamento;0;1;0;0;1;0;0;1;0;0;0;0;0;(-38.512227 -3.730135);
360071;2020-08-30 16:25:00;AVENIDA DR THEBERGE, ;AVENIDA TEN LISBOA, ; ;;;Colisão Lateral;Luz do Dia;Bom;Seca;Cruz;Pare;Cruzamento;0;1;1;1;1;0;0;0;0;0;0;0;0;(-38.566942 -3.720711);
361772;2020-08-30 15:50:00;RUA PRO RAIMUNDO ARRUDA, ;AVENIDA BEZERRA DE MENEZES, ; ;;;Queda;Luz do Dia;;;Cruz;Semáforo;Cruzamento;0;1;0;1;0;0;0;0;0;0;0;0;0;(-38.552148 -3.733126);
361773;2020-08-30 14:08:00;AVENIDA MOZART PINHEIRO DE LUCENA, 2953;, ; 2953;;;Atropelamento;Luz do Dia;;;Meio de Quadra;;Longo da via;0;1;0;0;1;0;0;0;0;0;0;0;0;(-38.5989867 -3.72989643);
361774;2020-08-30 13:54:00;RUA EMILIO DE MENESES, 2259;, ; 2259;;;Colisão;Luz do Dia;;;Meio de Quadra;;Longo da via;0;1;0;1;1;0;0;0;0;0;0;0;0;(-38.6010529 -3.7779173);
361775;2020-08-30 13:41:00;TRAVESSA JULIO PINTO, 1946;, ; 1946;;;Colisão;Luz do Dia;;;Meio de Quadra;;Longo da via;0;1;0;1;1;0;0;0;0;0;0;0;0;(0 0);
361776;2020-08-30 13:21:00;AVENIDA PRS COSTA E SILVA, 4101;, ; 4101;;;Colisão;Luz do Dia;;;Meio de Quadra;;Longo da via;0;1;0;0;0;0;0;0;0;0;1;0;0;(-38.543575 -3.824678);
361784;2020-08-30 11:53:00;RUA BETEL, ;, ; ;;;Atropelamento;Luz do Dia;;;Meio de Quadra;;Longo da via;0;1;0;0;1;0;0;0;0;0;0;0;0;(0 0);
361786;2020-08-30 11:31:00;RUA PEDRO ARTUR, 757;, ; 757;;;Colisão;Luz do Dia;;;Meio de Quadra;;Longo da via;0;1;0;1;1;0;0;0;0;0;0;0;0;(-38.552811 -3.713068);
361787;2020-08-30 09:34:00;AVENIDA LUCIANO CARNEIRO, ;AVENIDA BORGES DE MELO, ; ;;;Queda;Luz do Dia;;;Cruz;Semáforo;Cruzamento;0;2;0;1;0;0;0;0;0;0;0;0;0;(-38.534097 -3.756465);
361789;2020-08-30 08:41:00;RUA JOSE ARAGAO, 69;, ; 69;;;Colisão;Luz do Dia;;;Meio de Quadra;;Longo da via;0;1;0;2;0;0;0;0;0;0;0;0;0;(0 0);
359830;2020-08-30 08:40:00;AVENIDA PRS CASTELO BRANCO, ;, ; ;;;Choque c/ Obstáculo Fixo;Luz do Dia;;;Meio de Quadra;;Longo da via;0;1;0;0;0;0;0;0;0;0;0;0;0;(0 0);
360069;2020-08-30 08:30:00;RUA VALMIR PONTES, ;RUA FRANCISCO SEGUNDO DA COSTA, ; ;;;Choque c/ Obstáculo Fixo;Luz do Dia;Bom;Seca;T;Não Há Controle;Cruzamento;0;1;0;0;1;0;0;0;0;0;0;0;0;(-38.479576 -3.7713034);
360070;2020-08-30 07:00:00;RUA GAL SAMPAIO, ;AVENIDA PRS CASTELO BRANCO, ; ;;;Queda;Luz do Dia;Bom;Seca;Outros;Outros;Cruzamento;0;1;0;1;0;0;0;0;0;0;0;0;0;(-38.58035 -3.7034);
359832;2020-08-30 03:34:00;AVENIDA GAL OSORIO DE PAIVA, ;RUA OSCAR FRANCA, ; ;;;Colisão;Amanhecer;;;T;Semáforo;Cruzamento;0;2;0;0;2;0;0;0;0;0;0;0;0;(-38.592113 -3.794473);
361822;2020-08-30 03:30:00;RUA MOURA MATOS, 1625;, ; 1625;;;Choque c/ Obstáculo Fixo;;;;Meio de Quadra;;Longo da via;1;0;1;1;0;0;0;0;0;0;0;0;0;(-38.544497 -3.811563);
361880;2020-08-30 03:07:00;AVENIDA MAJ ASSIS, 2420;, ; 2420;;;Colisão;;;;Meio de Quadra;;Longo da via;0;1;0;1;1;0;0;0;0;0;0;0;0;(-38.602367 -3.720061);