COD_ACIDENTE;DATA;LOG1;LOG2;NUMERO;BAIRRO;AMC;NATUREZA;ILUMINACAO;TEMPO;SUPERFICIEPISTA;TIPOCRUZAMENTO;CONTROLETRAFEGO;USOSOLO;MORTOS;FERIDOS;ILESOS;MOTOCICLETA;AUTOMOVEL;MICROONIBUS;CAMINHAO;ONIBUS;CICLOMOTOR;BICICLETA;OUTROS;TREM;TRACAOANIMAL;COORDENADAS
361881;2020-08-30 02:46:00;RUA CONEGUNDES RODRIGUES, 171;, ; 171;;;Colisão;;;;Meio de Quadra;;Longo da via;0;1;0;1;1;0;0;0;0;0;0;0;0;(-38.5420684 -3.76040385);
361882;2020-08-30 01:11:00;AVENIDA ALBERTO NEPOMUCENO, 10;, ; 10;;;Queda;;;;Meio de Quadra;;Longo da via;0;1;0;1;0;0;0;0;0;0;0;0;0;(-38.523212 -3.721257);
361883;2020-08-30 01:08:00;RUA ANTERO QUENTAL, 1014;, ; 1014;;;Queda;;;;Meio de Quadra;;Longo da via;0;2;0;1;0;0;0;0;0;0;0;0;0;(0 0);
360497;2020-08-30 00:30:00;RD BR 116, 7000;, ; 7000;;;Colisão Traseira;;;;Meio de Quadra;;Longo da via;0;1;1;0;2;0;0;0;0;0;0;0;0;(-38.5115614 -3.786276359);
359825;2020-08-29 22:00:00;RUA VICENTE DE CASTRO, ;, ; ;;;Colisão;;;;Meio de Quadra;;Longo da via;0;3;0;0;1;0;1;0;0;0;0;0;0;(0 0);
361885;2020-08-29 21:52:00;AVENIDA FRANCISCO SA, 6434;, ; 6434;;;Atropelamento;;;;Meio de Quadra;;Longo da via;0;1;0;1;0;0;0;0;0;0;0;0;0;(-38.5816622 -3.70899594);
359824;2020-08-29 20:40:00;RUA PEDRO DANTAS, ;RUA CHICO MOTA, ; ;;;Colisão;;;;Cruz;Pare;Cruzamento;0;1;0;1;0;0;0;0;0;0;0;0;0;(-38.521908 -3.785914);
361886;2020-08-29 19:57:00;RUA ROMEU MARTINS, 633;, ; 633;;;Queda;;;;Meio de Quadra;;Longo da via;0;1;0;0;0;0;0;0;0;1;0;0;0;(-38.553218 -3.765892);
360067;2020-08-29 19:45:00;AVENIDA VICENTE DE CASTRO, ;RUA INTERNA, ; ;;;Colisão Transversal;Via Iluminada;Bom;Seca;Meio de Quadra;Não Há Controle;Cruzamento;0;1;1;0;1;0;0;0;0;0;0;0;0;(-38.47333 -3.71379);
361887;2020-08-29 19:42:00;RUA ALBERTO MAGNO, ;, ; ;;;Colisão;;;;Meio de Quadra;;Longo da via;0;2;0;1;1;0;0;0;0;0;0;0;0;(0 0);
361894;2020-08-29 19:41:00;RUA MANOEL B DOS SANTOS, 1500;, ; 1500;;;Queda;;;;Meio de Quadra;;Longo da via;0;2;0;1;0;0;0;0;0;0;0;0;0;(0 0);
362024;2020-08-29 19:31:00;RUA 16 CJ JOSE WALTER, ;, ; ;;;Colisão;;;;Meio de Quadra;;Longo da via;0;1;1;0;1;0;0;0;0;1;0;0;0;(0 0);
361933;2020-08-29 19:22:00;RUA COS ESTELITA, 1441;, ; 1441;;;Colisão;;;;Meio de Quadra;;Longo da via;0;1;0;1;0;0;0;0;0;0;1;0;0;(0 0);
362020;2020-08-29 19:12:00;RUA JOAQUIM B DOS SANTOS, 1496;, ; 1496;;;Colisão;;;;Meio de Quadra;;Longo da via;0;2;0;1;1;0;0;0;0;0;0;0;0;(0 0);
362012;2020-08-29 19:04:00;RUA MARCOS MACEDO, 919;, ; 919;;;Colisão;;;;Meio de Quadra;;Longo da via;0;1;0;1;1;0;0;0;0;0;0;0;0;(-38.4935508 -3.73561516);
362002;2020-08-29 18:48:00;RUA ENG LUIS MONTENEGRO, 691;, ; 691;;;Queda;;;;Meio de Quadra;;Longo da via;0;1;0;1;0;0;0;0;0;0;0;0;0;(0 0);
361989;2020-08-29 18:29:00;RUA SAO GERARDO (C. PORTO), 670;, ; 670;;;Atropelamento;Anoitecer;;;Meio de Quadra;;Longo da via;0;1;0;0;1;0;0;0;0;0;0;0;0;(0 0);
361988;2020-08-29 18:28:00;AVENIDA ALM BARROSO, 521;, ; 521;;;Atropelamento;Anoitecer;;;Meio de Quadra;;Longo da via;0;1;0;0;1;0;0;0;0;0;0;0;0;(-38.5184515 -3.72062787);
360426;2020-08-29 18:20:00;RD CE-060, ;, ; ;;;Atropelamento de Animal;Anoitecer;;;Meio de Quadra;;Longo da via;0;1;0;1;0;0;0;0;0;0;0;0;0;(-38.585133 -3.843038);
361979;2020-08-29 18:20:00;RUA VITORIA (AV. PERIMETRAL), 228;, ; 228;;;Colisão;Anoitecer;;;Meio de Quadra;;Longo da via;0;1;0;1;1;0;0;0;0;0;0;0;0;(0 0);
361971;2020-08-29 17:52:00;AVENIDA ALBERTO CRAVEIRO, ;, ; ;;;Colisão;Anoitecer;;;Meio de Quadra;;Longo da via;0;1;0;1;1;0;0;0;0;0;0;0;0;(0 0);
361970;2020-08-29 17:45:00;RUA CON DE CASTRO, 5582;, ; 5582;;;Colisão;Anoitecer;;;Meio de Quadra;;Longo da via;0;1;0;2;0;0;0;0;0;0;0;0;0;(-38.597601 -3.8122);
361969;2020-08-29 16:22:00;RUA CEL VIRGILIO NOGUEIRA (BOM JARDIM), 880;, ; 880;;;Colisão;Luz do Dia;;;Meio de Quadra;;Longo da via;0;1;0;2;0;0;0;0;0;0;0;0;0;(0 0);
361968;2020-08-29 16:06:00;RUA SEN ALMIR PINTO, 87;, ; 87;;;Colisão;Luz do Dia;;;Meio de Quadra;;Longo da via;0;1;0;1;1;0;0;0;0;0;0;0;0;(-38.5255504 -3.72590608);
361966;2020-08-29 15:43:00;RUA PEDRO DANTAS, 474;, ; 474;;;Colisão;Luz do Dia;;;Meio de Quadra;;Longo da via;0;1;0;1;1;0;0;0;0;0;0;0;0;(-38.5218853 -3.78591809);
360066;2020-08-29 15:33:00;RUA MAJ FACUNDO, ;RUA SEN ALENCAR, ; ;;;Colisão;Luz do Dia;Bom;Seca;Cruz;Pare;Cruzamento;0;2;1;1;1;0;0;0;0;0;0;0;0;(-38.527033 -3.725114);
361959;2020-08-29 14:33:00;AVENIDA DA INDEPENDENCIA, 1839;, ; 1839;;;Colisão;Luz do Dia;;;Meio de Quadra;;Longo da via;0;1;0;1;1;0;0;0;0;0;0;0;0;(-38.596166 -3.725377);
360063;2020-08-29 14:20:00;AVENIDA MAJ ASSIS, ;RUA RAIMUNDO BIZARRIA, ; ;;;Acidente Pessoal;Luz do Dia;Bom;Seca;Cruz;Pare;Cruzamento;0;1;0;2;0;0;0;0;0;0;0;0;0;(-38.579261 -3.724419);
360062;2020-08-29 14:13:00;AVENIDA JOAO PESSOA, ;RUA PRO COSTA MENDES, ; ;;;Colisão Traseira;Luz do Dia;Bom;Seca;Cruz;Semáforo;Cruzamento;0;1;0;1;1;0;0;0;0;0;0;0;0;(-38.549441 -3.752393);
360064;2020-08-29 14:08:00;AVENIDA ALBERTO NEPOMUCENO, ;RUA PESSOA ANTA, ; ;;;Colisão Lateral;Luz do Dia;Bom;Seca;Meio de Quadra;Não Há Controle;Cruzamento;0;0;2;0;2;0;0;0;0;0;0;0;0;(-38.523212 -3.721257);
359828;2020-08-29 13:45:00;RUA SILVA BAIMA, ;RUA CEL MATOS DOURADO, ; ;;;Colisão;Luz do Dia;;;Cruz;Não Há Controle;Cruzamento;0;2;0;0;2;0;0;0;0;0;0;0;0;(-38.583293 -3.755234);
360061;2020-08-29 13:30:00;AVENIDA CARNEIRO DE MENDONCA, 1294;, ; 1294;;;Colisão Lateral;Luz do Dia;Bom;Seca;Meio de Quadra;Não Há Controle;Longo da via;0;1;1;1;1;0;0;0;0;0;0;0;0;(-38.5706308 -3.76203754);
360065;2020-08-29 12:40:00;AVENIDA ROGACIANO LEITE, ;RUA PINDORAMA, ; ;;;Colisão Transversal;Luz do Dia;Bom;Seca;Cruz;Semáforo;Cruzamento;0;1;1;1;1;0;0;0;0;0;0;0;0;(-38.498988 -3.773416);
361949;2020-08-29 11:50:00;RUA VITORIA (AV. PERIMETRAL), 319;, ; 319;;;Colisão;Luz do Dia;;;Meio de Quadra;;Longo da via;0;1;0;0;0;0;0;0;0;0;1;0;0;(0 0);
361929;2020-08-29 11:46:00;RUA CEL MATOS DOURADO, 336;, ; 336;;;Colisão;Luz do Dia;;;Meio de Quadra;;Longo da via;0;1;0;0;2;0;0;0;0;0;0;0;0;(-38.585149 -3.741789);
360496;2020-08-29 10:35:00;RD BR 116, 14300;, ; 14300;;;Colisão Frontal;Luz do Dia;;;Meio de Quadra;;Longo da via;0;1;1;1;0;0;1;0;0;0;0;0;0;(-38.499242 -3.873523);
359827;2020-08-29 09:55:00;RUA BAR ARATANHA, 1353;, ; 1353;;;Colisão;Luz do Dia;;;Meio de Quadra;;Longo da via;0;2;0;0;2;0;0;0;0;0;0;0;0;(-38.5303381 -3.74474489);
361928;2020-08-29 09:49:00;RUA RUI MONTE, 368;, ; 368;;;Colisão;Luz do Dia;;;Meio de Quadra;;Longo da via;0;2;0;1;1;0;0;0;0;0;0;0;0;(-38.58724 -3.74362);
360059;2020-08-29 07:36:00;AVENIDA PRS COSTA E SILVA, 4135;, ; 4135;;;Colisão Traseira;Luz do Dia;Bom;Não informado;Meio de Quadra;Não Há Controle;Longo da via;0;2;0;1;0;0;0;0;0;0;0;0;0;(-38.543440019 -3.824723941);
361927;2020-08-29 07:15:00;AVENIDA L CJ JOSE WALTER, 1900;, ; 1900;;;Colisão;Luz do Dia;;;Meio de Quadra;;Longo da via;0;1;0;1;1;0;0;0;0;0;0;0;0;(-38.5606149 -3.84130125);
359826;2020-08-29 05:20:00;RUA PRO HERIBALDO COSTA, ;RUA DIOGO CORREIA, ; ;;;Colisão;Amanhecer;;;Cruz;Pare;Cruzamento;0;2;0;1;1;0;0;0;0;0;0;0;0;(-38.590102 -3.770996);
361926;2020-08-29 05:00:00;RUA AZEVEDO BOLAO, 1440;, ; 1440;;;Queda;Amanhecer;;;Meio de Quadra;;Longo da via;0;1;0;1;0;0;0;0;0;0;0;0;0;(-38.557088 -3.736529);
360057;2020-08-29 04:36:00;AVENIDA PRS COSTA E SILVA, ;, ; ;;;Não informado;Via Iluminada;Bom;Seca;Meio de Quadra;Semáforo;Longo da via;0;1;0;0;1;0;0;0;0;0;0;0;0;(-38.568455 -3.8157606);
361925;2020-08-29 03:54:00;AVENIDA CASTELO DE CASTRO, 200;, ; 200;;;Colisão;;;;Meio de Quadra;;Longo da via;0;1;0;0;0;0;0;0;0;0;1;0;0;(-38.5214985 -3.8310835);
360056;2020-08-29 03:18:00;RUA EDUARDO PORTO, 147;, ; 147;;;Não informado;Via Iluminada;Bom;Seca;Meio de Quadra;Não Há Controle;Longo da via;0;1;0;1;0;0;0;0;0;0;0;0;0;(-38.4941535 -3.83273006);
360058;2020-08-29 03:12:00;RUA PRO HERIBALDO COSTA, ;RUA DIOGO CORREIA, ; ;;;Colisão Transversal;Via Iluminada;Bom;Seca;Cruz;Pare;Cruzamento;0;1;1;1;1;0;0;0;0;0;0;0;0;(-38.590102 -3.770996);
361924;2020-08-29 02:40:00;RUA ANTONIO GADELHA, 145;, ; 145;;;Colisão;;;;Meio de Quadra;;Longo da via;0;1;0;0;0;0;0;0;0;0;1;0;0;(-38.50430904 -3.832889753);
361922;2020-08-29 02:06:00;RUA PORTO VELHO, ;RUA JULIO MACIEL D35, ; ;;;Colisão;;;;Cruz;Pare;Cruzamento;0;1;0;0;0;0;0;0;0;0;1;0;0;(-38.580597 -3.769453);
361921;2020-08-29 00:50:00;RUA C (CJ RESIDENCIAL UBIRATAN AGUIAR), 258;, ; 258;;;Queda;;;;Meio de Quadra;;Longo da via;0;1;0;0;0;0;0;0;0;1;0;0;0;(0 0);
361918;2020-08-28 22:23:00;AVENIDA WASHINGTON SOARES, ;RUA VALMIR PONTES, ; ;;;Colisão;;;;Cruz;Semáforo;Cruzamento;0;1;0;0;0;0;0;0;0;0;1;0;0;(-38.482016 -3.771482);
361909;2020-08-28 22:04:00;RUA MANUEL MOURA, 67;, ; 67;;;Colisão;;;;Meio de Quadra;;Longo da via;0;1;0;0;0;0;0;0;0;0;1;0;0;(0 0);
359823;2020-08-28 20:35:00;RUA CASTRO MONTE, ;RUA TAVARES COUTINHO, ; ;;;Colisão;;;;Cruz;Pare;Cruzamento;0;3;0;1;2;0;0;0;0;0;0;0;0;(-38.486062 -3.732564);
359819;2020-08-28 20:12:00;RUA PRO PAULO LOPES, 150;, ; 150;;;Colisão;;;;Meio de Quadra;;Longo da via;0;2;0;0;2;0;0;0;0;0;0;0;0;(-38.5839535 -3.75742313);
361908;2020-08-28 19:59:00;AVENIDA H CJ JOSE WALTER, 267;, ; 267;;;Colisão;;;;Meio de Quadra;;Longo da via;0;1;0;0;0;0;0;0;0;0;1;0;0;(-38.5581516 -3.84141639);
361906;2020-08-28 19:20:00;RUA JOAO TINOCO, 88;, ; 88;;;Colisão;;;;Meio de Quadra;;Longo da via;0;1;0;1;1;0;0;0;0;0;0;0;0;(-38.5890939 -3.72846118);
360054;2020-08-28 19:19:00;RUA TAVARES COUTINHO, 1871;, ; 1871;;;Colisão Lateral;Via Iluminada;Bom;Seca;Meio de Quadra;Não Há Controle;Longo da via;0;1;2;1;2;0;0;0;0;0;0;0;0;(-38.4860256 -3.73256213);
360495;2020-08-28 18:05:00;RD BR 116, 7900;, ; 7900;;;Colisão Traseira;Anoitecer;;;Meio de Quadra;;Longo da via;0;2;1;1;1;0;0;0;0;0;0;0;0;(-38.5115614 -3.786276359);
361889;2020-08-28 17:27:00;AVENIDA ALBERTO CRAVEIRO, 2333;, ; 2333;;;Queda;Anoitecer;;;Meio de Quadra;;Longo da via;1;1;0;1;0;0;0;0;0;0;0;0;0;(-38.520248 -3.801569);
361888;2020-08-28 15:46:00;AVENIDA PRS COSTA E SILVA, ;, ; ;;;Colisão;Luz do Dia;;;Meio de Quadra;;Longo da via;0;1;0;1;1;0;0;0;0;0;0;0;0;(0 0);
361870;2020-08-28 15:41:00;RUA PEDRO DE SOUZA, ;RUA MARIA QUINTINO, ; ;;;Colisão;Luz do Dia;;;Cruz;Pare;Cruzamento;0;1;0;1;1;0;0;0;0;0;0;0;0;(-38.500227 -3.852277);
361869;2020-08-28 14:41:00;AVENIDA J CJ CEARA, 1082;, ; 1082;;;Queda;Luz do Dia;;;Meio de Quadra;;Longo da via;0;1;0;1;0;0;0;0;0;0;0;0;0;(-38.61928 -3.77293);
360493;2020-08-28 14:25:00;RD BR 116, 4000;, ; 4000;;;Colisão Traseira;Luz do Dia;;;Meio de Quadra;;Longo da via;0;1;1;1;1;0;0;0;0;0;0;0;0;(-38.503869 -3.802354);
361868;2020-08-28 14:06:00;AVENIDA DOM MANUEL, 582;, ; 582;;;Atropelamento;Luz do Dia;;;Meio de Quadra;;Longo da via;0;1;0;1;0;0;0;0;0;0;0;0;0;(-38.521383 -3.729207);
360053;2020-08-28 14:00:00;AVENIDA AMERICO BARREIRA, ;RUA CEARA, ; ;;;Colisão Transversal;Luz do Dia;Bom;Seca;Cruz;Pare;Cruzamento;0;1;0;1;1;0;0;0;0;0;0;0;0;(-38.5641879 -3.7599614);
359821;2020-08-28 12:55:00;AVENIDA DOS EXPEDICIONARIOS, 5216;, ; 5216;;;Colisão;Luz do Dia;;;Meio de Quadra;;Longo da via;0;1;1;1;1;0;0;0;0;0;0;0;0;(-38.541523 -3.766074);
359822;2020-08-28 12:40:00;AVENIDA WASHINGTON SOARES, 4350;, ; 4350;;;Colisão;Luz do Dia;;;Meio de Quadra;;Longo da via;0;0;2;0;2;0;0;0;0;0;0;0;0;(-38.479979 -3.794935);
360051;2020-08-28 09:30:00;AVENIDA DOS JANGADEIROS, ;RUA JUVENCIO VASCONCELOS, ; ;;;Colisão;Luz do Dia;Bom;Seca;Meio de Quadra;Não Há Controle;Cruzamento;0;1;1;1;1;0;0;0;0;0;0;0;0;(-38.47825 -3.72524);
361867;2020-08-28 09:24:00;RUA TABULEIRO DO NORTE, ;, ; ;;;Colisão;Luz do Dia;;;Meio de Quadra;;Longo da via;0;1;0;1;1;0;0;0;0;0;0;0;0;(0 0);
361866;2020-08-28 08:42:00;AVENIDA MON TABOSA, 381;, ; 381;;;Colisão;Luz do Dia;;;Meio de Quadra;;Longo da via;0;1;0;0;0;0;0;0;0;0;1;0;0;(-38.5159045 -3.7237931);
361865;2020-08-28 08:37:00;RUA VINTE E QUATRO DE MAIO, ;RUA ANTONIO POMPEU, ; ;;;Colisão;Luz do Dia;;;Cruz;Pare;Cruzamento;0;1;0;1;1;0;0;0;0;0;0;0;0;(-38.534186 -3.733667);
361864;2020-08-28 07:53:00;RUA TRES MARIAS D39 (MONTESE), ;RUA PERU, ; ;;;Atropelamento;Luz do Dia;;;Outros;Não Há Controle;Cruzamento;0;1;0;1;0;0;0;0;0;0;0;0;0;(-38.54987 -3.76957);
361863;2020-08-28 07:21:00;RUA FLORO BARTOLOMEU, 588;, ; 588;;;Colisão;Luz do Dia;;;Meio de Quadra;;Longo da via;0;1;0;1;1;0;0;0;0;0;0;0;0;(-38.5090874 -3.76001352);
361862;2020-08-28 02:58:00;RUA CEL DIONISIO ALENCAR, 1800;, ; 1800;;;Colisão;;;;Meio de Quadra;;Longo da via;0;1;0;1;1;0;0;0;0;0;0;0;0;(0 0);
361861;2020-08-28 02:22:00;AVENIDA CONTORNO SUL, 981;, ; 981;;;Queda;;;;Meio de Quadra;;Longo da via;0;1;0;1;0;0;0;0;0;0;0;0;0;(-38.5185714 -3.83683816);
361860;2020-08-27 22:27:00;AVENIDA ANTONIO SALES, ;, ; ;;;Colisão;;;;Meio de Quadra;;Longo da via;0;1;0;1;1;0;0;0;0;0;0;0;0;(0 0);
360050;2020-08-27 22:26:00;AVENIDA DUQ CAXIAS, ;RUA VINTE E QUATRO DE MAIO, ; ;;;Colisão Transversal;Via Iluminada;Bom;Seca;Cruz;Semáforo;Cruzamento;0;1;1;1;0;0;0;1;0;0;0;0;0;(-38.53323 -3.730708);
361859;2020-08-27 22:18:00;RUA CEL QUEIROZ, 211;, ; 211;;;Colisão;;;;Meio de Quadra;;Longo da via;0;1;0;0;0;0;0;0;0;0;1;0;0;(-38.45668 -3.78281);
361858;2020-08-27 20:52:00;AVENIDA MR HULL, 3556;, ; 3556;;;Queda;;;;Meio de Quadra;;Longo da via;0;1;0;1;0;0;0;0;0;0;0;0;0;(-38.57645 -3.737573);
361857;2020-08-27 20:42:00;AVENIDA OLIVEIRA PAIVA, 1463;, ; 1463;;;Colisão;;;;Meio de Quadra;;Longo da via;0;1;0;1;1;0;0;0;0;0;0;0;0;(-38.4936087 -3.7954177);
360049;2020-08-27 20:41:00;RUA AUDISIO PINHEIRO, ;RUA PRO PAULO LOPES, ; ;;;Atropelamento;Via Iluminada;Bom;Seca;Cruz;Pare;Cruzamento;0;2;0;0;0;0;0;0;0;0;0;0;0;(-38.587319 -3.755634);
361856;2020-08-27 19:59:00;RUA AUDISIO PINHEIRO, 364;, ; 364;;;Atropelamento;;;;Meio de Quadra;;Longo da via;0;1;0;1;0;0;0;0;0;0;0;0;0;(-38.5873629 -3.75571475);
360425;2020-08-27 19:30:00;RD CE-040, ;, ; ;;;Colisão;;;;Meio de Quadra;;Longo da via;0;1;1;1;1;0;0;0;0;0;0;0;0;(-38.4810839 -3.782614325);
359815;2020-08-27 19:20:00;RUA PDE VALDEVINO, ;, ; ;;;Choque c/ Obstáculo Fixo;;;;Meio de Quadra;;Longo da via;0;1;0;0;1;0;0;0;0;0;0;0;0;(0 0);
361855;2020-08-27 18:54:00;RUA CEL VIRGILIO NOGUEIRA (BOM JARDIM), ;RUA DESCARTES BRAGA, ; ;;;Colisão;;;;Rotatória;Não Há Controle;Cruzamento;0;2;0;0;0;0;0;0;0;0;1;0;0;(-38.61076 -3.79513);
361853;2020-08-27 18:28:00;AVENIDA RUI BARBOSA, ;RUA PDE VALDEVINO, ; ;;;Colisão;Anoitecer;;;Cruz;Semáforo;Cruzamento;0;1;0;1;1;0;0;0;0;0;0;0;0;(-38.511029 -3.740964);
360047;2020-08-27 17:15:00;AVENIDA LINEU MACHADO, ;RUA SEIXAS CORREIA, ; ;;;Não informado;Luz do Dia;Bom;Seca;Cruz;Pare;Cruzamento;0;2;0;0;0;0;0;0;0;0;0;0;0;(-38.58272 -3.77699);
361852;2020-08-27 17:06:00;RUA NICOLAU COELHO, 931;, ; 931;;;Queda;Anoitecer;;;Meio de Quadra;;Longo da via;0;1;0;0;0;0;0;0;0;1;0;0;0;(-38.4925645 -3.82291556);
361851;2020-08-27 16:31:00;RUA MARIA JULIA, 4092;, ; 4092;;;Colisão;Luz do Dia;;;Meio de Quadra;;Longo da via;0;2;0;1;1;0;0;0;0;0;0;0;0;(0 0);
361844;2020-08-27 16:06:00;AVENIDA LINEU MACHADO, 2030;, ; 2030;;;Colisão;Luz do Dia;;;Meio de Quadra;;Longo da via;0;1;0;1;1;0;0;0;0;0;0;0;0;(-38.58272 -3.777008);
360424;2020-08-27 15:50:00;AVENIDA SEN CARLOS JEREISSATI (AEROPORTO), ;, ; ;;;Colisão;Luz do Dia;;;Meio de Quadra;;Longo da via;0;0;2;0;2;0;0;0;0;0;0;0;0;(0 0);
361831;2020-08-27 14:32:00;AVENIDA GODOFREDO MACIEL, ;, ; ;;;Colisão;Luz do Dia;;;Meio de Quadra;;Longo da via;0;1;0;1;1;0;0;0;0;0;0;0;0;(0 0);
361828;2020-08-27 14:30:00;RUA COM GARCIA, 561;, ; 561;;;Colisão;Luz do Dia;;;Meio de Quadra;;Longo da via;0;1;0;2;0;0;0;0;0;0;0;0;0;(-38.5802623 -3.78993635);
361827;2020-08-27 12:33:00;AVENIDA IMPERADOR, ;RUA GAL CLARINDO DE QUEIROZ, ; ;;;Colisão;Luz do Dia;;;Cruz;Semáforo;Cruzamento;0;1;0;1;1;0;0;0;0;0;0;0;0;(-38.535566 -3.730962);
361814;2020-08-27 11:12:00;RUA DES PRAXEDES, 2001;, ; 2001;;;Colisão;Luz do Dia;;;Meio de Quadra;;Longo da via;0;1;0;0;0;0;0;0;0;0;1;0;0;(-38.536679 -3.764934);
359816;2020-08-27 11:05:00;RD CE-060, 4;, ; 4;;;Colisão;Luz do Dia;;;Meio de Quadra;;Longo da via;0;4;0;0;4;0;0;0;0;0;0;0;0;(-38.5795 -3.826136);
361813;2020-08-27 10:51:00;AVENIDA DOS EXPEDICIONARIOS, 3226;, ; 3226;;;Colisão;Luz do Dia;;;Meio de Quadra;;Longo da via;0;1;0;1;1;0;0;0;0;0;0;0;0;(-38.5356795 -3.746858);
361812;2020-08-27 10:23:00;RUA ILDEFONSO ALBANO, 2525;, ; 2525;;;Queda;Luz do Dia;;;Meio de Quadra;;Longo da via;0;1;0;1;0;0;0;0;0;0;0;0;0;(-38.516553 -3.74321);
361810;2020-08-27 09:30:00;AVENIDA SEN FERNANDES TAVORA, 2813;, ; 2813;;;Colisão;Luz do Dia;;;Meio de Quadra;;Longo da via;0;1;0;2;0;0;0;0;0;0;0;0;0;(-38.59729 -3.755308);
361809;2020-08-27 08:58:00;AVENIDA CARNEIRO DE MENDONCA, 1354;, ; 1354;;;Colisão;Luz do Dia;;;Meio de Quadra;;Longo da via;0;1;0;1;1;0;0;0;0;0;0;0;0;(-38.571193 -3.7617335);
361808;2020-08-27 08:22:00;ESTRADA DO JATOBA, 3761;, ; 3761;;;Colisão;Luz do Dia;;;Meio de Quadra;;Longo da via;0;1;0;1;1;0;0;0;0;0;0;0;0;(-38.628248 -3.80448);
361807;2020-08-27 07:53:00;RUA PINTO MADEIRA, 1183;, ; 1183;;;Colisão;Luz do Dia;;;Meio de Quadra;;Longo da via;0;1;0;0;0;0;0;0;0;0;1;0;0;(-38.51498 -3.73304);
361806;2020-08-27 07:44:00;AVENIDA DA INDEPENDENCIA, 1707;, ; 1707;;;Colisão;Luz do Dia;;;Meio de Quadra;;Longo da via;0;1;0;1;1;0;0;0;0;0;0;0;0;(-38.5959965 -3.72542471);
360046;2020-08-27 07:38:00;AVENIDA GOV RAUL BARBOSA, ;, ; ;;;Colisão Lateral;Luz do Dia;Bom;Seca;Outros;Não Há Controle;Longo da via;0;1;1;1;1;0;0;0;0;0;0;0;0;(-38.504505 -3.757847);
361803;2020-08-27 07:32:00;AVENIDA GOV RAUL BARBOSA, ;, ; ;;;Colisão;Luz do Dia;;;Meio de Quadra;;Longo da via;0;1;0;0;2;0;0;0;0;0;0;0;0;(0 0);
361802;2020-08-27 07:00:00;RUA DES AVELAR, 1013;, ; 1013;;;Colisão;Luz do Dia;;;Meio de Quadra;;Longo da via;0;1;0;2;0;0;0;0;0;0;0;0;0;(-38.4933 -3.7940235);
361797;2020-08-27 06:49:00;ROD CE 010, ;, ; ;;;Queda;Luz do Dia;;;Meio de Quadra;;Longo da via;0;1;0;0;0;0;0;0;0;1;0;0;0;(0 0);
361796;2020-08-27 06:07:00;AVENIDA GODOFREDO MACIEL, 1005;, ; 1005;;;Colisão;Luz do Dia;;;Meio de Quadra;;Longo da via;0;1;0;0;0;0;0;0;0;0;1;0;0;(-38.566351714 -3.784986095);
359818;2020-08-27 02:47:00;RD DR MENDEL STEINBRUCH, 6866;, ; 6866;;;Colisão;;;;Meio de Quadra;;Longo da via;0;1;0;0;0;0;0;0;0;0;0;0;0;(-38.583231 -3.837503);
359814;2020-08-27 02:00:00;RUA ALBERTO MAGNO, ;RUA BAR SOBRAL, ; ;;;Colisão;;;;Cruz;Semáforo;Cruzamento;0;1;0;0;0;0;0;0;0;0;0;0;0;(-38.552417 -3.767991);
361795;2020-08-26 23:15:00;RUA ALBERTO MAGNO, 1640;, ; 1640;;;Colisão;;;;Meio de Quadra;;Longo da via;0;2;0;1;1;0;0;0;0;0;0;0;0;(-38.5525365 -3.76824);
361793;2020-08-26 22:28:00;AVENIDA SANTOS DUMONT, 4000;, ; 4000;;;Queda;;;;Meio de Quadra;;Longo da via;0;1;0;1;0;0;0;0;0;0;0;0;0;(-38.488638 -3.739368);
361791;2020-08-26 21:16:00;RUA ANTONIO ALEXANDRINO DOS REIS, 66;, ; 66;;;Colisão;;;;Meio de Quadra;;Longo da via;0;1;0;0;0;0;0;0;0;0;1;0;0;(0 0);
361783;2020-08-26 20:44:00;RUA JOAO PAULO, 202;, ; 202;;;Colisão;;;;Meio de Quadra;;Longo da via;0;1;0;0;0;0;0;0;0;0;1;0;0;(0 0);
361779;2020-08-26 20:24:00;RUA PDE MORORO, 1123;, ; 1123;;;Colisão;;;;Meio de Quadra;;Longo da via;0;1;0;2;0;0;0;0;0;0;0;0;0;(-38.5378582 -3.72671164);
361778;2020-08-26 19:59:00;AVENIDA PRS CASTELO BRANCO, ;, ; ;;;Atropelamento;;;;Meio de Quadra;;Longo da via;0;1;0;0;0;0;0;0;0;0;1;0;0;(0 0);
361777;2020-08-26 18:20:00;AVENIDA DOS EXPEDICIONARIOS, 5360;, ; 5360;;;Colisão;Anoitecer;;;Meio de Quadra;;Longo da via;0;1;0;0;0;0;0;0;0;0;1;0;0;(-38.541696 -3.766646);
360045;2020-08-26 18:15:00;RUA BAR SOBRAL, ;RUA EDITE BRAGA, ; ;;;Colisão Transversal;Via Iluminada;Bom;Seca;Cruz;Pare;Cruzamento;0;1;0;1;1;0;0;0;0;0;0;0;0;(-38.553278 -3.767521);
361771;2020-08-26 17:50:00;AVENIDA BEZERRA DE MENEZES, 2514;, ; 2514;;;Colisão;Anoitecer;;;Meio de Quadra;;Longo da via;0;1;0;2;0;0;0;0;0;0;0;0;0;(-38.56727 -3.736264);