COD_ACIDENTE;DATA;LOG1;LOG2;NUMERO;BAIRRO;AMC;NATUREZA;ILUMINACAO;TEMPO;SUPERFICIEPISTA;TIPOCRUZAMENTO;CONTROLETRAFEGO;USOSOLO;MORTOS;FERIDOS;ILESOS;MOTOCICLETA;AUTOMOVEL;MICROONIBUS;CAMINHAO;ONIBUS;CICLOMOTOR;BICICLETA;OUTROS;TREM;TRACAOANIMAL;COORDENADAS
361757;2020-08-26 17:24:00;AVENIDA MIN JOSE AMERICO, 395;, ; 395;;;Colisão;Anoitecer;;;Meio de Quadra;;Longo da via;0;2;0;1;1;0;0;0;0;0;0;0;0;(-38.4962638 -3.8113122);
361756;2020-08-26 17:17:00;AVENIDA ABOLICAO, 2021;, ; 2021;;;Colisão;Anoitecer;;;Meio de Quadra;;Longo da via;0;1;0;1;1;0;0;0;0;0;0;0;0;(-38.5004 -3.72563);
359813;2020-08-26 17:00:00;RUA PAULO MENDES, ;, ; ;;;Colisão;Anoitecer;;;Meio de Quadra;;Longo da via;0;1;0;0;0;0;0;0;0;0;0;0;0;(0 0);
361755;2020-08-26 16:43:00;AVENIDA JOSE BASTOS, 3938;, ; 3938;;;Colisão;Luz do Dia;;;Meio de Quadra;;Longo da via;0;1;0;1;1;0;0;0;0;0;0;0;0;(-38.553085 -3.7526255);
361754;2020-08-26 15:20:00;AVENIDA CESAR CALS, 1641;, ; 1641;;;Colisão;Luz do Dia;;;Meio de Quadra;;Longo da via;0;1;0;0;0;0;0;0;0;0;1;0;0;(0 0);
361753;2020-08-26 14:44:00;RUA ASTROGILDO FONTOURA, 775;, ; 775;;;Queda;Luz do Dia;;;Meio de Quadra;;Longo da via;0;2;0;0;0;0;0;0;0;1;0;0;0;(-38.586111 -3.71197895);
360044;2020-08-26 14:05:00;RUA CRISANTO M DA ROCHA, ;RUA DR VALDEMAR DE ALCANTARA, ; ;;;Colisão Transversal;Luz do Dia;Bom;Seca;Meio de Quadra;Pare;Cruzamento;0;1;0;1;1;0;0;0;0;0;0;0;0;(-38.48085 -3.7992336);
361752;2020-08-26 13:40:00;AVENIDA CARAPINIMA, 2415;, ; 2415;;;Queda;Luz do Dia;;;Meio de Quadra;;Longo da via;0;1;0;1;0;0;0;0;0;0;0;0;0;(-38.54087518 -3.740639235);
361751;2020-08-26 12:01:00;AVENIDA CASTELO DE CASTRO, ;, ; ;;;Queda;Luz do Dia;;;Meio de Quadra;;Longo da via;0;1;0;1;0;0;0;0;0;0;0;0;0;(0 0);
361750;2020-08-26 10:46:00;RUA DR CONDES SANDOVAL, 281;, ; 281;;;Colisão;Luz do Dia;;;Meio de Quadra;;Longo da via;0;1;0;0;0;0;0;0;0;0;1;0;0;(-38.5247515 -3.84202348);
361749;2020-08-26 09:27:00;RUA PRO HERIBALDO COSTA, 450;, ; 450;;;Colisão;Luz do Dia;;;Meio de Quadra;;Longo da via;0;1;0;1;1;0;0;0;0;0;0;0;0;(-38.5835182 -3.7594841);
360043;2020-08-26 09:10:00;RUA MANUEL CASTELO BRANCO, 533;, ; 533;;;Colisão Lateral;Luz do Dia;Bom;Seca;Meio de Quadra;Não Há Controle;Longo da via;0;2;1;1;1;0;0;0;0;0;0;0;0;(-38.4904195 -3.83234972);
361748;2020-08-26 09:05:00;RUA FONSECA LOBO, 560;, ; 560;;;Atropelamento;Luz do Dia;;;Meio de Quadra;;Longo da via;0;1;0;1;0;0;0;0;0;0;0;0;0;(-38.4905726 -3.74209693);
360041;2020-08-26 08:48:00;AVENIDA GODOFREDO MACIEL, ;RUA CASTRO MEIRELES, ; ;;;Colisão Lateral;Luz do Dia;Bom;Seca;Cruz;Pare;Cruzamento;0;2;1;0;1;0;0;0;0;0;0;0;0;(-38.573019 -3.806413);
360040;2020-08-26 08:24:00;AVENIDA JOSE JATAHY, ;AVENIDA SGT HERMINIO SAMPAIO, ; ;;;Colisão;Luz do Dia;Bom;Seca;Cruz;Pare;Cruzamento;0;1;0;1;1;0;0;0;0;0;0;0;0;(-38.5459049 -3.7247097);
361747;2020-08-26 08:22:00;RUA PRO HERIBALDO COSTA, 400;, ; 400;;;Colisão;Luz do Dia;;;Meio de Quadra;;Longo da via;0;1;0;2;0;0;0;0;0;0;0;0;0;(-38.582016 -3.7561955);
361746;2020-08-26 07:54:00;AVENIDA PONTES VIEIRA, 340;, ; 340;;;Queda;Luz do Dia;;;Meio de Quadra;;Longo da via;0;1;0;0;0;0;0;0;0;1;0;0;0;(-38.516933 -3.7531695);
361745;2020-08-26 07:50:00;RUA CON DE CASTRO, 4359;, ; 4359;;;Atropelamento;Luz do Dia;;;Meio de Quadra;;Longo da via;0;1;0;0;1;0;0;0;0;0;0;0;0;(-38.590573 -3.80347037);
361744;2020-08-26 07:30:00;AVENIDA D CJ CEARA, 1250;, ; 1250;;;Colisão;Luz do Dia;;;Meio de Quadra;;Longo da via;0;1;0;1;1;0;0;0;0;0;0;0;0;(-38.602527 -3.763109);
361743;2020-08-26 06:45:00;AVENIDA RUI BARBOSA, 2727;, ; 2727;;;Atropelamento;Luz do Dia;;;Meio de Quadra;;Longo da via;0;2;0;1;0;0;0;0;0;0;0;0;0;(-38.512684 -3.746112);
360042;2020-08-26 05:40:00;AVENIDA GODOFREDO MACIEL, 4190;, ; 4190;;;Colisão Traseira;Luz do Dia;Bom;Seca;Meio de Quadra;Semáforo;Longo da via;0;0;1;0;1;0;0;0;0;0;0;0;0;(-38.5745829 -3.8110495);
359811;2020-08-26 01:50:00;RUA PDE NOBREGA, ;, ; ;;;Colisão;;;;Meio de Quadra;;Longo da via;0;2;0;0;2;0;0;0;0;0;0;0;0;(0 0);
360039;2020-08-26 01:10:00;RUA GOV JOAO CARLOS, ;RUA PDE NOBREGA, ; ;;;Colisão Transversal;Via Iluminada;Nublado;Seca;Cruz;Pare;Cruzamento;0;1;1;1;1;0;0;0;0;0;0;0;0;(-38.553174 -3.782094);
359810;2020-08-26 01:00:00;RUA JABORANDI, ;, ; ;;;Colisão;;;;Meio de Quadra;;Longo da via;0;2;0;0;2;0;0;0;0;0;0;0;0;(0 0);
361742;2020-08-25 22:11:00;RUA TUPI D35, 102;, ; 102;;;Colisão;;;;Meio de Quadra;;Longo da via;0;1;0;1;1;0;0;0;0;0;0;0;0;(-38.577307 -3.756657);
361741;2020-08-25 21:45:00;RUA GUILHERME ROCHA, ;, ; ;;;Colisão;;;;Meio de Quadra;;Longo da via;0;1;0;0;0;0;0;0;0;0;1;0;0;(0 0);
361739;2020-08-25 21:05:00;AVENIDA I CJ CEARA, 279;, ; 279;;;Atropelamento;;;;Meio de Quadra;;Longo da via;0;1;0;1;0;0;0;0;0;0;0;0;0;(-38.5977801 -3.7660987);
361737;2020-08-25 20:22:00;RUA OITICICAS, 777;, ; 777;;;Queda;;;;Meio de Quadra;;Longo da via;0;1;0;0;0;0;0;0;0;1;0;0;0;(-38.537693 -3.81091196);
360492;2020-08-25 20:10:00;RD BR 222, 1900;, ; 1900;;;Colisão Transversal;;;;Meio de Quadra;;Longo da via;0;1;3;2;0;0;0;0;0;0;0;0;0;(-38.57814693 -3.737698444);
361735;2020-08-25 20:09:00;RUA NUNES VALENTE, 96;, ; 96;;;Queda;;;;Meio de Quadra;;Longo da via;0;1;0;1;0;0;0;0;0;0;0;0;0;(-38.5093 -3.7534);
359809;2020-08-25 20:00:00;RUA METON DE ALENCAR, ;, ; ;;;Colisão;;;;Meio de Quadra;;Longo da via;0;2;0;0;2;0;0;0;0;0;0;0;0;(0 0);
361733;2020-08-25 19:33:00;RUA ALBERTO MONTEZUMA, 240;, ; 240;;;Colisão;;;;Meio de Quadra;;Longo da via;0;1;0;1;1;0;0;0;0;0;0;0;0;(-38.5332218 -3.765838);
361731;2020-08-25 18:58:00;RUA PARAGUACU D45, 1658;, ; 1658;;;Colisão;;;;Meio de Quadra;;Longo da via;0;1;0;0;2;0;0;0;0;0;0;0;0;(-38.540314 -3.789135);
361730;2020-08-25 18:53:00;RUA PDE VALDEVINO, ;AVENIDA RUI BARBOSA, ; ;;;Queda;;;;Cruz;Semáforo;Cruzamento;0;1;0;0;0;0;0;0;0;1;0;0;0;(-38.51109 -3.7411053);
361729;2020-08-25 18:33:00;RUA ISMAEL PORDEUS, 779;, ; 779;;;Queda;;;;Meio de Quadra;;Longo da via;0;1;0;1;0;0;0;0;0;0;0;0;0;(-38.46954 -3.72316);
361728;2020-08-25 18:08:00;RUA MARIA JULIA, 1700;, ; 1700;;;Colisão;Anoitecer;;;Meio de Quadra;;Longo da via;0;1;0;1;1;0;0;0;0;0;0;0;0;(-38.6024165 -3.80026522);
361727;2020-08-25 17:50:00;RUA DUAS NACOES, ;RUA HUMBERTO LOMEU, ; ;;;Colisão;Anoitecer;;;;;Cruzamento;0;2;0;1;1;0;0;0;0;0;0;0;0;(-38.6034 -3.78175);
361726;2020-08-25 17:38:00;RUA 8 DE SETEMBRO, 1465;, ; 1465;;;Colisão;Anoitecer;;;Meio de Quadra;;Longo da via;0;2;0;1;1;0;0;0;0;0;0;0;0;(0 0);
361725;2020-08-25 17:35:00;AVENIDA ROGACIANO LEITE, ;AVENIDA ENG SANTANA JUNIOR, ; ;;;Colisão;Anoitecer;;;;;Cruzamento;0;1;1;0;1;0;0;0;0;1;0;0;0;(-38.49152 -3.75626);
361720;2020-08-25 17:17:00;RUA CON DE CASTRO, 5493;, ; 5493;;;Colisão;Anoitecer;;;Meio de Quadra;;Longo da via;0;1;0;1;1;0;0;0;0;0;0;0;0;(-38.597063 -3.811311);
361718;2020-08-25 16:58:00;RUA OSCAR ARARIPE, 545;, ; 545;;;Colisão;Luz do Dia;;;Meio de Quadra;;Longo da via;0;1;0;1;1;0;0;0;0;0;0;0;0;(-38.59618 -3.79223);
360038;2020-08-25 16:54:00;RUA RAQUEL HOLANDA, ;RUA DR ATUALPA (V. ELERY), ; ;;;Colisão;Luz do Dia;Bom;Seca;Cruz;Pare;Cruzamento;0;1;1;0;1;0;0;0;0;1;0;0;0;(-38.56306 -3.72334);
360037;2020-08-25 16:04:00;AVENIDA ABOLICAO, ;RUA LEONARDO MOTA, ; ;;;Colisão Traseira;Luz do Dia;Bom;Seca;T;Não Há Controle;Cruzamento;0;1;0;1;1;0;0;0;0;0;0;0;0;(-38.493236 -3.726977);
360036;2020-08-25 13:45:00;AVENIDA GODOFREDO MACIEL, ;RUA CEL TIBURCIO, ; ;;;Choque c/ Obstáculo Fixo;Luz do Dia;Bom;Seca;Meio de Quadra;Não Há Controle;Cruzamento;0;1;0;1;0;0;0;0;0;0;0;0;0;(-38.57466 -3.81536);
361717;2020-08-25 13:41:00;AVENIDA GODOFREDO MACIEL, 1230;, ; 1230;;;Colisão;Luz do Dia;;;Meio de Quadra;;Longo da via;0;1;0;1;1;0;0;0;0;0;0;0;0;(-38.566786 -3.786498);
360035;2020-08-25 13:15:00;RUA PDE ANCHIETA, ;RUA JOSE MARROCOS, ; ;;;Colisão Traseira;Luz do Dia;Bom;Seca;Cruz;Pare;Cruzamento;0;1;1;1;1;0;0;0;0;0;0;0;0;(-38.55203 -3.73094);
361716;2020-08-25 13:09:00;AVENIDA JOAO PESSOA, 6943;, ; 6943;;;Colisão;Luz do Dia;;;Meio de Quadra;;Longo da via;0;2;0;1;1;0;0;0;0;0;0;0;0;(-38.561379 -3.771044);
359805;2020-08-25 13:00:00;AVENIDA FILOMENO GOMES, ;, ; ;;;Colisão;Luz do Dia;;;Meio de Quadra;;Longo da via;0;1;0;0;0;0;0;0;0;0;0;0;0;(0 0);
361713;2020-08-25 12:25:00;RUA COS LAFAYETE, 323;, ; 323;;;Colisão;Luz do Dia;;;Meio de Quadra;;Longo da via;0;1;0;2;0;0;0;0;0;0;0;0;0;(-38.581017 -3.7181518);
361711;2020-08-25 11:56:00;AVENIDA PRS CASTELO BRANCO, ;AVENIDA FILOMENO GOMES, ; ;;;Colisão;Luz do Dia;;;T;Semáforo;Cruzamento;0;1;0;1;1;0;0;0;0;0;0;0;0;(-38.541982 -3.715542);
361715;2020-08-25 11:30:00;AVENIDA GODOFREDO MACIEL, 4505;, ; 4505;;;Colisão;Luz do Dia;;;Meio de Quadra;;Longo da via;1;1;0;1;0;0;0;0;0;0;0;0;0;(-38.5749759 -3.8126678);
361708;2020-08-25 11:13:00;AVENIDA GAL OSORIO DE PAIVA, 6028;, ; 6028;;;Colisão;Luz do Dia;;;Meio de Quadra;;Longo da via;0;1;0;1;1;0;0;0;0;0;0;0;0;(-38.6062163 -3.80903278);
359806;2020-08-25 09:50:00;RUA ALBERTO MAGNO, ;RUA ALAN KARDEC, ; ;;;Colisão;Luz do Dia;;;Cruz;Pare;Cruzamento;0;2;0;1;1;0;0;0;0;0;0;0;0;(-38.549918 -3.764796);
361704;2020-08-25 09:00:00;RUA PRO HERIBALDO COSTA, 687;, ; 687;;;Colisão;Luz do Dia;;;Meio de Quadra;;Longo da via;0;1;0;1;1;0;0;0;0;0;0;0;0;(-38.5832462 -3.7590354);
361703;2020-08-25 08:45:00;RUA CON LIMA SUCUPIRA, ;RUA TOMAS EDSON, ; ;;;Colisão;Luz do Dia;;;Cruz;Não Há Controle;Cruzamento;0;1;0;2;0;0;0;0;0;0;0;0;0;(-38.554272 -3.777047);
360423;2020-08-25 08:20:00;RD CE-060, ;, ; ;;;Colisão;Luz do Dia;;;Meio de Quadra;;Longo da via;0;0;2;0;1;0;1;0;0;0;0;0;0;(-38.585133 -3.843038);
361702;2020-08-25 08:17:00;RUA PRIMEIRO DE JANEIRO, ;, ; ;;;Colisão;Luz do Dia;;;Meio de Quadra;;Longo da via;0;1;0;1;1;0;0;0;0;0;0;0;0;(0 0);
361691;2020-08-25 07:22:00;AVENIDA PRS COSTA E SILVA, 5676;, ; 5676;;;Queda;Luz do Dia;;;Meio de Quadra;;Longo da via;0;1;0;1;0;0;0;0;0;0;0;0;0;(-38.529854322 -3.829005862);
361690;2020-08-25 06:09:00;RUA EDUARDO PERDIGAO, ;, ; ;;;Atropelamento;Luz do Dia;;;Meio de Quadra;;Longo da via;0;1;0;1;0;0;0;0;0;0;0;0;0;(0 0);
361689;2020-08-25 05:38:00;TERM TERMINAL DA PARANGABA, ;, ; ;;;Colisão;Amanhecer;;;Meio de Quadra;;Longo da via;0;1;0;1;1;0;0;0;0;0;0;0;0;(0 0);
361684;2020-08-25 05:33:00;RUA JORGE DUMAR, ;, ; ;;;Colisão;Amanhecer;;;Meio de Quadra;;Longo da via;0;4;0;0;2;0;0;0;0;0;0;0;0;(0 0);
361683;2020-08-25 04:41:00;RUA POMPILIO GOMES, 900;, ; 900;;;Queda;;;;Meio de Quadra;;Longo da via;0;1;0;1;0;0;0;0;0;0;0;0;0;(0 0);
361719;2020-08-25 00:00:00;BC TEODOMIRO DE CASTRO, 925;, ; 925;;;Colisão;;;;Meio de Quadra;;Longo da via;0;1;0;1;1;0;0;0;0;0;0;0;0;(-38.56955 -3.72031);
361671;2020-08-24 22:58:00;RD BR 116, ;, ; ;;;Queda;;;;Meio de Quadra;;Longo da via;0;1;0;1;0;0;0;0;0;0;0;0;0;(0 0);
361670;2020-08-24 19:10:00;RD CE-040, ;, ; ;;;Colisão;;;;Meio de Quadra;;Longo da via;0;1;0;1;1;0;0;0;0;0;0;0;0;(0 0);
361669;2020-08-24 18:46:00;AVENIDA JOSE BASTOS, ;RUA PDE CICERO, ; ;;;Colisão;;;;T;Não Há Controle;Cruzamento;0;1;0;1;1;0;0;0;0;0;0;0;0;(-38.544887 -3.744462);
360034;2020-08-24 18:30:00;RUA PDE PAULINO, ;RD BR 116, ; ;;;Colisão Lateral;Via Iluminada;Bom;Seca;T;Pare;Cruzamento;0;1;0;0;2;0;0;0;0;0;0;0;0;(-38.50812 -3.7977);
361668;2020-08-24 18:07:00;AVENIDA GODOFREDO MACIEL, 4965;, ; 4965;;;Outros;Anoitecer;;;Meio de Quadra;;Longo da via;0;1;0;0;0;0;0;0;0;0;1;0;0;(-38.57556 -3.81834);
361667;2020-08-24 17:59:00;RUA LONDRINA, 1097;, ; 1097;;;Colisão;Anoitecer;;;Meio de Quadra;;Longo da via;0;1;0;2;0;0;0;0;0;0;0;0;0;(-38.60075 -3.78177);
360421;2020-08-24 17:30:00;RD CE-040, ;, ; ;;;Colisão;Anoitecer;;;Meio de Quadra;;Longo da via;0;1;1;0;2;0;0;0;0;0;0;0;0;(-38.4810839 -3.782614325);
361666;2020-08-24 17:27:00;RUA CURITIBA, 1096;, ; 1096;;;Colisão;Anoitecer;;;Meio de Quadra;;Longo da via;0;1;0;1;1;0;0;0;0;0;0;0;0;(-38.592835 -3.755193);
361664;2020-08-24 17:24:00;RUA POMPILIO GOMES, 835;, ; 835;;;Colisão;Anoitecer;;;Meio de Quadra;;Longo da via;0;1;0;1;1;0;0;0;0;0;0;0;0;(-38.5208303 -3.8196711);
361661;2020-08-24 17:21:00;RUA MAJ WEYNE, 936;, ; 936;;;Colisão;Anoitecer;;;Meio de Quadra;;Longo da via;0;2;0;2;0;0;0;0;0;0;0;0;0;(-38.544427 -3.748664925);
360033;2020-08-24 17:13:00;RUA MANUEL CASTELO BRANCO, ;RUA CEL FRANCISCO PEREIRA (MESSEJANA), ; ;;;Colisão Lateral;Luz do Dia;Bom;Seca;Cruz;Semáforo;Cruzamento;0;1;1;1;1;0;0;0;0;0;0;0;0;(-38.492929 -3.831773);
361654;2020-08-24 17:08:00;AVENIDA PRS CASTELO BRANCO, 5010;, ; 5010;;;Atropelamento;Anoitecer;;;Meio de Quadra;;Longo da via;0;2;0;0;0;0;0;0;0;1;0;0;0;(-38.576693 -3.705209);
361652;2020-08-24 17:05:00;RUA POMPILIO GOMES, 90;, ; 90;;;Colisão;Anoitecer;;;Meio de Quadra;;Longo da via;0;1;0;1;1;0;0;0;0;0;0;0;0;(-38.5199303 -3.8107609);
361651;2020-08-24 16:36:00;AVENIDA GAL OSORIO DE PAIVA, ;, ; ;;;Colisão;Luz do Dia;;;Meio de Quadra;;Longo da via;0;1;0;0;0;0;0;0;0;0;1;0;0;(0 0);
361644;2020-08-24 16:00:00;RUA 26 BATALHAO, 16;, ; 16;;;Queda;Luz do Dia;;;Meio de Quadra;;Longo da via;0;1;0;1;0;0;0;0;0;0;0;0;0;(-38.56776 -3.80479);
361643;2020-08-24 15:42:00;RUA MON HIPOLITO BRASIL, ;RUA RIBEIRO LEITAO, ; ;;;Colisão;Luz do Dia;;;Cruz;Pare;Cruzamento;0;1;0;2;0;0;0;0;0;0;0;0;0;(-38.57611 -3.760359);
359802;2020-08-24 15:03:00;AVENIDA DOM MANUEL, ;, ; ;;;Colisão;Luz do Dia;;;Meio de Quadra;;Longo da via;0;1;0;0;0;0;0;0;0;0;0;0;0;(0 0);
361633;2020-08-24 13:54:00;RUA CANDIDO MAIA, 294;, ; 294;;;Colisão;Luz do Dia;;;Meio de Quadra;;Longo da via;0;1;1;0;1;0;0;0;0;1;0;0;0;(-38.5904072 -3.737428);
361619;2020-08-24 13:51:00;AVENIDA PLACIDO CASTELO, 90;, ; 90;;;Atropelamento;Luz do Dia;;;Meio de Quadra;;Longo da via;0;1;0;1;0;0;0;0;0;0;0;0;0;(-38.5105765 -3.784899);
359808;2020-08-24 13:30:00;AVENIDA GODOFREDO MACIEL, 4358;, ; 4358;;;Choque c/ Obstáculo Fixo;Luz do Dia;;;Meio de Quadra;;Longo da via;0;1;0;1;0;0;0;0;0;0;0;0;0;(-38.5751795 -3.8133115);
361571;2020-08-24 13:20:00;AVENIDA WASHINGTON LUIS, 7790;, ; 7790;;;Colisão;Luz do Dia;;;Meio de Quadra;;Longo da via;0;1;0;0;0;0;0;0;0;0;1;0;0;(0 0);
361562;2020-08-24 13:06:00;RUA LUIZ FCO XAVIER, 851;, ; 851;;;Colisão;Luz do Dia;;;Meio de Quadra;;Longo da via;0;1;0;1;1;0;0;0;0;0;0;0;0;(-38.487489678 -3.847382381);
361560;2020-08-24 12:48:00;RUA JOSELITA PARENTE, 158;, ; 158;;;Queda;Luz do Dia;;;Meio de Quadra;;Longo da via;0;1;0;1;0;0;0;0;0;0;0;0;0;(0 0);
361543;2020-08-24 12:29:00;AVENIDA OLIVEIRA PAIVA, 2601;, ; 2601;;;Colisão;Luz do Dia;;;Meio de Quadra;;Longo da via;0;2;0;1;1;0;0;0;0;0;0;0;0;(-38.483559 -3.796035);
359804;2020-08-24 12:00:00;AVENIDA H CJ CEARA, 2194;, ; 2194;;;Colisão;Luz do Dia;;;Meio de Quadra;;Longo da via;0;1;1;1;1;0;0;0;0;0;0;0;0;(-38.617769 -3.776645);
361542;2020-08-24 11:57:00;RUA EQUADOR, 890;, ; 890;;;Queda;Luz do Dia;;;Meio de Quadra;;Longo da via;0;1;0;1;0;0;0;0;0;0;0;0;0;(-38.55283 -3.77542);
361541;2020-08-24 11:34:00;RUA BAR AQUIRAZ, 2410;, ; 2410;;;Colisão;Luz do Dia;;;Meio de Quadra;;Longo da via;0;1;1;0;1;0;0;0;0;1;0;0;0;(0 0);
360422;2020-08-24 11:29:00;RD CE-040, ;, ; ;;;Colisão;Luz do Dia;;;Meio de Quadra;;Longo da via;1;0;1;0;1;0;0;0;0;1;0;0;0;(-38.48088284 -3.84257666);
361534;2020-08-24 11:16:00;AVENIDA ALM MAXIMIANO DA FONSECA, ;, ; ;;;Colisão;Luz do Dia;;;Meio de Quadra;;Longo da via;0;1;0;1;1;0;0;0;0;0;0;0;0;(0 0);
361530;2020-08-24 11:00:00;RUA JOAQUIM LEITAO, 594;, ; 594;;;Queda;Luz do Dia;;;Meio de Quadra;;Longo da via;0;1;0;0;0;0;0;0;0;1;0;0;0;(-38.59236 -3.74211);
360030;2020-08-24 10:36:00;AVENIDA BERNARDO MANUEL, 7911;, ; 7911;;;Colisão Traseira;Luz do Dia;Bom;Seca;Meio de Quadra;Não Há Controle;Longo da via;0;1;1;1;1;0;0;0;0;0;0;0;0;(-38.5603 -3.82906);
361528;2020-08-24 10:01:00;RUA BERNARDO MANUEL, 7892;, ; 7892;;;Colisão;Luz do Dia;;;Meio de Quadra;;Longo da via;0;1;0;1;1;0;0;0;0;0;0;0;0;(-38.5481064 -3.78796529);
361526;2020-08-24 09:33:00;RUA MARTINS NETO, 61;, ; 61;;;Queda;Luz do Dia;;;Meio de Quadra;;Longo da via;0;1;0;1;0;0;0;0;0;0;0;0;0;(-38.5842839 -3.73993328);
361525;2020-08-24 09:03:00;AVENIDA PRS COSTA E SILVA, ;, ; ;;;Colisão;Luz do Dia;;;Meio de Quadra;;Longo da via;0;1;0;2;0;0;0;0;0;0;0;0;0;(0 0);
360488;2020-08-24 08:45:00;RD BR 116, 6600;, ; 6600;;;Colisão Traseira;Luz do Dia;;;Meio de Quadra;;Longo da via;0;2;1;1;1;0;0;0;0;0;0;0;0;(-38.503053 -3.804691);
361524;2020-08-24 08:33:00;RUA CRISTAIS PAULISTA, 1121;, ; 1121;;;Queda;Luz do Dia;;;Meio de Quadra;;Longo da via;0;1;0;1;0;0;0;0;0;0;0;0;0;(-38.5258919 -3.8178459);
361523;2020-08-24 08:10:00;RUA JOAO FIRMINO, 45;, ; 45;;;Colisão;Luz do Dia;;;Meio de Quadra;;Longo da via;0;1;0;1;1;0;0;0;0;0;0;0;0;(-38.55108 -3.7592);
361522;2020-08-24 07:56:00;RUA PDE VALDEVINO, 830;, ; 830;;;Colisão;Luz do Dia;;;Meio de Quadra;;Longo da via;0;1;0;1;1;0;0;0;0;0;0;0;0;(-38.5166392 -3.73918757);
360486;2020-08-24 07:25:00;RD BR 116, 1700;, ; 1700;;;Engavetamento;Luz do Dia;;;Meio de Quadra;;Longo da via;0;2;3;2;1;0;0;0;0;0;0;0;0;(-38.51678 -3.771391);
361564;2020-08-23 23:52:00;AVENIDA PRS CASTELO BRANCO, 1011;, ; 1011;;;Colisão;;;;Meio de Quadra;;Longo da via;0;2;0;1;1;0;0;0;0;0;0;0;0;(-38.5326892 -3.71922051);
361563;2020-08-23 22:13:00;RUA REGINA DE FATIMA, 2630;, ; 2630;;;Queda;;;;Meio de Quadra;;Longo da via;0;1;0;0;0;0;0;0;0;1;0;0;0;(-38.52419 -3.80978);
361561;2020-08-23 21:56:00;RUA LEAO VELOSO, 720;, ; 720;;;Queda;;;;Meio de Quadra;;Longo da via;0;1;0;1;0;0;0;0;0;0;0;0;0;(-38.49377 -3.80923);
361559;2020-08-23 21:54:00;RUA 8 DE DEZEMBRO, 81;, ; 81;;;Colisão;;;;Meio de Quadra;;Longo da via;0;2;0;0;0;0;0;0;0;0;0;0;0;(-38.5731584 -3.75863042);
360029;2020-08-23 21:47:00;AVENIDA SORIANO ALBUQUERQUE, 870;, ; 870;;;Colisão Traseira;Mal Iluminada;Bom;Seca;Meio de Quadra;Não Há Controle;Longo da via;0;0;3;0;3;0;0;0;0;0;0;0;0;(-38.5141897 -3.74932488);
361558;2020-08-23 21:21:00;AVENIDA DR THEBERGE, ;, ; ;;;Colisão;;;;Meio de Quadra;;Longo da via;0;2;0;2;0;0;0;0;0;0;0;0;0;(0 0);
361557;2020-08-23 20:45:00;RUA CAPRICHO, 838;, ; 838;;;Queda;;;;Meio de Quadra;;Longo da via;0;1;0;1;0;0;0;0;0;0;0;0;0;(-38.52567 -3.78909);
360028;2020-08-23 20:16:00;AVENIDA DR SILAS MUNGUBA, ;RUA GIRASSOL, ; ;;;Não informado;Via Iluminada;Bom;Seca;Cruz;Semáforo;Cruzamento;0;0;2;0;2;0;0;0;0;0;0;0;0;(-38.53782 -3.7912);
361556;2020-08-23 20:09:00;RUA ANTONIO ARRUDA, 120;, ; 120;;;Queda;;;;Meio de Quadra;;Longo da via;0;1;0;1;0;0;0;0;0;0;0;0;0;(-38.590591 -3.708095);
361555;2020-08-23 19:29:00;AVENIDA LINEU MACHADO, 1389;, ; 1389;;;Queda;;;;Meio de Quadra;;Longo da via;0;1;0;1;0;0;0;0;0;0;0;0;0;(-38.5798392 -3.77155696);
361554;2020-08-23 19:25:00;RUA JOSE MENDONCA, 100;, ; 100;;;Colisão;;;;Meio de Quadra;;Longo da via;0;2;0;1;1;0;0;0;0;0;0;0;0;(-38.602979 -3.761351);
361553;2020-08-23 18:40:00;RUA OSCAR ARARIPE, ;RUA SGT JOAO PINHEIRO, ; ;;;Colisão;;;;Cruz;Pare;Cruzamento;0;2;0;1;1;0;0;0;0;0;0;0;0;(-38.623073 -3.783833);
361552;2020-08-23 18:12:00;RUA ESPIRITO SANTO, ;RUA PERNAMBUCO, ; ;;;Colisão;Anoitecer;;;T;Pare;Cruzamento;0;2;0;1;1;0;0;0;0;0;0;0;0;(-38.571345 -3.758113);
359801;2020-08-23 17:40:00;AVENIDA WASHINGTON SOARES, ;, ; ;;;Colisão;Anoitecer;;;Meio de Quadra;;Longo da via;0;1;0;0;0;0;0;0;0;0;0;0;0;(0 0);
361551;2020-08-23 16:54:00;RUA VICENTE NOBRE MACEDO, ;, ; ;;;Queda;Luz do Dia;;;Meio de Quadra;;Longo da via;0;1;0;1;0;0;0;0;0;0;0;0;0;(0 0);
361550;2020-08-23 16:18:00;AVENIDA GAL OSORIO DE PAIVA, ;, ; ;;;Colisão;Luz do Dia;;;Meio de Quadra;;Longo da via;0;2;0;1;1;0;0;0;0;0;0;0;0;(0 0);
359836;2020-08-23 16:00:00;AVENIDA BENJAMIM BRASIL, ;RUA JOAQUIM JERONIMO, ; ;;;Colisão Lateral;Luz do Dia;Bom;Seca;Cruz;Pare;Cruzamento;0;2;0;1;1;0;0;0;0;0;0;0;0;(-38.565006 -3.805487);
361549;2020-08-23 15:35:00;RUA PESSOA ANTA, ;, ; ;;;Queda;Luz do Dia;;;Meio de Quadra;;Longo da via;0;1;0;1;0;0;0;0;0;0;0;0;0;(0 0);