COD_ACIDENTE;DATA;LOG1;LOG2;NUMERO;BAIRRO;AMC;NATUREZA;ILUMINACAO;TEMPO;SUPERFICIEPISTA;TIPOCRUZAMENTO;CONTROLETRAFEGO;USOSOLO;MORTOS;FERIDOS;ILESOS;MOTOCICLETA;AUTOMOVEL;MICROONIBUS;CAMINHAO;ONIBUS;CICLOMOTOR;BICICLETA;OUTROS;TREM;TRACAOANIMAL;COORDENADAS
361548;2020-08-23 15:01:00;RUA INACIO PARENTE, 191;, ; 191;;;Colisão;Luz do Dia;;;Meio de Quadra;;Longo da via;0;2;0;1;1;0;0;0;0;0;0;0;0;(-38.5435158 -3.78223637);
359798;2020-08-23 12:30:00;AVENIDA JOAO PESSOA, ;RUA MIGUEL GONCALVES, ; ;;;Colisão;Luz do Dia;Bom;Seca;Cruz;Semáforo;Cruzamento;0;2;0;1;1;0;0;0;0;0;0;0;0;(-38.55508 -3.75871);
360420;2020-08-23 12:00:00;AVENIDA SEN CARLOS JEREISSATI (AEROPORTO), ;, ; ;;;Colisão;Luz do Dia;;;Meio de Quadra;;Longo da via;0;0;2;0;2;0;0;0;0;0;0;0;0;(0 0);
361547;2020-08-23 11:32:00;AVENIDA DIOGUINHO, 2305;, ; 2305;;;Colisão;Luz do Dia;;;Meio de Quadra;;Longo da via;0;2;0;1;1;0;0;0;0;0;0;0;0;(-38.456043 -3.7367818);
361546;2020-08-23 11:10:00;RUA ALM JACEGUAI, ;AVENIDA MON TABOSA, ; ;;;Colisão;Luz do Dia;;;;;Cruzamento;0;2;0;0;0;0;0;0;0;0;0;0;0;(-38.519439 -3.723554);
361545;2020-08-23 08:09:00;AVENIDA CASTELO DE CASTRO, ;, ; ;;;Queda;Luz do Dia;;;Meio de Quadra;;Longo da via;0;1;0;0;0;0;0;0;0;1;0;0;0;(0 0);
360027;2020-08-23 07:45:00;RUA PRO HERIBALDO COSTA, 528;, ; 528;;;Colisão Traseira;Luz do Dia;Bom;Seca;Meio de Quadra;Semáforo;Longo da via;0;1;1;0;3;0;0;0;0;0;0;0;0;(-38.582275 -3.757069);
360482;2020-08-23 07:25:00;RD BR 020, ;, ; ;;;Colisão;Luz do Dia;;;Meio de Quadra;;Longo da via;1;0;1;1;1;0;0;0;0;0;0;0;0;(-38.515 -3.866);
359837;2020-08-23 05:15:00;AVENIDA SGT HERMINIO SAMPAIO, 4259;, ; 4259;;;Colisão Frontal;Luz do Dia;Bom;Seca;Meio de Quadra;Outros;Longo da via;0;2;0;1;1;0;0;0;0;0;0;0;0;(-38.578434 -3.731193);
361544;2020-08-23 04:40:00;RUA ESTADO DO RIO, 1336;, ; 1336;;;Colisão;;;;Meio de Quadra;;Longo da via;0;1;0;0;0;0;0;0;0;0;1;0;0;(-38.57201 -3.76026);
359799;2020-08-23 03:05:00;AVENIDA JOSE LEON, 2140;, ; 2140;;;Colisão;;;;Meio de Quadra;;Longo da via;0;1;0;0;1;0;0;0;0;0;0;0;0;(-38.492486 -3.79004);
359800;2020-08-23 02:10:00;RUA MANAUS, ;RUA COS ARAUJO LIMA, ; ;;;Colisão;;;;Cruz;Não Há Controle;Cruzamento;0;3;0;1;2;0;0;0;0;0;0;0;0;(-38.58946 -3.7504);
359796;2020-08-23 01:55:00;AVENIDA ENG HUMBERTO MONTE, 749;, ; 749;;;Colisão;;;;Meio de Quadra;;Longo da via;0;2;0;0;2;0;0;0;0;0;0;0;0;(-38.5582465 -3.75190665);
361540;2020-08-23 01:36:00;AVENIDA JOSE LEON, 2111;, ; 2111;;;Colisão;;;;Meio de Quadra;;Longo da via;0;2;0;0;0;0;0;0;0;0;1;0;0;(-38.4926882 -3.790009);
360026;2020-08-23 01:07:00;AVENIDA ENG HUMBERTO MONTE, 737;, ; 737;;;Não informado;Via Iluminada;Bom;Seca;Meio de Quadra;Não Há Controle;Longo da via;0;1;2;0;3;0;0;0;0;0;0;0;0;(-38.5581763 -3.75198904);
361539;2020-08-22 23:33:00;AVENIDA NOVE, 67;, ; 67;;;Atropelamento;;;;Meio de Quadra;;Longo da via;0;2;0;0;1;0;0;0;0;0;0;0;0;(0 0);
361538;2020-08-22 23:23:00;AVENIDA DR ALDY MENTOR, ;, ; ;;;Queda;;;;Meio de Quadra;;Longo da via;0;1;0;1;0;0;0;0;0;0;0;0;0;(0 0);
361537;2020-08-22 22:28:00;RUA PRO EDGAR DE ARRUDA, 1982;, ; 1982;;;Colisão;;;;Meio de Quadra;;Longo da via;0;2;0;1;1;0;0;0;0;0;0;0;0;(-38.5919438 -3.75439071);
359834;2020-08-22 22:20:00;RUA PRO EDGAR DE ARRUDA, ;RUA MANAUS, ; ;;;Colisão Transversal;Via Iluminada;Bom;Seca;Cruz;Pare;Cruzamento;0;1;2;1;2;0;0;0;0;0;0;0;0;(-38.591676 -3.754542);
359794;2020-08-22 22:08:00;RUA PROF. MANOEL LOURENCO, ;, ; ;;;Colisão;Via Iluminada;Bom;Seca;Meio de Quadra;Não Há Controle;Longo da via;0;2;1;1;1;0;0;0;0;0;0;0;0;(0 0);
359793;2020-08-22 20:50:00;RUA SEN ROBERT KENNEDY, 180;, ; 180;;;Colisão;;;;Meio de Quadra;;Longo da via;0;2;0;2;0;0;0;0;0;0;0;0;0;(-38.57765 -3.70116233);
361536;2020-08-22 20:20:00;RUA GOV JOAO CARLOS, ;RUA CON LIMA SUCUPIRA, ; ;;;Colisão;;;;Cruz;Pare;Cruzamento;0;2;0;1;1;0;0;0;0;0;0;0;0;(-38.551518 -3.777951);
361535;2020-08-22 20:08:00;RUA GAL GOIS MONTEIRO, 607;, ; 607;;;Atropelamento;;;;Meio de Quadra;;Longo da via;0;1;0;0;1;0;0;0;0;0;0;0;0;(0 0);
361533;2020-08-22 20:03:00;AVENIDA CESAR CALS, 680;, ; 680;;;Colisão;;;;Meio de Quadra;;Longo da via;0;2;0;1;1;0;0;0;0;0;0;0;0;(-38.4626451 -3.72455076);
361532;2020-08-22 19:49:00;RUA HENRIQUE ELERY, ;, ; ;;;Atropelamento;;;;Meio de Quadra;;Longo da via;0;1;0;1;0;0;0;0;0;0;0;0;0;(0 0);
361531;2020-08-22 19:36:00;AVENIDA RAD JOSE LIMA VERDE, ;, ; ;;;Colisão;;;;Meio de Quadra;;Longo da via;0;2;0;1;1;0;0;0;0;0;0;0;0;(0 0);
361529;2020-08-22 19:20:00;RUA SEN ROBERT KENNEDY, 177;, ; 177;;;Colisão;;;;Meio de Quadra;;Longo da via;0;2;0;2;0;0;0;0;0;0;0;0;0;(-38.5775632 -3.7009766);
361527;2020-08-22 19:03:00;AVENIDA DUQ CAXIAS, 235;, ; 235;;;Colisão;;;;Meio de Quadra;;Longo da via;0;1;0;0;0;0;0;0;0;0;0;0;0;(-38.526657 -3.7327476);
361521;2020-08-22 18:46:00;RUA VITORIA, 1716;, ; 1716;;;Atropelamento;;;;Meio de Quadra;;Longo da via;0;1;0;0;1;0;0;0;0;0;0;0;0;(-38.58982 -3.76774);
361520;2020-08-22 18:32:00;RUA ROSA CRUZ, 169;, ; 169;;;Colisão;;;;Meio de Quadra;;Longo da via;0;1;0;0;0;0;0;0;0;0;0;0;0;(-38.5661059 -3.799146);
361519;2020-08-22 18:26:00;RUA EDUARDO GARCIA, ;RUA LEONARDO MOTA, ; ;;;Colisão;Anoitecer;;;Cruz;Semáforo;Cruzamento;0;2;0;1;1;0;0;0;0;0;0;0;0;(-38.498207 -3.7391467);
361518;2020-08-22 17:31:00;AVENIDA PRS COSTA E SILVA, 5255;, ; 5255;;;Colisão;Anoitecer;;;Meio de Quadra;;Longo da via;0;2;0;1;1;0;0;0;0;0;0;0;0;(-38.533491 -3.828117);
361570;2020-08-22 17:02:00;RUA DINAJA SEVERO, 1286;, ; 1286;;;Colisão;Anoitecer;;;Meio de Quadra;;Longo da via;0;4;0;0;0;0;0;0;0;0;0;0;0;(0 0);
361569;2020-08-22 16:21:00;RUA CAP DIOGENES GONDIM, 872;, ; 872;;;Queda;Luz do Dia;;;Meio de Quadra;;Longo da via;0;1;0;1;0;0;0;0;0;0;0;0;0;(0 0);
361508;2020-08-22 14:37:00;AVENIDA SANTOS DUMONT, 6500;, ; 6500;;;Colisão;Luz do Dia;;;Meio de Quadra;;Longo da via;0;1;0;0;0;0;0;0;0;0;0;0;0;(-38.475153 -3.743712);
361507;2020-08-22 14:14:00;AVENIDA VICENTE DE CASTRO, 5051;, ; 5051;;;Colisão;Luz do Dia;;;Meio de Quadra;;Longo da via;0;2;0;1;0;0;1;0;0;0;0;0;0;(-38.4750854 -3.71669334);
361506;2020-08-22 13:30:00;RUA CANDIDO MAIA, 294;, ; 294;;;Atropelamento;Luz do Dia;;;Meio de Quadra;;Longo da via;0;1;0;0;0;0;0;0;0;0;0;0;0;(-38.5904072 -3.737428);
361505;2020-08-22 13:26:00;RUA FRANCA, ;RUA LOURENCO PESSOA, ; ;;;Colisão;Luz do Dia;;;;;Cruzamento;0;2;0;1;1;0;0;0;0;0;0;0;0;(-38.56312 -3.79099);
361504;2020-08-22 13:21:00;RD CE-040, ;, ; ;;;Colisão;Luz do Dia;;;Meio de Quadra;;Longo da via;0;1;0;0;0;0;0;0;0;0;0;0;0;(0 0);
361503;2020-08-22 13:00:00;RUA DEMETRIO MENEZES, ;, ; ;;;Colisão;Luz do Dia;;;Meio de Quadra;;Longo da via;0;1;1;0;1;0;0;0;0;1;0;0;0;(0 0);
361502;2020-08-22 11:36:00;AVENIDA PRS COSTA E SILVA, 1720;, ; 1720;;;Colisão;Luz do Dia;;;Meio de Quadra;;Longo da via;0;1;0;0;0;0;0;0;0;0;0;0;0;(-38.566159 -3.817238);
361501;2020-08-22 11:29:00;RUA DES HERMES PARAHYBA, 343;, ; 343;;;Colisão;Luz do Dia;;;Meio de Quadra;Pare;Longo da via;0;2;0;2;0;0;0;0;0;0;0;0;0;(-38.586775 -3.71401);
360024;2020-08-22 11:08:00;AVENIDA DR SILAS MUNGUBA, ;RUA DR JUSTA ARAUJO D45, ; ;;;Não informado;Luz do Dia;Bom;Seca;Cruz;Semáforo;Cruzamento;0;2;0;1;1;0;0;0;0;0;0;0;0;(-38.553426 -3.784586);
361500;2020-08-22 11:06:00;AVENIDA JOAO PESSOA, 5884;, ; 5884;;;Colisão;Luz do Dia;;;Meio de Quadra;;Longo da via;0;2;0;1;1;0;0;0;0;0;0;0;0;(-38.557535 -3.761747);
361486;2020-08-22 10:51:00;RUA BAR RIO BRANCO, ;RUA JOAQUIM MAGALHAES, ; ;;;Colisão;Luz do Dia;;;Cruz;Pare;Cruzamento;0;2;0;1;1;0;0;0;0;0;0;0;0;(-38.532108 -3.738587);
361481;2020-08-22 10:23:00;AVENIDA DR SILAS MUNGUBA, ;, ; ;;;Colisão;Luz do Dia;;;Meio de Quadra;;Longo da via;0;2;0;1;1;0;0;0;0;0;0;0;0;(0 0);
361474;2020-08-22 10:12:00;AVENIDA MOZART PINHEIRO DE LUCENA, 2946;, ; 2946;;;Atropelamento;Luz do Dia;;;Meio de Quadra;;Longo da via;0;2;0;1;0;0;0;0;0;0;0;0;0;(-38.599081243 -3.730266186);
361468;2020-08-22 09:39:00;AVENIDA 13 DE MAIO, 2158;, ; 2158;;;Colisão;Luz do Dia;;;Meio de Quadra;;Longo da via;0;2;0;0;1;0;0;0;0;1;0;0;0;(-38.536092 -3.74354232);
359795;2020-08-22 09:37:00;AVENIDA OLIVEIRA PAIVA, 2455;, ; 2455;;;Colisão Traseira;Luz do Dia;;;Meio de Quadra;;Longo da via;0;1;1;1;1;0;0;0;0;0;0;0;0;(-38.484139 -3.796087);
361465;2020-08-22 09:23:00;RUA MENOR JERONIMO, 106;, ; 106;;;Queda;Luz do Dia;;;Meio de Quadra;;Longo da via;0;1;0;0;0;0;0;0;0;1;0;0;0;(-38.53526 -3.81385);
361461;2020-08-22 08:42:00;AVENIDA AUGUSTO DOS ANJOS, 1880;, ; 1880;;;Colisão;Luz do Dia;;;Meio de Quadra;;Longo da via;0;2;0;1;1;0;0;0;0;0;0;0;0;(-38.5811139 -3.78241606);
361458;2020-08-22 08:33:00;AVENIDA OLIVEIRA PAIVA, ;, ; ;;;Queda;Luz do Dia;;;Meio de Quadra;;Longo da via;0;1;0;1;0;0;0;0;0;0;0;0;0;(0 0);
361568;2020-08-22 07:14:00;RUA JORGE MONTEIRO, 557;, ; 557;;;Colisão;Luz do Dia;;;Meio de Quadra;;Longo da via;0;2;0;1;1;0;0;0;0;0;0;0;0;(0 0);
360023;2020-08-22 07:10:00;RUA BANVAR BEZERRA, ;RUA GAL GOIS MONTEIRO, ; ;;;Colisão Transversal;Luz do Dia;Nublado;Seca;Cruz;Pare;Cruzamento;0;1;1;1;1;0;0;0;0;0;0;0;0;(-38.580171 -3.733945);
361451;2020-08-22 05:16:00;RUA PRO VIRGILIO DE MORAIS, 364;, ; 364;;;Queda;Amanhecer;;;Meio de Quadra;;Longo da via;0;1;0;1;0;0;0;0;0;0;0;0;0;(-38.5967527 -3.75176467);
359792;2020-08-22 01:52:00;AVENIDA JOVITA FEITOSA, ;RUA PRO RAIMUNDO ARRUDA, ; ;;;Colisão Transversal;Via Iluminada;Bom;Seca;Cruz;Gesto;Cruzamento;0;2;1;1;1;0;0;0;0;0;0;0;0;(-38.550998 -3.738742);
361448;2020-08-22 01:20:00;AVENIDA AUGUSTO DOS ANJOS, ;, ; ;;;Colisão;;;;Meio de Quadra;;Longo da via;0;2;0;2;0;0;0;0;0;0;0;0;0;(0 0);
360022;2020-08-22 00:23:00;RUA MONTE PASCOAL, 401;, ; 401;;;Não informado;Via Iluminada;Bom;Seca;Cruz;Pare;Longo da via;0;2;0;1;1;0;0;0;0;0;0;0;0;(-38.5985883 -3.8052415);
361447;2020-08-21 23:49:00;AVENIDA DR SILAS MUNGUBA, 6453;, ; 6453;;;Queda;;;;Meio de Quadra;;Longo da via;0;1;0;1;0;0;0;0;0;0;0;0;0;(-38.53017 -3.80077);
361446;2020-08-21 23:49:00;AVENIDA SGT HERMINIO SAMPAIO, 4223;, ; 4223;;;Colisão;;;;Meio de Quadra;;Longo da via;0;1;0;0;0;0;0;0;0;0;1;0;0;(-38.577907 -3.730983);
361443;2020-08-21 23:05:00;RUA MONTE PASCOAL, ;RUA REV OSMAR LIMA, ; ;;;Colisão;;;;;;Cruzamento;0;1;0;0;0;0;0;0;0;0;0;0;0;(-38.59878 -3.80525);
361438;2020-08-21 22:33:00;RUA PORTO ALEGRE, 1488;, ; 1488;;;Colisão;;;;Meio de Quadra;;Longo da via;0;1;0;0;0;0;0;0;0;0;0;0;0;(-38.5915703 -3.7597274);
361436;2020-08-21 21:27:00;AVENIDA DES GONZAGA, 402;, ; 402;;;Colisão;;;;Meio de Quadra;;Longo da via;0;2;0;1;1;0;0;0;0;0;0;0;0;(-38.502846 -3.7906027);
361433;2020-08-21 20:40:00;AVENIDA JOAO PESSOA, 7015;, ; 7015;;;Queda;;;;Meio de Quadra;;Longo da via;0;1;0;1;0;0;0;0;0;0;0;0;0;(-38.561439 -3.771198);
361431;2020-08-21 20:28:00;RUA CON DE CASTRO, 4088;, ; 4088;;;Colisão;;;;Meio de Quadra;;Longo da via;0;2;0;1;1;0;0;0;0;0;0;0;0;(-38.588763 -3.801454);
361428;2020-08-21 20:11:00;RUA PDE ASCENCO GAGO, 716;, ; 716;;;Colisão;;;;Meio de Quadra;;Longo da via;0;1;1;0;1;0;0;0;0;1;0;0;0;(-38.5434998 -3.78138388);
360020;2020-08-21 20:01:00;RUA WALDIR DIOGO, ;, ; ;;;Colisão Traseira;Via Iluminada;Bom;Seca;Y;Não Há Controle;Longo da via;0;2;0;1;1;0;0;0;0;0;0;0;0;(0 0);
361425;2020-08-21 19:03:00;RUA CON DE CASTRO, 4500;, ; 4500;;;Queda;;;;Meio de Quadra;;Longo da via;0;1;0;1;0;0;0;0;0;0;0;0;0;(-38.591783153 -3.804849847);
361422;2020-08-21 18:39:00;RUA MON HIPOLITO BRASIL, 109;, ; 109;;;Colisão;;;;Meio de Quadra;;Longo da via;0;2;0;1;1;0;0;0;0;0;0;0;0;(-38.575314 -3.760775);
361419;2020-08-21 18:29:00;AVENIDA GENIBAU, 141;, ; 141;;;Atropelamento;Anoitecer;;;Meio de Quadra;;Longo da via;0;1;0;0;1;0;0;0;0;0;0;0;0;(-38.5963417 -3.76154955);
361414;2020-08-21 18:24:00;RUA TULIPA, 555;, ; 555;;;Atropelamento;Anoitecer;;;Meio de Quadra;;Longo da via;0;1;0;1;0;0;0;0;0;0;0;0;0;(-38.5798158 -3.71520189);
360021;2020-08-21 18:00:00;RUA CEL JUCA, ;RUA MARCOS MACEDO, ; ;;;Colisão Lateral;Via Iluminada;Bom;Seca;Cruz;Pare;Cruzamento;0;1;1;0;2;0;0;0;0;0;0;0;0;(-38.490901 -3.736456);
361412;2020-08-21 16:52:00;RUA MAL DEODORO, ;RUA PAULINO NOGUEIRA, ; ;;;Colisão;Luz do Dia;;;Cruz;Pare;Cruzamento;0;2;0;1;0;0;1;0;0;0;0;0;0;(-38.537247 -3.7444465);
361408;2020-08-21 16:28:00;ALAMEDA CRISANTEMOS, 141;, ; 141;;;Atropelamento;Luz do Dia;;;Meio de Quadra;;Longo da via;0;2;0;0;0;0;0;0;0;1;0;0;0;(-38.4744147 -3.75095215);
361399;2020-08-21 15:31:00;AVENIDA ENG SANTANA JUNIOR, 1915;, ; 1915;;;Colisão;Luz do Dia;;;Meio de Quadra;;Longo da via;0;2;0;1;1;0;0;0;0;0;0;0;0;(-38.4863449 -3.74239988);
361398;2020-08-21 15:25:00;AVENIDA GAL OSORIO DE PAIVA, 7828;, ; 7828;;;Colisão;Luz do Dia;;;Meio de Quadra;;Longo da via;0;1;0;1;1;0;0;0;0;0;0;0;0;(-38.61742349 -3.820566135);
360018;2020-08-21 15:13:00;AVENIDA PRS COSTA E SILVA, ;AVENIDA I CJ JOSE WALTER, ; ;;;Colisão Lateral;Luz do Dia;Bom;Seca;T;Semáforo;Cruzamento;0;1;1;1;1;0;0;0;0;0;0;0;0;(-38.550232 -3.823494);
361397;2020-08-21 14:51:00;AVENIDA FRANCISCO SA, ;AVENIDA JOSE JATAHY, ; ;;;Colisão;Luz do Dia;;;Cruz;Semáforo;Cruzamento;0;1;0;0;0;0;0;0;0;0;0;0;0;(-38.5467873 -3.720876);
360017;2020-08-21 14:01:00;AVENIDA BORGES DE MELO, ;, ; ;;;Colisão Traseira;Luz do Dia;Bom;Seca;Meio de Quadra;Semáforo;Longo da via;0;2;0;1;0;0;0;0;0;0;0;0;0;(-38.534706 -3.756065);
361345;2020-08-21 13:43:00;AVENIDA BORGES DE MELO, ;, ; ;;;Colisão;Luz do Dia;;;Meio de Quadra;;Longo da via;0;2;0;1;1;0;0;0;0;0;0;0;0;(0 0);
361343;2020-08-21 13:23:00;AVENIDA VICENTE DE CASTRO, 5151;, ; 5151;;;Queda;Luz do Dia;;;Meio de Quadra;;Longo da via;0;1;0;1;0;0;0;0;0;0;0;0;0;(-38.475204 -3.717632);
360478;2020-08-21 13:20:00;RD BR 116, 11000;, ; 11000;;;Colisão Transversal;Luz do Dia;;;Meio de Quadra;;Longo da via;0;1;1;1;1;0;0;0;0;0;0;0;0;(-38.497176 -3.84716);
361342;2020-08-21 13:07:00;AVENIDA GOV PARSIFAL BARROSO, ;, ; ;;;Colisão;Luz do Dia;;;Meio de Quadra;;Longo da via;0;1;0;0;0;0;0;0;0;0;0;0;0;(0 0);
361341;2020-08-21 11:57:00;RUA DEMETRIO MENEZES, 3616;, ; 3616;;;Colisão;Luz do Dia;;;Meio de Quadra;;Longo da via;0;2;0;2;0;0;0;0;0;0;0;0;0;(-38.5841714 -3.73509795);
361340;2020-08-21 11:53:00;RUA IPIRANGA D29, 2156;, ; 2156;;;Colisão;Luz do Dia;;;Meio de Quadra;;Longo da via;0;2;0;1;1;0;0;0;0;0;0;0;0;(0 0);
360019;2020-08-21 11:12:00;RUA MANUEL JESUINO, 57;, ; 57;;;Não informado;Luz do Dia;Bom;Seca;Meio de Quadra;Semáforo;Longo da via;0;0;1;0;0;0;0;0;0;0;0;0;0;(-38.4846485 -3.72605421);
360031;2020-08-21 09:59:00;AVENIDA ENG SANTANA JUNIOR, ;RUA CAROLINA SUCUPIRA, ; ;;;Não informado;Luz do Dia;Bom;Seca;Y;Não Há Controle;Cruzamento;0;1;1;1;1;0;0;0;0;0;0;0;0;(-38.488863 -3.74477);
361339;2020-08-21 09:53:00;RUA DOM QUINTINO, ;, ; ;;;Queda;Luz do Dia;;;Meio de Quadra;;Longo da via;0;1;0;1;0;0;0;0;0;0;0;0;0;(0 0);
361338;2020-08-21 09:43:00;RUA CARLOS GONDIM, ;RUA PDE TEODORO (QUNTINO CUNHA), ; ;;;Colisão;Luz do Dia;;;Cruz;Não Há Controle;Cruzamento;0;2;0;1;1;0;0;0;0;0;0;0;0;(-38.58992 -3.721131);
361335;2020-08-21 09:28:00;AVENIDA JOAO PESSOA, 6288;, ; 6288;;;Colisão;Luz do Dia;;;Meio de Quadra;;Longo da via;0;2;0;2;0;0;0;0;0;0;0;0;0;(-38.559014 -3.765308);
361333;2020-08-21 09:13:00;AVENIDA PRS JUSCELINO KUBITSCHEK (PASSARÉ), 3999;, ; 3999;;;Colisão;Luz do Dia;;;Meio de Quadra;;Longo da via;0;2;0;1;1;0;0;0;0;0;0;0;0;(-38.5318 -3.81671);
361332;2020-08-21 08:56:00;RUA CAMPO MAIOR, 1653;, ; 1653;;;Queda;Luz do Dia;;;Meio de Quadra;;Longo da via;0;1;0;0;0;0;0;0;0;1;0;0;0;(0 0);
361331;2020-08-21 08:30:00;RUA CAROLINA SUCUPIRA, 2654;, ; 2654;;;Colisão;Luz do Dia;;;Meio de Quadra;;Longo da via;0;2;0;1;1;0;0;0;0;0;0;0;0;(0 0);
359787;2020-08-21 08:30:00;RUA CEL MATOS DOURADO, ;, ; ;;;Colisão;Luz do Dia;;;Meio de Quadra;;Longo da via;0;2;0;0;2;0;0;0;0;0;0;0;0;(0 0);
360419;2020-08-21 08:00:00;RD CE-060, ;, ; ;;;Engavetamento;Luz do Dia;;;Meio de Quadra;;Longo da via;0;0;3;0;3;0;0;0;0;0;0;0;0;(-38.585133 -3.843038);
360473;2020-08-21 07:40:00;RD BR 222, ;, ; ;;;Queda;Luz do Dia;;;Meio de Quadra;;Longo da via;0;1;0;1;0;0;0;0;0;0;0;0;0;(-38.59594097 -3.740300848);
360472;2020-08-21 07:35:00;RD BR 020, ;, ; ;;;Colisão;Luz do Dia;;;Meio de Quadra;;Longo da via;0;1;1;1;0;0;1;0;0;0;0;0;0;(-38.507 -3.869);
360016;2020-08-21 07:28:00;RUA CEL MATOS DOURADO, ;, ; ;;;Colisão Traseira;Luz do Dia;Bom;Molhada;Outros;Não Há Controle;Longo da via;0;0;2;0;2;0;0;0;0;0;0;0;0;(-38.584602 -3.739515);
361330;2020-08-21 06:41:00;AVENIDA JOAO PESSOA, 4555;, ; 4555;;;Queda;Luz do Dia;;;Meio de Quadra;;Longo da via;0;1;0;1;0;0;0;0;0;0;0;0;0;(-38.549475634 -3.752432317);
361328;2020-08-21 05:44:00;AVENIDA MAJ ASSIS, ;AVENIDA CEL CARVALHO, ; ;;;Colisão;Amanhecer;;;Cruz;Semáforo;Cruzamento;0;2;0;1;1;0;0;0;0;0;0;0;0;(-38.586255 -3.723796);
359788;2020-08-21 03:00:00;AVENIDA SORIANO ALBUQUERQUE, ;AVENIDA RUI BARBOSA, ; ;;;Colisão;Via Iluminada;Bom;Seca;Cruz;Semáforo;Cruzamento;0;3;0;0;2;0;0;0;0;0;0;0;0;(-38.513767 -3.74946);
361326;2020-08-21 01:44:00;RUA DELTA, 834;, ; 834;;;Colisão;;;;Meio de Quadra;;Longo da via;0;2;0;1;1;0;0;0;0;0;0;0;0;(-38.57728 -3.79611);
359789;2020-08-21 01:03:00;RUA PRO OTAVIO LOBO, ;RUA BENTO ALBUQUERQUE, ; ;;;Colisão;;;;Cruz;Semáforo;Cruzamento;0;2;0;0;2;0;0;0;0;0;0;0;0;(-38.479196 -3.745035);
360015;2020-08-21 00:52:00;RUA BENTO ALBUQUERQUE, ;RUA PRO OTAVIO LOBO, ; ;;;Não informado;Via Iluminada;Bom;Seca;Cruz;Semáforo;Cruzamento;0;0;2;0;2;0;0;0;0;0;0;0;0;(-38.479196 -3.745035);
361324;2020-08-20 20:39:00;AVENIDA H CJ CEARA, ;, ; ;;;Colisão;;;;Meio de Quadra;;Longo da via;0;1;0;0;0;0;0;0;0;0;0;0;0;(0 0);
361323;2020-08-20 20:29:00;RUA PAPI JUNIOR, 2418;, ; 2418;;;Colisão;;;;Meio de Quadra;;Longo da via;0;1;0;0;0;0;0;0;0;0;0;0;0;(-38.560626 -3.755485);
361322;2020-08-20 20:25:00;RUA ELDORADO, 3000;, ; 3000;;;Colisão;;;;Meio de Quadra;;Longo da via;0;2;0;1;1;0;0;0;0;0;0;0;0;(0 0);
361308;2020-08-20 20:19:00;RUA ELISEU UCHOA BECCO, 3938;, ; 3938;;;Outros;;;;Meio de Quadra;;Longo da via;0;1;0;1;0;0;0;0;0;0;0;0;0;(0 0);
361307;2020-08-20 20:02:00;RUA MINERVINO DE CASTRO, 1603;, ; 1603;;;Atropelamento;;;;Meio de Quadra;;Longo da via;0;1;0;0;0;0;0;1;0;0;0;0;0;(-38.5445 -3.74281);
360014;2020-08-20 19:46:00;RUA NEREU RAMOS, ;RUA TCHECOSLOVAQUIA, ; ;;;Colisão Transversal;Via Iluminada;Bom;Seca;Cruz;Pare;Cruzamento;0;1;1;0;1;0;0;0;0;1;0;0;0;(-38.570458 -3.785913);
361306;2020-08-20 19:14:00;RUA NEREU RAMOS, 430;, ; 430;;;Colisão;;;;Meio de Quadra;;Longo da via;0;1;1;0;1;0;0;0;0;1;0;0;0;(-38.5707453 -3.78580834);
361305;2020-08-20 18:38:00;AVENIDA WASHINGTON SOARES, 8223;, ; 8223;;;Atropelamento;;;;Meio de Quadra;;Longo da via;0;1;0;1;0;0;0;0;0;0;0;0;0;(-38.48134 -3.823674);
361304;2020-08-20 18:25:00;RUA RUBENS MONTE D43, 120;, ; 120;;;Colisão;Anoitecer;;;Meio de Quadra;;Longo da via;0;2;0;1;1;0;0;0;0;0;0;0;0;(-38.569788 -3.799671);
361293;2020-08-20 18:22:00;AVENIDA BENJAMIM BRASIL, 2100;, ; 2100;;;Queda;Anoitecer;;;Meio de Quadra;;Longo da via;0;1;0;0;0;0;0;0;0;1;0;0;0;(-38.558265572 -3.808173655);
361291;2020-08-20 17:47:00;AVENIDA C CJ CEARA, ;AVENIDA F CJ CEARA, ; ;;;Colisão;Anoitecer;;;Rotatória;Dê Preferência;Cruzamento;0;2;0;2;0;0;0;0;0;0;0;0;0;(-38.60821 -3.76321);
361285;2020-08-20 16:29:00;AVENIDA CARAPINIMA, 1621;, ; 1621;;;Colisão;Luz do Dia;;;Meio de Quadra;;Longo da via;0;2;0;1;1;0;0;0;0;0;0;0;0;(-38.5360219 -3.73586796);
361280;2020-08-20 16:12:00;RUA PROF. MANOEL LOURENCO, ;, ; ;;;Colisão;Luz do Dia;;;Meio de Quadra;;Longo da via;0;2;0;1;1;0;0;0;0;0;0;0;0;(0 0);
361279;2020-08-20 15:50:00;AVENIDA DUQ CAXIAS, 839;, ; 839;;;Atropelamento;Luz do Dia;;;Meio de Quadra;;Longo da via;0;1;0;0;1;0;0;0;0;0;0;0;0;(-38.5319211 -3.73113079);
361276;2020-08-20 15:20:00;RUA ABELARDO MARINHO, ;, ; ;;;Colisão;Luz do Dia;;;Meio de Quadra;;Longo da via;0;2;0;1;1;0;0;0;0;0;0;0;0;(0 0);