COD_ACIDENTE;DATA;LOG1;LOG2;NUMERO;BAIRRO;AMC;NATUREZA;ILUMINACAO;TEMPO;SUPERFICIEPISTA;TIPOCRUZAMENTO;CONTROLETRAFEGO;USOSOLO;MORTOS;FERIDOS;ILESOS;MOTOCICLETA;AUTOMOVEL;MICROONIBUS;CAMINHAO;ONIBUS;CICLOMOTOR;BICICLETA;OUTROS;TREM;TRACAOANIMAL;COORDENADAS
360471;2020-08-20 15:00:00;RD BR 116, 14000;, ; 14000;;;Tombamento;Luz do Dia;;;Meio de Quadra;;Longo da via;0;1;0;1;0;0;0;0;0;0;0;0;0;(-38.499242 -3.873523);
361275;2020-08-20 14:37:00;AVENIDA CEL CARVALHO, 2227;, ; 2227;;;Colisão;Luz do Dia;;;Meio de Quadra;;Longo da via;0;2;0;1;1;0;0;0;0;0;0;0;0;(-38.586673 -3.722207);
361274;2020-08-20 14:06:00;AVENIDA SGT HERMINIO SAMPAIO, ;, ; ;;;Colisão;Luz do Dia;;;Meio de Quadra;;Longo da via;0;2;0;1;1;0;0;0;0;0;0;0;0;(0 0);
361272;2020-08-20 14:05:00;RUA MES JERONIMO D48, 700;, ; 700;;;Colisão;Luz do Dia;;;Meio de Quadra;;Longo da via;0;2;0;1;1;0;0;0;0;0;0;0;0;(-38.482084 -3.730265);
361567;2020-08-20 11:55:00;RUA ITAPUA, 1270;, ; 1270;;;Atropelamento;Luz do Dia;;;Meio de Quadra;;Longo da via;0;1;0;0;0;0;0;0;0;0;0;0;0;(0 0);
361269;2020-08-20 11:04:00;RUA ANTONIO CANDEIA, 847;, ; 847;;;Colisão;Luz do Dia;;;Meio de Quadra;;Longo da via;0;2;0;1;1;0;0;0;0;0;0;0;0;(0 0);
361253;2020-08-20 10:40:00;AVENIDA DR SILAS MUNGUBA, 4997;, ; 4997;;;Colisão;Luz do Dia;;;Meio de Quadra;;Longo da via;0;2;0;1;1;0;0;0;0;0;0;0;0;(-38.531678 -3.796992);
361251;2020-08-20 10:07:00;AVENIDA SEN FERNANDES TAVORA, 2433;, ; 2433;;;Atropelamento;Luz do Dia;;;Meio de Quadra;;Longo da via;0;1;0;0;1;0;0;0;0;0;0;0;0;(-38.593889 -3.755953);
361250;2020-08-20 09:03:00;AVENIDA PDE ANTONIO TOMAS, 121;, ; 121;;;Colisão;Luz do Dia;;;Meio de Quadra;;Longo da via;0;2;0;1;1;0;0;0;0;0;0;0;0;(-38.50249 -3.739247);
360013;2020-08-20 08:19:00;AVENIDA DEP PAULINO ROCHA, 2177;, ; 2177;;;Colisão;Luz do Dia;Bom;Seca;Meio de Quadra;Semáforo;Longo da via;0;2;0;1;1;0;0;0;0;0;0;0;0;(-38.516761 -3.810791);
360011;2020-08-20 07:43:00;RUA GERMANO FRANCK, ;RUA CON LIMA SUCUPIRA, ; ;;;Colisão Frontal;Luz do Dia;Bom;Seca;T;Semáforo;Cruzamento;0;0;2;0;2;0;0;0;0;0;0;0;0;(-38.559584 -3.775196);
360012;2020-08-20 07:20:00;AVENIDA GOV RAUL BARBOSA, ;, ; ;;;Colisão Lateral;Luz do Dia;Bom;Seca;Outros;Não Há Controle;Longo da via;0;2;0;1;1;0;0;0;0;0;0;0;0;(0 0);
359786;2020-08-20 03:10:00;RUA PEDRO MELO, ;, ; ;;;Colisão;;;;Meio de Quadra;;Longo da via;0;2;0;1;1;0;0;0;0;0;0;0;0;(0 0);
360418;2020-08-19 23:20:00;RD CE-025, ;, ; ;;;Outros;;;;Meio de Quadra;;Longo da via;0;1;0;1;0;0;0;0;0;0;0;0;0;(-38.45224656 -3.805889179);
359817;2020-08-19 22:30:00;RUA PEDRO MELO, ;RUA PRO JOAQUIM NOGUEIRA D29, ; ;;;Colisão Frontal;Via Iluminada;Bom;Seca;Cruz;Pare;Cruzamento;0;1;1;1;1;0;0;0;0;0;0;0;0;(-38.589881 -3.743857);
361209;2020-08-19 21:10:00;RUA NAPOLEAO QUEZADO, ;, ; ;;;Atropelamento;;;;Meio de Quadra;;Longo da via;0;1;0;0;0;0;0;1;0;0;0;0;0;(0 0);
361208;2020-08-19 21:07:00;RUA CON DE CASTRO, 2316;, ; 2316;;;Colisão;;;;Meio de Quadra;;Longo da via;0;2;0;2;0;0;0;0;0;0;0;0;0;(-38.578036 -3.7899835);
363858;2020-08-19 20:00:00;RUA ALECRIN, ;, ; ;;;Atropelamento;;;;Meio de Quadra;;Longo da via;1;0;1;1;0;0;0;0;0;0;0;0;0;(-38.509355 -3.766088);
360519;2020-08-19 19:58:00;AVENIDA CESAR CALS, ;, ; ;;;Queda;;;;Meio de Quadra;;Longo da via;0;1;0;1;0;0;0;0;0;0;0;0;0;(0 0);
361207;2020-08-19 19:48:00;TRAVESSA CAP ARAGAO, ;, ; ;;;Atropelamento;;;;Meio de Quadra;;Longo da via;0;1;0;1;0;0;0;0;0;0;0;0;0;(0 0);
359778;2020-08-19 19:35:00;RUA NAPOLEAO QUEZADO, ;, ; ;;;Atropelamento;;;;Meio de Quadra;;Longo da via;0;1;1;0;0;0;0;1;0;0;0;0;0;(0 0);
361206;2020-08-19 19:23:00;AVENIDA DR THEBERGE, 1468;, ; 1468;;;Queda;;;;Meio de Quadra;;Longo da via;0;1;0;1;0;0;0;0;0;0;0;0;0;(-38.5649943 -3.71475575);
361202;2020-08-19 19:08:00;AVENIDA FRANCISCO SA, 7700;, ; 7700;;;Colisão;;;;Meio de Quadra;;Longo da via;0;3;0;2;0;0;0;0;0;0;0;0;0;(-38.5867465 -3.705954);
363863;2020-08-19 19:00:00;TERM TERMINAL DA PARANGABA, ;, ; ;;;Atropelamento;;;;Meio de Quadra;;Longo da via;1;0;1;0;0;0;0;1;0;0;0;0;0;(-38.562912 -3.776079);
361201;2020-08-19 18:54:00;AVENIDA NORTE SUL, 144;, ; 144;;;Colisão;;;;Meio de Quadra;;Longo da via;0;2;0;2;0;0;0;0;0;0;0;0;0;(-38.547184 -3.797932);
361200;2020-08-19 18:52:00;RUA VICENTE LEITE, ;RUA CANUTO DE AGUIAR, ; ;;;Colisão;;;;Cruz;Pare;Cruzamento;0;2;0;1;1;0;0;0;0;0;0;0;0;(-38.493529 -3.731247);
360010;2020-08-19 16:38:00;AVENIDA FELINO BARROSO, ;RUA PDE MATOS SERRA, ; ;;;Colisão Frontal;Luz do Dia;Bom;Seca;Cruz;Pare;Cruzamento;0;1;1;1;1;0;0;0;0;0;0;0;0;(-38.528507 -3.7444801);
360009;2020-08-19 15:49:00;AVENIDA PRO JOSE ARTHUR CARVALHO, ;RUA JOSE G MOREIRA, ; ;;;Colisão Transversal;Luz do Dia;Bom;Seca;T;Pare;Cruzamento;0;1;1;1;0;1;0;0;0;0;0;0;0;(-38.46626 -3.82669);
361199;2020-08-19 15:31:00;AVENIDA FELINO BARROSO, 186;, ; 186;;;Colisão;Luz do Dia;;;Meio de Quadra;;Longo da via;0;2;0;1;1;0;0;0;0;0;0;0;0;(-38.528435 -3.74502242);
361193;2020-08-19 14:22:00;AVENIDA SANTOS DUMONT, 1687;, ; 1687;;;Colisão;Luz do Dia;;;Meio de Quadra;;Longo da via;0;1;1;0;1;0;0;0;0;1;0;0;0;(-38.509014 -3.7327912);
360417;2020-08-19 13:40:00;RD CE-040, ;, ; ;;;Choque c/ Obstáculo Fixo;Luz do Dia;;;Meio de Quadra;;Longo da via;0;2;0;1;0;0;0;0;0;0;0;0;0;(-38.47606989 -3.84962623);
361191;2020-08-19 13:22:00;AVENIDA JOSE BASTOS, ;, ; ;;;Atropelamento;Luz do Dia;;;Meio de Quadra;;Longo da via;0;1;0;1;0;0;0;0;0;0;0;0;0;(0 0);
361190;2020-08-19 13:04:00;AVENIDA WASHINGTON SOARES, 10555;, ; 10555;;;Colisão;Luz do Dia;;;Meio de Quadra;;Longo da via;0;1;0;0;0;0;0;0;0;0;0;0;0;(-38.48078809 -3.84220558);
361189;2020-08-19 13:02:00;AVENIDA PRS CASTELO BRANCO, 901;, ; 901;;;Colisão;Luz do Dia;;;Meio de Quadra;;Longo da via;0;2;0;1;1;0;0;0;0;0;0;0;0;(-38.53134654 -3.719760919);
360008;2020-08-19 12:19:00;RUA TEN JOSE NEWTON, ;RUA EUDES CARDOSO, ; ;;;Colisão Transversal;Luz do Dia;Bom;Seca;Cruz;Pare;Cruzamento;0;2;0;1;1;0;0;0;0;0;0;0;0;(-38.491759 -3.825565);
359781;2020-08-19 12:00:00;AVENIDA FELINO BARROSO, ;RUA PDE MATOS SERRA, ; ;;;Colisão;Luz do Dia;;;Outros;Pare;Cruzamento;0;1;0;0;0;0;0;0;0;0;0;0;0;(-38.528507 -3.7444801);
360416;2020-08-19 08:15:00;RD CE-060, ;, ; ;;;Colisão;Luz do Dia;;;Meio de Quadra;;Longo da via;0;0;2;0;2;0;0;0;0;0;0;0;0;(-38.582111 -3.834064);
361186;2020-08-19 07:31:00;RUA BERNARDO MANUEL, 10531;, ; 10531;;;Colisão;Luz do Dia;;;Meio de Quadra;;Longo da via;0;2;0;1;1;0;0;0;0;0;0;0;0;(-38.555304 -3.81156);
360007;2020-08-19 07:20:00;AVENIDA BERNARDO MANUEL, 10531;, ; 10531;;;Colisão Lateral;Luz do Dia;Bom;Seca;Meio de Quadra;Não Há Controle;Longo da via;0;1;1;1;1;0;0;0;0;0;0;0;0;(-38.56055 -3.82982);
361170;2020-08-19 06:42:00;AVENIDA CARNEIRO DE MENDONCA, 293;, ; 293;;;Colisão;Luz do Dia;;;Meio de Quadra;;Longo da via;0;2;0;2;0;0;0;0;0;0;0;0;0;(-38.56232846 -3.76617641);
361150;2020-08-19 06:38:00;AVENIDA ABOLICAO, ;, ; ;;;Colisão;Luz do Dia;;;Meio de Quadra;;Longo da via;0;2;0;1;1;0;0;0;0;0;0;0;0;(0 0);
359812;2020-08-19 06:35:00;AVENIDA DEP PAULINO ROCHA, ;RUA AMANCIO PEREIRA, ; ;;;Colisão Traseira;Luz do Dia;Bom;Seca;T;Pare;Cruzamento;0;2;1;1;1;0;0;0;0;0;0;0;0;(-38.521431 -3.809624);
361146;2020-08-19 06:19:00;RUA ANDRADE FURTADO, ;, ; ;;;Queda;Luz do Dia;;;Meio de Quadra;;Longo da via;0;1;0;0;0;0;0;0;0;1;0;0;0;(0 0);
361145;2020-08-18 22:38:00;RUA MANUEL JESUINO, ;RUA ANA BILHAR, ; ;;;Atropelamento;;;;Cruz;Pare;Cruzamento;0;1;0;0;0;0;0;0;0;0;0;0;0;(-38.485014 -3.731424);
361141;2020-08-18 22:27:00;AVENIDA IMPERADOR, ;RUA CASTRO E SILVA, ; ;;;Atropelamento;;;;Cruz;Semáforo;Cruzamento;0;1;0;0;0;0;0;1;0;0;0;0;0;(-38.532916 -3.722013);
361139;2020-08-18 21:04:00;RUA PRO GOMES BRASIL, ;, ; ;;;Queda;;;;Meio de Quadra;;Longo da via;0;1;0;0;0;0;0;0;0;1;0;0;0;(0 0);
361134;2020-08-18 20:10:00;RUA JOAO GENTIL, 2958;, ; 2958;;;Colisão;;;;Meio de Quadra;;Longo da via;0;2;0;1;1;0;0;0;0;0;0;0;0;(0 0);
361133;2020-08-18 19:53:00;AVENIDA ODILON GUIMARAES, 3580;, ; 3580;;;Colisão;;;;Meio de Quadra;;Longo da via;0;3;0;1;1;0;0;0;0;0;0;0;0;(-38.46968 -3.81595);
360005;2020-08-18 19:29:00;RUA URUCUTUBA, 2090;, ; 2090;;;Não informado;Via Iluminada;Bom;Seca;Meio de Quadra;Não Há Controle;Longo da via;0;1;1;2;0;0;0;0;0;0;0;0;0;(-38.615219 -3.7986285);
360003;2020-08-18 19:26:00;RUA ARTUR DE CARVALHO, 1583;, ; 1583;;;Colisão Traseira;Via Iluminada;Bom;Seca;Meio de Quadra;Semáforo;Longo da via;0;2;0;1;0;0;0;0;0;0;0;0;0;(-38.46531 -3.8263533);
361119;2020-08-18 18:31:00;RUA LUIS VIEIRA, ;, ; ;;;Atropelamento;;;;Meio de Quadra;;Longo da via;0;1;0;1;0;0;0;0;0;0;0;0;0;(0 0);
360004;2020-08-18 18:16:00;RUA OITICICAS, 100;, ; 100;;;Colisão Transversal;Anoitecer;Bom;Seca;Meio de Quadra;Não Há Controle;Longo da via;0;1;1;1;1;0;0;0;0;0;0;0;0;(-38.535023 -3.803173);
359803;2020-08-18 18:10:00;AVENIDA JOSE LEON, ;RUA HONORIO VIEIRA, ; ;;;Colisão Frontal;Anoitecer;Bom;Seca;Cruz;Pare;Cruzamento;0;1;2;1;2;0;0;0;0;0;0;0;0;(-38.48692 -3.7914464);
361117;2020-08-18 18:02:00;AVENIDA FRANCISCO SA, 1771;, ; 1771;;;Queda;Anoitecer;;;Meio de Quadra;;Longo da via;0;1;0;1;0;0;0;0;0;0;0;0;0;(-38.54158 -3.722579);
360006;2020-08-18 17:00:00;AVENIDA BEZERRA DE MENEZES, 2450;, ; 2450;;;Colisão Frontal;Anoitecer;Bom;Seca;Meio de Quadra;Semáforo;Longo da via;1;0;1;0;0;0;0;0;0;2;0;0;0;(-38.566246 -3.736046);
360000;2020-08-18 16:58:00;AVENIDA ABOLICAO, ;RUA LEONARDO MOTA, ; ;;;Atropelamento;Luz do Dia;Bom;Seca;T;Pare;Cruzamento;0;1;1;0;1;0;0;0;0;0;0;0;0;(-38.493236 -3.726977);
361103;2020-08-18 16:57:00;RUA URUCUTUBA, 2048;, ; 2048;;;Colisão;Luz do Dia;;;Meio de Quadra;;Longo da via;0;2;0;2;0;0;0;0;0;0;0;0;0;(-38.615219 -3.7986285);
360001;2020-08-18 16:53:00;RUA PERNAMBUCO, ;RUA BELO HORIZONTE, ; ;;;Colisão Lateral;Luz do Dia;Bom;Seca;;;Cruzamento;0;1;1;1;1;0;0;0;0;0;0;0;0;(-38.56607 -3.76159);
361096;2020-08-18 16:23:00;AVENIDA ABOLICAO, 2933;, ; 2933;;;Atropelamento;Luz do Dia;;;Meio de Quadra;;Longo da via;0;1;0;0;1;0;0;0;0;0;0;0;0;(-38.493236 -3.726977);
361095;2020-08-18 16:01:00;RUA TRES IRMAOS, 213;, ; 213;;;Colisão;Luz do Dia;;;Meio de Quadra;;Longo da via;0;2;0;1;1;0;0;0;0;0;0;0;0;(0 0);
360002;2020-08-18 15:55:00;AVENIDA BERNARDO MANUEL, 11135;, ; 11135;;;Não informado;Luz do Dia;Bom;Seca;Meio de Quadra;Não Há Controle;Longo da via;0;2;0;1;1;0;0;0;0;0;0;0;0;(-38.5606 -3.82999);
359807;2020-08-18 15:30:00;RUA JULIO BRAGA, 1744;, ; 1744;;;Colisão Transversal;Luz do Dia;Bom;Seca;Meio de Quadra;Não Há Controle;Longo da via;0;2;1;2;1;0;0;0;0;0;0;0;0;(-38.586187 -3.773698);
361084;2020-08-18 14:21:00;AVENIDA CEL CARVALHO, 3128;, ; 3128;;;Colisão;Luz do Dia;;;Meio de Quadra;;Longo da via;0;2;0;1;1;0;0;0;0;0;0;0;0;(-38.5846132 -3.73130494);
361079;2020-08-18 14:12:00;AVENIDA GODOFREDO MACIEL, ;, ; ;;;Colisão;Luz do Dia;;;Meio de Quadra;;Longo da via;0;2;0;1;1;0;0;0;0;0;0;0;0;(0 0);
361074;2020-08-18 13:58:00;RUA BAR SOBRAL, 583;, ; 583;;;Colisão;Luz do Dia;;;Meio de Quadra;;Longo da via;0;2;0;1;1;0;0;0;0;0;0;0;0;(-38.554121 -3.767051);
361072;2020-08-18 12:15:00;RUA JOAQUIM MAGALHAES, ;RUA MAL DEODORO, ; ;;;Colisão;Luz do Dia;;;Cruz;Pare;Cruzamento;0;2;0;2;0;0;0;0;0;0;0;0;0;(-38.534258 -3.737883);
361566;2020-08-18 11:48:00;RUA ITAPUA, 1241;, ; 1241;;;Colisão;Luz do Dia;;;Meio de Quadra;;Longo da via;0;1;0;0;0;0;0;0;0;0;1;0;0;(0 0);
361070;2020-08-18 11:25:00;RUA VENEZA, 111;, ; 111;;;Colisão;Luz do Dia;;;Meio de Quadra;;Longo da via;0;2;0;1;1;0;0;0;0;0;0;0;0;(-38.493171 -3.83632512);
361069;2020-08-18 11:19:00;RUA CABO VERDE, 601;, ; 601;;;Colisão;Luz do Dia;;;Meio de Quadra;;Longo da via;0;2;0;1;1;0;0;0;0;0;0;0;0;(-38.5219958 -3.85079556);
359766;2020-08-18 11:00:00;AVENIDA PRS COSTA E SILVA, 3298;, ; 3298;;;Colisão;Luz do Dia;;;Meio de Quadra;;Longo da via;0;1;0;0;0;0;0;0;0;0;0;0;0;(-38.55512 -3.82215);
361068;2020-08-18 10:53:00;RUA OLAVO DE ANDRADE, 63;, ; 63;;;Colisão;Luz do Dia;;;Meio de Quadra;;Longo da via;0;2;0;1;1;0;0;0;0;0;0;0;0;(-38.556591 -3.71317215);
361067;2020-08-18 09:54:00;RUA ALVES BATISTA, 470;, ; 470;;;Queda;Luz do Dia;;;Meio de Quadra;;Longo da via;0;1;0;1;0;0;0;0;0;0;0;0;0;(-38.6011582 -3.75969677);
359999;2020-08-18 09:36:00;AVENIDA JOR THOMAZ COELHO, ;, ; ;;;Colisão Lateral;Luz do Dia;Bom;Seca;Outros;Não Há Controle;Longo da via;0;1;1;1;1;0;0;0;0;0;0;0;0;(-38.513878 -3.8283947);
361066;2020-08-18 09:31:00;AVENIDA JOR THOMAZ COELHO, ;, ; ;;;Colisão;Luz do Dia;;;Meio de Quadra;;Longo da via;0;2;0;1;1;0;0;0;0;0;0;0;0;(0 0);
361065;2020-08-18 09:08:00;AVENIDA PERIMETRAL, 3237;, ; 3237;;;Colisão;Luz do Dia;;;Meio de Quadra;;Longo da via;0;2;0;2;0;0;0;0;0;0;0;0;0;(0 0);
359764;2020-08-18 08:30:00;AVENIDA CASTELO DE CASTRO, 200;, ; 200;;;Colisão;Luz do Dia;;;Meio de Quadra;;Longo da via;0;1;0;0;0;0;0;0;0;0;0;0;0;(-38.5214985 -3.8310835);
359777;2020-08-18 08:20:00;AVENIDA GAL OSORIO DE PAIVA, 5374;, ; 5374;;;Colisão;Luz do Dia;;;Meio de Quadra;;Longo da via;0;1;0;0;1;0;0;0;0;0;0;0;0;(-38.60175088 -3.80440075);
361064;2020-08-18 08:10:00;AVENIDA HILDEBRANDO DE MELO, 412;, ; 412;;;Colisão;Luz do Dia;;;Meio de Quadra;;Longo da via;0;2;0;1;1;0;0;0;0;0;0;0;0;(-38.58799 -3.71261);
361063;2020-08-18 08:07:00;AVENIDA GAL OSORIO DE PAIVA, 5374;, ; 5374;;;Colisão;Luz do Dia;;;Meio de Quadra;;Longo da via;0;1;1;0;1;0;0;0;0;1;0;0;0;(-38.60175088 -3.80440075);
361032;2020-08-18 07:52:00;AVENIDA DIOGUINHO, 3100;, ; 3100;;;Colisão;Luz do Dia;;;Meio de Quadra;;Longo da via;0;2;0;1;1;0;0;0;0;0;0;0;0;(-38.45206 -3.74398);
361029;2020-08-18 07:22:00;RUA JOSE ALVES CAMPOS, 189;, ; 189;;;Atropelamento;Luz do Dia;;;Meio de Quadra;;Longo da via;0;1;0;0;1;0;0;0;0;0;0;0;0;(-38.491435 -3.75953431);
361021;2020-08-18 07:19:00;AVENIDA PERIMETRAL, 5183;, ; 5183;;;Queda;Luz do Dia;;;Meio de Quadra;;Longo da via;0;2;0;1;0;0;0;0;0;0;0;0;0;(0 0);
359763;2020-08-17 23:25:00;AVENIDA WASHINGTON SOARES, 9393;, ; 9393;;;Colisão;;;;Meio de Quadra;;Longo da via;0;1;1;1;1;0;0;0;0;0;0;0;0;(-38.4825598 -3.83334502);
361017;2020-08-17 18:59:00;AVENIDA WASHINGTON LUIS, 1185;, ; 1185;;;Colisão;;;;Meio de Quadra;;Longo da via;0;2;0;2;0;0;0;0;0;0;0;0;0;(-38.5887 -3.71772);
361015;2020-08-17 18:35:00;AVENIDA GODOFREDO MACIEL, 2640;, ; 2640;;;Colisão;;;;Meio de Quadra;;Longo da via;0;2;0;1;1;0;0;0;0;0;0;0;0;(-38.57057 -3.798614);
361014;2020-08-17 18:24:00;RUA CEL MATOS DOURADO, 877;, ; 877;;;Colisão;Anoitecer;;;Meio de Quadra;;Longo da via;0;1;0;0;0;0;0;0;0;0;0;0;0;(-38.584829 -3.746502);
359759;2020-08-17 17:00:00;AVENIDA JOSE TAVARES, 1278;, ; 1278;;;Colisão;Anoitecer;;;Meio de Quadra;;Longo da via;0;1;0;0;0;0;0;1;0;0;0;0;0;(0 0);
360985;2020-08-17 16:58:00;RUA PRIMEIRO DE JANEIRO, 928;, ; 928;;;Colisão;Luz do Dia;;;Meio de Quadra;;Longo da via;0;2;0;1;1;0;0;0;0;0;0;0;0;(-38.56713 -3.78481);
360984;2020-08-17 16:56:00;RUA REPUBLICA DO LIBANO, ;RUA VICENTE LEITE, ; ;;;Colisão;Luz do Dia;;;Cruz;Pare;Cruzamento;0;2;0;1;1;0;0;0;0;0;0;0;0;(-38.493841 -3.732224);
359998;2020-08-17 16:50:00;AVENIDA JOSE BASTOS, 4000;, ; 4000;;;Colisão Lateral;Luz do Dia;Bom;Seca;Meio de Quadra;Semáforo;Longo da via;0;1;1;1;1;0;0;0;0;0;0;0;0;(-38.5537565 -3.7532955);
359758;2020-08-17 16:00:00;AVENIDA PRO JOSE ARTHUR CARVALHO, ;, ; ;;;Colisão;Luz do Dia;;;Meio de Quadra;;Longo da via;0;1;0;0;0;0;0;0;0;0;0;0;0;(0 0);
360983;2020-08-17 15:59:00;AVENIDA SGT HERMINIO SAMPAIO, 1694;, ; 1694;;;Colisão;Luz do Dia;;;Meio de Quadra;;Longo da via;0;2;0;1;1;0;0;0;0;0;0;0;0;(-38.55582 -3.725509);
360981;2020-08-17 15:53:00;AVENIDA PDE ANTONIO TOMAS, ;, ; ;;;Colisão;Luz do Dia;;;Meio de Quadra;;Longo da via;0;2;0;1;1;0;0;0;0;0;0;0;0;(0 0);
361565;2020-08-17 15:48:00;RUA PAULO FREIRE, 1504;, ; 1504;;;Queda;Luz do Dia;;;Meio de Quadra;;Longo da via;0;1;0;1;0;0;0;0;0;0;0;0;0;(-38.46858 -3.82874);
360980;2020-08-17 15:39:00;RUA BRAGANCA, 765;, ; 765;;;Atropelamento;Luz do Dia;;;Meio de Quadra;;Longo da via;0;2;0;0;0;0;0;0;0;1;0;0;0;(-38.596385 -3.780077);
360979;2020-08-17 15:38:00;AVENIDA SGT HERMINIO SAMPAIO, 2743;, ; 2743;;;Colisão;Luz do Dia;;;Meio de Quadra;;Longo da via;0;2;0;1;1;0;0;0;0;0;0;0;0;(-38.5653147 -3.7272124);
359797;2020-08-17 15:20:00;AVENIDA JOSE TAVARES, 1278;, ; 1278;;;Colisão Lateral;Luz do Dia;Bom;Seca;Meio de Quadra;Pare;Longo da via;0;1;2;1;1;0;0;0;0;0;0;0;0;(0 0);
359997;2020-08-17 14:16:00;RUA ARTUR DE CARVALHO, 1366;, ; 1366;;;Colisão Lateral;Luz do Dia;Bom;Seca;Meio de Quadra;Não Há Controle;Longo da via;0;1;1;1;0;1;0;0;0;0;0;0;0;(0 0);
360978;2020-08-17 13:45:00;AVENIDA PRO JOSE ARTHUR CARVALHO, 1330;, ; 1330;;;Choque c/ Obstáculo Fixo;Luz do Dia;;;Meio de Quadra;;Longo da via;0;2;0;1;1;0;0;0;0;0;0;0;0;(-38.4675712 -3.82713709);
360977;2020-08-17 12:33:00;RUA PRO HERIBALDO COSTA, 681;, ; 681;;;Colisão;Luz do Dia;;;Meio de Quadra;;Longo da via;0;2;0;1;1;0;0;0;0;0;0;0;0;(-38.583181 -3.758725);
360976;2020-08-17 12:27:00;RUA CEL ALEXANDRINO, 637;, ; 637;;;Queda;Luz do Dia;;;Meio de Quadra;;Longo da via;0;1;0;1;0;0;0;0;0;0;0;0;0;(-38.55249538 -3.765255875);
360974;2020-08-17 12:19:00;AVENIDA A CJ CEARA, 1200;, ; 1200;;;Colisão;Luz do Dia;;;Meio de Quadra;;Longo da via;0;2;0;2;0;0;0;0;0;0;0;0;0;(-38.6050175 -3.771841);
360971;2020-08-17 12:07:00;RUA CON DE CASTRO, ;, ; ;;;Colisão;Luz do Dia;;;Meio de Quadra;;Longo da via;0;2;0;1;1;0;0;0;0;0;0;0;0;(0 0);
360970;2020-08-17 11:52:00;RUA DAS OLIMPIADAS, 505;, ; 505;;;Colisão;Luz do Dia;;;Meio de Quadra;;Longo da via;0;2;0;1;1;0;0;0;0;0;0;0;0;(0 0);
359996;2020-08-17 11:20:00;AVENIDA GENIBAU, ;RUA PERILIO TEIXEIRA, ; ;;;Colisão Transversal;Luz do Dia;Bom;Seca;Cruz;Pare;Cruzamento;0;1;1;1;1;0;0;0;0;0;0;0;0;(-38.60205 -3.760373);
359756;2020-08-17 10:00:00;RUA PERILIO TEIXEIRA, ;RUA NOSSA SRA APARECIDA, ; ;;;Colisão;Luz do Dia;;;Cruz;Pare;Cruzamento;0;1;0;1;0;0;0;0;0;0;0;0;0;(-38.601606 -3.758048);
359995;2020-08-17 09:28:00;AVENIDA AREIA BRANCA, ;RUA OSMUNDO CAVALCANTE, ; ;;;Colisão Transversal;Luz do Dia;Bom;Seca;T;Não Há Controle;Cruzamento;0;2;0;1;1;0;0;0;0;0;0;0;0;(-38.47701 -3.72681);
360968;2020-08-17 09:16:00;RUA AZEVEDO BOLAO, 349;, ; 349;;;Colisão;Luz do Dia;;;Meio de Quadra;;Longo da via;0;2;0;1;1;0;0;0;0;0;0;0;0;(-38.54741 -3.73458);
360469;2020-08-17 08:02:00;RD BR 116, 2000;, ; 2000;;;Colisão Lateral;Luz do Dia;;;Meio de Quadra;;Longo da via;0;1;1;1;1;0;0;0;0;0;0;0;0;(-38.51678 -3.771391);
360958;2020-08-17 07:58:00;RUA SAO LAZARO, 224;, ; 224;;;Queda;Luz do Dia;;;Meio de Quadra;;Longo da via;0;1;0;1;0;0;0;0;0;0;0;0;0;(-38.5772193 -3.80189494);
360953;2020-08-17 07:50:00;AVENIDA WASHINGTON SOARES, 100;, ; 100;;;Colisão;Luz do Dia;;;Meio de Quadra;;Longo da via;0;1;0;0;0;0;0;0;0;0;0;0;0;(-38.489953 -3.757331);
360950;2020-08-17 07:12:00;RUA JUVENCIO VASCONCELOS, 220;, ; 220;;;Queda;Luz do Dia;;;Meio de Quadra;;Longo da via;0;1;0;0;0;0;0;0;0;1;0;0;0;(-38.4797972 -3.72452957);
360947;2020-08-17 07:09:00;AVENIDA JOR THOMAZ COELHO, ;, ; ;;;Colisão;Luz do Dia;;;Meio de Quadra;;Longo da via;0;2;0;2;0;0;0;0;0;0;0;0;0;(0 0);
360927;2020-08-17 06:46:00;RUA JOAO BATISTA RIOS, 158;, ; 158;;;Colisão;Luz do Dia;;;Meio de Quadra;;Longo da via;0;2;0;1;1;0;0;0;0;0;0;0;0;(-38.53658 -3.80019);
360897;2020-08-17 01:02:00;AVENIDA ANTONIO SALES, 2333;, ; 2333;;;Colisão;;;;Meio de Quadra;;Longo da via;0;2;0;1;1;0;0;0;0;0;0;0;0;(-38.5030113 -3.74525367);
361238;2020-08-16 23:05:00;RUA PDE PEDRO DE ALENCAR, 1791;, ; 1791;;;Queda;;;;Meio de Quadra;;Longo da via;0;1;0;1;0;0;0;0;0;0;0;0;0;(-38.494382 -3.843805);
359760;2020-08-16 22:51:00;RUA MIN ALBUQUERQUE LIMA, 1886;, ; 1886;;;Colisão;;;;Meio de Quadra;;Longo da via;0;2;0;2;0;0;0;0;0;0;0;0;0;(0 0);
361237;2020-08-16 22:51:00;RUA JOSIAS PAULA DE SOUZA, 520;, ; 520;;;Atropelamento de Animal;;;;Meio de Quadra;;Longo da via;0;1;0;1;0;0;0;0;0;0;0;0;0;(-38.4687552 -3.72720636);