COD_ACIDENTE;DATA;LOG1;LOG2;NUMERO;BAIRRO;AMC;NATUREZA;ILUMINACAO;TEMPO;SUPERFICIEPISTA;TIPOCRUZAMENTO;CONTROLETRAFEGO;USOSOLO;MORTOS;FERIDOS;ILESOS;MOTOCICLETA;AUTOMOVEL;MICROONIBUS;CAMINHAO;ONIBUS;CICLOMOTOR;BICICLETA;OUTROS;TREM;TRACAOANIMAL;COORDENADAS
361236;2020-08-16 21:41:00;RUA AVILA GOULART, ;, ; ;;;Queda;;;;Meio de Quadra;;Longo da via;0;1;0;1;0;0;0;0;0;0;0;0;0;(0 0);
359994;2020-08-16 21:21:00;AVENIDA BERNARDO MANUEL, 8341;, ; 8341;;;Colisão Traseira;Via Iluminada;Bom;Seca;Meio de Quadra;Não Há Controle;Longo da via;0;2;0;0;2;0;0;0;0;0;0;0;0;(-38.56035 -3.82918);
361235;2020-08-16 20:34:00;RUA DES WALDETARIO P MOTA, 556;, ; 556;;;Colisão;;;;Meio de Quadra;;Longo da via;0;1;1;1;1;0;0;0;0;0;0;0;0;(-38.47926 -3.73459);
361234;2020-08-16 20:22:00;RUA CAP OLAVO, 120;, ; 120;;;Colisão;;;;Meio de Quadra;;Longo da via;0;1;1;1;1;0;0;0;0;0;0;0;0;(-38.5162534 -3.76336082);
361233;2020-08-16 20:16:00;AVENIDA WASHINGTON SOARES, 4515;, ; 4515;;;Queda;;;;Meio de Quadra;;Longo da via;0;1;0;1;0;0;0;0;0;0;0;0;0;(-38.479749 -3.79822);
361232;2020-08-16 19:22:00;RUA DELTA, 759;, ; 759;;;Atropelamento;;;;Meio de Quadra;;Longo da via;0;1;1;1;0;0;0;0;0;0;0;0;0;(-38.577177 -3.79486336);
359993;2020-08-16 19:02:00;RUA CON DE CASTRO, ;RUA PIRAJUI, ; ;;;Colisão Lateral;Via Iluminada;Bom;Seca;T;Pare;Cruzamento;0;2;0;1;1;0;0;0;0;0;0;0;0;(-38.589623 -3.802339);
361231;2020-08-16 18:23:00;AVENIDA BORGES DE MELO, ;, ; ;;;Queda;Anoitecer;;;Meio de Quadra;;Longo da via;0;1;0;1;0;0;0;0;0;0;0;0;0;(0 0);
361230;2020-08-16 18:03:00;AVENIDA GAL OSORIO DE PAIVA, ;, ; ;;;Colisão;Anoitecer;;;Meio de Quadra;;Longo da via;0;1;1;1;1;0;0;0;0;0;0;0;0;(0 0);
361229;2020-08-16 17:12:00;RUA CEARA, ;RUA PARANA, ; ;;;Colisão;Anoitecer;;;Cruz;Pare;Cruzamento;0;2;1;1;1;0;0;0;0;0;0;0;0;(-38.568348 -3.757261);
361228;2020-08-16 17:06:00;RUA PONTA MAR, 125;, ; 125;;;Queda;Anoitecer;;;Meio de Quadra;;Longo da via;0;1;0;1;0;0;0;0;0;0;0;0;0;(0 0);
361227;2020-08-16 15:22:00;RUA ABEL RIBEIRO, ;AVENIDA AUGUSTO DOS ANJOS, ; ;;;Colisão;Luz do Dia;;;T;Pare;Cruzamento;0;1;1;0;1;0;0;0;0;1;0;0;0;(-38.57903 -3.78003);
361226;2020-08-16 14:34:00;AVENIDA JOAO PESSOA, 5834;, ; 5834;;;Colisão;Luz do Dia;;;Meio de Quadra;;Longo da via;0;1;1;1;1;0;0;0;0;0;0;0;0;(-38.557535 -3.761747);
361224;2020-08-16 14:28:00;RUA ESPIRITO SANTO, ;RUA AMAZONAS, ; ;;;Atropelamento;Luz do Dia;;;Cruz;Pare;Cruzamento;0;1;1;0;1;0;0;0;0;0;0;0;0;(-38.567217 -3.751391);
361223;2020-08-16 14:19:00;AVENIDA GOV PARSIFAL BARROSO, ;RUA MARIA MIRIAN F  DE SOUZA, ; ;;;Colisão;Luz do Dia;;;T;Semáforo;Cruzamento;0;1;1;1;1;0;0;0;0;0;0;0;0;(-38.568958 -3.733515);
361222;2020-08-16 13:25:00;RUA DEMETRIO MENEZES, 931;, ; 931;;;Queda;Luz do Dia;;;Meio de Quadra;;Longo da via;0;1;0;0;0;0;0;0;0;1;0;0;0;(-38.58443 -3.73223);
361221;2020-08-16 12:57:00;RUA PEREIRA COUTINHO, 1030;, ; 1030;;;Queda;Luz do Dia;;;Meio de Quadra;;Longo da via;0;1;0;1;0;0;0;0;0;0;0;0;0;(0 0);
361220;2020-08-16 12:56:00;AVENIDA BENJAMIM BRASIL, 1080;, ; 1080;;;Atropelamento;Luz do Dia;;;Meio de Quadra;;Longo da via;0;1;1;1;0;0;0;0;0;0;0;0;0;(-38.56522 -3.8054);
360411;2020-08-16 12:45:00;RD CE-040, ;, ; ;;;Choque c/ Obstáculo Fixo;Luz do Dia;;;Meio de Quadra;;Longo da via;0;2;0;0;1;0;0;0;0;0;0;0;0;(-38.4817994 -3.773616148);
361219;2020-08-16 12:16:00;RUA METON DE ALENCAR, ;AVENIDA TRISTAO GONCALVES, ; ;;;Queda;Luz do Dia;;;Cruz;Semáforo;Cruzamento;0;1;0;1;0;0;0;0;0;0;0;0;0;(-38.534777 -3.732327);
361216;2020-08-16 12:14:00;AVENIDA JOAO DE ARAUJO LIMA, 2041;, ; 2041;;;Queda;Luz do Dia;;;Meio de Quadra;;Longo da via;0;1;0;1;0;0;0;0;0;0;0;0;0;(-38.56209 -3.83995);
361215;2020-08-16 10:53:00;RUA ANTONIO ARRUDA, 862;, ; 862;;;Colisão;Luz do Dia;;;Meio de Quadra;;Longo da via;0;1;1;2;0;0;0;0;0;0;0;0;0;(-38.592541 -3.715126);
361211;2020-08-16 10:39:00;AVENIDA JOSE BASTOS, 4400;, ; 4400;;;Colisão;Luz do Dia;;;Meio de Quadra;;Longo da via;0;1;1;2;0;0;0;0;0;0;0;0;0;(-38.5557415 -3.75526);
361214;2020-08-16 10:39:00;AVENIDA PDE ANTONIO TOMAS, ;RUA BATISTA DE OLIVEIRA, ; ;;;Colisão;Luz do Dia;;;Cruz;Semáforo;Cruzamento;0;1;1;0;1;0;0;0;0;1;0;0;0;(-38.481947 -3.745906);
359992;2020-08-16 10:06:00;RUA POMPILIO GOMES, 1777;, ; 1777;;;Colisão Traseira;Luz do Dia;Bom;Seca;Meio de Quadra;Não Há Controle;Longo da via;0;1;1;1;1;0;0;0;0;0;0;0;0;(-38.5212164 -3.82734635);
361210;2020-08-16 10:00:00;AVENIDA ENG ALBERTO SA, 153;, ; 153;;;Queda;Luz do Dia;;;Meio de Quadra;;Longo da via;0;1;0;1;0;0;0;0;0;0;0;0;0;(-38.479763 -3.73354);
359790;2020-08-16 09:20:00;AVENIDA RUI BARBOSA, ;RUA TEN BENEVOLO, ; ;;;Colisão Transversal;Luz do Dia;Bom;Seca;Cruz;Semáforo;Cruzamento;0;1;1;0;2;0;0;0;0;0;0;0;0;(-38.507048 -3.728685);
361205;2020-08-16 08:10:00;RUA DEP MOREIRA DA ROCHA, ;RUA MON BRUNO, ; ;;;Colisão;Luz do Dia;;;Cruz;Pare;Cruzamento;0;1;1;0;2;0;0;0;0;0;0;0;0;(-38.507591 -3.726659);
361204;2020-08-16 08:04:00;AVENIDA I CJ CEARA, ;RUA 763 CJ CEARA, ; ;;;Colisão;Luz do Dia;;;;;Cruzamento;0;1;1;1;1;0;0;0;0;0;0;0;0;(-38.5973 -3.7661);
359755;2020-08-16 08:00:00;RD CE-040, ;, ; ;;;Colisão;Luz do Dia;;;Meio de Quadra;;Longo da via;0;1;1;1;1;0;0;0;0;0;0;0;0;(-38.47873348 -3.809596804);
361203;2020-08-16 06:38:00;RUA ELCIAS LOPES, ;, ; ;;;Colisão;Luz do Dia;;;Meio de Quadra;;Longo da via;0;1;1;2;0;0;0;0;0;0;0;0;0;(0 0);
360412;2020-08-16 04:40:00;RD CE-065, ;, ; ;;;Capotamento;;;;Meio de Quadra;;Longo da via;0;2;0;0;1;0;0;0;0;0;0;0;0;(0 0);
359753;2020-08-16 03:30:00;AVENIDA WASHINGTON SOARES, ;, ; ;;;Choque c/ Obstáculo Fixo;;;;Meio de Quadra;;Longo da via;0;1;0;0;1;0;0;0;0;0;0;0;0;(0 0);
361196;2020-08-16 03:16:00;AVENIDA ZEZE DIOGO, 1053;, ; 1053;;;Colisão;;;;Meio de Quadra;;Longo da via;0;2;0;0;0;0;0;0;0;0;0;0;0;(-38.4650277 -3.71631885);
361195;2020-08-16 02:38:00;RUA 5 CJ PEQ MONDUBIM, 1502;, ; 1502;;;Queda;;;;Meio de Quadra;;Longo da via;0;1;0;0;0;0;0;0;0;1;0;0;0;(0 0);
361185;2020-08-15 23:44:00;RUA GUERRA JUNQUEIRO, 512;, ; 512;;;Colisão;;;;Meio de Quadra;;Longo da via;0;1;1;1;1;0;0;0;0;0;0;0;0;(-38.5476445 -3.78149122);
361180;2020-08-15 23:34:00;AVENIDA A CJ ESPERANCA, ;, ; ;;;Queda;;;;Meio de Quadra;;Longo da via;0;1;0;1;0;0;0;0;0;0;0;0;0;(0 0);
361177;2020-08-15 22:25:00;AVENIDA PRO JOSE ARTHUR CARVALHO, 560;, ; 560;;;Colisão;;;;Meio de Quadra;;Longo da via;0;2;1;1;1;0;0;0;0;0;0;0;0;(-38.473498 -3.826479);
361176;2020-08-15 22:03:00;RUA BOA VIAGEM, 176;, ; 176;;;Queda;;;;Meio de Quadra;;Longo da via;0;1;0;1;0;0;0;0;0;0;0;0;0;(-38.5439201 -3.73070033);
363888;2020-08-15 21:30:00;RUA ESPIRITO SANTO, ;, ; ;;;Outros;;;;Meio de Quadra;;Longo da via;1;0;0;0;0;0;0;0;0;0;0;0;0;(-38.571118 -3.757573);
361174;2020-08-15 21:24:00;RUA PRO VIRGILIO DE MORAIS, 672;, ; 672;;;Atropelamento;;;;Meio de Quadra;;Longo da via;0;1;1;0;1;0;0;0;0;0;0;0;0;(-38.597263026 -3.754429737);
361172;2020-08-15 21:16:00;RUA RIO GRANDE DO NORTE, 1528;, ; 1528;;;Colisão;;;;Meio de Quadra;;Longo da via;0;1;1;2;0;0;0;0;0;0;0;0;0;(-38.5698788 -3.75712241);
361171;2020-08-15 20:38:00;RUA RAUL CABRAL, 620;, ; 620;;;Queda;;;;Meio de Quadra;;Longo da via;0;1;0;1;0;0;0;0;0;0;0;0;0;(-38.544024259 -3.769160593);
361169;2020-08-15 20:38:00;AVENIDA MOZART PINHEIRO DE LUCENA, 1405;, ; 1405;;;Colisão;;;;Meio de Quadra;;Longo da via;0;1;1;1;1;0;0;0;0;0;0;0;0;(-38.594707 -3.714838);
361168;2020-08-15 20:29:00;RUA JOSE VILAR, 1605;, ; 1605;;;Colisão;;;;Meio de Quadra;;Longo da via;0;1;1;2;0;0;0;0;0;0;0;0;0;(-38.50546 -3.73842);
361167;2020-08-15 20:00:00;AVENIDA SEN FERNANDES TAVORA, ;, ; ;;;Queda;;;;Meio de Quadra;;Longo da via;0;1;0;0;0;0;0;0;0;1;0;0;0;(0 0);
361165;2020-08-15 19:38:00;RUA MARIA JULIA, 1693;, ; 1693;;;Queda;;;;Meio de Quadra;;Longo da via;0;2;0;1;0;0;0;0;0;0;0;0;0;(-38.6024176 -3.8002674);
359991;2020-08-15 19:28:00;RUA BETEL, 757;, ; 757;;;Colisão Frontal;Via Iluminada;Bom;Seca;Meio de Quadra;Não Há Controle;Longo da via;0;2;0;2;0;0;0;0;0;0;0;0;0;(-38.549837 -3.78540905);
361164;2020-08-15 19:19:00;RUA NENEN GONCALVES, 621;, ; 621;;;Colisão;;;;Meio de Quadra;;Longo da via;0;2;1;1;1;0;0;0;0;0;0;0;0;(-38.48268 -3.81369);
361163;2020-08-15 18:03:00;AVENIDA H CJ CEARA, 1426;, ; 1426;;;Colisão;Anoitecer;;;Meio de Quadra;;Longo da via;0;1;1;1;1;0;0;0;0;0;0;0;0;(-38.610914 -3.775901);
361162;2020-08-15 17:58:00;RUA GERARDO FREITAS, 55;, ; 55;;;Colisão;Anoitecer;;;Meio de Quadra;;Longo da via;0;1;1;1;1;0;0;0;0;0;0;0;0;(-38.57167 -3.75651);
361161;2020-08-15 17:57:00;RUA VERBENA, 308;, ; 308;;;Atropelamento;Anoitecer;;;Meio de Quadra;;Longo da via;0;2;0;0;0;0;0;0;0;0;0;0;0;(-38.588035 -3.7785);
361160;2020-08-15 17:40:00;RUA JOHN LENNON, 355;, ; 355;;;Colisão;Anoitecer;;;Meio de Quadra;;Longo da via;0;1;1;1;1;0;0;0;0;0;0;0;0;(-38.4906386 -3.82221997);
361159;2020-08-15 17:34:00;AVENIDA SANTOS DUMONT, 7580;, ; 7580;;;Colisão;Anoitecer;;;Meio de Quadra;;Longo da via;0;1;1;1;1;0;0;0;0;0;0;0;0;(-38.466157 -3.7466285);
361158;2020-08-15 16:39:00;AVENIDA N CJ JOSE WALTER, ;, ; ;;;Atropelamento;Luz do Dia;;;Meio de Quadra;;Longo da via;0;1;1;0;1;0;0;0;0;0;0;0;0;(0 0);
361157;2020-08-15 15:38:00;RUA RUI MONTE, 364;, ; 364;;;Colisão;Luz do Dia;;;Meio de Quadra;;Longo da via;0;1;1;1;1;0;0;0;0;0;0;0;0;(-38.58676 -3.74144);
361156;2020-08-15 15:34:00;AVENIDA SGT HERMINIO SAMPAIO, ;RUA DEMETRIO MENEZES, ; ;;;Colisão;Luz do Dia;;;Cruz;Semáforo;Cruzamento;0;1;1;1;1;0;0;0;0;0;0;0;0;(-38.584316 -3.733867);
361155;2020-08-15 13:53:00;AVENIDA DEP PAULINO ROCHA, 2607;, ; 2607;;;Colisão;Luz do Dia;;;Meio de Quadra;;Longo da via;0;2;1;1;1;0;0;0;0;0;0;0;0;(-38.5198 -3.81013);
361154;2020-08-15 13:44:00;ESTRADA DO JATOBA, 2691;, ; 2691;;;Colisão;Luz do Dia;;;Meio de Quadra;;Longo da via;0;2;1;1;1;0;0;0;0;0;0;0;0;(-38.626858 -3.797459);
359990;2020-08-15 13:21:00;AVENIDA A CJ ESPERANCA, ;AVENIDA F CJ ESPERANCA, ; ;;;Colisão Lateral;Luz do Dia;Bom;Seca;Cruz;Gesto;Cruzamento;0;1;1;1;0;0;0;1;0;0;0;0;0;(-38.588326 -3.8177302);
361153;2020-08-15 13:06:00;AVENIDA LAURO VIEIRA CHAVES, 1484;, ; 1484;;;Colisão;Luz do Dia;;;Meio de Quadra;;Longo da via;0;2;0;0;0;0;0;0;0;0;0;0;0;(-38.54052586 -3.771922286);
361152;2020-08-15 12:09:00;RUA 16 CJ HAB ST S JOAO, 34;, ; 34;;;Colisão;Luz do Dia;;;Meio de Quadra;;Longo da via;0;2;0;0;0;0;0;0;0;0;0;0;0;(-38.5116684 -3.85100021);
361151;2020-08-15 11:47:00;RUA CEL JOAO CORREIA, 3393;, ; 3393;;;Queda;Luz do Dia;;;Meio de Quadra;;Longo da via;0;1;0;0;0;0;0;0;0;1;0;0;0;(-38.6227588 -3.78617393);
361149;2020-08-15 10:59:00;RUA CON DE CASTRO, 3608;, ; 3608;;;Colisão;Luz do Dia;;;Meio de Quadra;;Longo da via;0;1;1;1;1;0;0;0;0;0;0;0;0;(-38.586245 -3.798827);
361148;2020-08-15 10:26:00;AVENIDA CORA CORALINA, 981;, ; 981;;;Queda;Luz do Dia;;;Meio de Quadra;;Longo da via;0;1;0;1;0;0;0;0;0;0;0;0;0;(-38.57547 -3.83921);
359988;2020-08-15 09:02:00;AVENIDA VIS RIO BRANCO, ;RUA PINTO MADEIRA, ; ;;;Colisão Lateral;Luz do Dia;Bom;Seca;Y;Não Há Controle;Cruzamento;0;0;2;0;2;0;0;0;0;0;0;0;0;(-38.525198 -3.730803);
361147;2020-08-15 08:25:00;AVENIDA GODOFREDO MACIEL, 606;, ; 606;;;Colisão;Luz do Dia;;;Meio de Quadra;;Longo da via;0;1;1;0;1;0;1;0;0;0;0;0;0;(-38.565316 -3.781495);
359989;2020-08-15 08:00:00;AVENIDA SANTOS DUMONT, ;RUA JOAO CORDEIRO, ; ;;;Colisão;Luz do Dia;Bom;Seca;Cruz;Semáforo;Cruzamento;0;2;1;1;1;0;0;0;0;0;0;0;0;(-38.514781 -3.730878);
361144;2020-08-15 07:24:00;LOGRADOURO SEM NOME, ;, ; ;;;Colisão;Luz do Dia;;;Meio de Quadra;;Longo da via;0;1;1;1;1;0;0;0;0;0;0;0;0;(0 0);
359785;2020-08-15 02:00:00;AVENIDA CONTORNO OESTE D71, ;, ; ;;;Choque c/ Obstáculo Fixo;Anoitecer;Bom;Seca;Meio de Quadra;Não Há Controle;Longo da via;1;0;0;1;0;0;0;0;0;0;0;0;0;(-38.5969 -3.83821);
361142;2020-08-15 01:45:00;AVENIDA TEN LISBOA, 795;, ; 795;;;Colisão;;;;Meio de Quadra;;Longo da via;0;2;0;0;0;0;0;0;0;0;0;0;0;(-38.574281 -3.72710874);
361138;2020-08-15 01:42:00;AVENIDA DEP PAULINO ROCHA, 2460;, ; 2460;;;Colisão;;;;Meio de Quadra;;Longo da via;0;2;0;0;0;0;0;0;0;0;0;0;0;(-38.517989 -3.810487);
361137;2020-08-15 01:39:00;RUA PDE MAXIMO FEITOSA, 834;, ; 834;;;Colisão;;;;Meio de Quadra;;Longo da via;0;1;1;2;0;0;0;0;0;0;0;0;0;(-38.57548 -3.73501);
361136;2020-08-15 01:13:00;RUA 102 CJ NOVO MONDUBIM, 12;, ; 12;;;Colisão;;;;Meio de Quadra;;Longo da via;0;2;0;0;0;0;0;0;0;0;0;0;0;(-38.5872575 -3.80684147);
361135;2020-08-15 01:03:00;RUA CARLOS AMORA, ;, ; ;;;Queda;;;;Meio de Quadra;;Longo da via;0;1;0;1;0;0;0;0;0;0;0;0;0;(0 0);
361115;2020-08-14 23:13:00;RUA PERGENTINO MAIA, 2055;, ; 2055;;;Queda;;;;Meio de Quadra;;Longo da via;0;1;0;1;0;0;0;0;0;0;0;0;0;(-38.4780145 -3.83298213);
361114;2020-08-14 22:41:00;AVENIDA JOSE JATAHY, ;AVENIDA JOVITA FEITOSA, ; ;;;Queda;;;;;;Cruzamento;0;1;0;0;0;0;0;0;0;1;0;0;0;(-38.543936 -3.737273);
361113;2020-08-14 21:51:00;RUA ALFREDO MAMEDE, 901;, ; 901;;;Colisão;;;;Meio de Quadra;;Longo da via;0;1;1;2;0;0;0;0;0;0;0;0;0;(-38.5854943 -3.81508933);
361112;2020-08-14 21:32:00;RUA MARIA GOMES DE SA, 1030;, ; 1030;;;Colisão;;;;Meio de Quadra;;Longo da via;0;1;1;1;1;0;0;0;0;0;0;0;0;(-38.58017 -3.82674);
359987;2020-08-14 19:20:00;RUA MAXIMO LINHARES, 720;, ; 720;;;Colisão Transversal;Via Iluminada;Bom;Seca;Meio de Quadra;Pare;Longo da via;0;1;1;1;1;0;0;0;0;0;0;0;0;(-38.4887515 -3.79926082);
359986;2020-08-14 19:15:00;RUA CAP ARAGAO, 361;, ; 361;;;Choque c/ Obstáculo Fixo;Via Iluminada;Bom;Seca;Meio de Quadra;Pare;Longo da via;0;1;0;1;0;0;0;0;0;0;0;0;0;(-38.514729 -3.765158);
361111;2020-08-14 19:10:00;AVENIDA 13 DE MAIO, 1251;, ; 1251;;;Colisão;;;;Meio de Quadra;;Longo da via;0;1;1;1;1;0;0;0;0;0;0;0;0;(-38.529981 -3.748763);
361110;2020-08-14 18:26:00;RUA OSCAR BENEVIDES, 90;, ; 90;;;Queda;Anoitecer;;;Meio de Quadra;;Longo da via;0;1;0;1;0;0;0;0;0;0;0;0;0;(-38.57328 -3.81043);
361109;2020-08-14 17:44:00;RUA CARLOS AMORA, ;, ; ;;;Queda;Anoitecer;;;Meio de Quadra;;Longo da via;0;1;0;1;0;0;0;0;0;0;0;0;0;(0 0);
361108;2020-08-14 17:22:00;AVENIDA JULIO VENTURA, 201;, ; 201;;;Atropelamento;Anoitecer;;;Meio de Quadra;;Longo da via;0;1;1;0;1;0;0;0;0;0;0;0;0;(-38.506014 -3.739985);
361107;2020-08-14 16:53:00;AVENIDA SGT HERMINIO SAMPAIO, 4336;, ; 4336;;;Colisão;Luz do Dia;;;Meio de Quadra;;Longo da via;0;3;0;2;0;0;0;0;0;0;0;0;0;(-38.5789579 -3.73139715);
359784;2020-08-14 16:40:00;RUA CARLOS CHAGAS, ;RUA ANSELMO NOGUEIRA, ; ;;;Colisão Lateral;Luz do Dia;Bom;Seca;Cruz;Pare;Cruzamento;0;1;1;1;1;0;0;0;0;0;0;0;0;(-38.586797 -3.779698);
361106;2020-08-14 16:31:00;AVENIDA ROGACIANO LEITE, 100;, ; 100;;;Colisão;Luz do Dia;;;Meio de Quadra;;Longo da via;0;1;1;0;1;0;0;0;0;1;0;0;0;(-38.4916113 -3.75732167);
361105;2020-08-14 15:48:00;AVENIDA BENJAMIM BRASIL, 2112;, ; 2112;;;Colisão;Luz do Dia;;;Meio de Quadra;;Longo da via;0;1;1;1;1;0;0;0;0;0;0;0;0;(-38.558229 -3.808292);
361102;2020-08-14 15:27:00;RUA PORTO DAS ROSAS, 1221;, ; 1221;;;Colisão;Luz do Dia;;;Meio de Quadra;;Longo da via;0;1;1;1;1;0;0;0;0;0;0;0;0;(-38.60281 -3.75673);
361101;2020-08-14 15:23:00;RUA POMPILIO GOMES, 1624;, ; 1624;;;Colisão;Luz do Dia;;;Meio de Quadra;;Longo da via;0;2;0;0;0;0;0;0;0;0;0;0;0;(-38.5211652 -3.82600791);
361098;2020-08-14 15:00:00;AVENIDA WASHINGTON LUIS, 630;, ; 630;;;Atropelamento;Luz do Dia;;;Meio de Quadra;;Longo da via;0;1;1;1;0;0;0;0;0;0;0;0;0;(-38.5944442 -3.71606906);
361097;2020-08-14 14:41:00;AVENIDA SEN FERNANDES TAVORA, ;RUA ERNESTO PEDRO SANTOS, ; ;;;Colisão;Luz do Dia;;;Cruz;Pare;Cruzamento;0;1;1;1;1;0;0;0;0;0;0;0;0;(-38.57738 -3.76471);
359985;2020-08-14 14:40:00;AVENIDA PONTES VIEIRA, 200;, ; 200;;;Colisão Traseira;Luz do Dia;Bom;Seca;Meio de Quadra;Semáforo;Longo da via;0;1;1;1;1;0;0;0;0;0;0;0;0;(-38.518209 -3.753282);
361093;2020-08-14 14:34:00;AVENIDA CASTELO DE CASTRO, ;, ; ;;;Queda;Luz do Dia;;;Meio de Quadra;;Longo da via;0;1;1;1;0;0;0;0;0;0;0;0;0;(0 0);
359983;2020-08-14 14:28:00;AVENIDA PRS COSTA E SILVA, 1251;, ; 1251;;;Colisão Traseira;Luz do Dia;Bom;Seca;Meio de Quadra;Não Há Controle;Longo da via;0;0;2;0;1;0;0;0;0;0;0;0;0;(-38.569052 -3.815069);
361091;2020-08-14 14:15:00;AVENIDA MIN JOSE AMERICO, 572;, ; 572;;;Colisão;Luz do Dia;;;Meio de Quadra;;Longo da via;0;1;1;1;1;0;0;0;0;0;0;0;0;(-38.494252 -3.81055);
361090;2020-08-14 14:00:00;RUA EDUARDO PERDIGAO, 160;, ; 160;;;Queda;Luz do Dia;;;Meio de Quadra;;Longo da via;0;1;0;1;0;0;0;0;0;0;0;0;0;(-38.564564 -3.7758372);
361089;2020-08-14 12:58:00;RUA VENEZUELA, ;AVENIDA JOSE DO PATROCINIO, ; ;;;Colisão;Luz do Dia;;;Cruz;Pare;Cruzamento;0;1;1;1;1;0;0;0;0;0;0;0;0;(-38.546932 -3.766178);
359984;2020-08-14 12:44:00;RUA DOM EXPEDITO LOPES, ;RUA TIBURCIO CAVALCANTE, ; ;;;Colisão Transversal;Luz do Dia;Bom;Seca;Cruz;Semáforo;Cruzamento;0;1;1;0;2;0;0;0;0;0;0;0;0;(-38.505097 -3.743802);
361087;2020-08-14 12:30:00;AVENIDA PERIMETRAL, 814;, ; 814;;;Colisão;Luz do Dia;;;Meio de Quadra;;Longo da via;0;1;1;1;1;0;0;0;0;0;0;0;0;(0 0);
360394;2020-08-14 12:30:00;RUA MON OTAVIO CASTRO, ;RUA BONFIM SOBRINHO, ; ;;;Colisão;Luz do Dia;;;Cruz;Pare;Cruzamento;0;1;0;1;1;0;0;0;0;0;0;0;0;(-38.526287 -3.751367);
361086;2020-08-14 12:16:00;RD QUARTO ANEL VIARIO, 2165;, ; 2165;;;Colisão;Luz do Dia;;;Meio de Quadra;;Longo da via;0;1;1;1;1;0;0;0;0;0;0;0;0;(-38.5133481 -3.8666225);
361083;2020-08-14 11:56:00;AVENIDA JOAO PESSOA, ;, ; ;;;Queda;Luz do Dia;;;Meio de Quadra;;Longo da via;0;1;0;1;0;0;0;0;0;0;0;0;0;(0 0);
361082;2020-08-14 11:36:00;RUA LUIS VIEIRA, ;, ; ;;;Colisão;Luz do Dia;;;Meio de Quadra;;Longo da via;0;1;1;1;1;0;0;0;0;0;0;0;0;(0 0);
359982;2020-08-14 11:00:00;AVENIDA BORGES DE MELO, 1881;, ; 1881;;;Colisão Lateral;Luz do Dia;Bom;Seca;Meio de Quadra;Não Há Controle;Longo da via;0;2;0;1;0;0;0;0;0;0;0;0;0;(-38.535463 -3.755288);
361081;2020-08-14 08:20:00;AVENIDA JOR JOAO RAMOS, 1661;, ; 1661;;;Colisão;Luz do Dia;;;Meio de Quadra;;Longo da via;0;2;0;0;0;0;0;0;0;0;0;0;0;(-38.572518 -3.842129);
361080;2020-08-14 07:20:00;AVENIDA ENG HUMBERTO MONTE, 2550;, ; 2550;;;Colisão;Luz do Dia;;;Meio de Quadra;;Longo da via;0;2;0;0;0;0;0;0;0;0;0;0;0;(-38.567994 -3.740132);
359981;2020-08-14 06:05:00;AVENIDA JOAO PESSOA, 4414;, ; 4414;;;Colisão Lateral;Luz do Dia;Não Informado;Seca;Meio de Quadra;Não Há Controle;Longo da via;0;2;1;1;1;0;0;0;0;0;0;0;0;(-38.548869 -3.751769);
361077;2020-08-14 04:56:00;RUA GUILHERME BLHUM, 55;, ; 55;;;Queda;;;;Meio de Quadra;;Longo da via;0;1;0;1;0;0;0;0;0;0;0;0;0;(-38.5221139 -3.72037704);
361075;2020-08-13 23:17:00;RUA ANTONIO MONTEIRO, ;RUA RAIMUNDO ARISTIDES, ; ;;;Colisão;;;;;;Cruzamento;0;2;0;0;0;0;0;0;0;0;0;0;0;(-38.59421 -3.81581);
361073;2020-08-13 21:31:00;RUA CARLOS AMORA, ;, ; ;;;Atropelamento;;;;Meio de Quadra;;Longo da via;0;1;1;0;0;0;0;0;0;0;0;1;0;(-38.563467 -3.775446);
359980;2020-08-13 21:30:00;RUA DELMIRO FARIAS, 2027;, ; 2027;;;Capotamento;Via Iluminada;Bom;Seca;Meio de Quadra;Pare;Longo da via;0;0;1;0;2;0;0;0;0;0;0;0;0;(-38.5548683 -3.74363833);
361071;2020-08-13 20:33:00;RUA UM (MONDUBIM), 321;, ; 321;;;Colisão;;;;Meio de Quadra;;Longo da via;0;1;1;1;1;0;0;0;0;0;0;0;0;(-38.56052 -3.82323);
360393;2020-08-13 19:35:00;RUA MANUEL CASTELO BRANCO, 399;, ; 399;;;Colisão;;;;Meio de Quadra;;Longo da via;0;1;0;0;0;0;1;0;0;0;0;0;0;(-38.491829 -3.831934);
359782;2020-08-13 19:00:00;RUA JOSE MENDONCA, 100;, ; 100;;;Colisão;Via Iluminada;Bom;Seca;Meio de Quadra;Semáforo;Longo da via;0;2;0;1;1;0;0;0;0;0;0;0;0;(-38.602979 -3.761351);
361054;2020-08-13 18:34:00;AVENIDA DR THEBERGE, 1118;, ; 1118;;;Colisão;;;;Meio de Quadra;;Longo da via;0;1;1;1;1;0;0;0;0;0;0;0;0;(-38.564313 -3.712704);
360392;2020-08-13 18:05:00;AVENIDA RAD JOSE LIMA VERDE, ;, ; ;;;Colisão;Anoitecer;;;Meio de Quadra;;Longo da via;0;1;0;0;2;0;0;0;0;0;0;0;0;(0 0);
361053;2020-08-13 17:22:00;AVENIDA WASHINGTON SOARES, 2937;, ; 2937;;;Colisão;Anoitecer;;;Meio de Quadra;;Longo da via;0;2;0;1;1;0;0;0;0;0;0;0;0;(-38.48072 -3.78402);