COD_ACIDENTE;DATA;LOG1;LOG2;NUMERO;BAIRRO;AMC;NATUREZA;ILUMINACAO;TEMPO;SUPERFICIEPISTA;TIPOCRUZAMENTO;CONTROLETRAFEGO;USOSOLO;MORTOS;FERIDOS;ILESOS;MOTOCICLETA;AUTOMOVEL;MICROONIBUS;CAMINHAO;ONIBUS;CICLOMOTOR;BICICLETA;OUTROS;TREM;TRACAOANIMAL;COORDENADAS
361052;2020-08-13 17:01:00;RD BR 116, 8000;, ; 8000;;;Colisão;Anoitecer;;;Meio de Quadra;;Longo da via;0;1;1;1;1;0;0;0;0;0;0;0;0;(-38.503269 -3.822018);
361051;2020-08-13 15:19:00;AVENIDA ALM BARROSO, ;, ; ;;;Colisão;Luz do Dia;;;Meio de Quadra;;Longo da via;0;1;1;0;0;0;0;0;0;0;0;0;0;(0 0);
359979;2020-08-13 15:00:00;RUA MEM DE SA, ;RUA DR JOAQUIM BENTO, ; ;;;Colisão Transversal;Luz do Dia;Bom;Seca;T;Semáforo;Cruzamento;0;1;1;1;1;0;0;0;0;0;0;0;0;(-38.48539 -3.82828);
360389;2020-08-13 14:45:00;RUA PRO HERIBALDO COSTA, 2179;, ; 2179;;;Colisão;Luz do Dia;;;Meio de Quadra;;Longo da via;0;1;0;0;1;0;1;0;0;0;0;0;0;(-38.5894325 -3.77065331);
359978;2020-08-13 14:11:00;AVENIDA PRS COSTA E SILVA, 2721;, ; 2721;;;Colisão Lateral;Luz do Dia;Bom;Seca;Meio de Quadra;Semáforo;Longo da via;0;1;1;0;2;0;0;0;0;0;0;0;0;(-38.557358 -3.8214777);
359977;2020-08-13 14:10:00;AVENIDA C CJ JOSE WALTER, ;AVENIDA J CJ JOSE WALTER, ; ;;;Colisão;Luz do Dia;Bom;Seca;Rotatória;Pare;Cruzamento;0;1;1;1;0;0;0;1;0;0;0;0;0;(-38.555025 -3.828939);
361050;2020-08-13 14:07:00;AVENIDA ALBERTO CRAVEIRO, 2553;, ; 2553;;;Colisão;Luz do Dia;;;Meio de Quadra;;Longo da via;0;1;1;1;1;0;0;0;0;0;0;0;0;(-38.521041921 -3.802582854);
361048;2020-08-13 13:25:00;AVENIDA C CJ JOSE WALTER, 340;, ; 340;;;Colisão;Luz do Dia;;;Meio de Quadra;;Longo da via;0;1;1;0;0;0;0;0;0;0;0;0;0;(-38.554809 -3.8290065);
361047;2020-08-13 12:45:00;RUA BARBARA DE ALENCAR, ;RUA JOAO CORDEIRO, ; ;;;Colisão;Luz do Dia;;;Cruz;Pare;Cruzamento;0;1;1;1;1;0;0;0;0;0;0;0;0;(-38.516987 -3.737041);
361045;2020-08-13 12:42:00;AVENIDA DOMINGOS OLIMPIO, ;RUA SEN POMPEU, ; ;;;Colisão;Luz do Dia;;;Cruz;Semáforo;Cruzamento;0;1;1;2;0;0;0;0;0;0;0;0;0;(-38.532455 -3.736254);
361043;2020-08-13 12:26:00;AVENIDA BEZERRA DE MENEZES, ;, ; ;;;Colisão;Luz do Dia;;;Meio de Quadra;;Longo da via;0;1;1;2;0;0;0;0;0;0;0;0;0;(0 0);
361041;2020-08-13 12:04:00;RUA SGT JOAO PINHEIRO, ;, ; ;;;Atropelamento;Luz do Dia;;;Meio de Quadra;;Longo da via;0;2;0;0;0;0;0;0;0;0;0;0;0;(0 0);
361040;2020-08-13 11:34:00;RUA BOA VISTA, 1487;, ; 1487;;;Colisão;Luz do Dia;;;Meio de Quadra;;Longo da via;0;1;1;2;0;0;0;0;0;0;0;0;0;(-38.5930481 -3.76525);
361039;2020-08-13 11:17:00;AVENIDA GODOFREDO MACIEL, 6395;, ; 6395;;;Colisão;Luz do Dia;;;Meio de Quadra;;Longo da via;0;1;1;1;1;0;0;0;0;0;0;0;0;(-38.581334 -3.832155);
361038;2020-08-13 09:43:00;AVENIDA EDUARDO GIRAO, ;AVENIDA DOS EXPEDICIONARIOS, ; ;;;Colisão;Luz do Dia;;;Cruz;Semáforo;Cruzamento;0;2;0;1;1;0;0;0;0;0;0;0;0;(-38.536849 -3.750712);
361037;2020-08-13 09:14:00;RUA CEL VIRGILIO NOGUEIRA (BOM JARDIM), 367;, ; 367;;;Colisão;Luz do Dia;;;Meio de Quadra;;Longo da via;0;3;0;2;0;0;0;0;0;0;0;0;0;(0 0);
361036;2020-08-13 08:37:00;RUA JUNIOR ROCHA, 1180;, ; 1180;;;Queda;Luz do Dia;;;Meio de Quadra;;Longo da via;0;1;0;1;0;0;0;0;0;0;0;0;0;(-38.4880082 -3.79413524);
361035;2020-08-13 07:03:00;RUA CESAR ROSSAS, 249;, ; 249;;;Colisão;Luz do Dia;;;Meio de Quadra;;Longo da via;0;1;1;1;1;0;0;0;0;0;0;0;0;(-38.553869 -3.768906);
361033;2020-08-13 06:58:00;AVENIDA JOAO PESSOA, 6153;, ; 6153;;;Colisão;Luz do Dia;;;Meio de Quadra;;Longo da via;0;1;1;1;1;0;0;0;0;0;0;0;0;(-38.558584 -3.764253);
359780;2020-08-13 00:30:00;AVENIDA 13 DE MAIO, 2032;, ; 2032;;;Colisão Traseira;Via Iluminada;Bom;Seca;Meio de Quadra;Não Há Controle;Longo da via;0;2;0;1;0;0;1;0;0;0;0;0;0;(-38.535343 -3.7441628);
361030;2020-08-13 00:20:00;RUA DOM MANUEL DE MEDEIROS, ;, ; ;;;Colisão;;;;Meio de Quadra;;Longo da via;0;1;1;1;1;0;0;0;0;0;0;0;0;(0 0);
361027;2020-08-12 23:51:00;RUA PRO JOAQUIM ANTONIO, 650;, ; 650;;;Colisão;;;;Meio de Quadra;;Longo da via;0;1;1;1;1;0;0;0;0;0;0;0;0;(-38.563961 -3.7268005);
361026;2020-08-12 22:43:00;RUA PEDRO MUNIZ, ;, ; ;;;Queda;;;;Meio de Quadra;;Longo da via;0;1;0;1;0;0;0;0;0;0;0;0;0;(0 0);
361023;2020-08-12 22:09:00;AVENIDA ALM HENRIQUE SABOIA, 700;, ; 700;;;Choque c/ Obstáculo Fixo;;;;Meio de Quadra;;Longo da via;0;1;0;0;1;0;0;0;0;0;0;0;0;(-38.480934 -3.7291942);
361022;2020-08-12 22:07:00;RUA ALVES BATISTA, 11;, ; 11;;;Colisão;;;;Meio de Quadra;;Longo da via;0;1;1;1;1;0;0;0;0;0;0;0;0;(-38.60206 -3.7642);
361020;2020-08-12 21:00:00;AVENIDA BENJAMIM BRASIL, 200;, ; 200;;;Queda;;;;Meio de Quadra;;Longo da via;0;1;0;0;0;0;0;0;0;1;0;0;0;(0 0);
361019;2020-08-12 20:42:00;RUA ESPERANTINA, 255;, ; 255;;;Atropelamento;;;;Meio de Quadra;;Longo da via;0;1;1;1;0;0;0;0;0;0;0;0;0;(-38.47351 -3.72237);
361018;2020-08-12 18:55:00;RUA ILDEFONSO ALBANO, 2388;, ; 2388;;;Queda;;;;Meio de Quadra;;Longo da via;0;1;0;0;0;0;0;0;0;1;0;0;0;(-38.516189 -3.742031);
361016;2020-08-12 17:53:00;AVENIDA G CJ CEARA, 41;, ; 41;;;Colisão;Anoitecer;;;Meio de Quadra;;Longo da via;0;1;1;0;1;0;0;0;0;1;0;0;0;(-38.6135223 -3.77017946);
361013;2020-08-12 17:17:00;AVENIDA JOR JOAO RAMOS, 2430;, ; 2430;;;Colisão;Anoitecer;;;Meio de Quadra;;Longo da via;0;1;1;1;1;0;0;0;0;0;0;0;0;(-38.5781 -3.840729);
361008;2020-08-12 16:47:00;RUA STA LIGIA, 159;, ; 159;;;Colisão;Luz do Dia;;;Meio de Quadra;;Longo da via;0;1;1;1;1;0;0;0;0;0;0;0;0;(-38.5743746 -3.77635881);
359975;2020-08-12 16:32:00;RUA FRE MARCELINO, ;RUA ANTONIO MARTINS, ; ;;;Colisão Transversal;Luz do Dia;Bom;Seca;Cruz;Pare;Cruzamento;0;1;1;1;1;0;0;0;0;0;0;0;0;(-38.558114 -3.750028);
359976;2020-08-12 16:20:00;AVENIDA D CJ CEARA, ;RUA JOSE MENDONCA, ; ;;;Colisão Frontal;Luz do Dia;Bom;Seca;Outros;Semáforo;Cruzamento;0;1;1;1;0;0;0;1;0;0;0;0;0;(-38.603056 -3.761731);
362088;2020-08-12 15:50:00;AVENIDA JOR THOMAZ COELHO, 2245;, ; 2245;;;Colisão;Luz do Dia;;;Meio de Quadra;;Longo da via;0;1;1;1;1;0;0;0;0;0;0;0;0;(-38.5158496 -3.82802288);
361007;2020-08-12 14:02:00;RUA BERNARDO MANUEL, ;, ; ;;;Colisão;Luz do Dia;;;Meio de Quadra;;Longo da via;0;2;0;0;0;0;0;0;0;0;0;0;0;(0 0);
361006;2020-08-12 13:38:00;AVENIDA CASTELO DE CASTRO, ;, ; ;;;Outros;Luz do Dia;;;Meio de Quadra;;Longo da via;0;1;0;1;0;0;0;0;0;0;0;0;0;(0 0);
361005;2020-08-12 12:52:00;RUA LIBERATO BARROSO, 887;, ; 887;;;Atropelamento;Luz do Dia;;;Meio de Quadra;;Longo da via;0;1;1;1;0;0;0;0;0;0;0;0;0;(-38.53506 -3.72643);
361004;2020-08-12 09:58:00;AVENIDA HERACLITO GRACA, 136;, ; 136;;;Atropelamento;Luz do Dia;;;Meio de Quadra;;Longo da via;0;1;1;0;1;0;0;0;0;0;0;0;0;(-38.523229 -3.733923);
359974;2020-08-12 09:37:00;AVENIDA DR JOAO MACIEL FILHO, 207;, ; 207;;;Colisão Transversal;Luz do Dia;Bom;Seca;Meio de Quadra;;Longo da via;0;1;1;1;1;0;0;0;0;0;0;0;0;(-38.4953255 -3.78479976);
361003;2020-08-12 08:58:00;AVENIDA N CJ JOSE WALTER, 1952;, ; 1952;;;Colisão;Luz do Dia;;;Meio de Quadra;;Longo da via;0;1;1;1;1;0;0;0;0;0;0;0;0;(0 0);
359973;2020-08-12 08:49:00;RUA ALEUDA, 152;, ; 152;;;Colisão Traseira;Luz do Dia;Bom;Seca;Meio de Quadra;Não Há Controle;Longo da via;0;1;2;1;2;0;0;0;0;0;0;0;0;(-38.4923875 -3.83783753);
361002;2020-08-12 08:48:00;RUA ADEMAR PAULA, ;, ; ;;;Colisão;Luz do Dia;;;Meio de Quadra;;Longo da via;0;1;1;1;0;0;1;0;0;0;0;0;0;(0 0);
359971;2020-08-12 08:18:00;AVENIDA AGUANAMBI, ;RUA BONFIM SOBRINHO, ; ;;;Colisão Traseira;Luz do Dia;Bom;Seca;T;Pare;Cruzamento;0;1;2;1;2;0;0;0;0;0;0;0;0;(-38.523551 -3.751039);
361001;2020-08-12 08:10:00;RUA ANTONIO NERY, 914;, ; 914;;;Colisão;Luz do Dia;;;Meio de Quadra;;Longo da via;0;1;1;0;0;0;0;0;0;0;0;0;0;(-38.600781214 -3.780260143);
360999;2020-08-12 07:37:00;AVENIDA PRO GOMES DE MATOS, 1290;, ; 1290;;;Colisão;Luz do Dia;;;Meio de Quadra;;Longo da via;0;1;1;1;1;0;0;0;0;0;0;0;0;(-38.547755 -3.763656);
360468;2020-08-12 07:20:00;RD BR 116, 5000;, ; 5000;;;Colisão;Luz do Dia;;;Meio de Quadra;;Longo da via;0;1;1;1;1;0;0;0;0;0;0;0;0;(-38.506787 -3.796502);
360997;2020-08-12 07:14:00;AVENIDA PRS COSTA E SILVA, 3929;, ; 3929;;;Colisão;Luz do Dia;;;Meio de Quadra;;Longo da via;0;4;1;1;1;0;0;0;0;0;0;0;0;(-38.5313147 -3.8286563);
359972;2020-08-12 06:39:00;AVENIDA GAL OSORIO DE PAIVA, 1127;, ; 1127;;;Colisão Transversal;Luz do Dia;Bom;Seca;Meio de Quadra;Não Há Controle;Longo da via;0;2;0;2;0;0;0;0;0;0;0;0;0;(-38.57207319 -3.779145525);
360995;2020-08-12 06:21:00;AVENIDA GODOFREDO MACIEL, 6061;, ; 6061;;;Colisão;Luz do Dia;;;Meio de Quadra;;Longo da via;0;2;0;1;0;0;0;0;0;0;0;0;0;(-38.579752481 -3.82725825);
360994;2020-08-11 22:11:00;RUA POMPILIO GOMES, ;AVENIDA DEP PAULINO ROCHA, ; ;;;Queda;;;;T;Semáforo;Cruzamento;0;1;0;1;0;0;0;0;0;0;0;0;0;(-38.519652 -3.810076);
360993;2020-08-11 20:29:00;AVENIDA GODOFREDO MACIEL, 6340;, ; 6340;;;Queda;;;;Meio de Quadra;;Longo da via;0;1;0;0;0;0;0;0;0;1;0;0;0;(-38.581028 -3.831207);
360385;2020-08-11 19:05:00;AVENIDA PRS COSTA E SILVA, 4241;, ; 4241;;;Colisão;;;;Meio de Quadra;;Longo da via;0;2;1;1;1;0;0;0;0;0;0;0;0;(-38.542294 -3.825014);
360992;2020-08-11 18:35:00;AVENIDA WASHINGTON SOARES, ;AVENIDA OLIVEIRA PAIVA, ; ;;;Atropelamento;;;;;;Cruzamento;0;1;1;1;0;0;0;0;0;0;0;0;0;(-38.479908 -3.795695);
359970;2020-08-11 17:40:00;AVENIDA JOR THOMAZ COELHO, ;RUA FRANCISCO NEPOMUCENO, ; ;;;Colisão Transversal;Via Iluminada;Bom;Seca;T;Dê Preferência;Cruzamento;0;1;1;1;1;0;0;0;0;0;0;0;0;(-38.508005 -3.830199);
360989;2020-08-11 16:35:00;RUA COSTA FREIRE, ;RUA RAIMUNDO NERY, ; ;;;Colisão;Luz do Dia;;;Cruz;Não Há Controle;Cruzamento;0;2;1;1;1;0;0;0;0;0;0;0;0;(-38.586423 -3.794144);
360988;2020-08-11 16:21:00;AVENIDA FRANCISCO SA, 5951;, ; 5951;;;Colisão;Luz do Dia;;;Meio de Quadra;;Longo da via;0;1;1;1;1;0;0;0;0;0;0;0;0;(-38.57804857 -3.710323652);
359967;2020-08-11 15:00:00;RUA PRO HERIBALDO COSTA, ;RUA CURITIBA, ; ;;;Colisão Transversal;Luz do Dia;Bom;Seca;Cruz;Pare;Cruzamento;0;1;1;1;1;0;0;0;0;0;0;0;0;(-38.583853 -3.759992);
360987;2020-08-11 14:41:00;RUA ANTONIO POMPEU, ;AVENIDA IMPERADOR, ; ;;;Colisão;Luz do Dia;;;Cruz;Semáforo;Cruzamento;0;1;1;1;0;0;1;0;0;0;0;0;0;(-38.536179 -3.733045);
359968;2020-08-11 14:27:00;RUA ANDRE DALL OLIO, 707;, ; 707;;;Colisão;Luz do Dia;Bom;Seca;Meio de Quadra;Não Há Controle;Longo da via;0;1;2;1;2;0;0;0;0;0;0;0;0;(-38.4787 -3.73734);
359969;2020-08-11 14:14:00;RUA FLORO BARTOLOMEU, ;RUA BELISARIO TAVORA, ; ;;;Colisão;Luz do Dia;Bom;Seca;Cruz;Não Há Controle;Cruzamento;0;1;3;1;3;0;0;0;0;0;0;0;0;(-38.505584 -3.759786);
360957;2020-08-11 12:58:00;AVENIDA SEN FERNANDES TAVORA, 2826;, ; 2826;;;Colisão;Luz do Dia;;;Meio de Quadra;;Longo da via;0;1;1;2;0;0;0;0;0;0;0;0;0;(-38.597169 -3.75533045);
360956;2020-08-11 12:52:00;RUA GRACA ARANHA, ;AVENIDA 20 DE JANEIRO, ; ;;;Colisão;Luz do Dia;;;Cruz;Pare;Cruzamento;0;1;1;1;1;0;0;0;0;0;0;0;0;(-38.573603 -3.709479);
360955;2020-08-11 12:40:00;AVENIDA AMERICO BARREIRA, 559;, ; 559;;;Colisão;Luz do Dia;;;Meio de Quadra;;Longo da via;0;1;1;1;1;0;0;0;0;0;0;0;0;(0 0);
360954;2020-08-11 12:27:00;RUA PDE JANUARIO CAMPOS, 315;, ; 315;;;Colisão;Luz do Dia;;;Meio de Quadra;;Longo da via;0;1;1;1;1;0;0;0;0;0;0;0;0;(-38.4894789 -3.7945588);
360951;2020-08-11 12:19:00;RUA CON DE CASTRO, 5506;, ; 5506;;;Colisão;Luz do Dia;;;Meio de Quadra;;Longo da via;0;2;1;1;1;0;0;0;0;0;0;0;0;(-38.597478 -3.812008);
360946;2020-08-11 12:07:00;RUA GAL MUNIZ ARAGAO, ;RUA ESTEVAO DE CAMPOS, ; ;;;Colisão;Luz do Dia;;;;;Cruzamento;0;1;1;1;1;0;0;0;0;0;0;0;0;(-38.58089 -3.70452);
359779;2020-08-11 08:55:00;RUA PEREIRA FILGUEIRAS, ;RUA GONCALVES LEDO, ; ;;;Colisão Transversal;Luz do Dia;Bom;Seca;Cruz;Pare;Cruzamento;0;1;1;1;1;0;0;0;0;0;0;0;0;(-38.515004 -3.727667);
360410;2020-08-11 08:10:00;AVENIDA ENG SANTANA JUNIOR, 55;, ; 55;;;Colisão;Luz do Dia;;;Meio de Quadra;;Longo da via;0;0;2;0;2;0;0;0;0;0;0;0;0;(-38.47822439 -3.729506826);
360467;2020-08-11 07:56:00;RD BR 116, 4000;, ; 4000;;;Colisão Traseira;Luz do Dia;;;Meio de Quadra;;Longo da via;0;4;1;2;1;0;0;0;0;0;0;0;0;(-38.503869 -3.802354);
360945;2020-08-11 06:45:00;RUA TOMAS RODRIGUES, 460;, ; 460;;;Atropelamento;Luz do Dia;;;Meio de Quadra;;Longo da via;0;1;1;0;1;0;0;0;0;0;0;0;0;(-38.593771 -3.741063);
360944;2020-08-11 06:44:00;RD DR MENDEL STEINBRUCH, 6330;, ; 6330;;;Colisão;Luz do Dia;;;Meio de Quadra;;Longo da via;0;2;0;0;0;0;0;0;0;0;0;0;0;(-38.581031 -3.830907);
360942;2020-08-10 19:25:00;RUA PERNAMBUCO, 3;, ; 3;;;Colisão;;;;Meio de Quadra;;Longo da via;0;1;1;1;1;0;0;0;0;0;0;0;0;(-38.56059 -3.76538);
360383;2020-08-10 19:25:00;AVENIDA MAE LISBOA, ;, ; ;;;Colisão;;;;Meio de Quadra;;Longo da via;0;1;1;1;1;0;0;0;0;0;0;0;0;(0 0);
360941;2020-08-10 19:09:00;AVENIDA JOR THOMAZ COELHO, 425;, ; 425;;;Queda;;;;Meio de Quadra;;Longo da via;0;1;0;1;0;0;0;0;0;0;0;0;0;(-38.498311 -3.832407);
360940;2020-08-10 19:01:00;AVENIDA SEN FERNANDES TAVORA, ;, ; ;;;Atropelamento;;;;Meio de Quadra;;Longo da via;0;1;1;0;1;0;0;0;0;0;0;0;0;(0 0);
360466;2020-08-10 18:32:00;RD BR 116, 11000;, ; 11000;;;Queda;;;;Meio de Quadra;;Longo da via;0;2;0;1;0;0;0;0;0;0;0;0;0;(-38.497176 -3.84716);
360939;2020-08-10 18:32:00;ESTRADA DO GUAJERU, 181;, ; 181;;;Queda;;;;Meio de Quadra;;Longo da via;0;1;0;1;0;0;0;0;0;0;0;0;0;(0 0);
360938;2020-08-10 17:43:00;RUA CON DE CASTRO, 4720;, ; 4720;;;Colisão;Anoitecer;;;Meio de Quadra;;Longo da via;0;1;1;1;1;0;0;0;0;0;0;0;0;(-38.593551 -3.806768);
360937;2020-08-10 17:21:00;RUA URUCUTUBA, ;RUA CEL VIRGILIO NOGUEIRA (BOM JARDIM), ; ;;;Atropelamento;Anoitecer;;;Cruz;Não Há Controle;Cruzamento;0;1;1;0;1;0;0;0;0;0;0;0;0;(-38.6117457 -3.7980796);
359966;2020-08-10 17:15:00;AVENIDA ANTONIO SALES, ;RUA J DA PENHA, ; ;;;Colisão Transversal;Via Iluminada;Bom;Seca;Cruz;Pare;Cruzamento;0;1;1;1;1;0;0;0;0;0;0;0;0;(-38.521352 -3.73954);
360936;2020-08-10 15:12:00;AVENIDA DOS EXPEDICIONARIOS, ;, ; ;;;Colisão;Luz do Dia;;;Meio de Quadra;;Longo da via;1;0;1;0;2;0;0;0;0;0;0;0;0;(-38.536326 -3.749056);
360930;2020-08-10 12:31:00;RUA DOM JERONIMO D06, 216;, ; 216;;;Colisão;Luz do Dia;;;Meio de Quadra;;Longo da via;0;1;1;1;1;0;0;0;0;0;0;0;0;(-38.54343 -3.733328);
360929;2020-08-10 10:53:00;AVENIDA DR SILAS MUNGUBA, ;RUA BERNARDO MANUEL, ; ;;;Colisão;Luz do Dia;;;Cruz;Semáforo;Cruzamento;0;1;1;1;1;0;0;0;0;0;0;0;0;(-38.54796 -3.787538);
360885;2020-08-10 10:31:00;RUA JOAQUIM DE SOUSA, 983;, ; 983;;;Colisão;Luz do Dia;;;Meio de Quadra;;Longo da via;0;1;1;2;0;0;0;0;0;0;0;0;0;(0 0);
360928;2020-08-10 10:02:00;RUA JULIO SILVA, 440;, ; 440;;;Queda;Luz do Dia;;;Meio de Quadra;;Longo da via;1;0;0;1;0;0;0;0;0;0;0;0;0;(-38.45462 -3.74537);
360883;2020-08-10 10:02:00;RD BR 116, ;, ; ;;;Queda;Luz do Dia;;;Meio de Quadra;;Longo da via;0;1;0;1;0;0;0;0;0;0;0;0;0;(0 0);
360879;2020-08-10 09:16:00;RUA HUMBERTO LOMEU, 1463;, ; 1463;;;Queda;Luz do Dia;;;Meio de Quadra;;Longo da via;0;1;0;1;0;0;0;0;0;0;0;0;0;(-38.60483 -3.7814);
360384;2020-08-10 09:15:00;AVENIDA WASHINGTON SOARES, 4659;, ; 4659;;;Colisão;Luz do Dia;;;Meio de Quadra;;Longo da via;0;1;1;1;1;0;0;0;0;0;0;0;0;(-38.47951 -3.79943);
360878;2020-08-10 08:58:00;RUA VERBENA, 276;, ; 276;;;Atropelamento;Luz do Dia;;;Meio de Quadra;;Longo da via;0;1;1;1;0;0;0;0;0;0;0;0;0;(-38.58804 -3.77827906);
360877;2020-08-10 08:08:00;AVENIDA ODILON GUIMARAES, 1748;, ; 1748;;;Colisão;Luz do Dia;;;Meio de Quadra;;Longo da via;0;2;0;0;0;0;0;0;0;0;0;0;0;(-38.4776015 -3.82298523);
360464;2020-08-10 07:30:00;RD BR 116, 6000;, ; 6000;;;Queda;Luz do Dia;;;Meio de Quadra;;Longo da via;0;1;0;1;0;0;0;0;0;0;0;0;0;(-38.503053 -3.804691);
360815;2020-08-10 07:03:00;RUA COS LAFAYETE, 100;, ; 100;;;Colisão;Luz do Dia;;;Meio de Quadra;;Longo da via;0;2;0;2;0;0;0;0;0;0;0;0;0;(-38.5789514 -3.7183516);
359965;2020-08-10 01:17:00;AVENIDA PRO GOMES DE MATOS, 438;, ; 438;;;Choque c/ Obstáculo Fixo;Via Iluminada;Chuva;Molhada;Meio de Quadra;Não Há Controle;Longo da via;0;1;0;0;1;0;0;0;0;0;0;0;0;(-38.5426275 -3.75767233);
360794;2020-08-09 23:58:00;AVENIDA JOR THOMAZ COELHO, 5183;, ; 5183;;;Capotamento;;;;Meio de Quadra;;Longo da via;0;1;0;0;0;0;0;0;0;0;0;0;0;(-38.524372 -3.829212);
360793;2020-08-09 22:37:00;AVENIDA ALM BARROSO, ;RUA ITAPIPOCA, ; ;;;Colisão;;;;T;Pare;Cruzamento;0;2;0;0;0;0;0;0;0;0;0;0;0;(-38.516762 -3.720403);
360792;2020-08-09 21:50:00;RUA AMARO BANDEIRA, 315;, ; 315;;;Queda;;;;Meio de Quadra;;Longo da via;0;1;0;1;0;0;0;0;0;0;0;0;0;(-38.5053721 -3.822064);
359964;2020-08-09 21:31:00;RUA EMILIO DE MENESES, 911;, ; 911;;;Colisão Lateral;Via Iluminada;Bom;Seca;Meio de Quadra;Não Há Controle;Longo da via;0;0;2;0;2;0;0;0;0;0;0;0;0;(-38.5895746 -3.78113702);
360791;2020-08-09 21:19:00;RUA FRANCO ROCHA, 477;, ; 477;;;Colisão;;;;Meio de Quadra;;Longo da via;0;1;1;1;1;0;0;0;0;0;0;0;0;(-38.580811 -3.754525);
359963;2020-08-09 19:46:00;AVENIDA SANTOS DUMONT, ;RUA VICENTE LEITE, ; ;;;Colisão Transversal;Via Iluminada;Bom;Seca;Cruz;Semáforo;Cruzamento;0;4;0;0;2;0;0;0;0;0;0;0;0;(-38.495419 -3.737173);
360790;2020-08-09 19:03:00;RUA DOIS, 1581;, ; 1581;;;Colisão;;;;Meio de Quadra;;Longo da via;0;1;1;1;1;0;0;0;0;0;0;0;0;(-38.59697 -3.73401);
360789;2020-08-09 18:21:00;AVENIDA DAS GRAVIOLAS, 260;, ; 260;;;Colisão;Anoitecer;;;Meio de Quadra;;Longo da via;0;2;0;0;0;0;0;0;0;0;0;0;0;(-38.4741202 -3.75228264);
360788;2020-08-09 18:19:00;RUA CEL JOAQUIM FRANKLIN, ;RUA PRO JOAQUIM NOGUEIRA D29, ; ;;;Colisão;Anoitecer;;;Cruz;Pare;Cruzamento;0;1;1;1;1;0;0;0;0;0;0;0;0;(-38.590084 -3.742773);
360787;2020-08-09 18:13:00;RUA PDE IBIAPINA, 1680;, ; 1680;;;Colisão;Anoitecer;;;Meio de Quadra;;Longo da via;0;1;1;0;1;0;0;0;0;1;0;0;0;(-38.5400285 -3.730033);
360786;2020-08-09 18:11:00;RUA ERICO MOTA, 840;, ; 840;;;Colisão;Anoitecer;;;Meio de Quadra;;Longo da via;0;2;0;0;0;0;0;0;0;0;0;0;0;(-38.5611779 -3.74418295);
360785;2020-08-09 18:04:00;RUA ALBERTO MAGNO, ;RUA ROMEU MARTINS, ; ;;;Colisão;Anoitecer;;;Cruz;Pare;Cruzamento;0;1;1;0;2;0;0;0;0;0;0;0;0;(-38.551758 -3.766914);
360784;2020-08-09 18:03:00;AVENIDA DIOGUINHO, 2493;, ; 2493;;;Colisão;Anoitecer;;;Meio de Quadra;;Longo da via;0;1;1;1;1;0;0;0;0;0;0;0;0;(-38.45304 -3.74217);
360783;2020-08-09 16:23:00;AVENIDA DR ALDY MENTOR, ;AVENIDA DIOGUINHO, ; ;;;Atropelamento;Luz do Dia;;;Cruz;Semáforo;Cruzamento;0;2;1;0;1;0;0;0;0;0;0;0;0;(-38.4459697 -3.7559713);
360782;2020-08-09 16:17:00;RUA AMAZONAS, 1250;, ; 1250;;;Queda;Luz do Dia;;;Meio de Quadra;;Longo da via;0;1;0;0;0;0;0;0;0;1;0;0;0;(-38.565369 -3.752529);
360780;2020-08-09 16:11:00;RUA PDE CICERO, ;AVENIDA EDUARDO GIRAO, ; ;;;Queda;Luz do Dia;;;;;Cruzamento;0;1;0;1;0;0;0;0;0;0;0;0;0;(-38.541834 -3.74728);
360779;2020-08-09 15:55:00;AVENIDA PRS CASTELO BRANCO, ;, ; ;;;Atropelamento;Luz do Dia;;;Meio de Quadra;;Longo da via;0;2;1;0;1;0;0;0;0;0;0;0;0;(0 0);
360776;2020-08-09 15:33:00;AVENIDA MR HULL, ;RUA TOMAS RODRIGUES, ; ;;;Colisão;Luz do Dia;;;Cruz;Semáforo;Cruzamento;0;2;0;0;0;0;0;0;0;0;0;0;0;(-38.593915 -3.740004);
360778;2020-08-09 15:33:00;RUA NOSSA SRA DAS GRACAS, 168;, ; 168;;;Colisão;Luz do Dia;;;Meio de Quadra;;Longo da via;0;1;1;0;1;0;0;0;0;1;0;0;0;(-38.5500857 -3.7113021);
360775;2020-08-09 14:38:00;RUA PINTO MADEIRA, ;RUA BAR ARACATI, ; ;;;Colisão;Luz do Dia;;;Cruz;Pare;Cruzamento;0;1;1;0;1;0;0;0;0;1;0;0;0;(-38.512278 -3.733944);
360773;2020-08-09 13:45:00;RUA CARDOSO DE BARROS, ;RUA ANTONIO COSTA MENDES (PQ SÃO JOSÉ), ; ;;;Colisão;Luz do Dia;;;;;Cruzamento;0;1;1;1;1;0;0;0;0;0;0;0;0;(-38.5898 -3.79667);
360772;2020-08-09 13:42:00;AVENIDA GAL MURILO BORGES, ;, ; ;;;Colisão;Luz do Dia;;;Meio de Quadra;;Longo da via;0;1;1;0;1;0;0;0;0;1;0;0;0;(0 0);
359960;2020-08-09 13:29:00;RUA CHICO FRANCA, 751;RUA JOAO IVO, ; 751;;;Colisão;Luz do Dia;Bom;Seca;Meio de Quadra;;Cruzamento;0;1;1;1;1;0;0;0;0;0;0;0;0;(-38.49754 -3.83555);