COD_ACIDENTE;DATA;LOG1;LOG2;NUMERO;BAIRRO;AMC;NATUREZA;ILUMINACAO;TEMPO;SUPERFICIEPISTA;TIPOCRUZAMENTO;CONTROLETRAFEGO;USOSOLO;MORTOS;FERIDOS;ILESOS;MOTOCICLETA;AUTOMOVEL;MICROONIBUS;CAMINHAO;ONIBUS;CICLOMOTOR;BICICLETA;OUTROS;TREM;TRACAOANIMAL;COORDENADAS
360770;2020-08-09 12:27:00;RUA PDE PEDRO DE ALENCAR, 2310;, ; 2310;;;Colisão;Luz do Dia;;;Meio de Quadra;;Longo da via;0;1;1;1;1;0;0;0;0;0;0;0;0;(-38.494809 -3.84841);
359961;2020-08-09 11:50:00;RUA 136 CJ TUPAN MIRIM, ;AVENIDA NORTE SUL, ; ;;;Colisão Transversal;Luz do Dia;Bom;Seca;Cruz;Pare;Cruzamento;0;1;2;0;2;0;0;0;0;0;0;0;0;(-38.545943 -3.798486);
360769;2020-08-09 11:33:00;RUA CHILE, 489;, ; 489;;;Queda;Luz do Dia;;;Meio de Quadra;;Longo da via;0;2;0;1;0;0;0;0;0;0;0;0;0;(-38.5664416 -3.74723011);
360768;2020-08-09 11:29:00;RUA BOM JESUS (GRANJA LISBOA), 1691;, ; 1691;;;Colisão;Luz do Dia;;;Meio de Quadra;;Longo da via;0;2;0;0;0;0;0;0;0;0;0;0;0;(-38.607129 -3.79250183);
360767;2020-08-09 10:50:00;RUA SALVADOR MENDONCA, 809;, ; 809;;;Atropelamento;Luz do Dia;;;Meio de Quadra;;Longo da via;0;1;1;1;0;0;0;0;0;0;0;0;0;(-38.4901936 -3.79019661);
359771;2020-08-09 09:22:00;RUA CARLOS VASCONCELOS, ;RUA JOAO CARVALHO, ; ;;;Colisão Transversal;Luz do Dia;Bom;Seca;Cruz;Pare;Cruzamento;0;1;1;1;1;0;0;0;0;0;0;0;0;(-38.511844 -3.736251);
360760;2020-08-09 09:19:00;AVENIDA PRS COSTA E SILVA, 5750;, ; 5750;;;Colisão;Luz do Dia;;;Meio de Quadra;;Longo da via;0;2;0;0;0;0;0;0;0;0;0;0;0;(-38.529076 -3.8292372);
360759;2020-08-09 06:12:00;RUA ERETIDES ALENCAR, 494;, ; 494;;;Colisão;Luz do Dia;;;Meio de Quadra;;Longo da via;0;2;0;0;0;0;0;0;0;0;0;0;0;(-38.58257 -3.72224);
359775;2020-08-09 01:00:00;AVENIDA PRS CASTELO BRANCO, 900;, ; 900;;;Colisão Lateral;Via Iluminada;Bom;Seca;Meio de Quadra;Não Há Controle;Longo da via;0;1;1;1;1;0;0;0;0;0;0;0;0;(-38.53166 -3.7194);
361517;2020-08-08 23:39:00;RUA CRUZ ABREU, 867;, ; 867;;;Queda;;;;Meio de Quadra;;Longo da via;0;1;0;1;0;0;0;0;0;0;0;0;0;(-38.5068834 -3.75743021);
361516;2020-08-08 22:36:00;AVENIDA PRS CASTELO BRANCO, ;, ; ;;;Queda;;;;Meio de Quadra;;Longo da via;0;1;0;1;0;0;0;0;0;0;0;0;0;(0 0);
361515;2020-08-08 22:19:00;AVENIDA MON TABOSA, 1173;, ; 1173;;;Colisão;;;;Meio de Quadra;;Longo da via;0;2;0;1;1;0;0;0;0;0;0;0;0;(-38.5085566 -3.7242602);
360409;2020-08-08 22:00:00;AVENIDA SEN CARLOS JEREISSATI (AEROPORTO), ;, ; ;;;Colisão;;;;Meio de Quadra;;Longo da via;0;0;2;0;2;0;0;0;0;0;0;0;0;(0 0);
361514;2020-08-08 20:34:00;AVENIDA PERIMETRAL, 520;, ; 520;;;Queda;;;;Meio de Quadra;;Longo da via;0;1;0;1;0;0;0;0;0;0;0;0;0;(0 0);
361513;2020-08-08 20:09:00;RUA CANUTO DE AGUIAR, 1050;, ; 1050;;;Colisão;;;;Meio de Quadra;;Longo da via;0;1;0;1;1;0;0;0;0;0;0;0;0;(-38.49352 -3.73126);
361512;2020-08-08 19:20:00;RUA ALFREDO MAMEDE, 630;, ; 630;;;Colisão;;;;Meio de Quadra;;Longo da via;0;1;0;1;1;0;0;0;0;0;0;0;0;(-38.582373 -3.810345);
361511;2020-08-08 19:11:00;RUA PDE FRANCISCO PINTO, 3089;, ; 3089;;;Queda;;;;Meio de Quadra;;Longo da via;0;1;0;1;0;0;0;0;0;0;0;0;0;(0 0);
361510;2020-08-08 17:43:00;AVENIDA DES GONZAGA, 90;, ; 90;;;Colisão;Anoitecer;;;Meio de Quadra;;Longo da via;0;2;0;1;1;0;0;0;0;0;0;0;0;(-38.5041848 -3.78782312);
360408;2020-08-08 17:20:00;AVENIDA SEN CARLOS JEREISSATI (AEROPORTO), ;, ; ;;;Colisão;Anoitecer;;;Meio de Quadra;;Longo da via;0;1;1;1;1;0;0;0;0;0;0;0;0;(0 0);
361509;2020-08-08 17:12:00;RUA ANDRE REBOUCAS, 225;, ; 225;;;Colisão;Anoitecer;;;Meio de Quadra;;Longo da via;0;1;1;0;1;0;0;0;0;1;0;0;0;(-38.590347 -3.775276);
360407;2020-08-08 16:35:00;RD CE-025, ;, ; ;;;Choque c/ Obstáculo Fixo;Luz do Dia;;;Meio de Quadra;;Longo da via;0;0;1;0;1;0;0;0;0;0;0;0;0;(-38.46108452 -3.807634505);
359958;2020-08-08 16:20:00;RUA EMILIO DE MENESES, ;RUA VERBENA, ; ;;;Colisão Transversal;Luz do Dia;Bom;Seca;Cruz;Semáforo;Cruzamento;0;2;0;3;0;0;0;0;0;0;0;0;0;(-38.588838 -3.781344);
361373;2020-08-08 16:14:00;RUA MAXIMINO BARRETO, 168;, ; 168;;;Outros;Luz do Dia;;;Meio de Quadra;;Longo da via;0;1;0;0;0;0;0;0;0;1;0;0;0;(-38.4985907 -3.82364798);
360461;2020-08-08 16:10:00;RD BR 116, 6000;, ; 6000;;;Colisão Traseira;Luz do Dia;;;Meio de Quadra;;Longo da via;0;1;1;1;1;0;0;0;0;0;0;0;0;(-38.503053 -3.804691);
361372;2020-08-08 16:03:00;AVENIDA OLIVEIRA PAIVA, ;, ; ;;;Colisão;Luz do Dia;;;Meio de Quadra;;Longo da via;0;1;0;1;1;0;0;0;0;0;0;0;0;(0 0);
359959;2020-08-08 15:24:00;AVENIDA OLIVEIRA PAIVA, ;RUA GAL CASTELO BRANCO (CID. FUNCIONARIOS), ; ;;;Colisão Lateral;Luz do Dia;Bom;Seca;Cruz;Pare;Cruzamento;0;1;1;1;1;0;0;0;0;0;0;0;0;(-38.492 -3.79568);
361371;2020-08-08 15:08:00;RUA MAXIMINO BARRETO, 102;, ; 102;;;Queda;Luz do Dia;;;Meio de Quadra;;Longo da via;0;1;0;0;0;0;0;0;0;1;0;0;0;(-38.4983906 -3.82308774);
361370;2020-08-08 13:58:00;RUA MON SABINO FEIJAO, 143;, ; 143;;;Colisão;Luz do Dia;;;Meio de Quadra;;Longo da via;0;1;0;0;1;0;0;0;0;0;0;0;0;(-38.59429 -3.78404);
361369;2020-08-08 13:55:00;AVENIDA EDUARDO GIRAO, ;, ; ;;;Queda;Luz do Dia;;;Meio de Quadra;;Longo da via;0;1;0;1;0;0;0;0;0;0;0;0;0;(0 0);
361368;2020-08-08 13:49:00;RUA DOM PERO FERNANDES, 582;, ; 582;;;Queda;Luz do Dia;;;Meio de Quadra;;Longo da via;0;1;0;0;0;0;0;0;0;1;0;0;0;(-38.56592 -3.79927);
361367;2020-08-08 13:32:00;RUA GAL ONOFRE, 101;, ; 101;;;Colisão;Luz do Dia;;;Meio de Quadra;;Longo da via;0;1;0;1;1;0;0;0;0;0;0;0;0;(-38.57232 -3.80746);
361366;2020-08-08 13:06:00;AVENIDA EDUARDO GIRAO, ;, ; ;;;Queda;Luz do Dia;;;Meio de Quadra;;Longo da via;0;1;0;1;0;0;0;0;0;0;0;0;0;(0 0);
361365;2020-08-08 12:56:00;RUA DOM HELIO CAMPOS D21, 245;, ; 245;;;Queda;Luz do Dia;;;Meio de Quadra;;Longo da via;0;1;0;1;0;0;0;0;0;0;0;0;0;(-38.556078 -3.715549);
361364;2020-08-08 12:38:00;ESTRADA DO ANCURI, ;, ; ;;;Colisão;Luz do Dia;;;Meio de Quadra;;Longo da via;0;1;0;1;1;0;0;0;0;0;0;0;0;(0 0);
361363;2020-08-08 12:01:00;RUA BERNARDO MANUEL, ;RUA LEAO TREZE, ; ;;;Colisão;Luz do Dia;;;Cruz;Semáforo;Cruzamento;0;1;0;0;0;0;0;0;0;0;1;0;0;(-38.546723 -3.783394);
360404;2020-08-08 12:00:00;RD CE-040, ;, ; ;;;Colisão;Luz do Dia;;;Meio de Quadra;;Longo da via;0;0;2;0;2;0;0;0;0;0;0;0;0;(-38.47204254 -3.857690949);
361362;2020-08-08 11:49:00;RUA DEP MATOSO FILHO, 1031;, ; 1031;;;Colisão;Luz do Dia;;;Meio de Quadra;;Longo da via;0;1;0;1;1;0;0;0;0;0;0;0;0;(-38.592737 -3.733445);
361361;2020-08-08 10:54:00;RUA GUSTAVO SAMPAIO, 681;, ; 681;;;Colisão;Luz do Dia;;;Meio de Quadra;;Longo da via;0;1;1;0;1;0;0;0;0;1;0;0;0;(-38.550829 -3.734101);
360405;2020-08-08 10:50:00;RD CE-060, ;, ; ;;;Colisão;Luz do Dia;;;Meio de Quadra;;Longo da via;0;1;4;0;4;0;0;0;0;0;0;0;0;(-38.585133 -3.843038);
361360;2020-08-08 10:13:00;AVENIDA LINEU MACHADO, 1675;, ; 1675;;;Colisão;Luz do Dia;;;Meio de Quadra;;Longo da via;0;1;0;2;0;0;0;0;0;0;0;0;0;(-38.581067 -3.7743336);
359956;2020-08-08 09:25:00;AVENIDA 13 DE MAIO, 497;, ; 497;;;Colisão;Luz do Dia;Bom;Seca;Meio de Quadra;Não Há Controle;Longo da via;0;1;0;1;1;0;0;0;0;0;0;0;0;(-38.5258 -3.7523756);
361359;2020-08-08 08:01:00;RUA BAR RIO BRANCO, 750;, ; 750;;;Colisão;Luz do Dia;;;Meio de Quadra;;Longo da via;0;1;0;1;1;0;0;0;0;0;0;0;0;(-38.527752 -3.724879);
359957;2020-08-08 07:30:00;RUA ANTONIO NERY, ;RUA JOSE ABILIO, ; ;;;Colisão Transversal;Luz do Dia;Bom;Seca;Cruz;Pare;Cruzamento;0;2;0;1;1;0;0;0;0;0;0;0;0;(-38.601558286 -3.783013774);
361358;2020-08-08 07:21:00;AVENIDA GODOFREDO MACIEL, 5083;, ; 5083;;;Colisão;Luz do Dia;;;Meio de Quadra;;Longo da via;0;1;0;1;1;0;0;0;0;0;0;0;0;(-38.576204 -3.818808);
359955;2020-08-08 04:53:00;AVENIDA BORGES DE MELO, ;, ; ;;;Não informado;Via Iluminada;Bom;Seca;Outros;Semáforo;Longo da via;0;1;0;0;1;0;0;0;0;0;0;0;0;(-38.534706 -3.756065);
361357;2020-08-08 00:18:00;RUA CARLOS AMORA, ;, ; ;;;Atropelamento;;;;Meio de Quadra;;Longo da via;0;1;0;1;0;0;0;0;0;0;0;0;0;(0 0);
361356;2020-08-07 23:35:00;AVENIDA FRANCISCO SA, 4497;, ; 4497;;;Colisão;;;;Meio de Quadra;;Longo da via;0;2;0;1;1;0;0;0;0;0;0;0;0;(-38.564938 -3.714847);
361355;2020-08-07 23:24:00;AVENIDA SEN VIRGILIO TAVORA, 1500;, ; 1500;;;Colisão;;;;Meio de Quadra;;Longo da via;0;1;0;1;1;0;0;0;0;0;0;0;0;(-38.493796 -3.73881);
359953;2020-08-07 21:00:00;AVENIDA JOAO DE ARAUJO LIMA, 571;, ; 571;;;Não informado;Via Iluminada;Bom;Seca;Y;Não Há Controle;Longo da via;0;0;2;0;2;0;0;0;0;0;0;0;0;(-38.559107331 -3.826586905);
359954;2020-08-07 20:53:00;RUA ANTONIO NERY, ;RUA TEODORO DE CASTRO, ; ;;;Colisão;Via Iluminada;Bom;Seca;Cruz;Pare;Cruzamento;0;1;0;1;1;0;0;0;0;0;0;0;0;(-38.600953 -3.780899);
361354;2020-08-07 20:21:00;RUA MANGABEIRA, 380;, ; 380;;;Colisão;;;;Meio de Quadra;;Longo da via;0;1;1;0;1;0;0;0;0;1;0;0;0;(-38.55259 -3.72498);
361353;2020-08-07 20:19:00;RUA DEP MARTINS RODRIGUES, 150;, ; 150;;;Queda;;;;Meio de Quadra;;Longo da via;0;1;0;1;0;0;0;0;0;0;0;0;0;(-38.4817117 -3.75946234);
361352;2020-08-07 20:14:00;AVENIDA PRS CASTELO BRANCO, ;, ; ;;;Colisão;;;;Meio de Quadra;;Longo da via;0;1;0;0;0;0;0;0;0;0;1;0;0;(0 0);
361351;2020-08-07 19:51:00;RUA CEL JOAQUIM FRANKLIN, ;RUA SALGADO FILHO, ; ;;;Colisão;;;;Cruz;Pare;Cruzamento;0;1;0;0;0;0;0;0;0;0;1;0;0;(-38.594868 -3.743486);
361350;2020-08-07 19:30:00;AVENIDA N CJ JOSE WALTER, 1770;, ; 1770;;;Atropelamento;;;;Meio de Quadra;;Longo da via;0;2;0;1;0;0;0;0;0;0;0;0;0;(0 0);
361349;2020-08-07 19:12:00;AVENIDA CASTELO DE CASTRO, 100;, ; 100;;;Queda;;;;Meio de Quadra;;Longo da via;0;1;0;1;0;0;0;0;0;0;0;0;0;(-38.5214485 -3.829482);
359952;2020-08-07 18:10:00;AVENIDA ABOLICAO, ;RUA OSVALDO CRUZ, ; ;;;Atropelamento;Via Iluminada;Bom;Seca;Meio de Quadra;;Cruzamento;0;1;1;0;1;0;0;0;0;0;0;0;0;(-38.497451 -3.7266487);
361348;2020-08-07 18:07:00;RUA OSVALDO CRUZ (ALDEOTA), 2405;, ; 2405;;;Colisão;Anoitecer;;;Meio de Quadra;;Longo da via;0;1;0;1;1;0;0;0;0;0;0;0;0;(0 0);
359951;2020-08-07 18:00:00;RUA COSTA FREIRE, ;RUA GABRIEL FIUZA, ; ;;;Colisão Lateral;Via Iluminada;Bom;Seca;Cruz;Pare;Cruzamento;0;0;1;1;1;0;0;0;0;0;0;0;0;(-38.579907 -3.787067);
361347;2020-08-07 17:21:00;AVENIDA ANTONIO SALES, 3525;, ; 3525;;;Colisão;Anoitecer;;;Meio de Quadra;;Longo da via;0;1;0;0;1;0;0;1;0;0;0;0;0;(-38.490039 -3.749257);
361346;2020-08-07 16:48:00;AVENIDA SEN FERNANDES TAVORA, 590;, ; 590;;;Queda;Luz do Dia;;;Meio de Quadra;;Longo da via;0;1;0;1;0;0;0;0;0;0;0;0;0;(-38.5781616 -3.76432377);
361344;2020-08-07 15:36:00;AVENIDA JOVITA FEITOSA, ;RUA AMADEU FURTADO, ; ;;;Colisão;Luz do Dia;;;Cruz;Semáforo;Cruzamento;0;1;0;1;1;0;0;0;0;0;0;0;0;(-38.562915 -3.741173);
361337;2020-08-07 15:23:00;RUA SEBASTIAO DE ABREU, 500;, ; 500;;;Colisão;Luz do Dia;;;Meio de Quadra;;Longo da via;0;1;0;1;1;0;0;0;0;0;0;0;0;(-38.483262 -3.757078);
361336;2020-08-07 14:46:00;AVENIDA JULIO VENTURA, 1611;, ; 1611;;;Colisão;Luz do Dia;;;Meio de Quadra;;Longo da via;0;1;0;1;1;0;0;0;0;0;0;0;0;(0 0);
361334;2020-08-07 12:05:00;AVENIDA OLIVEIRA PAIVA, 535;, ; 535;;;Colisão;Luz do Dia;;;Meio de Quadra;;Longo da via;0;1;0;1;1;0;0;0;0;0;0;0;0;(-38.50116 -3.797681);
359910;2020-08-07 12:00:00;RUA PAURILO BARROSO, ;RUA GUILHERME V DA COSTA, ; ;;;Colisão;Luz do Dia;;;;;Cruzamento;0;1;0;1;1;0;0;0;0;0;0;0;0;(-38.56912 -3.79904);
361309;2020-08-07 11:49:00;AVENIDA ANTONIO JUSTA, ;RUA LEONARDO MOTA, ; ;;;Colisão;Luz do Dia;;;Cruz;Pare;Cruzamento;0;1;0;1;1;0;0;0;0;0;0;0;0;(-38.493542 -3.727945);
361264;2020-08-07 11:49:00;RUA C CJ ITAPERI, 366;, ; 366;;;Colisão;Luz do Dia;;;Meio de Quadra;;Longo da via;0;1;0;1;1;0;0;0;0;0;0;0;0;(0 0);
361263;2020-08-07 11:41:00;RUA PDE MORORO, ;RUA ANTONIO POMPEU, ; ;;;Colisão;Luz do Dia;;;Cruz;Pare;Cruzamento;0;1;0;1;1;0;0;0;0;0;0;0;0;(-38.53945 -3.731997);
359743;2020-08-07 11:30:00;AVENIDA FRANCISCO SA, 3405;, ; 3405;;;Colisão Lateral;Luz do Dia;Bom;Seca;;;Longo da via;0;2;0;1;0;0;0;0;0;1;0;0;0;(-38.555342 -3.718081);
361262;2020-08-07 10:40:00;RUA FRE MARCELINO, 1549;, ; 1549;;;Colisão;Luz do Dia;;;Meio de Quadra;;Longo da via;0;1;0;1;1;0;0;0;0;0;0;0;0;(-38.556845 -3.748625);
361261;2020-08-07 09:24:00;RUA GRACA ARANHA, ;, ; ;;;Colisão;Luz do Dia;;;Meio de Quadra;;Longo da via;0;2;0;1;1;0;0;0;0;0;0;0;0;(0 0);
359751;2020-08-07 09:20:00;AVENIDA FRANCISCO SA, ;RUA CESAR CORREIA, ; ;;;Colisão Transversal;Luz do Dia;Bom;Seca;Cruz;Pare;Cruzamento;0;1;1;1;1;0;0;0;0;0;0;0;0;(-38.573313 -3.711949);
359909;2020-08-07 09:20:00;AVENIDA VIS RIO BRANCO, ;RUA METON DE ALENCAR, ; ;;;Colisão;Luz do Dia;;;Cruz;Semáforo;Cruzamento;0;1;0;0;1;0;0;0;1;0;0;0;0;(-38.524153 -3.73577);
359950;2020-08-07 09:15:00;AVENIDA VIS RIO BRANCO, ;RUA METON DE ALENCAR, ; ;;;Colisão Transversal;Amanhecer;Bom;Seca;Cruz;Semáforo;Cruzamento;0;1;0;1;1;0;0;0;0;0;0;0;0;(-38.524153 -3.73577);
361260;2020-08-07 09:08:00;RUA JOAO VITOR, 1648;, ; 1648;;;Atropelamento;Luz do Dia;;;Meio de Quadra;;Longo da via;0;1;0;0;1;0;0;0;0;0;0;0;0;(-38.62093 -3.79451);
360457;2020-08-07 08:55:00;RD BR 116, 4000;, ; 4000;;;Colisão Traseira;Luz do Dia;;;Meio de Quadra;;Longo da via;0;1;3;1;3;0;0;0;0;0;0;0;0;(-38.503869 -3.802354);
361259;2020-08-07 08:32:00;AVENIDA TRISTAO GONCALVES, ;AVENIDA DOMINGOS OLIMPIO, ; ;;;Colisão;Luz do Dia;;;Cruz;Semáforo;Cruzamento;0;1;0;1;1;0;0;0;0;0;0;0;0;(-38.535613 -3.735133);
361258;2020-08-07 08:20:00;AVENIDA FRANCISCO SA, 3783;, ; 3783;;;Colisão;Luz do Dia;;;Meio de Quadra;;Longo da via;0;1;0;1;1;0;0;0;0;0;0;0;0;(-38.558537 -3.7170393);
361257;2020-08-07 08:00:00;RUA SOLON PINHEIRO, 186;, ; 186;;;Atropelamento;Luz do Dia;;;Meio de Quadra;;Longo da via;0;1;0;0;0;0;0;0;0;0;1;0;0;(-38.5268955 -3.7322695);
361256;2020-08-07 07:56:00;AVENIDA JOR THOMAZ COELHO, ;, ; ;;;Colisão;Luz do Dia;;;Meio de Quadra;;Longo da via;0;1;0;1;1;0;0;0;0;0;0;0;0;(0 0);
359949;2020-08-07 07:47:00;RUA MARIA ALICE FERRAZ, ;AVENIDA ALM MAXIMIANO DA FONSECA, ; ;;;Colisão Lateral;Luz do Dia;Bom;Seca;Cruz;Pare;Cruzamento;0;1;1;1;1;0;0;0;0;0;0;0;0;(-38.489581 -3.770381);
361255;2020-08-07 07:13:00;AVENIDA MR HULL, ;, ; ;;;Atropelamento;Luz do Dia;;;Meio de Quadra;;Longo da via;0;1;0;1;0;0;0;0;0;0;0;0;0;(0 0);
361254;2020-08-07 07:09:00;AVENIDA ALM HENRIQUE SABOIA, ;, ; ;;;Colisão;Luz do Dia;;;Meio de Quadra;;Longo da via;0;1;0;1;1;0;0;0;0;0;0;0;0;(0 0);
363891;2020-08-07 07:00:00;RUA EINSTEIN, ;, ; ;;;Atropelamento;Luz do Dia;;;Meio de Quadra;;Longo da via;1;1;0;0;0;0;0;0;0;0;0;0;0;(-38.590032 -3.799718);
361252;2020-08-07 06:38:00;AVENIDA SIQUEIRA CAMPOS, 1430;, ; 1430;;;Colisão;Luz do Dia;;;Meio de Quadra;;Longo da via;0;1;0;1;1;0;0;0;0;0;0;0;0;(-38.6283976 -3.81344317);
361249;2020-08-07 06:26:00;AVENIDA MR HULL, ;, ; ;;;Colisão;Luz do Dia;;;Meio de Quadra;;Longo da via;0;1;0;1;1;0;0;0;0;0;0;0;0;(0 0);
359752;2020-08-07 05:00:00;RUA 15 DE NOVEMBRO, ;RUA BAR CANINDE, ; ;;;Colisão Transversal;Amanhecer;Bom;Seca;Cruz;Semáforo;Cruzamento;0;0;2;1;1;0;0;0;0;0;0;0;0;(-38.556768 -3.768608);
361248;2020-08-07 01:21:00;RUA BELO HORIZONTE, 2911;, ; 2911;;;Colisão;;;;Meio de Quadra;;Longo da via;0;1;0;2;0;0;0;0;0;0;0;0;0;(-38.5684685 -3.76534847);
361225;2020-08-07 00:35:00;AVENIDA MR HULL, 5100;, ; 5100;;;Queda;;;;Meio de Quadra;;Longo da via;0;1;0;1;0;0;0;0;0;0;0;0;0;(-38.590050421 -3.739441316);
359908;2020-08-06 23:57:00;RUA VALPARAISO, 700;, ; 700;;;Colisão;;;;Meio de Quadra;;Longo da via;0;1;0;0;2;0;0;0;0;0;0;0;0;(-38.526346 -3.843757);
361218;2020-08-06 22:51:00;RUA SABINO FILHO, 1109;, ; 1109;;;Colisão;;;;Meio de Quadra;;Longo da via;0;1;0;0;0;0;0;0;0;0;1;0;0;(-38.62407 -3.81173);
359948;2020-08-06 21:37:00;AVENIDA ROGACIANO LEITE, ;RUA MON CARNEIRO DA CUNHA, ; ;;;Colisão Transversal;Via Iluminada;Bom;Seca;Cruz;Semáforo;Cruzamento;0;1;0;1;1;0;0;0;0;0;0;0;0;(-38.498988 -3.773416);
361217;2020-08-06 20:41:00;AVENIDA ROGACIANO LEITE, 2160;, ; 2160;;;Colisão;;;;Meio de Quadra;;Longo da via;0;1;0;1;1;0;0;0;0;0;0;0;0;(-38.499111 -3.773825);
361213;2020-08-06 20:34:00;RUA CRISANTO M DA ROCHA, 4444;, ; 4444;;;Atropelamento;;;;Meio de Quadra;;Longo da via;0;2;0;1;0;0;0;0;0;0;0;0;0;(0 0);
359947;2020-08-06 20:27:00;AVENIDA GODOFREDO MACIEL, 3784;, ; 3784;;;Colisão Lateral;Via Iluminada;Bom;Seca;Meio de Quadra;Gesto;Longo da via;0;0;2;0;1;0;0;0;0;0;0;0;0;(-38.5735263 -3.808063);
359946;2020-08-06 19:30:00;RUA OSVALDO CRUZ (ALDEOTA), ;RUA PEREIRA VALENTE, ; ;;;Colisão Transversal;Via Iluminada;Bom;Seca;Cruz;Pare;Cruzamento;0;1;1;1;1;0;0;0;0;0;0;0;0;(-38.499032 -3.731621);
361212;2020-08-06 19:24:00;AVENIDA PRS CASTELO BRANCO, 6077;, ; 6077;;;Colisão;;;;Meio de Quadra;;Longo da via;0;1;1;0;1;0;0;0;0;1;0;0;0;(-38.5848212 -3.70142388);
361198;2020-08-06 19:22:00;RUA SEN ROBERT KENNEDY, 6125;, ; 6125;;;Colisão;;;;Meio de Quadra;;Longo da via;0;1;1;0;1;0;0;0;0;1;0;0;0;(0 0);
361197;2020-08-06 18:40:00;AVENIDA H CJ CEARA, 1969;, ; 1969;;;Colisão;;;;Meio de Quadra;;Longo da via;0;1;0;1;1;0;0;0;0;0;0;0;0;(-38.61561238 -3.776425188);
361194;2020-08-06 18:33:00;AVENIDA ROGACIANO LEITE, 2743;, ; 2743;;;Colisão;;;;Meio de Quadra;;Longo da via;0;1;0;1;1;0;0;0;0;0;0;0;0;(-38.502236 -3.782767);
361188;2020-08-06 18:16:00;RUA PRO CARVALHO, 4151;, ; 4151;;;Colisão;Anoitecer;;;Meio de Quadra;;Longo da via;0;1;0;1;1;0;0;0;0;0;0;0;0;(-38.51379 -3.75791);
359906;2020-08-06 18:15:00;AVENIDA JOSE JATAHY, 1188;, ; 1188;;;Colisão;Anoitecer;;;Meio de Quadra;;Longo da via;0;1;0;0;1;0;0;0;0;0;0;0;0;(-38.54486 -3.73192);
361184;2020-08-06 16:59:00;RUA BARBARA DE ALENCAR, 361;, ; 361;;;Colisão;Luz do Dia;;;Meio de Quadra;;Longo da via;0;1;0;1;1;0;0;0;0;0;0;0;0;(-38.52302 -3.7351);
361183;2020-08-06 16:40:00;AVENIDA CAP WALDEMAR PAULA LIMA, 492;, ; 492;;;Colisão;Luz do Dia;;;Meio de Quadra;;Longo da via;0;1;0;1;1;0;0;0;0;0;0;0;0;(-38.50749 -3.81678);
359945;2020-08-06 16:25:00;RUA DR JOAO GUILHERME, 235;, ; 235;;;Colisão Frontal;Luz do Dia;Bom;Seca;Meio de Quadra;Não Há Controle;Longo da via;0;0;1;0;0;0;0;1;0;0;0;0;0;(-38.58841 -3.73599);
361182;2020-08-06 15:25:00;RUA URUCUTUBA, 1199;, ; 1199;;;Atropelamento;Luz do Dia;;;Meio de Quadra;;Longo da via;0;1;0;1;0;0;0;0;0;0;0;0;0;(-38.6052824 -3.79717219);
361181;2020-08-06 15:08:00;RUA CANDIDO MAIA, 294;, ; 294;;;Queda;Luz do Dia;;;Meio de Quadra;;Longo da via;0;1;0;1;0;0;0;0;0;0;0;0;0;(-38.5904072 -3.737428);
361179;2020-08-06 15:00:00;RUA MAJ FACUNDO, 1263;, ; 1263;;;Queda;Luz do Dia;;;Meio de Quadra;;Longo da via;0;1;0;1;0;0;0;0;0;0;0;0;0;(-38.529899 -3.733917);
359944;2020-08-06 15:00:00;RUA METON DE ALENCAR, ;RUA MAJ FACUNDO, ; ;;;Colisão Transversal;Luz do Dia;Bom;Seca;Cruz;Gesto;Cruzamento;0;1;1;1;1;0;0;0;0;0;0;0;0;(-38.529899 -3.733917);
361178;2020-08-06 14:12:00;RUA SALDANHA MARINHO, 646;, ; 646;;;Colisão;Luz do Dia;;;Meio de Quadra;;Longo da via;0;1;0;1;1;0;0;0;0;0;0;0;0;(-38.530406 -3.742594);
359943;2020-08-06 14:09:00;RUA CHICO LEMOS, ;AVENIDA JOSE LEON, ; ;;;Colisão Lateral;Luz do Dia;Bom;Seca;Cruz;Pare;Cruzamento;0;2;0;1;1;0;0;0;0;0;0;0;0;(-38.50054 -3.788133);
361175;2020-08-06 13:41:00;AVENIDA GAL OSORIO DE PAIVA, 8110;, ; 8110;;;Colisão;Luz do Dia;;;Meio de Quadra;;Longo da via;0;1;0;1;1;0;0;0;0;0;0;0;0;(-38.61852889 -3.821695727);
361173;2020-08-06 13:28:00;AVENIDA MR HULL, 4465;, ; 4465;;;Atropelamento;Luz do Dia;;;Meio de Quadra;;Longo da via;0;1;0;1;0;0;0;0;0;0;0;0;0;(-38.584413 -3.73861);
359742;2020-08-06 10:36:00;AVENIDA SANTOS DUMONT, ;AVENIDA DES MOREIRA, ; ;;;Colisão Lateral;Luz do Dia;Bom;Seca;Cruz;Semáforo;Cruzamento;0;1;1;0;0;0;0;1;0;0;1;0;0;(-38.498365 -3.736226);
361166;2020-08-06 10:01:00;AVENIDA DUQ CAXIAS, ;RUA PDE MORORO, ; ;;;Queda;Luz do Dia;;;Meio de Quadra;Não Há Controle;Cruzamento;0;1;0;1;0;0;0;0;0;0;0;0;0;(-38.538552 -3.728983);
360401;2020-08-06 08:30:00;RD CE-040, ;, ; ;;;Engavetamento;Luz do Dia;;;Meio de Quadra;;Longo da via;0;0;3;0;3;0;0;0;0;0;0;0;0;(-38.48153832 -3.825515822);