COD_ACIDENTE;DATA;LOG1;LOG2;NUMERO;BAIRRO;AMC;NATUREZA;ILUMINACAO;TEMPO;SUPERFICIEPISTA;TIPOCRUZAMENTO;CONTROLETRAFEGO;USOSOLO;MORTOS;FERIDOS;ILESOS;MOTOCICLETA;AUTOMOVEL;MICROONIBUS;CAMINHAO;ONIBUS;CICLOMOTOR;BICICLETA;OUTROS;TREM;TRACAOANIMAL;COORDENADAS
359905;2020-08-06 07:40:00;ROD CE 010, ;, ; ;;;Colisão;Luz do Dia;;;Meio de Quadra;;Longo da via;0;1;1;0;1;0;0;0;0;1;0;0;0;(0 0);
361132;2020-08-06 07:22:00;RUA CON LIMA SUCUPIRA, 1199;, ; 1199;;;Colisão;Luz do Dia;;;Meio de Quadra;;Longo da via;0;2;0;1;1;0;0;0;0;0;0;0;0;(-38.54600448 -3.779755913);
361131;2020-08-06 06:51:00;RUA CRUZ SALDANHA, ;RUA GUSTAVO SAMPAIO, ; ;;;Colisão;Luz do Dia;;;Cruz;Pare;Cruzamento;0;1;0;1;1;0;0;0;0;0;0;0;0;(-38.554069 -3.734763);
361130;2020-08-06 06:49:00;RUA CUIABA, 1286;, ; 1286;;;Colisão;Luz do Dia;;;Meio de Quadra;;Longo da via;0;1;1;0;1;0;0;0;0;1;0;0;0;(-38.5862536 -3.76508133);
361129;2020-08-06 04:09:00;AVENIDA DR SILAS MUNGUBA, 4820;, ; 4820;;;Queda;;;;Meio de Quadra;;Longo da via;1;0;0;1;0;0;0;0;0;0;0;0;0;(-38.53264624 -3.795479923);
361128;2020-08-05 23:55:00;RUA TEN QUEIROZ, 357;, ; 357;;;Colisão;;;;Meio de Quadra;;Longo da via;0;1;0;1;1;0;0;0;0;0;0;0;0;(0 0);
361127;2020-08-05 23:52:00;AVENIDA WASHINGTON SOARES, ;AVENIDA OLIVEIRA PAIVA, ; ;;;Colisão;;;;;;Cruzamento;0;1;0;0;2;0;0;0;0;0;0;0;0;(-38.479908 -3.795695);
361126;2020-08-05 22:43:00;RUA OLYNTHO ARRUDA, 1088;, ; 1088;;;Queda;;;;Meio de Quadra;;Longo da via;0;1;0;0;0;0;0;0;0;1;0;0;0;(0 0);
361125;2020-08-05 22:36:00;AVENIDA CASTELO DE CASTRO, 86;, ; 86;;;Colisão;;;;Meio de Quadra;;Longo da via;0;1;0;1;1;0;0;0;0;0;0;0;0;(-38.5214485 -3.829482);
359942;2020-08-05 22:15:00;AVENIDA OLAVO BILAC, 1173;, ; 1173;;;Atropelamento;Mal Iluminada;Bom;Seca;Meio de Quadra;Não Há Controle;Longo da via;0;1;0;0;1;0;0;0;0;0;0;0;0;(-38.564663 -3.731115);
361124;2020-08-05 21:45:00;RD BR 116, 1000;, ; 1000;;;Colisão;;;;Meio de Quadra;;Longo da via;0;1;0;2;0;0;0;0;0;0;0;0;0;(-38.518702 -3.762554);
361123;2020-08-05 21:35:00;RUA NOSSA SRA DAS GRACAS, 1024;, ; 1024;;;Queda;;;;Meio de Quadra;;Longo da via;0;1;0;1;0;0;0;0;0;0;0;0;0;(-38.5575376 -3.70896782);
361122;2020-08-05 19:39:00;AVENIDA AMERICO BARREIRA, 6118;, ; 6118;;;Colisão;;;;Meio de Quadra;;Longo da via;0;1;0;2;0;0;0;0;0;0;0;0;0;(-38.567465 -3.765205);
361121;2020-08-05 19:30:00;AVENIDA JOSE BASTOS, 6118;, ; 6118;;;Queda;;;;Meio de Quadra;;Longo da via;0;1;0;1;0;0;0;0;0;0;0;0;0;(-38.567535 -3.76519);
361120;2020-08-05 19:01:00;AVENIDA EDILSON B SOARES, 1451;, ; 1451;;;Atropelamento;;;;Meio de Quadra;;Longo da via;0;1;0;1;0;0;0;0;0;0;0;0;0;(-38.472805 -3.788781);
359902;2020-08-05 18:30:00;AVENIDA OLIVEIRA PAIVA, 203;, ; 203;;;Colisão;Anoitecer;;;Meio de Quadra;;Longo da via;0;1;0;0;0;0;0;0;0;0;1;0;0;(-38.50362 -3.798587);
359940;2020-08-05 17:53:00;AVENIDA OLIVEIRA PAIVA, 203;, ; 203;;;Colisão Traseira;Luz do Dia;Bom;Seca;Meio de Quadra;Não Há Controle;Longo da via;0;1;1;1;1;0;0;0;0;0;0;0;0;(-38.50362 -3.798587);
359898;2020-08-05 17:30:00;RUA CARLOS VASCONCELOS, ;RUA TEN BENEVOLO, ; ;;;Colisão Transversal;Anoitecer;;;Cruz;Semáforo;Cruzamento;0;1;1;1;1;0;0;0;0;0;0;0;0;(-38.509174 -3.727989);
361116;2020-08-05 17:09:00;AVENIDA J CJ JOSE WALTER, 130;, ; 130;;;Atropelamento;Anoitecer;;;Meio de Quadra;;Longo da via;0;1;0;1;0;0;0;0;0;0;0;0;0;(-38.55414 -3.825962);
361104;2020-08-05 16:28:00;RUA MON FURTADO, ;RUA TAVARES IRACEMA, ; ;;;Colisão;Luz do Dia;;;Cruz;Pare;Cruzamento;0;2;0;1;1;0;0;0;0;0;0;0;0;(-38.553916 -3.751292);
361100;2020-08-05 16:24:00;RUA MATOS VASCONCELOS, 1183;, ; 1183;;;Colisão;Luz do Dia;;;Meio de Quadra;;Longo da via;0;1;0;1;1;0;0;0;0;0;0;0;0;(-38.5545571 -3.75573126);
361099;2020-08-05 15:17:00;AVENIDA CARNEIRO DE MENDONCA, 895;, ; 895;;;Colisão;Luz do Dia;;;Meio de Quadra;;Longo da via;0;1;1;0;1;0;0;0;0;1;0;0;0;(-38.566971632 -3.763992421);
359903;2020-08-05 13:00:00;AVENIDA GODOFREDO MACIEL, ;RUA FRANCISCO GLICERIO, ; ;;;Atropelamento;Luz do Dia;;;Cruz;Semáforo;Cruzamento;0;2;0;0;0;0;0;0;0;0;1;0;0;(-38.569757 -3.795981);
361094;2020-08-05 12:53:00;RUA 20 DE JANEIRO, 258;, ; 258;;;Queda;Luz do Dia;;;Meio de Quadra;;Longo da via;0;1;0;0;0;0;0;0;0;1;0;0;0;(0 0);
359729;2020-08-05 12:00:00;RUA SUECIA, ;RUA EQUADOR, ; ;;;Queda;Luz do Dia;Bom;Seca;Cruz;Pare;Cruzamento;0;1;0;1;0;0;0;0;0;0;0;0;0;(-38.557111 -3.784449);
359939;2020-08-05 10:59:00;RUA PRO FRANCISCO GONCALVES, ;RUA LEONARDO MOTA, ; ;;;Colisão Transversal;Amanhecer;Bom;Seca;Cruz;Pare;Cruzamento;0;1;1;1;1;0;0;0;0;0;0;0;0;(-38.499748 -3.747308);
359904;2020-08-05 10:00:00;AVENIDA PRS CASTELO BRANCO, 901;, ; 901;;;Colisão;Luz do Dia;;;Meio de Quadra;;Longo da via;0;1;0;0;0;0;0;0;0;0;1;0;0;(-38.53134654 -3.719760919);
359938;2020-08-05 09:59:00;AVENIDA GODOFREDO MACIEL, ;RUA FRANCISCO GLICERIO, ; ;;;Atropelamento;Luz do Dia;Bom;Seca;Meio de Quadra;Semáforo;Cruzamento;0;2;0;0;1;0;0;0;0;0;0;0;0;(-38.569757 -3.795981);
361092;2020-08-05 09:45:00;AVENIDA ENG SANTANA JUNIOR, ;, ; ;;;Colisão;Luz do Dia;;;Meio de Quadra;;Longo da via;0;1;0;1;1;0;0;0;0;0;0;0;0;(0 0);
359900;2020-08-05 09:25:00;RD CE-040, 9472;, ; 9472;;;Colisão;Luz do Dia;;;Meio de Quadra;;Longo da via;0;1;0;1;1;0;0;0;0;0;0;0;0;(-38.48246582 -3.834450897);
361078;2020-08-05 09:08:00;RUA PRO HERIBALDO COSTA, ;, ; ;;;Colisão;Luz do Dia;;;Meio de Quadra;;Longo da via;0;2;0;1;1;0;0;0;0;0;0;0;0;(0 0);
361056;2020-08-05 08:35:00;AVENIDA AUGUSTO DOS ANJOS, 2384;, ; 2384;;;Colisão;Luz do Dia;;;Meio de Quadra;;Longo da via;0;1;0;1;1;0;0;0;0;0;0;0;0;(-38.5846965 -3.7869465);
361055;2020-08-05 08:13:00;RUA AVILA GOULART, 106;, ; 106;;;Colisão;Luz do Dia;;;Meio de Quadra;;Longo da via;0;1;0;0;0;0;0;0;0;0;1;0;0;(-38.47992 -3.73403);
359937;2020-08-05 08:11:00;AVENIDA JOAO DE ARAUJO LIMA, ;AVENIDA D CJ JOSE WALTER, ; ;;;Colisão Transversal;Luz do Dia;Bom;Seca;Cruz;Semáforo;Cruzamento;0;1;1;0;1;0;0;0;0;0;0;0;0;(-38.560009 -3.830303);
359738;2020-08-05 07:20:00;AVENIDA SORIANO ALBUQUERQUE, ;RUA MON BRUNO, ; ;;;Colisão Frontal;Luz do Dia;Bom;Seca;Cruz;Pare;Cruzamento;0;1;1;1;1;0;0;0;0;0;0;0;0;(-38.51484 -3.749117);
361049;2020-08-05 06:58:00;AVENIDA PRS COSTA E SILVA, 2513;, ; 2513;;;Colisão;Luz do Dia;;;Meio de Quadra;;Longo da via;0;1;0;1;1;0;0;0;0;0;0;0;0;(-38.5595787 -3.820527);
361044;2020-08-05 06:49:00;AVENIDA ALBERTO CRAVEIRO, ;, ; ;;;Atropelamento;Luz do Dia;;;Meio de Quadra;;Longo da via;0;3;0;1;0;0;0;0;0;0;0;0;0;(0 0);
361028;2020-08-05 03:35:00;AVENIDA BEZERRA DE MENEZES, 1310;, ; 1310;;;Atropelamento;;;;Meio de Quadra;;Longo da via;1;1;1;0;1;0;0;0;0;0;0;0;0;(-38.55586 -3.73376);
359893;2020-08-04 23:45:00;RUA CEL QUEIROZ, ;, ; ;;;Colisão;;;;Meio de Quadra;;Longo da via;0;1;0;0;2;0;0;0;0;0;0;0;0;(0 0);
359936;2020-08-04 23:15:00;RUA CEL QUEIROZ, 193;, ; 193;;;Engavetamento;Via Iluminada;Bom;Seca;Meio de Quadra;Não Há Controle;Longo da via;0;1;2;0;3;0;0;0;0;0;0;0;0;(-38.45682 -3.78282);
361025;2020-08-04 22:18:00;RUA PRO COSTA MENDES, 215;, ; 215;;;Colisão;;;;Meio de Quadra;;Longo da via;0;2;0;2;0;0;0;0;0;0;0;0;0;(-38.5434664 -3.7575956);
359935;2020-08-04 21:37:00;AVENIDA AMERICO BARREIRA, ;, ; ;;;Colisão Traseira;Anoitecer;Bom;Seca;Meio de Quadra;Semáforo;Longo da via;0;1;1;1;1;0;0;0;0;0;0;0;0;(-38.559753 -3.7571824);
359892;2020-08-04 21:20:00;AVENIDA JOSE BASTOS, ;, ; ;;;Colisão;;;;Meio de Quadra;;Longo da via;0;1;0;1;1;0;0;0;0;0;0;0;0;(0 0);
361012;2020-08-04 20:30:00;AVENIDA TRISTAO GONCALVES, 1289;, ; 1289;;;Colisão;;;;Meio de Quadra;;Longo da via;0;2;0;1;1;0;0;0;0;0;0;0;0;(-38.5349977 -3.73307997);
361011;2020-08-04 19:25:00;RUA 62 CJ JOSE WALTER, 110;, ; 110;;;Atropelamento;;;;Meio de Quadra;;Longo da via;0;1;0;0;0;0;0;1;0;0;0;0;0;(-38.55894 -3.8371851);
361010;2020-08-04 18:51:00;AVENIDA AUGUSTO DOS ANJOS, 6770;, ; 6770;;;Colisão;;;;Meio de Quadra;;Longo da via;0;1;0;1;1;0;0;0;0;0;0;0;0;(0 0);
360964;2020-08-04 17:57:00;AVENIDA FRANCISCO SA, ;, ; ;;;Colisão;Anoitecer;;;Meio de Quadra;;Longo da via;0;1;0;0;2;0;0;0;0;0;0;0;0;(0 0);
360963;2020-08-04 17:15:00;RUA PRO TEODORICO, ;RUA BAR CANINDE, ; ;;;Colisão;Anoitecer;;;Cruz;Pare;Cruzamento;0;1;1;0;1;0;0;0;0;1;0;0;0;(-38.556436 -3.767686);
359897;2020-08-04 16:00:00;RUA PDE CICERO, ;RUA FRANCISCA CLOTILDE, ; ;;;Colisão;Luz do Dia;;;Cruz;Pare;Cruzamento;0;1;0;0;0;0;0;0;0;0;1;0;0;(-38.550121 -3.739665);
360453;2020-08-04 16:00:00;RD BR 116, 7000;, ; 7000;;;Colisão Traseira;Luz do Dia;;;Meio de Quadra;;Longo da via;0;1;1;1;1;0;0;0;0;0;0;0;0;(-38.5115614 -3.786276359);
359896;2020-08-04 15:40:00;AVENIDA ALBERTO CRAVEIRO, ;, ; ;;;Colisão;Luz do Dia;;;Meio de Quadra;;Longo da via;0;1;0;0;0;0;0;0;0;0;1;0;0;(0 0);
360452;2020-08-04 15:34:00;RD BR 116, 7000;, ; 7000;;;Colisão;Luz do Dia;;;Meio de Quadra;;Longo da via;0;1;1;1;1;0;0;0;0;0;0;0;0;(-38.5115614 -3.786276359);
359934;2020-08-04 14:58:00;RUA PDE CICERO, ;RUA FRANCISCA CLOTILDE, ; ;;;Colisão Lateral;Luz do Dia;Bom;Seca;Cruz;Pare;Cruzamento;0;1;1;1;1;0;0;0;0;0;0;0;0;(-38.550121 -3.739665);
360959;2020-08-04 14:36:00;RUA VALPARAISO, 700;, ; 700;;;Colisão;Luz do Dia;;;Meio de Quadra;;Longo da via;0;1;0;2;0;0;0;0;0;0;0;0;0;(-38.526346 -3.843757);
360952;2020-08-04 13:50:00;RUA VERDE 4 CJ ST S.JOAO, ;, ; ;;;Atropelamento;Luz do Dia;;;Meio de Quadra;;Longo da via;0;1;0;0;1;0;0;0;0;0;0;0;0;(0 0);
360949;2020-08-04 13:30:00;AVENIDA SEN FERNANDES TAVORA, ;RUA PRO VIRGILIO DE MORAIS, ; ;;;Colisão;Luz do Dia;;;Cruz;Semáforo;Cruzamento;0;1;0;0;2;0;0;0;0;0;0;0;0;(-38.59735 -3.7552326);
360943;2020-08-04 13:10:00;RUA 7 CJ HAB ST SAO JOAO, 857;, ; 857;;;Colisão;Luz do Dia;;;Meio de Quadra;;Longo da via;0;1;0;1;1;0;0;0;0;0;0;0;0;(0 0);
360935;2020-08-04 12:17:00;RUA GAL BERNARDO FIGUEIREDO, 222;, ; 222;;;Colisão;Luz do Dia;;;Meio de Quadra;;Longo da via;0;2;0;1;1;0;0;0;0;0;0;0;0;(-38.550405 -3.739385);
360934;2020-08-04 12:16:00;RUA JOSE MENELEU D41, 300;, ; 300;;;Colisão;Luz do Dia;;;Meio de Quadra;;Longo da via;0;1;1;0;1;0;0;0;0;1;0;0;0;(-38.5598254 -3.78319324);
359889;2020-08-04 10:45:00;RUA PRO OTAVIO LOBO, ;RUA LAURO NOGUEIRA, ; ;;;Colisão;Luz do Dia;;;Cruz;Semáforo;Cruzamento;0;1;0;0;1;0;1;0;0;0;0;0;0;(-38.476452 -3.740673);
360933;2020-08-04 10:44:00;AVENIDA MAE LISBOA, ;, ; ;;;Colisão;Luz do Dia;;;Meio de Quadra;;Longo da via;0;1;0;1;1;0;0;0;0;0;0;0;0;(0 0);
360931;2020-08-04 10:06:00;AVENIDA WASHINGTON SOARES, 480;, ; 480;;;Colisão;Luz do Dia;;;Meio de Quadra;;Longo da via;0;1;0;0;0;0;0;0;0;0;1;0;0;(-38.48558 -3.75848);
359891;2020-08-04 09:15:00;AVENIDA MON TABOSA, ;RUA NOGUEIRA ACIOLI, ; ;;;Colisão;Luz do Dia;;;Cruz;Pare;Cruzamento;0;1;0;1;1;0;0;0;0;0;0;0;0;(-38.514949 -3.72385);
359933;2020-08-04 09:05:00;RUA PRO OTAVIO LOBO, 115;, ; 115;;;Colisão Lateral;Luz do Dia;Bom;Seca;Meio de Quadra;Semáforo;Longo da via;0;1;1;0;1;0;0;0;0;0;0;0;0;(-38.4795 -3.74542);
359931;2020-08-04 08:00:00;AVENIDA MON TABOSA, ;RUA NOGUEIRA ACIOLI, ; ;;;Colisão;Luz do Dia;Bom;Seca;Cruz;Pare;Cruzamento;0;1;1;1;1;0;0;0;0;0;0;0;0;(-38.514949 -3.72385);
359894;2020-08-04 08:00:00;RD CE-060, ;, ; ;;;Colisão;Luz do Dia;;;Meio de Quadra;;Longo da via;0;1;0;0;0;0;0;0;0;0;1;0;0;(0 0);
360444;2020-08-04 07:30:00;RD BR 222, ;, ; ;;;Colisão Traseira;Luz do Dia;;;Meio de Quadra;;Longo da via;0;4;1;2;1;0;0;0;0;0;0;0;0;(-38.59594097 -3.740300848);
360926;2020-08-04 05:49:00;RUA SABINO MONTE, 4624;, ; 4624;;;Colisão;Amanhecer;;;Meio de Quadra;;Longo da via;0;1;0;0;0;0;0;0;0;0;1;0;0;(-38.5109929 -3.76200174);
360925;2020-08-04 05:20:00;AVENIDA GODOFREDO MACIEL, ;, ; ;;;Queda;Amanhecer;;;Meio de Quadra;;Longo da via;0;2;0;1;0;0;0;0;0;0;0;0;0;(0 0);
359888;2020-08-03 21:04:00;AVENIDA GODOFREDO MACIEL, 3570;, ; 3570;;;Colisão;Luz do Dia;;;Meio de Quadra;;Longo da via;0;1;0;0;1;0;0;1;0;0;0;0;0;(-38.573019 -3.806413);
360924;2020-08-03 20:52:00;AVENIDA CARNEIRO DE MENDONCA, 1420;, ; 1420;;;Colisão;;;;Meio de Quadra;;Longo da via;0;1;0;0;0;0;0;0;0;0;1;0;0;(-38.57143 -3.76158);
359930;2020-08-03 19:42:00;AVENIDA CARAPINIMA, 1786;, ; 1786;;;Colisão;Via Iluminada;Bom;Seca;Meio de Quadra;Não Há Controle;Longo da via;0;2;0;1;0;0;0;0;0;0;0;0;0;(-38.53734 -3.7370884);
359725;2020-08-03 18:15:00;AVENIDA DR SILAS MUNGUBA, 2249;, ; 2249;;;Colisão Traseira;Via Iluminada;Bom;Seca;Meio de Quadra;Semáforo;Longo da via;0;1;1;1;1;0;0;0;0;0;0;0;0;(-38.551278 -3.785812);
360923;2020-08-03 17:47:00;AVENIDA VICENTE DE CASTRO, ;, ; ;;;Colisão;Anoitecer;;;Meio de Quadra;;Longo da via;0;2;0;1;1;0;0;0;0;0;0;0;0;(0 0);
360922;2020-08-03 17:19:00;RUA SEN ROBERT KENNEDY, 620;, ; 620;;;Colisão;Anoitecer;;;Meio de Quadra;;Longo da via;0;1;0;1;0;0;1;0;0;0;0;0;0;(-38.579777 -3.70567985);
360921;2020-08-03 17:13:00;AVENIDA WASHINGTON SOARES, 655;, ; 655;;;Colisão;Anoitecer;;;Meio de Quadra;;Longo da via;0;1;0;1;1;0;0;0;0;0;0;0;0;(-38.4856703 -3.75841135);
360398;2020-08-03 17:10:00;RD CE-040, ;, ; ;;;Atropelamento;Anoitecer;;;Meio de Quadra;;Longo da via;0;1;1;1;0;0;0;0;0;0;0;0;0;(-38.48153832 -3.825515822);
360920;2020-08-03 16:45:00;AVENIDA UM (PLANALTO AIRTON SENA), 2510;, ; 2510;;;Atropelamento;Luz do Dia;;;Meio de Quadra;;Longo da via;0;1;0;1;0;0;0;0;0;0;0;0;0;(0 0);
359929;2020-08-03 16:30:00;AVENIDA VICENTE DE CASTRO, ;, ; ;;;Colisão Traseira;Via Iluminada;Bom;Seca;Meio de Quadra;Não Há Controle;Longo da via;0;1;1;1;1;0;0;0;0;0;0;0;0;(-38.47715 -3.7204082);
360919;2020-08-03 14:20:00;RUA DR JOSE LOURENCO, 2513;, ; 2513;;;Colisão;Luz do Dia;;;Meio de Quadra;;Longo da via;0;1;0;1;1;0;0;0;0;0;0;0;0;(-38.51103 -3.74546);
360918;2020-08-03 13:19:00;AVENIDA ISABEL BEZERRA, 475;, ; 475;;;Atropelamento;Luz do Dia;;;Meio de Quadra;;Longo da via;0;1;0;0;0;0;1;0;0;0;0;0;0;(0 0);
360917;2020-08-03 13:13:00;RUA PDE ARIMATEIA D42/71, ;RUA ALBANO AMARAL, ; ;;;Colisão;Luz do Dia;;;Meio de Quadra;;Cruzamento;0;1;0;1;1;0;0;0;0;0;0;0;0;(-38.582817 -3.797951);
360916;2020-08-03 13:07:00;AVENIDA PRO GOMES DE MATOS, ;RUA RAUL UCHOA, ; ;;;Colisão;Luz do Dia;;;Cruz;Pare;Cruzamento;0;1;0;2;0;0;0;0;0;0;0;0;0;(-38.545294 -3.760768);
360915;2020-08-03 12:46:00;RD BR 116, 9744;, ; 9744;;;Atropelamento;Luz do Dia;;;Meio de Quadra;;Longo da via;0;1;0;0;1;0;0;0;0;0;0;0;0;(-38.503373 -3.834435);
360914;2020-08-03 11:27:00;AVENIDA ODILON GUIMARAES, 1335;, ; 1335;;;Queda;Luz do Dia;;;Meio de Quadra;;Longo da via;0;1;0;0;0;0;0;0;0;1;0;0;0;(-38.48025 -3.82659);
359928;2020-08-03 10:28:00;RUA DR GILBERTO STUDART, ;RUA DR RIBAMAR LOBO, ; ;;;Colisão;Luz do Dia;Bom;Seca;Cruz;Pare;Cruzamento;0;2;0;1;0;0;0;0;0;0;0;0;0;(-38.468361 -3.747662);
359927;2020-08-03 10:20:00;RUA CEL JOAQUIM FRANKLIN, ;RUA PRO JOAQUIM NOGUEIRA D29, ; ;;;Colisão Transversal;Luz do Dia;Bom;Seca;Cruz;Pare;Cruzamento;0;2;0;1;1;0;0;0;0;0;0;0;0;(-38.590084 -3.742773);
359714;2020-08-03 10:20:00;AVENIDA PRS COSTA E SILVA, 5183;, ; 5183;;;Choque c/ Obstáculo Fixo;Luz do Dia;Bom;Seca;Meio de Quadra;Semáforo;Longo da via;0;4;0;0;1;0;0;0;0;0;0;0;0;(-38.53483 -3.8273938);
360913;2020-08-03 08:58:00;AVENIDA JOVITA FEITOSA, ;RUA CAPISTRANO, ; ;;;Queda;Luz do Dia;;;Duplo T;Não Há Controle;Cruzamento;0;1;0;1;0;0;0;0;0;0;0;0;0;(-38.54678 -3.737854);
360912;2020-08-03 08:53:00;RUA BERNARDO MANUEL, 278;, ; 278;;;Queda;Luz do Dia;;;Meio de Quadra;;Longo da via;0;1;0;1;0;0;0;0;0;0;0;0;0;(0 0);
360911;2020-08-03 08:44:00;RUA VIRGILIO BRANDAO, 703;, ; 703;;;Queda;Luz do Dia;;;Meio de Quadra;;Longo da via;0;1;0;1;0;0;0;0;0;0;0;0;0;(-38.5966194 -3.75500812);
359925;2020-08-03 08:00:00;AVENIDA PDE ANTONIO TOMAS, ;RUA BARBOSA DE FREITAS, ; ;;;Colisão;Luz do Dia;Bom;Seca;Cruz;Semáforo;Cruzamento;0;1;0;1;1;0;0;0;0;0;0;0;0;(-38.498619 -3.740495);
359924;2020-08-03 07:37:00;AVENIDA EDUARDO GIRAO, 1533;, ; 1533;;;Colisão Traseira;Luz do Dia;Bom;Seca;Meio de Quadra;Não Há Controle;Longo da via;0;1;1;1;1;0;0;0;0;0;0;0;0;(-38.53566 -3.75132);
359926;2020-08-03 07:30:00;AVENIDA PRO GOMES DE MATOS, 310;, ; 310;;;Colisão Transversal;Luz do Dia;Bom;Seca;Meio de Quadra;Não Há Controle;Longo da via;0;1;0;1;1;0;0;0;0;0;0;0;0;(-38.542014 -3.7569575);
360910;2020-08-03 07:15:00;RUA DO CANAL (TAUAPE), 22;, ; 22;;;Colisão;Luz do Dia;;;Meio de Quadra;;Longo da via;0;1;0;1;1;0;0;0;0;0;0;0;0;(-38.50951 -3.76232);
360909;2020-08-03 06:02:00;AVENIDA DR THEBERGE, 2600;, ; 2600;;;Queda;Luz do Dia;;;Meio de Quadra;;Longo da via;0;1;0;1;0;0;0;0;0;0;0;0;0;(-38.568386 -3.7253838);
359852;2020-08-02 22:30:00;RUA LAURO NOGUEIRA, ;RUA CESAR FONSECA, ; ;;;Colisão;;;;T;Semáforo;Cruzamento;0;2;0;2;0;0;0;0;0;0;0;0;0;(-38.472579 -3.741946);
360908;2020-08-02 22:19:00;RUA CARLOS JEREISSATI (JD DAS OLIVEIRAS), ;RUA PDE FRANCISCO PITA, ; ;;;Colisão;;;;Cruz;Pare;Cruzamento;0;1;0;1;1;0;0;0;0;0;0;0;0;(-38.496246 -3.7825553);
360907;2020-08-02 21:29:00;RUA RAIMUNDO PINHEIRO, 48;, ; 48;;;Queda;;;;Meio de Quadra;;Longo da via;0;1;0;1;0;0;0;0;0;0;0;0;0;(-38.59611 -3.78563);
359923;2020-08-02 21:20:00;RUA LAURO NOGUEIRA, 1500;, ; 1500;;;Colisão Lateral;Via Iluminada;Bom;Seca;T;Semáforo;Longo da via;0;2;0;2;0;0;0;0;0;0;0;0;0;(-38.47249 -3.7417505);
359713;2020-08-02 21:00:00;AVENIDA CARNEIRO DE MENDONCA, ;RUA ESTADO DO RIO, ; ;;;Colisão Transversal;Via Iluminada;Bom;Seca;T;Semáforo;Cruzamento;0;3;0;1;1;0;0;0;0;0;0;0;0;(-38.572384 -3.7609909);
360906;2020-08-02 20:58:00;RUA PRIMEIRO DE MAIO D34, 2510;, ; 2510;;;Colisão;;;;Meio de Quadra;;Longo da via;0;1;0;2;0;0;0;0;0;0;0;0;0;(-38.6042477 -3.77848519);
360905;2020-08-02 20:46:00;AVENIDA PONTES VIEIRA, ;RUA DR JOSE LOURENCO, ; ;;;Colisão;;;;T;Não Há Controle;Cruzamento;0;1;0;1;1;0;0;0;0;0;0;0;0;(-38.51351 -3.75266);
360904;2020-08-02 20:14:00;RUA 14 CJ PEQ MONDUBIM, 8;, ; 8;;;Colisão;;;;Meio de Quadra;;Longo da via;0;2;0;1;1;0;0;0;0;0;0;0;0;(-38.5691911 -3.8156427);
360903;2020-08-02 20:12:00;AVENIDA LINEU MACHADO, 1494;, ; 1494;;;Colisão;;;;Meio de Quadra;;Longo da via;0;1;0;1;1;0;0;0;0;0;0;0;0;(-38.5803984 -3.77263756);
359921;2020-08-02 19:01:00;RUA FRE MANSUETO, ;RUA MARIA TOMASIA, ; ;;;Colisão Lateral;Via Iluminada;Bom;Seca;Cruz;Pare;Cruzamento;0;1;1;1;1;0;0;0;0;0;0;0;0;(-38.488388 -3.7381926);
360902;2020-08-02 18:54:00;RUA BERNARDO MANUEL, 7720;, ; 7720;;;Colisão;;;;Meio de Quadra;;Longo da via;0;1;0;1;1;0;0;0;0;0;0;0;0;(-38.5473928 -3.78563814);
360901;2020-08-02 18:51:00;RUA RIO GRANDE DO SUL, 803;, ; 803;;;Colisão;;;;Meio de Quadra;;Longo da via;0;1;0;1;1;0;0;0;0;0;0;0;0;(-38.56582746 -3.755913769);
360899;2020-08-02 18:47:00;RUA CEL FABRICIANO, 2085;, ; 2085;;;Colisão;;;;Meio de Quadra;;Longo da via;0;1;0;1;1;0;0;0;0;0;0;0;0;(-38.610116 -3.782125);
360898;2020-08-02 17:56:00;RUA CANDIDO JUCA, 131;, ; 131;;;Capotamento;Anoitecer;;;Meio de Quadra;;Longo da via;0;1;0;0;1;0;0;0;0;0;0;0;0;(-38.5466856 -3.74184044);
359922;2020-08-02 17:30:00;AVENIDA DR JOAO MACIEL FILHO, 193;, ; 193;;;Queda;Via Iluminada;Bom;Seca;Meio de Quadra;Pare;Longo da via;0;3;0;1;0;0;0;0;0;0;0;0;0;(-38.49529 -3.78467703);
359920;2020-08-02 16:52:00;RUA CEL ZACARIAS J FRANCA, ;AVENIDA DEP PAULINO ROCHA, ; ;;;Colisão Traseira;Luz do Dia;Bom;Seca;Cruz;Semáforo;Cruzamento;0;1;0;1;1;0;0;0;0;0;0;0;0;(-38.508144 -3.8054738);
360882;2020-08-02 16:47:00;AVENIDA GODOFREDO MACIEL, 680;, ; 680;;;Colisão;Luz do Dia;;;Meio de Quadra;;Longo da via;0;1;0;1;1;0;0;0;0;0;0;0;0;(-38.5655576 -3.78234047);
359709;2020-08-02 15:15:00;RUA SEN POMPEU, ;RUA SAO PAULO, ; ;;;Colisão Transversal;Luz do Dia;Bom;Seca;Cruz;Semáforo;Cruzamento;0;1;1;1;1;0;0;0;0;0;0;0;0;(-38.529196 -3.725486);
359872;2020-08-02 15:15:00;RUA JULIO BRAGA, 1730;, ; 1730;;;Colisão;Luz do Dia;;;Meio de Quadra;;Longo da via;0;1;0;1;1;0;0;0;0;0;0;0;0;(-38.5858166 -3.77351255);
360397;2020-08-02 14:20:00;AVENIDA SEN CARLOS JEREISSATI (AEROPORTO), 1000;, ; 1000;;;Colisão;Luz do Dia;;;Meio de Quadra;;Longo da via;0;0;2;0;2;0;0;0;0;0;0;0;0;(-38.52685 -3.783753);