COD_ACIDENTE;DATA;LOG1;LOG2;NUMERO;BAIRRO;AMC;NATUREZA;ILUMINACAO;TEMPO;SUPERFICIEPISTA;TIPOCRUZAMENTO;CONTROLETRAFEGO;USOSOLO;MORTOS;FERIDOS;ILESOS;MOTOCICLETA;AUTOMOVEL;MICROONIBUS;CAMINHAO;ONIBUS;CICLOMOTOR;BICICLETA;OUTROS;TREM;TRACAOANIMAL;COORDENADAS
360876;2020-08-02 13:53:00;RUA FRE ODILON, 1860;, ; 1860;;;Colisão;Luz do Dia;;;Meio de Quadra;;Longo da via;0;1;0;0;0;0;0;0;0;0;1;0;0;(-38.57241 -3.7348);
359708;2020-08-02 13:30:00;AVENIDA ANTONIO JUSTA, ;RUA MANUEL JESUINO, ; ;;;Colisão Transversal;Luz do Dia;Bom;Seca;T;Pare;Cruzamento;0;0;3;0;3;0;0;0;0;0;0;0;0;(-38.485048 -3.730744);
359919;2020-08-02 13:00:00;AVENIDA DEP PAULINO ROCHA, 1650;, ; 1650;;;Colisão Traseira;Luz do Dia;Bom;Seca;Meio de Quadra;Semáforo;Longo da via;0;0;2;0;2;0;0;0;0;0;0;0;0;(-38.51131703 -3.811713981);
360874;2020-08-02 12:29:00;RUA JOSE HIPOLITO, 1316;, ; 1316;;;Queda;Luz do Dia;;;Meio de Quadra;;Longo da via;0;1;0;1;0;0;0;0;0;0;0;0;0;(-38.484489 -3.8365395);
360873;2020-08-02 10:54:00;RUA CHILE, 840;, ; 840;;;Colisão;Luz do Dia;;;Meio de Quadra;;Longo da via;0;1;0;1;1;0;0;0;0;0;0;0;0;(-38.56838 -3.74924);
360872;2020-08-02 10:11:00;RUA PDE SA LEITAO, ;RUA FLORIANOPOLIS, ; ;;;Colisão;Luz do Dia;;;Cruz;Pare;Cruzamento;0;1;0;1;1;0;0;0;0;0;0;0;0;(-38.582216 -3.763456);
359918;2020-08-02 09:30:00;RUA JOAO CORDEIRO, ;RUA JOAO BRIGIDO, ; ;;;Colisão Lateral;Luz do Dia;Bom;Seca;Cruz;Semáforo;Cruzamento;0;1;0;1;1;0;0;0;0;0;0;0;0;(-38.51787 -3.739927);
360871;2020-08-02 02:23:00;AVENIDA SORIANO ALBUQUERQUE, 460;, ; 460;;;Colisão;;;;Meio de Quadra;;Longo da via;0;1;0;0;1;0;0;0;0;0;0;0;0;(-38.5163665 -3.7486565);
360870;2020-08-02 02:04:00;RUA MON HIPOLITO BRASIL, 1340;, ; 1340;;;Colisão;;;;Meio de Quadra;;Longo da via;0;1;0;0;0;0;0;0;0;0;1;0;0;(-38.58054 -3.75799);
359850;2020-08-02 01:50:00;AVENIDA AMERICO BARREIRA, ;AVENIDA CARNEIRO DE MENDONCA, ; ;;;Colisão;;;;Cruz;Semáforo;Cruzamento;0;1;0;1;1;0;0;0;0;0;0;0;0;(-38.5667168 -3.7641444);
360869;2020-08-02 01:47:00;RUA ALTO DAS PEDRINHAS, 332;, ; 332;;;Colisão;;;;Meio de Quadra;;Longo da via;0;1;0;0;0;0;0;0;0;0;1;0;0;(-38.60101 -3.74814);
360868;2020-08-02 00:48:00;AVENIDA DOS EXPEDICIONARIOS, 4479;, ; 4479;;;Colisão;;;;Meio de Quadra;;Longo da via;0;1;0;1;1;0;0;0;0;0;0;0;0;(-38.5389377 -3.75746825);
360859;2020-08-02 00:00:00;AVENIDA H CJ JOSE WALTER, 1421;, ; 1421;;;Colisão;;;;Meio de Quadra;;Longo da via;1;1;0;1;1;0;0;0;0;0;0;0;0;(-38.562008 -3.84029);
360843;2020-08-01 23:54:00;RUA J (VILA VELHA), ;RUA P CJ VILA VELHA, ; ;;;Queda;;;;;;Cruzamento;0;2;0;1;0;0;0;0;0;0;0;0;0;(-38.60554 -3.71625);
359838;2020-08-01 23:45:00;RUA VITAL BRASIL, ;RUA LUZIA MOREIRA, ; ;;;Colisão;Luz do Dia;;;Cruz;Semáforo;Cruzamento;0;1;1;0;0;0;0;1;0;1;0;0;0;(-38.593017 -3.77942);
360841;2020-08-01 23:15:00;RUA CEL VIRGILIO NOGUEIRA (BOM JARDIM), 1719;, ; 1719;;;Queda;;;;Meio de Quadra;;Longo da via;0;1;0;1;0;0;0;0;0;0;0;0;0;(-38.61168 -3.79798);
360839;2020-08-01 21:47:00;RUA EVANDRO LUZ, 195;, ; 195;;;Colisão;;;;Meio de Quadra;;Longo da via;0;1;0;1;1;0;0;0;0;0;0;0;0;(-38.57729 -3.7326);
359695;2020-08-01 21:20:00;RUA CEL DIONISIO ALENCAR, ;, ; ;;;Colisão Transversal;Mal Iluminada;Bom;Molhada;Meio de Quadra;;Longo da via;0;1;1;1;1;0;0;0;0;0;0;0;0;(0 0);
360834;2020-08-01 21:05:00;AVENIDA ODILON GUIMARAES, 3490;, ; 3490;;;Colisão;;;;Meio de Quadra;;Longo da via;0;1;0;1;1;0;0;0;0;0;0;0;0;(-38.4698822 -3.81593381);
360833;2020-08-01 20:32:00;AVENIDA FILOMENO GOMES, 430;, ; 430;;;Colisão;;;;Meio de Quadra;;Longo da via;0;1;0;0;2;0;0;0;0;0;0;0;0;(-38.54165 -3.718784);
360830;2020-08-01 20:20:00;RUA APRENDIZE MARINHEIRO, 522;, ; 522;;;Atropelamento;;;;Meio de Quadra;;Longo da via;0;2;0;1;0;0;0;0;0;0;0;0;0;(-38.5402545 -3.7182855);
360828;2020-08-01 20:10:00;AVENIDA MAE LISBOA, 4810;, ; 4810;;;Colisão;;;;Meio de Quadra;;Longo da via;0;4;0;0;2;0;0;0;0;0;0;0;0;(0 0);
359840;2020-08-01 20:10:00;AVENIDA PRS COSTA E SILVA, ;, ; ;;;Colisão;;;;Meio de Quadra;;Longo da via;0;1;0;1;1;0;0;0;0;0;0;0;0;(0 0);
360826;2020-08-01 20:08:00;RUA BRAS VIDAL, ;RUA VASCO DE ATAIDE, ; ;;;Colisão;;;;;;Cruzamento;0;1;0;0;0;0;0;0;0;0;1;0;0;(-38.48358 -3.82445);
360823;2020-08-01 19:09:00;AVENIDA BAR STUDART, 1000;, ; 1000;;;Queda;;;;Meio de Quadra;;Longo da via;0;1;0;0;0;0;0;0;0;1;0;0;0;(-38.5060371 -3.73283571);
359917;2020-08-01 18:56:00;AVENIDA PRS COSTA E SILVA, ;, ; ;;;Atropelamento;Mal Iluminada;Bom;Seca;Meio de Quadra;Não Há Controle;Longo da via;0;2;1;1;1;0;0;0;0;0;0;0;0;(-38.568455 -3.8157606);
360822;2020-08-01 18:43:00;RUA JOAQUIM NABUCO, 421;, ; 421;;;Colisão;;;;Meio de Quadra;;Longo da via;0;1;0;1;1;0;0;0;0;0;0;0;0;(-38.49939 -3.72936);
360821;2020-08-01 18:01:00;RUA 6 PQ BOATAN, ;, ; ;;;Colisão;Anoitecer;;;Meio de Quadra;;Longo da via;0;1;0;0;0;0;0;0;0;0;1;0;0;(0 0);
360820;2020-08-01 17:49:00;RUA FENELON BOMILCAR, 883;, ; 883;;;Atropelamento;Anoitecer;;;Meio de Quadra;;Longo da via;0;1;0;0;0;0;0;0;0;0;1;0;0;(-38.58653 -3.71542);
360817;2020-08-01 17:17:00;RUA TAB JOAQUIM COELHO, 10;, ; 10;;;Colisão;Anoitecer;;;Meio de Quadra;;Longo da via;0;1;0;0;0;0;0;0;0;0;1;0;0;(-38.480343 -3.79689838);
360813;2020-08-01 17:01:00;RUA JULIO BRAGA, 1176;, ; 1176;;;Colisão;Anoitecer;;;Meio de Quadra;;Longo da via;0;1;0;0;2;0;0;0;0;0;0;0;0;(-38.58179 -3.775335);
360811;2020-08-01 16:55:00;RUA JAIME BENEVOLO, ;RUA SALDANHA MARINHO, ; ;;;Colisão;Luz do Dia;;;Cruz;Semáforo;Cruzamento;0;1;0;1;1;0;0;0;0;0;0;0;0;(-38.528994 -3.743046);
360809;2020-08-01 15:55:00;AVENIDA PRS COSTA E SILVA, ;, ; ;;;Colisão;Luz do Dia;;;Meio de Quadra;;Longo da via;0;2;0;1;1;0;0;0;0;0;0;0;0;(0 0);
359845;2020-08-01 15:50:00;AVENIDA MON TABOSA, ;RUA SEN ALMINO, ; ;;;Colisão;Luz do Dia;;;Cruz;Pare;Cruzamento;0;1;1;1;1;0;0;0;0;0;0;0;0;(-38.518035 -3.723661);
360806;2020-08-01 15:19:00;RUA GAL LIMA E SILVA, 365;, ; 365;;;Colisão;Luz do Dia;;;Meio de Quadra;;Longo da via;0;1;0;1;1;0;0;0;0;0;0;0;0;(-38.51298 -3.84109);
359681;2020-08-01 15:00:00;AVENIDA SEN FERNANDES TAVORA, ;, ; ;;;Colisão Lateral;Luz do Dia;Bom;Seca;Meio de Quadra;Não Há Controle;Longo da via;0;1;1;1;1;0;0;0;0;0;0;0;0;(0 0);
359914;2020-08-01 13:58:00;AVENIDA FRE CIRILO, ;RUA INACIO VASCONCELOS, ; ;;;Choque c/ Obstáculo Fixo;Luz do Dia;Bom;Seca;Cruz;Semáforo;Cruzamento;0;0;1;0;0;0;0;0;0;0;1;0;0;(-38.499004 -3.813936);
359839;2020-08-01 13:15:00;RUA PDE MORORO, ;RUA GUILHERME ROCHA, ; ;;;Colisão;Luz do Dia;;;Cruz;Semáforo;Cruzamento;0;1;1;1;0;1;0;0;0;0;0;0;0;(-38.537045 -3.724033);
359916;2020-08-01 12:25:00;AVENIDA DIOGUINHO, ;RUA PRO MOZART SOLON, ; ;;;Choque c/ Obstáculo Fixo;Luz do Dia;Bom;Seca;Cruz;Pare;Cruzamento;1;1;0;1;0;0;0;0;0;0;0;0;0;(-38.455185 -3.73821);
360805;2020-08-01 11:44:00;RUA ESTEVAO DE CAMPOS, ;RUA SEN ROBERT KENNEDY, ; ;;;Colisão;Luz do Dia;;;Cruz;Pare;Cruzamento;0;1;0;1;1;0;0;0;0;0;0;0;0;(-38.579516 -3.705131);
360804;2020-08-01 11:23:00;RUA JULIO ABREU, ;RUA DELMIRO GOUVEIA, ; ;;;Colisão;Luz do Dia;;;Cruz;Pare;Cruzamento;0;1;0;1;1;0;0;0;0;0;0;0;0;(-38.488072 -3.7359);
359912;2020-08-01 11:20:00;RUA FREDERICO BORGES, ;RUA MARIA TOMASIA, ; ;;;Colisão Transversal;Luz do Dia;Bom;Seca;Cruz;Pare;Cruzamento;0;1;1;1;1;0;0;0;0;0;0;0;0;(-38.489033 -3.738138);
360803;2020-08-01 11:03:00;AVENIDA AREIA BRANCA, 58;, ; 58;;;Colisão;Luz do Dia;;;Meio de Quadra;;Longo da via;0;1;0;1;1;0;0;0;0;0;0;0;0;(-38.47322 -3.7281);
360800;2020-08-01 11:02:00;RUA BRAGANCA, ;RUA JOSE ABILIO, ; ;;;Colisão;Luz do Dia;;;Cruz;Pare;Cruzamento;0;1;0;1;1;0;0;0;0;0;0;0;0;(-38.59758 -3.7841544);
360799;2020-08-01 10:58:00;RUA ALM RUBIM, 1400;, ; 1400;;;Colisão;Luz do Dia;;;Meio de Quadra;;Longo da via;0;1;0;0;0;0;0;0;0;0;1;0;0;(-38.5562226 -3.7697143);
359913;2020-08-01 10:44:00;AVENIDA PRS COSTA E SILVA, 4241;, ; 4241;;;Colisão Traseira;Luz do Dia;Bom;Seca;Meio de Quadra;Semáforo;Longo da via;0;1;1;1;1;0;0;0;0;0;0;0;0;(-38.542294 -3.825014);
360798;2020-08-01 10:13:00;RD CE-025, ;, ; ;;;Queda;Luz do Dia;;;Meio de Quadra;;Longo da via;0;1;0;1;0;0;0;0;0;0;0;0;0;(0 0);
360797;2020-08-01 10:11:00;AVENIDA CASTELO DE CASTRO, 416;, ; 416;;;Colisão;Luz do Dia;;;Meio de Quadra;;Longo da via;0;1;0;1;1;0;0;0;0;0;0;0;0;(-38.521549 -3.8327672);
360796;2020-08-01 09:37:00;RUA RIO GRANDE DO SUL, ;RUA MARIO DE ANDRADE, ; ;;;Atropelamento;Luz do Dia;;;Cruz;Pare;Cruzamento;0;2;0;0;1;0;0;0;0;0;0;0;0;(-38.56197 -3.75077);
359911;2020-08-01 08:47:00;RUA ROMEU MARTINS, ;RUA ALM RUBIM, ; ;;;Colisão Lateral;Luz do Dia;Bom;Seca;Cruz;Pare;Cruzamento;0;1;0;1;1;0;0;0;0;0;0;0;0;(-38.55398 -3.76538);
360774;2020-08-01 08:46:00;AVENIDA ANTONIO SALES, ;, ; ;;;Queda;Luz do Dia;;;Meio de Quadra;;Longo da via;0;1;0;1;0;0;0;0;0;0;0;0;0;(0 0);
360765;2020-08-01 07:27:00;RUA EMILIO DE MENESES, 957;, ; 957;;;Atropelamento;Luz do Dia;;;Meio de Quadra;;Longo da via;0;1;1;1;0;0;0;0;0;0;0;0;0;(-38.5902263 -3.78095392);
360764;2020-08-01 01:33:00;RUA ARY LOBO D71, 1550;, ; 1550;;;Atropelamento;;;;Meio de Quadra;;Longo da via;0;1;0;0;1;0;0;0;0;0;0;0;0;(0 0);
360358;2020-07-31 23:21:00;RUA BERNARDO MANUEL, ;, ; ;;;Colisão;;;;Meio de Quadra;;Longo da via;0;2;0;0;0;0;0;0;0;0;0;0;0;(0 0);
360357;2020-07-31 22:38:00;RD BR 116, 8000;, ; 8000;;;Colisão;;;;Meio de Quadra;;Longo da via;0;1;1;1;1;0;0;0;0;0;0;0;0;(-38.503269 -3.822018);
360356;2020-07-31 22:32:00;RUA OLIMPIO NORONHA, 614;, ; 614;;;Atropelamento;;;;Meio de Quadra;;Longo da via;0;1;1;1;0;0;0;0;0;0;0;0;0;(-38.56282 -3.81117);
360355;2020-07-31 22:19:00;RUA CON DE CASTRO, 2431;, ; 2431;;;Colisão;;;;Meio de Quadra;;Longo da via;0;1;1;1;1;0;0;0;0;0;0;0;0;(-38.5790202 -3.79104062);
358804;2020-07-31 21:30:00;RD BR 222, 5888;, ; 5888;;;Tombamento;;;;Meio de Quadra;;Longo da via;0;1;1;0;1;0;0;0;0;1;0;0;0;(-38.59594097 -3.740300848);
358487;2020-07-31 21:10:00;RUA BORIS, 537;, ; 537;;;Colisão;Anoitecer;Bom;Seca;Meio de Quadra;Não Há Controle;Longo da via;0;1;1;1;0;0;0;1;0;0;0;0;0;(0 0);
360353;2020-07-31 20:59:00;RUA SUECIA, 1129;, ; 1129;;;Colisão;;;;Meio de Quadra;;Longo da via;0;1;1;2;0;0;0;0;0;0;0;0;0;(-38.55663 -3.78475);
360351;2020-07-31 20:55:00;RUA PARAGUACU D45, 251;, ; 251;;;Colisão;;;;Meio de Quadra;;Longo da via;0;2;0;0;0;0;0;0;0;0;0;0;0;(0 0);
360350;2020-07-31 20:51:00;AVENIDA AGUANAMBI, ;, ; ;;;Colisão;;;;Meio de Quadra;;Longo da via;0;1;1;0;1;0;0;0;0;1;0;0;0;(0 0);
360349;2020-07-31 20:20:00;AVENIDA GOV RAUL BARBOSA, ;RUA FLORO BARTOLOMEU, ; ;;;Colisão;;;;Meio de Quadra;Não Há Controle;Cruzamento;0;1;1;2;0;0;0;0;0;0;0;0;0;(-38.504629 -3.759723);
360348;2020-07-31 20:04:00;RUA BAR AQUIRAZ, ;, ; ;;;Colisão;;;;Meio de Quadra;;Longo da via;0;1;1;0;1;0;0;0;0;1;0;0;0;(0 0);
360347;2020-07-31 18:32:00;AVENIDA JOSE BASTOS, ;RUA CEARA, ; ;;;Queda;;;;Cruz;Semáforo;Cruzamento;0;1;0;0;0;0;0;0;0;1;0;0;0;(-38.564112 -3.760008);
360343;2020-07-31 17:25:00;RUA EUCLIDES PAULINO BARROSO, 695;, ; 695;;;Colisão;Anoitecer;;;Meio de Quadra;;Longo da via;0;2;0;0;0;0;0;0;0;0;0;0;0;(-38.6105 -3.81987);
360342;2020-07-31 16:47:00;AVENIDA DOS EXPEDICIONARIOS, ;AVENIDA EDUARDO GIRAO, ; ;;;Colisão;Luz do Dia;;;Cruz;Semáforo;Cruzamento;0;2;0;0;0;0;0;0;0;0;0;0;0;(-38.536849 -3.750712);
360341;2020-07-31 16:43:00;AVENIDA SGT HERMINIO SAMPAIO, 13;, ; 13;;;Atropelamento;Luz do Dia;;;Meio de Quadra;;Longo da via;0;1;1;1;0;0;0;0;0;0;0;0;0;(0 0);
358803;2020-07-31 16:15:00;RD BR 020, ;, ; ;;;Colisão Traseira;Luz do Dia;;;Meio de Quadra;;Longo da via;0;1;1;1;1;0;0;0;0;0;0;0;0;(-38.508333 -3.868769);
358486;2020-07-31 16:08:00;RUA JOAO BRIGIDO, ;RUA DNA LEOPOLDINA, ; ;;;Colisão Transversal;Luz do Dia;Bom;Seca;Cruz;Semáforo;Cruzamento;1;0;1;1;0;0;0;1;0;0;0;0;0;(-38.522203 -3.738646);
360339;2020-07-31 16:00:00;AVENIDA F CJ JOSE WALTER, ;AVENIDA L CJ JOSE WALTER, ; ;;;Colisão;Luz do Dia;;;Rotatória;Dê Preferência;Cruzamento;0;2;1;1;1;0;0;0;0;0;0;0;0;(-38.558805 -3.835328);
360338;2020-07-31 15:48:00;AVENIDA ALM HENRIQUE SABOIA, ;, ; ;;;Colisão;Luz do Dia;;;Meio de Quadra;;Longo da via;0;1;1;1;1;0;0;0;0;0;0;0;0;(0 0);
360337;2020-07-31 15:41:00;RUA PINTO MADEIRA, ;RUA JOAO CORDEIRO, ; ;;;Queda;Luz do Dia;;;Cruz;Semáforo;Cruzamento;0;1;0;1;0;0;0;0;0;0;0;0;0;(-38.515428 -3.73296);
360336;2020-07-31 15:34:00;RUA MANUEL JESUINO, 822;, ; 822;;;Colisão;Luz do Dia;;;Meio de Quadra;;Longo da via;0;1;1;1;0;0;1;0;0;0;0;0;0;(-38.4849507 -3.73280333);
360335;2020-07-31 15:19:00;RUA PEDRO PEREIRA, ;, ; ;;;Colisão;Luz do Dia;;;Meio de Quadra;;Longo da via;0;1;1;1;1;0;0;0;0;0;0;0;0;(0 0);
358484;2020-07-31 14:26:00;RUA JOAO BRIGIDO, ;RUA ANTONIO AUGUSTO, ; ;;;Colisão Transversal;Luz do Dia;Bom;Seca;Cruz;Pare;Cruzamento;0;0;2;0;2;0;0;0;0;0;0;0;0;(-38.516813 -3.740279);
360327;2020-07-31 14:05:00;AVENIDA JOSE BASTOS, 3778;, ; 3778;;;Colisão;Luz do Dia;;;Meio de Quadra;;Longo da via;0;2;1;1;1;0;0;0;0;0;0;0;0;(-38.551618 -3.7511595);
360326;2020-07-31 13:20:00;RUA PROF. MANOEL LOURENCO, ;, ; ;;;Colisão;Luz do Dia;;;Meio de Quadra;;Longo da via;0;1;1;1;1;0;0;0;0;0;0;0;0;(0 0);
359492;2020-07-31 13:00:00;RD CE-040, ;, ; ;;;Colisão;Luz do Dia;;Seca;Meio de Quadra;;Longo da via;0;2;0;0;2;0;0;0;0;0;0;0;0;(-38.48303286 -3.817159445);
358802;2020-07-31 12:45:00;RD BR 116, 12000;, ; 12000;;;Colisão Traseira;Luz do Dia;;;Meio de Quadra;;Longo da via;0;0;1;0;1;0;0;0;0;0;0;0;0;(-38.496066 -3.85574);
360325;2020-07-31 11:49:00;AVENIDA VIS RIO BRANCO, ;RUA PAULO FIRMEZA, ; ;;;Colisão;Luz do Dia;;;T;Não Há Controle;Cruzamento;0;1;1;1;1;0;0;0;0;0;0;0;0;(-38.519684 -3.757629);
363786;2020-07-31 11:30:00;RUA 1125 CJ CEARA, 126;, ; 126;;;Atropelamento;Luz do Dia;;;Meio de Quadra;;Longo da via;1;1;0;0;1;0;0;0;0;0;0;0;0;(-38.6122342 -3.76151864);
359722;2020-07-31 11:18:00;RUA FRE ODILON, ;RUA LICURGO MONTENEGRO, ; ;;;Colisão;Luz do Dia;;;T;Não Há Controle;Cruzamento;0;1;1;1;1;0;0;0;0;0;0;0;0;(-38.572366 -3.735009);
360324;2020-07-31 10:01:00;AVENIDA DOS EXPEDICIONARIOS, ;RUA PDE AMBROSIO MACHADO, ; ;;;Colisão;Luz do Dia;;;Cruz;Pare;Cruzamento;0;1;1;1;1;0;0;0;0;0;0;0;0;(-38.539946 -3.760838);
359720;2020-07-31 09:20:00;AVENIDA LAURO VIEIRA CHAVES, ;, ; ;;;Colisão;Luz do Dia;;;Meio de Quadra;;Longo da via;0;1;1;1;1;0;0;0;0;0;0;0;0;(0 0);
360323;2020-07-31 09:16:00;RUA ROSINHA SAMPAIO, ;AVENIDA MOZART PINHEIRO DE LUCENA, ; ;;;Colisão;Luz do Dia;;;Cruz;Pare;Cruzamento;0;1;1;1;1;0;0;0;0;0;0;0;0;(-38.597432 -3.724211);
360322;2020-07-31 08:53:00;AVENIDA AGUANAMBI, ;, ; ;;;Colisão;Luz do Dia;;;Meio de Quadra;;Longo da via;0;1;1;1;1;0;0;0;0;0;0;0;0;(0 0);
358801;2020-07-31 08:33:00;RD BR 116, 8000;, ; 8000;;;Colisão Traseira;Luz do Dia;;;Meio de Quadra;;Longo da via;0;2;1;1;1;0;0;0;0;0;0;0;0;(-38.503269 -3.822018);
358800;2020-07-31 07:40:00;RD BR 116, 8000;, ; 8000;;;Colisão Traseira;Luz do Dia;;;Meio de Quadra;;Longo da via;0;2;1;1;1;0;0;0;0;0;0;0;0;(-38.503269 -3.822018);
358799;2020-07-31 07:30:00;RD BR 116, 6000;, ; 6000;;;Colisão;Luz do Dia;;;Meio de Quadra;;Longo da via;0;3;0;2;0;0;0;0;0;0;0;0;0;(-38.503053 -3.804691);
360319;2020-07-31 07:03:00;AVENIDA PRS COSTA E SILVA, ;, ; ;;;Colisão;Luz do Dia;;;Meio de Quadra;;Longo da via;0;1;1;1;1;0;0;0;0;0;0;0;0;(0 0);
358798;2020-07-31 02:55:00;RD BR 116, 3000;, ; 3000;;;Colisão Traseira;;;;Meio de Quadra;;Longo da via;0;2;2;0;2;0;0;0;0;0;0;0;0;(-38.514372 -3.779838);
360374;2020-07-30 21:50:00;RUA COS LAFAYETE, 1173;, ; 1173;;;Colisão;;;;Meio de Quadra;;Longo da via;0;2;0;0;0;0;0;0;0;0;0;0;0;(0 0);
360373;2020-07-30 21:11:00;RUA SEN ROBERT KENNEDY, 201;, ; 201;;;Atropelamento;;;;Meio de Quadra;;Longo da via;0;1;1;1;0;0;0;0;0;0;0;0;0;(-38.577846 -3.701582);
360372;2020-07-30 18:30:00;RUA RECANTO VERDE, 2110;, ; 2110;;;Colisão;Anoitecer;;;Meio de Quadra;;Longo da via;0;1;1;1;1;0;0;0;0;0;0;0;0;(-38.5148026 -3.84650247);
360371;2020-07-30 17:58:00;AVENIDA ALBERTO CRAVEIRO, ;, ; ;;;Queda;Anoitecer;;;Meio de Quadra;;Longo da via;0;1;0;1;0;0;0;0;0;0;0;0;0;(0 0);
358485;2020-07-30 17:37:00;RUA PDE VALDEVINO, ;RUA ANTONIO AUGUSTO, ; ;;;Capotamento;Luz do Dia;Bom;Seca;Cruz;Pare;Cruzamento;0;2;0;0;2;0;0;0;0;0;0;0;0;(-38.516489 -3.739239);
360370;2020-07-30 17:14:00;AVENIDA DOM LUIS, 1200;, ; 1200;;;Atropelamento;Anoitecer;;;Meio de Quadra;;Longo da via;0;1;1;0;1;0;0;0;0;0;0;0;0;(-38.490579 -3.735452);
360369;2020-07-30 16:24:00;RUA NOVA JERUSALEM, 190;, ; 190;;;Queda;Luz do Dia;;;Meio de Quadra;;Longo da via;0;1;0;1;0;0;0;0;0;0;0;0;0;(-38.59536 -3.76342);
360368;2020-07-30 15:36:00;RUA PRO EDGAR DE ARRUDA, ;RUA MANAUS, ; ;;;Colisão;Luz do Dia;;;Cruz;Pare;Cruzamento;0;1;1;1;1;0;0;0;0;0;0;0;0;(-38.591676 -3.754542);
358481;2020-07-30 15:03:00;RUA CAPRICHO, ;RUA PEDRO DANTAS, ; ;;;Colisão Lateral;Luz do Dia;Bom;Seca;T;Pare;Cruzamento;0;1;1;1;0;0;0;1;0;0;0;0;0;(-38.524906 -3.785382);
359723;2020-07-30 13:22:00;RUA GONCALVES LEDO, ;RUA JOAO BRIGIDO, ; ;;;Colisão;Luz do Dia;;;Cruz;Pare;Cruzamento;0;1;1;1;1;0;0;0;0;0;0;0;0;(-38.518955 -3.739611);
360366;2020-07-30 13:18:00;RUA D CJ ITAPERI, 978;, ; 978;;;Colisão;Luz do Dia;;;Meio de Quadra;;Longo da via;0;1;1;1;1;0;0;0;0;0;0;0;0;(0 0);
358482;2020-07-30 11:08:00;AVENIDA JOAO PESSOA, ;RUA JOAO SORONGO, ; ;;;Colisão Transversal;Luz do Dia;Bom;Seca;Cruz;Pare;Cruzamento;0;1;1;0;1;0;0;1;0;0;0;0;0;(-38.546069 -3.748663);
360364;2020-07-30 09:24:00;AVENIDA RUI BARBOSA, 4230;, ; 4230;;;Colisão;Luz do Dia;;;Meio de Quadra;;Longo da via;0;1;1;1;1;0;0;0;0;0;0;0;0;(0 0);
358480;2020-07-30 08:40:00;RUA LEONARDO MOTA, ;RUA PRO FRANCISCO GONCALVES, ; ;;;Colisão Transversal;Luz do Dia;Bom;Seca;Cruz;Pare;Cruzamento;0;1;1;1;1;0;0;0;0;0;0;0;0;(-38.499748 -3.747308);
358478;2020-07-30 07:37:00;AVENIDA LINEU MACHADO, ;RUA PRO EDGAR DE ARRUDA, ; ;;;Colisão Traseira;Luz do Dia;Bom;Seca;Cruz;Semáforo;Cruzamento;0;1;1;1;1;0;0;0;0;0;0;0;0;(-38.57548 -3.763209);
358483;2020-07-30 07:18:00;AVENIDA SGT HERMINIO SAMPAIO, ;RUA DR GILBERTO CAMARA, ; ;;;Colisão Transversal;Luz do Dia;Bom;Seca;Cruz;Pare;Cruzamento;0;1;1;1;1;0;0;0;0;0;0;0;0;(-38.562028 -3.726645);
358477;2020-07-30 07:13:00;RUA BARBACENA D68, ;RUA BOLEVAR, ; ;;;Choque c/ Obstáculo Fixo;Luz do Dia;Outros;Molhada;T;Não Há Controle;Cruzamento;0;1;0;0;1;0;0;0;0;0;0;0;0;(-38.55453 -3.81365);
360363;2020-07-30 06:54:00;AVENIDA BEIRA MAR, 3430;, ; 3430;;;Queda;Luz do Dia;;;Meio de Quadra;;Longo da via;0;1;0;0;0;0;0;0;0;1;0;0;0;(-38.4903835 -3.724736);
360362;2020-07-30 02:04:00;RUA RAIMUNDO MAIA, 346;, ; 346;;;Colisão;;;;Meio de Quadra;;Longo da via;0;1;1;1;1;0;0;0;0;0;0;0;0;(-38.56079 -3.8149);
360361;2020-07-30 01:04:00;AVENIDA JOSE LEON, 472;, ; 472;;;Atropelamento;;;;Meio de Quadra;;Longo da via;0;2;0;0;0;0;0;0;0;0;0;0;0;(-38.50725 -3.786675);
361785;2020-07-29 21:45:00;RUA JOAQUIM LEITAO, 750;, ; 750;;;Atropelamento;Luz do Dia;;;Meio de Quadra;;Longo da via;1;0;1;1;1;0;0;0;0;0;0;0;0;(-38.59211 -3.7445);
358476;2020-07-29 19:16:00;RUA ANA FACO, ;RUA CRUZEIRO DO SUL, ; ;;;Não informado;Via Iluminada;Bom;Seca;Cruz;Pare;Cruzamento;0;1;1;1;1;0;0;0;0;0;0;0;0;(-38.562314 -3.714368);
359724;2020-07-29 15:17:00;AVENIDA PRS CASTELO BRANCO, ;, ; ;;;Colisão;Luz do Dia;;;Meio de Quadra;;Longo da via;0;1;1;2;0;0;0;0;0;0;0;0;0;(0 0);
359727;2020-07-29 11:00:00;AVENIDA SEN CARLOS JEREISSATI (AEROPORTO), ;AVENIDA ALBERTO CRAVEIRO, ; ;;;Colisão;Luz do Dia;;;Y;Semáforo Intermitente;Cruzamento;0;2;0;0;0;0;0;0;0;0;0;0;0;(-38.516874 -3.783767);
359490;2020-07-29 10:55:00;RD CE-040, ;, ; ;;;Engavetamento;Luz do Dia;;Seca;Meio de Quadra;;Longo da via;0;2;0;1;1;0;0;0;0;0;0;0;0;(-38.48033084 -3.791613156);
358474;2020-07-29 09:41:00;RUA ANA FACO, ;RUA CRUZEIRO DO SUL, ; ;;;Colisão;Luz do Dia;Bom;Seca;Cruz;Pare;Cruzamento;0;1;1;1;1;0;0;0;0;0;0;0;0;(-38.562314 -3.714368);