COD_ACIDENTE;DATA;LOG1;LOG2;NUMERO;BAIRRO;AMC;NATUREZA;ILUMINACAO;TEMPO;SUPERFICIEPISTA;TIPOCRUZAMENTO;CONTROLETRAFEGO;USOSOLO;MORTOS;FERIDOS;ILESOS;MOTOCICLETA;AUTOMOVEL;MICROONIBUS;CAMINHAO;ONIBUS;CICLOMOTOR;BICICLETA;OUTROS;TREM;TRACAOANIMAL;COORDENADAS
358479;2020-07-29 09:30:00;AVENIDA JOAO PESSOA, ;RUA JOAO SORONGO, ; ;;;Colisão Transversal;Luz do Dia;Bom;Seca;Cruz;Pare;Cruzamento;0;0;2;0;1;1;0;0;0;0;0;0;0;(-38.546069 -3.748663);
359487;2020-07-29 06:20:00;AVENIDA SEN CARLOS JEREISSATI (AEROPORTO), ;, ; ;;;Colisão;Luz do Dia;;Seca;Meio de Quadra;;Longo da via;0;3;0;1;1;0;0;0;0;0;0;0;0;(-38.52685 -3.783753);
358473;2020-07-28 19:10:00;RUA 15 DE NOVEMBRO, 786;, ; 786;;;Colisão Transversal;Via Iluminada;Bom;Seca;Cruz;Pare;Longo da via;0;2;0;0;1;0;0;0;0;0;0;0;0;(-38.553169 -3.769909);
358472;2020-07-28 13:00:00;AVENIDA ALBERTO CRAVEIRO, 786;, ; 786;;;Choque c/ Obstáculo Fixo;Luz do Dia;Bom;Seca;Meio de Quadra;Não Há Controle;Longo da via;0;0;1;0;0;0;0;0;0;0;0;0;0;(-38.517056 -3.7851496);
358471;2020-07-28 09:51:00;RUA PIN ANTONIO BANDEIRA, 1660;, ; 1660;;;Não informado;Luz do Dia;Bom;Seca;Cruz;Pare;Longo da via;0;2;0;1;1;0;0;0;0;0;0;0;0;(-38.45891 -3.73485);
361956;2020-07-27 19:41:00;AVENIDA PAROARAS, 479;, ; 479;;;Colisão;;;;;;Longo da via;0;1;0;1;1;0;0;0;0;0;0;0;0;(-38.539235 -3.81036126);
358469;2020-07-27 19:24:00;RUA TIBURCIO CAVALCANTE, ;RUA EDUARDO BEZERRA, ; ;;;Colisão Transversal;Via Iluminada;Bom;Seca;Cruz;Pare;Cruzamento;0;2;0;1;1;0;0;0;0;0;0;0;0;(-38.508145 -3.753329);
361955;2020-07-27 19:06:00;AVENIDA IMPERADOR, 853;, ; 853;;;Colisão;;;;Meio de Quadra;;Longo da via;0;2;0;1;1;0;0;0;0;0;0;0;0;(-38.5349325 -3.72881299);
361950;2020-07-27 18:54:00;RUA PDE MORORO, 601;, ; 601;;;Colisão;;;;Meio de Quadra;;Longo da via;0;2;0;0;1;0;0;0;0;1;0;0;0;(-38.53622 -3.72217);
361948;2020-07-27 18:35:00;AVENIDA JOSE BASTOS, 690;, ; 690;;;Colisão;;;;Meio de Quadra;;Longo da via;0;2;0;2;0;0;0;0;0;0;0;0;0;(0 0);
358470;2020-07-27 18:30:00;RUA PDE MORORO, ;RUA SEN ALENCAR, ; ;;;Colisão Transversal;Via Iluminada;Bom;Seca;Cruz;Pare;Cruzamento;0;1;1;0;0;0;0;1;0;0;0;0;0;(-38.536475 -3.72216);
359728;2020-07-27 18:05:00;RUA ARISTOBULO QUEVEDO, 195;, ; 195;;;Colisão;Anoitecer;;;Meio de Quadra;;Longo da via;0;0;2;0;1;0;1;0;0;0;0;0;0;(-38.573112 -3.8030171);
361947;2020-07-27 18:04:00;AVENIDA ABOLICAO, ;, ; ;;;Colisão;Anoitecer;;;Meio de Quadra;;Longo da via;0;2;0;0;0;0;0;0;0;0;0;0;0;(0 0);
363784;2020-07-27 18:00:00;AVENIDA VICENTE DE CASTRO, 5301;, ; 5301;;;Colisão;Anoitecer;;;Meio de Quadra;;Longo da via;1;1;0;1;0;0;1;0;0;0;0;0;0;(-38.47517813 -3.718825523);
361946;2020-07-27 17:22:00;AVENIDA SGT HERMINIO SAMPAIO, 1846;, ; 1846;;;Atropelamento;Anoitecer;;;Meio de Quadra;;Longo da via;0;2;0;1;0;0;0;0;0;0;0;0;0;(-38.557016 -3.725727);
361945;2020-07-27 17:11:00;RUA ANTONIO ARRUDA, 518;, ; 518;;;Colisão;Anoitecer;;;Meio de Quadra;;Longo da via;0;2;0;2;0;0;0;0;0;0;0;0;0;(-38.59158 -3.71192);
358468;2020-07-27 16:55:00;AVENIDA JOAO DE ARAUJO LIMA, ;AVENIDA G CJ JOSE WALTER, ; ;;;Colisão Lateral;Luz do Dia;Bom;Seca;T;Semáforo;Cruzamento;0;1;1;1;0;0;0;0;0;0;0;0;0;(-38.561487 -3.837034);
361944;2020-07-27 16:15:00;RUA LUIS VIEIRA, 1048;, ; 1048;;;Atropelamento;Luz do Dia;;;Meio de Quadra;;Longo da via;0;2;0;0;1;0;0;0;0;0;0;0;0;(-38.5892933 -3.7891894);
361943;2020-07-27 15:53:00;AVENIDA MR HULL, 38;, ; 38;;;Queda;Luz do Dia;;;Meio de Quadra;;Longo da via;0;2;0;1;0;0;0;0;0;0;0;0;0;(-38.56955 -3.7366);
361942;2020-07-27 15:23:00;AVENIDA JOAO PESSOA, 6287;, ; 6287;;;Colisão;Luz do Dia;;;Meio de Quadra;;Longo da via;0;2;0;1;1;0;0;0;0;0;0;0;0;(-38.559014 -3.765308);
359482;2020-07-27 14:50:00;AVENIDA MIN JOSE AMERICO, ;, ; ;;;Colisão;Luz do Dia;;Seca;Meio de Quadra;;Longo da via;0;2;0;0;1;0;1;0;0;0;0;0;0;(0 0);
359484;2020-07-27 14:42:00;RD CE-040, ;, ; ;;;Queda;Luz do Dia;;Seca;Meio de Quadra;;Longo da via;0;1;0;1;0;0;0;0;0;0;0;0;0;(-38.47873348 -3.809596804);
358467;2020-07-27 14:25:00;AVENIDA JOAO PESSOA, 6302;, ; 6302;;;Colisão Lateral;Luz do Dia;Bom;Seca;Meio de Quadra;Não Há Controle;Longo da via;0;1;1;1;1;0;0;0;0;0;0;0;0;(-38.559092 -3.765499);
361940;2020-07-27 13:11:00;AVENIDA JOAO DE ARAUJO LIMA, ;AVENIDA C CJ JOSE WALTER, ; ;;;Colisão;Luz do Dia;;;Outros;Semáforo;Cruzamento;0;2;0;0;2;0;0;0;0;0;0;0;0;(-38.559368 -3.827604);
358465;2020-07-27 13:00:00;RUA CARLOS GOMES, ;RUA JAIME BENEVOLO, ; ;;;Colisão Transversal;Luz do Dia;Bom;Seca;Cruz;Pare;Cruzamento;0;1;1;0;2;0;0;0;0;0;0;0;0;(-38.528298 -3.740955);
361939;2020-07-27 12:24:00;RUA VICENTE PADILHA, 110;, ; 110;;;Queda;Luz do Dia;;;Meio de Quadra;;Longo da via;0;1;0;1;0;0;0;0;0;0;0;0;0;(-38.537202 -3.76423219);
358464;2020-07-27 11:31:00;RUA MANUEL ARRUDA, 90;, ; 90;;;Choque c/ Obstáculo Fixo;Luz do Dia;Bom;Seca;Meio de Quadra;Não Há Controle;Longo da via;0;3;0;0;0;0;0;0;0;0;1;0;0;(-38.5048303 -3.82873416);
358462;2020-07-27 11:15:00;RUA IEDA PEREIRA, ;RUA VER PEDRO PAULO MOREIRA, ; ;;;Colisão Transversal;Luz do Dia;Bom;Molhada;Cruz;Pare;Cruzamento;0;1;1;1;1;0;0;0;0;0;0;0;0;(-38.488151 -3.78707);
361938;2020-07-27 11:10:00;AVENIDA AUGUSTO DOS ANJOS, 1599;, ; 1599;;;Colisão;Luz do Dia;;;Meio de Quadra;;Longo da via;0;2;0;1;1;0;0;0;0;0;0;0;0;(-38.579407 -3.780445);
361819;2020-07-27 11:09:00;AVENIDA DOM LUIS, 816;, ; 816;;;Colisão;Luz do Dia;;;Meio de Quadra;;Longo da via;0;2;0;1;1;0;0;0;0;0;0;0;0;(-38.4941199 -3.73431076);
358466;2020-07-27 11:00:00;AVENIDA AUGUSTO DOS ANJOS, ;, ; ;;;Colisão Transversal;Luz do Dia;Bom;Seca;Meio de Quadra;Pare;Longo da via;0;1;2;1;2;0;0;0;0;0;0;0;0;(-38.57926 -3.780272);
361816;2020-07-27 10:40:00;RUA VER PEDRO PAULO MOREIRA, 832;, ; 832;;;Colisão;Luz do Dia;;;Meio de Quadra;;Longo da via;0;2;0;1;1;0;0;0;0;0;0;0;0;(-38.4879271 -3.7871);
358461;2020-07-27 09:00:00;RUA PDE PERDIGAO SAMPAIO, 374;, ; 374;;;Colisão Lateral;Luz do Dia;Bom;Seca;Meio de Quadra;Semáforo;Longo da via;0;0;2;0;1;0;0;0;0;0;0;0;0;(-38.594731 -3.739421);
358459;2020-07-27 08:54:00;AVENIDA JOSE BASTOS, 3030;, ; 3030;;;Colisão Lateral;Luz do Dia;Bom;Seca;Meio de Quadra;Não Há Controle;Longo da via;0;2;0;1;0;0;0;0;0;0;0;0;0;(-38.5472955 -3.746855);
361760;2020-07-27 08:20:00;AVENIDA BORGES DE MELO, ;AVENIDA LUCIANO CARNEIRO, ; ;;;Colisão;Luz do Dia;;;Cruz;Semáforo;Cruzamento;0;2;0;1;1;0;0;0;0;0;0;0;0;(-38.534097 -3.756465);
358463;2020-07-27 07:45:00;AVENIDA JOSE BASTOS, ;RUA PRO COSTA MENDES, ; ;;;Atropelamento;Luz do Dia;Bom;Seca;Meio de Quadra;Não Há Controle;Cruzamento;0;2;0;1;0;0;0;0;0;0;0;0;0;(-38.551247 -3.750784);
361692;2020-07-27 07:33:00;AVENIDA JOSE BASTOS, ;, ; ;;;Colisão;Luz do Dia;;;Meio de Quadra;;Longo da via;0;1;0;0;0;0;0;0;0;0;0;0;0;(0 0);
358460;2020-07-27 07:30:00;AVENIDA LUCIANO CARNEIRO, ;AVENIDA BORGES DE MELO, ; ;;;Colisão Transversal;Luz do Dia;Bom;Seca;Cruz;Semáforo;Cruzamento;0;2;0;2;0;0;0;0;0;0;0;0;0;(-38.534097 -3.756465);
361688;2020-07-27 06:47:00;RUA URUCUTUBA, 1268;, ; 1268;;;Queda;Luz do Dia;;;Meio de Quadra;;Longo da via;0;1;0;1;0;0;0;0;0;0;0;0;0;(-38.606024 -3.797309);
358458;2020-07-27 05:32:00;AVENIDA ROGACIANO LEITE, ;, ; ;;;Choque c/ Obstáculo Fixo;Amanhecer;Bom;Seca;Meio de Quadra;Semáforo;Longo da via;0;1;0;0;1;0;0;0;0;0;0;0;0;(-38.49875 -3.7725487);
358475;2020-07-27 03:40:00;AVENIDA DUQ CAXIAS, 950;, ; 950;;;Choque c/ Obstáculo Fixo;Luz do Dia;Bom;Seca;Meio de Quadra;Não Há Controle;Longo da via;0;1;3;0;1;0;0;0;0;0;0;0;0;(-38.5329408 -3.73080141);
358797;2020-07-27 00:00:00;RD BR 020, ;, ; ;;;Tombamento;;;;Meio de Quadra;;Longo da via;0;0;1;0;0;0;1;0;0;0;0;0;0;(-38.524 -3.863);
361681;2020-07-26 22:46:00;TRAVESSA STA INES D20, 98;, ; 98;;;Queda;;;;Meio de Quadra;;Longo da via;0;1;0;0;0;0;0;0;0;1;0;0;0;(0 0);
361679;2020-07-26 22:02:00;AVENIDA MAE LISBOA, 800;, ; 800;;;Colisão;;;;Meio de Quadra;;Longo da via;0;2;0;1;1;0;0;0;0;0;0;0;0;(-38.474739 -3.807878);
361677;2020-07-26 21:52:00;AVENIDA GAL OSORIO DE PAIVA, 7051;, ; 7051;;;Colisão;;;;Meio de Quadra;;Longo da via;0;2;0;1;1;0;0;0;0;0;0;0;0;(-38.6128536 -3.8158455);
359479;2020-07-26 21:45:00;RD CE-025, ;, ; ;;;Colisão;;;Seca;Meio de Quadra;;Longo da via;0;2;1;1;1;0;0;0;0;0;0;0;0;(-38.4700486 -3.807811443);
361641;2020-07-26 21:29:00;RUA OSCAR ARARIPE, 3215;, ; 3215;;;Atropelamento;;;;Meio de Quadra;;Longo da via;0;2;0;1;0;0;0;0;0;0;0;0;0;(-38.6194459 -3.784862);
361639;2020-07-26 19:26:00;AVENIDA DR SILAS MUNGUBA, 3490;, ; 3490;;;Colisão;;;;Meio de Quadra;;Longo da via;0;2;0;1;1;0;0;0;0;0;0;0;0;(-38.542143 -3.789758);
361637;2020-07-26 19:24:00;RUA CEL FABRICIANO, 654;, ; 654;;;Colisão;;;;Meio de Quadra;;Longo da via;0;2;0;1;1;0;0;0;0;0;0;0;0;(-38.5965415 -3.78600886);
361626;2020-07-26 19:20:00;AVENIDA JOSE JATAHY, 517;, ; 517;;;Queda;;;;Meio de Quadra;;Longo da via;0;1;0;1;0;0;0;0;0;0;0;0;0;(-38.54576 -3.72534);
361617;2020-07-26 18:55:00;RUA PLANALTINA (PL AYRTON SENNA), 1470;, ; 1470;;;Colisão;;;;Meio de Quadra;;Longo da via;0;2;0;1;1;0;0;0;0;0;0;0;0;(-38.57068 -3.83544);
361616;2020-07-26 18:50:00;AVENIDA BEIRA MAR, ;RUA NUNES VALENTE, ; ;;;Queda;;;;T;Não Há Controle;Cruzamento;0;1;0;1;0;0;0;0;0;0;0;0;0;(-38.500206 -3.7249615);
361610;2020-07-26 18:32:00;RUA NAT FEIJO, 717;, ; 717;;;Queda;;;;Meio de Quadra;;Longo da via;0;1;0;1;0;0;0;0;0;0;0;0;0;(-38.5554437 -3.72169576);
361608;2020-07-26 17:51:00;RUA DO POENTE, ;RUA ABEL FERREIRA, ; ;;;Queda;Anoitecer;;;;;Cruzamento;0;1;0;0;0;0;0;0;0;1;0;0;0;(-38.57996 -3.697);
361605;2020-07-26 17:43:00;RUA VALVERDE, 1355;, ; 1355;;;Colisão;Anoitecer;;;Meio de Quadra;;Longo da via;0;2;0;1;1;0;0;0;0;0;0;0;0;(-38.60596 -3.79545);
361602;2020-07-26 17:39:00;AVENIDA MOZART PINHEIRO DE LUCENA, 3284;, ; 3284;;;Colisão;Anoitecer;;;Meio de Quadra;;Longo da via;0;2;0;0;0;0;0;0;0;0;0;0;0;(-38.599885 -3.73341);
359646;2020-07-26 17:30:00;AVENIDA MOZART PINHEIRO DE LUCENA, ;RUA BARCA VELHA, ; ;;;Choque c/ Obstáculo Fixo;Via Iluminada;Bom;Seca;Cruz;Pare;Cruzamento;0;1;0;0;1;0;0;0;0;0;0;0;0;(-38.599864 -3.733331);
361601;2020-07-26 17:15:00;RUA DEMETRIO MENEZES, 266;, ; 266;;;Colisão;Anoitecer;;;Meio de Quadra;;Longo da via;0;2;0;1;1;0;0;0;0;0;0;0;0;(-38.584995 -3.7410097);
358457;2020-07-26 17:00:00;RUA WALDIR DIOGO, 938;, ; 938;;;Colisão Lateral;Luz do Dia;Bom;Seca;Meio de Quadra;Não Há Controle;Longo da via;0;1;1;1;0;0;0;0;0;1;0;0;0;(-38.5865567 -3.80359771);
361597;2020-07-26 16:53:00;RUA WALDIR DIOGO, 495;, ; 495;;;Colisão;Luz do Dia;;;Meio de Quadra;;Longo da via;0;1;0;0;0;0;0;0;0;0;0;0;0;(-38.5823866 -3.80628582);
361596;2020-07-26 14:51:00;RUA LUCIMAR DE OLIVEIRA, 179;, ; 179;;;Queda;Luz do Dia;;;Meio de Quadra;;Longo da via;0;1;0;0;0;0;0;0;0;1;0;0;0;(-38.46374 -3.83063);
358456;2020-07-26 14:21:00;RUA LIDIA BRIGIDO, ;RUA LOURIVAL C PINHO, ; ;;;Colisão Lateral;Luz do Dia;Bom;Seca;Cruz;Pare;Cruzamento;0;2;0;1;1;0;0;0;0;0;0;0;0;(-38.484368 -3.793554);
359657;2020-07-26 14:20:00;AVENIDA ALBERTO CRAVEIRO, 2770;, ; 2770;;;Colisão Lateral;Luz do Dia;Bom;Seca;Meio de Quadra;Dê Preferência;Longo da via;0;0;2;0;1;0;1;0;0;0;0;0;0;(-38.523469998 -3.805616501);
361591;2020-07-26 14:07:00;ALAMEDA TULIPAS, 80;, ; 80;;;Colisão;Luz do Dia;;;Meio de Quadra;;Longo da via;0;1;0;0;0;0;0;0;0;0;0;0;0;(-38.4707508 -3.75190927);
361590;2020-07-26 13:46:00;RUA CEL JOAQUIM FRANKLIN, 1002;, ; 1002;;;Queda;Luz do Dia;;;Meio de Quadra;;Longo da via;0;1;0;0;0;0;0;0;0;1;0;0;0;(-38.5962105 -3.74368257);
361588;2020-07-26 13:44:00;RUA MIGUEL CALMON, 229;, ; 229;;;Queda;Luz do Dia;;;Meio de Quadra;;Longo da via;0;1;0;0;0;0;0;0;0;1;0;0;0;(-38.46158 -3.72657);
361585;2020-07-26 12:29:00;RUA PORTO VELHO, 134;, ; 134;;;Colisão;Luz do Dia;;;Meio de Quadra;;Longo da via;0;3;0;1;1;0;0;0;0;0;0;0;0;(-38.581994 -3.768658);
361584;2020-07-26 10:49:00;RUA BOM JESUS (GRANJA LISBOA), 684;, ; 684;;;Colisão;Luz do Dia;;;Meio de Quadra;;Longo da via;0;2;0;1;1;0;0;0;0;0;0;0;0;(-38.6001305 -3.79479373);
358454;2020-07-26 10:21:00;AVENIDA SANTOS DUMONT, ;RUA DR JOSE LOURENCO, ; ;;;Colisão Transversal;Luz do Dia;Bom;Seca;Cruz;Pare;Cruzamento;0;1;1;1;1;0;0;0;0;0;0;0;0;(-38.50738 -3.733299);
361582;2020-07-26 09:40:00;RUA DR JOSE LOURENCO, 1840;, ; 1840;;;Colisão;Luz do Dia;;;Meio de Quadra;;Longo da via;0;2;0;1;1;0;0;0;0;0;0;0;0;(-38.5093714 -3.73959946);
358488;2020-07-26 09:18:00;RUA LEONARDO MOTA, ;RUA BENI DE CARVALHO, ; ;;;Colisão Transversal;Luz do Dia;Não Informado;Seca;Cruz;Semáforo;Cruzamento;0;1;1;0;2;0;0;0;0;0;0;0;0;(-38.498931 -3.744739);
361580;2020-07-26 05:47:00;RUA MANUEL GALDINO, 3987;, ; 3987;;;Queda;Amanhecer;;;Meio de Quadra;;Longo da via;0;1;0;1;0;0;0;0;0;0;0;0;0;(0 0);
358453;2020-07-26 03:00:00;RUA HENRIQUE RABELO, 1456;, ; 1456;;;Colisão Traseira;Luz do Dia;Bom;Seca;Meio de Quadra;Não Há Controle;Longo da via;0;0;2;0;2;0;0;0;0;0;0;0;0;(-38.52144 -3.74372);
361577;2020-07-26 01:59:00;AVENIDA CEL CARVALHO, 1423;, ; 1423;;;Colisão;;;;Meio de Quadra;;Longo da via;0;2;0;1;1;0;0;0;0;0;0;0;0;(-38.588495 -3.715268);
361575;2020-07-26 01:51:00;AVENIDA IMPERADOR, ;, ; ;;;Colisão;;;;Meio de Quadra;;Longo da via;0;2;0;1;1;0;0;0;0;0;0;0;0;(0 0);
361572;2020-07-26 01:02:00;RUA JOSE ALEXANDRE D20, 121;, ; 121;;;Colisão;;;;Meio de Quadra;;Longo da via;0;2;0;1;0;0;0;0;0;0;0;0;0;(-38.5564796 -3.72130686);
359886;2020-07-25 23:08:00;RUA ANA FACO, 199;, ; 199;;;Colisão;;;;Meio de Quadra;;Longo da via;0;1;0;1;1;0;0;0;0;0;0;0;0;(-38.5624049 -3.71426667);
359885;2020-07-25 22:29:00;RUA VILEBALDO AGUIAR, ;RUA DES WALDETARIO P MOTA, ; ;;;Colisão;;;;Cruz;Não Há Controle;Cruzamento;0;3;0;0;0;0;0;0;0;1;0;0;0;(-38.483787 -3.741853);
359884;2020-07-25 22:24:00;AVENIDA CONTORNO SUL, ;, ; ;;;Atropelamento;;;;Meio de Quadra;;Longo da via;0;2;0;0;0;0;0;0;0;0;0;0;0;(0 0);
359883;2020-07-25 21:58:00;RUA CAMBARA, ;RUA ANTONIO BANDEIRA D41, ; ;;;Queda;;;;Cruz;Pare;Cruzamento;0;1;0;1;0;0;0;0;0;0;0;0;0;(-38.564114 -3.783828);
359882;2020-07-25 21:02:00;AVENIDA DIOGUINHO, 4940;, ; 4940;;;Colisão;;;;Meio de Quadra;;Longo da via;0;1;0;0;0;0;0;0;0;0;0;0;0;(-38.44518 -3.75763);
359881;2020-07-25 20:34:00;AVENIDA BEIRA MAR, ;, ; ;;;Queda;;;;Meio de Quadra;;Longo da via;0;1;0;0;0;0;0;0;0;1;0;0;0;(0 0);
359880;2020-07-25 20:27:00;AVENIDA FRANCISCO SA, 6059;, ; 6059;;;Atropelamento;;;;Meio de Quadra;;Longo da via;0;2;0;0;0;0;0;0;0;0;0;0;0;(-38.5791544 -3.7099292);
359879;2020-07-25 20:25:00;RD BR 116, ;, ; ;;;Atropelamento;;;;Meio de Quadra;;Longo da via;0;1;0;0;1;0;0;0;0;0;0;0;0;(0 0);
358452;2020-07-25 20:20:00;RUA PDE MATOS SERRA, 123;, ; 123;;;Não informado;Via Iluminada;Bom;Seca;Meio de Quadra;Não Há Controle;Longo da via;0;1;0;0;1;0;0;0;0;0;0;0;0;(-38.5246871 -3.74391936);
359878;2020-07-25 20:00:00;RUA MANUEL MOURA, 119;, ; 119;;;Queda;;;;Meio de Quadra;;Longo da via;0;1;0;1;0;0;0;0;0;0;0;0;0;(0 0);
359877;2020-07-25 19:53:00;AVENIDA SGT HERMINIO SAMPAIO, 1823;, ; 1823;;;Colisão;;;;Meio de Quadra;;Longo da via;0;1;0;1;1;0;0;0;0;0;0;0;0;(-38.557016 -3.725727);
359876;2020-07-25 19:47:00;RUA JOSE DANTAS PEREIRA, ;, ; ;;;Atropelamento;;;;Meio de Quadra;;Longo da via;0;2;0;0;0;0;0;0;0;0;0;0;0;(0 0);
359875;2020-07-25 19:25:00;AVENIDA AREIA BRANCA, 510;, ; 510;;;Colisão;;;;Meio de Quadra;;Longo da via;0;1;0;1;1;0;0;0;0;0;0;0;0;(-38.4745233 -3.7282332);
359874;2020-07-25 18:33:00;RUA PINTO MADEIRA, ;RUA ANTONIO AUGUSTO, ; ;;;Atropelamento;;;;Cruz;Pare;Cruzamento;0;2;0;1;0;0;0;0;0;0;0;0;0;(-38.51439 -3.733285);
359873;2020-07-25 17:58:00;AVENIDA PERIMETRAL, 5300;, ; 5300;;;Colisão;Anoitecer;;;Meio de Quadra;;Longo da via;0;1;0;1;1;0;0;0;0;0;0;0;0;(0 0);
359871;2020-07-25 17:55:00;RUA ARARIPE PRATA, ;AVENIDA GAL OSORIO DE PAIVA, ; ;;;Colisão;Anoitecer;;;;;Cruzamento;0;1;0;1;1;0;0;0;0;0;0;0;0;(-38.568029 -3.776593);
358451;2020-07-25 16:57:00;RUA OSCAR ROMERO, ;RUA PARAISO, ; ;;;Colisão Transversal;Luz do Dia;Bom;Seca;Cruz;Não Há Controle;Cruzamento;0;1;1;1;1;0;0;0;0;0;0;0;0;(-38.570433 -3.832773);
359868;2020-07-25 16:38:00;RUA JAIME BENEVOLO, ;RUA METON DE ALENCAR, ; ;;;Colisão;Luz do Dia;;;Cruz;Semáforo;Cruzamento;0;3;0;1;1;0;0;0;0;0;0;0;0;(-38.526349 -3.735065);
358450;2020-07-25 16:26:00;AVENIDA PRS COSTA E SILVA, 4007;, ; 4007;;;Colisão Traseira;Luz do Dia;Bom;Seca;Meio de Quadra;Não Há Controle;Longo da via;0;0;1;1;1;0;0;0;0;0;0;0;0;(-38.54419 -3.82447);
359867;2020-07-25 14:59:00;RUA MARTINS NETO, 81;, ; 81;;;Queda;Luz do Dia;;;Meio de Quadra;;Longo da via;0;1;0;1;0;0;0;0;0;0;0;0;0;(-38.5844959 -3.74013776);
359866;2020-07-25 14:05:00;RUA BERNARDO MANUEL, ;, ; ;;;Colisão;Luz do Dia;;;Meio de Quadra;;Longo da via;0;1;0;1;1;0;0;0;0;0;0;0;0;(0 0);
359865;2020-07-25 13:57:00;AVENIDA JOAO DE ARAUJO LIMA, 1580;, ; 1580;;;Colisão;Luz do Dia;;;Meio de Quadra;;Longo da via;0;1;0;1;1;0;0;0;0;0;0;0;0;(-38.56131 -3.83556);
359864;2020-07-25 13:18:00;RUA PARAISO, ;RUA OSCAR ROMERO, ; ;;;Colisão;Luz do Dia;;;Cruz;Não Há Controle;Cruzamento;0;1;0;1;1;0;0;0;0;0;0;0;0;(-38.570433 -3.832773);
359863;2020-07-25 12:44:00;RUA ANDRE CHAVES, 386;, ; 386;;;Colisão;Luz do Dia;;;Meio de Quadra;;Longo da via;0;1;0;1;1;0;0;0;0;0;0;0;0;(-38.5423417 -3.75597648);
359862;2020-07-25 12:42:00;RUA ENTRADA DA LUA, 260;, ; 260;;;Queda;Luz do Dia;;;Meio de Quadra;;Longo da via;0;1;0;1;0;0;0;0;0;0;0;0;0;(-38.58344 -3.75086);
359477;2020-07-25 12:20:00;RD CE-025, ;, ; ;;;Tombamento;Luz do Dia;;Seca;Meio de Quadra;;Longo da via;0;1;0;0;1;0;0;0;0;0;0;0;0;(-38.42708101 -3.810983084);
359861;2020-07-25 12:04:00;RUA GAL ONOFRE, ;RUA PAURILO BARROSO, ; ;;;Colisão;Luz do Dia;;;Cruz;Pare;Cruzamento;0;1;0;0;0;0;0;0;0;0;0;0;0;(-38.571733 -3.807679);
359860;2020-07-25 11:53:00;AVENIDA PERIMETRAL, 1291;, ; 1291;;;Colisão;Luz do Dia;;;Meio de Quadra;;Longo da via;0;1;0;1;1;0;0;0;0;0;0;0;0;(0 0);
359859;2020-07-25 11:30:00;RUA CEL ERNESTO MATOS, ;RUA MANUEL CASTELO BRANCO, ; ;;;Colisão;Luz do Dia;;;Cruz;Semáforo;Cruzamento;0;1;0;1;1;0;0;0;0;0;0;0;0;(-38.490083 -3.832449);
359476;2020-07-25 11:20:00;RD CE-040, ;, ; ;;;Colisão;Luz do Dia;;Seca;Meio de Quadra;;Longo da via;0;2;1;1;1;0;0;0;0;0;0;0;0;(-38.48088284 -3.84257666);
359858;2020-07-25 08:25:00;RUA DR JUSTA ARAUJO D45, 101;, ; 101;;;Colisão;Luz do Dia;;;Meio de Quadra;;Longo da via;0;4;0;0;2;0;0;0;0;0;0;0;0;(-38.550461 -3.77722155);
359856;2020-07-25 08:11:00;AVENIDA ROGACIANO LEITE, 1701;, ; 1701;;;Colisão;Luz do Dia;;;Meio de Quadra;;Longo da via;0;1;0;1;1;0;0;0;0;0;0;0;0;(-38.497641 -3.769329);
358449;2020-07-25 07:45:00;RUA JULIO VERNE, ;RUA DR JUSTA ARAUJO D45, ; ;;;Colisão Frontal;Luz do Dia;Bom;Seca;;;Cruzamento;0;0;2;0;2;0;0;0;0;0;0;0;0;(-38.550335 -3.776529);
359855;2020-07-25 06:47:00;RUA BOA VENTURA, ;RUA PEDRO DANTAS, ; ;;;Colisão;Luz do Dia;;;Cruz;Pare;Cruzamento;0;1;0;1;1;0;0;0;0;0;0;0;0;(-38.523885 -3.785562);
359853;2020-07-25 06:36:00;RUA COSTA BARROS, 2000;, ; 2000;;;Colisão;Luz do Dia;;;Meio de Quadra;;Longo da via;0;1;0;0;0;0;0;0;0;0;0;0;0;(-38.506477 -3.7320237);
358448;2020-07-25 04:06:00;AVENIDA HIS RAIMUNDO GIRAO, 297;, ; 297;;;Choque c/ Obstáculo Fixo;Via Iluminada;Bom;Seca;Meio de Quadra;Não Há Controle;Longo da via;0;1;0;0;1;0;0;0;0;0;0;0;0;(-38.5128927 -3.72057494);
360895;2020-07-24 23:53:00;RUA PEDESTRE II, 156;, ; 156;;;Colisão;;;;Meio de Quadra;;Longo da via;0;2;0;0;0;0;0;0;0;0;0;0;0;(0 0);
360894;2020-07-24 21:41:00;RD DR MENDEL STEINBRUCH, 62;, ; 62;;;Queda;;;;Meio de Quadra;;Longo da via;0;2;0;1;0;0;0;0;0;0;0;0;0;(-38.584395 -3.841469);
360892;2020-07-24 21:24:00;AVENIDA HERACLITO GRACA, 760;, ; 760;;;Colisão;;;;Meio de Quadra;;Longo da via;0;2;0;2;0;0;0;0;0;0;0;0;0;(-38.517651 -3.735711);
358447;2020-07-24 20:00:00;AVENIDA OLIVEIRA PAIVA, ;AVENIDA DES GONZAGA, ; ;;;Colisão Transversal;Via Iluminada;Bom;Seca;Cruz;Semáforo;Cruzamento;0;0;1;0;1;0;0;0;1;0;0;0;0;(-38.499953 -3.797165);