COD_ACIDENTE;DATA;LOG1;LOG2;NUMERO;BAIRRO;AMC;NATUREZA;ILUMINACAO;TEMPO;SUPERFICIEPISTA;TIPOCRUZAMENTO;CONTROLETRAFEGO;USOSOLO;MORTOS;FERIDOS;ILESOS;MOTOCICLETA;AUTOMOVEL;MICROONIBUS;CAMINHAO;ONIBUS;CICLOMOTOR;BICICLETA;OUTROS;TREM;TRACAOANIMAL;COORDENADAS
360890;2020-07-24 19:58:00;AVENIDA OLIVEIRA PAIVA, ;AVENIDA DES GONZAGA, ; ;;;Colisão;;;;Cruz;Semáforo;Cruzamento;0;3;0;1;1;0;0;0;0;0;0;0;0;(-38.499953 -3.797165);
360889;2020-07-24 19:49:00;RUA DOM HENRIQUE, 321;, ; 321;;;Colisão;;;;Meio de Quadra;;Longo da via;0;1;0;1;0;0;0;0;0;0;0;0;0;(-38.5805433 -3.78845969);
360888;2020-07-24 18:57:00;RUA MON VICENTE MARTINS, 1083;, ; 1083;;;Atropelamento;;;;Meio de Quadra;;Longo da via;0;1;0;0;1;0;0;0;0;0;0;0;0;(-38.5795496 -3.76886525);
360887;2020-07-24 18:18:00;AVENIDA ENG HUMBERTO MONTE, 1673;, ; 1673;;;Atropelamento;Anoitecer;;;Meio de Quadra;;Longo da via;0;1;0;1;0;0;0;0;0;0;0;0;0;(-38.563075211 -3.746024947);
360886;2020-07-24 17:57:00;RUA PORTO ALEGRE, 1305;, ; 1305;;;Colisão;Anoitecer;;;Meio de Quadra;;Longo da via;0;2;0;1;1;0;0;0;0;0;0;0;0;(-38.59004 -3.7606);
360884;2020-07-24 16:44:00;RUA DO CONTORNO UI 302, ;, ; ;;;Atropelamento de Animal;Luz do Dia;;;Meio de Quadra;;Longo da via;0;1;0;1;0;0;0;0;0;0;0;0;0;(0 0);
360881;2020-07-24 16:13:00;AVENIDA ABOLICAO, ;, ; ;;;Colisão;Luz do Dia;;;Meio de Quadra;;Longo da via;0;1;0;0;0;0;0;0;0;0;0;0;0;(0 0);
358446;2020-07-24 16:10:00;AVENIDA EDUARDO GIRAO, ;RUA MIN JOAQUIM BASTOS D14, ; ;;;Colisão Lateral;Via Iluminada;Bom;Seca;Cruz;Semáforo;Cruzamento;0;0;2;0;0;0;0;0;1;0;0;0;0;(-38.525973 -3.7557);
360880;2020-07-24 15:07:00;AVENIDA SEN CARLOS JEREISSATI (AEROPORTO), ;, ; ;;;Colisão;Luz do Dia;;;Meio de Quadra;;Longo da via;0;2;0;1;1;0;0;0;0;0;0;0;0;(0 0);
358455;2020-07-24 14:37:00;AVENIDA PRS CASTELO BRANCO, 1274;, ; 1274;;;Capotamento;Luz do Dia;Bom;Seca;Meio de Quadra;Não Há Controle;Longo da via;0;1;0;0;1;0;0;0;0;0;0;0;0;(-38.53664 -3.71808);
360867;2020-07-24 14:16:00;AVENIDA OLIVEIRA PAIVA, ;, ; ;;;Colisão;Luz do Dia;;;Meio de Quadra;;Longo da via;0;2;0;1;1;0;0;0;0;0;0;0;0;(0 0);
360866;2020-07-24 13:33:00;AVENIDA FRANCISCO SA, 3700;, ; 3700;;;Queda;Luz do Dia;;;Meio de Quadra;;Longo da via;0;1;0;1;0;0;0;0;0;0;0;0;0;(-38.558209169 -3.717115308);
360865;2020-07-24 12:31:00;RUA VALPARAISO, 567;, ; 567;;;Colisão;Luz do Dia;;;Meio de Quadra;;Longo da via;0;2;0;1;1;0;0;0;0;0;0;0;0;(-38.5255358 -3.84440477);
360864;2020-07-24 12:07:00;AVENIDA CORA CORALINA, 567;, ; 567;;;Colisão;Luz do Dia;;;Meio de Quadra;;Longo da via;0;2;0;1;1;0;0;0;0;0;0;0;0;(0 0);
360863;2020-07-24 11:59:00;AVENIDA JOSE JATAHY, 1363;, ; 1363;;;Colisão;Luz do Dia;;;Meio de Quadra;;Longo da via;0;2;0;1;1;0;0;0;0;0;0;0;0;(-38.54429219 -3.733571148);
358444;2020-07-24 10:45:00;AVENIDA ENG HUMBERTO MONTE, ;RUA PAPI JUNIOR, ; ;;;Colisão Lateral;Luz do Dia;Bom;Seca;Cruz;Pare;Cruzamento;0;2;0;1;1;0;0;0;0;0;0;0;0;(-38.557697 -3.752552);
360862;2020-07-24 10:34:00;AVENIDA EDUARDO GIRAO, ;, ; ;;;Colisão;Luz do Dia;;;Meio de Quadra;;Longo da via;0;2;0;1;1;0;0;0;0;0;0;0;0;(0 0);
359770;2020-07-24 10:20:00;RUA JOSE CANDIDO D08, ;, ; ;;;Colisão;Luz do Dia;;;Meio de Quadra;;Longo da via;0;1;1;0;1;0;0;0;0;0;0;0;0;(0 0);
358442;2020-07-24 09:26:00;AVENIDA DUQ CAXIAS, 641;, ; 641;;;Colisão Traseira;Luz do Dia;Bom;Seca;Meio de Quadra;Não Há Controle;Longo da via;0;2;0;1;1;0;0;0;0;0;0;0;0;(-38.530293 -3.73171);
360861;2020-07-24 09:21:00;AVENIDA FRE CIRILO, 4201;, ; 4201;;;Colisão;Luz do Dia;;;Meio de Quadra;;Longo da via;0;1;0;0;0;0;0;0;0;0;0;0;0;(-38.495888 -3.820819);
360860;2020-07-24 09:00:00;RUA DR JOAO DE DEUS D11, 475;, ; 475;;;Colisão;Luz do Dia;;;Meio de Quadra;;Longo da via;0;2;0;1;1;0;0;0;0;0;0;0;0;(0 0);
360858;2020-07-24 08:58:00;AVENIDA AGUANAMBI, 1715;, ; 1715;;;Colisão;Luz do Dia;;;Meio de Quadra;;Longo da via;0;2;0;1;1;0;0;0;0;0;0;0;0;(-38.523402 -3.751993);
360856;2020-07-24 08:47:00;RUA CARLOS AMORA, 150;, ; 150;;;Colisão;Luz do Dia;;;Meio de Quadra;;Longo da via;0;1;0;1;1;0;0;0;0;0;0;0;0;(-38.563769 -3.7750345);
358796;2020-07-24 08:15:00;RD BR 020, ;, ; ;;;Tombamento;Luz do Dia;;;Meio de Quadra;;Longo da via;0;1;1;1;1;0;0;0;0;0;0;0;0;(-38.524 -3.863);
359600;2020-07-24 06:50:00;AVENIDA PRS COSTA E SILVA, 4443;, ; 4443;;;Colisão Traseira;Luz do Dia;Bom;Seca;Meio de Quadra;Outros;Longo da via;0;1;1;1;1;0;0;0;0;0;0;0;0;(-38.54017322 -3.82549328);
360852;2020-07-24 06:30:00;AVENIDA JOAO PESSOA, 4171;, ; 4171;;;Queda;Luz do Dia;;;Meio de Quadra;;Longo da via;0;1;0;1;0;0;0;0;0;0;0;0;0;(-38.5474591 -3.7501901);
358443;2020-07-24 06:10:00;RUA H CJ MONTENEGRO I, ;AVENIDA C CJ JOSE WALTER, ; ;;;Colisão Lateral;Luz do Dia;Bom;Seca;Cruz;Pare;Cruzamento;0;1;1;1;1;0;0;0;0;0;0;0;0;(-38.548759 -3.833748);
360851;2020-07-24 00:41:00;AVENIDA JOAO PESSOA, 7015;, ; 7015;;;Queda;;;;Meio de Quadra;;Longo da via;0;1;0;1;0;0;0;0;0;0;0;0;0;(-38.561439 -3.771198);
359466;2020-07-23 23:45:00;RD CE-040, ;, ; ;;;Colisão;;;Seca;Meio de Quadra;;Longo da via;0;2;0;0;1;0;0;1;0;0;0;0;0;(-38.48246582 -3.834450897);
360850;2020-07-23 22:38:00;RUA RIO BONITO, 72;, ; 72;;;Colisão;;;;Meio de Quadra;;Longo da via;0;2;0;0;1;0;0;0;0;1;0;0;0;(0 0);
360836;2020-07-23 22:12:00;RUA NATAL, 139;, ; 139;;;Queda;;;;Meio de Quadra;;Longo da via;0;1;0;0;0;0;0;0;0;1;0;0;0;(-38.58906 -3.75595);
359772;2020-07-23 21:00:00;RUA VALPARAISO, ;, ; ;;;Colisão;;;;Meio de Quadra;;Longo da via;0;2;0;0;0;0;0;0;0;0;0;0;0;(0 0);
359527;2020-07-23 20:50:00;RUA RIO GRANDE DO NORTE, ;AVENIDA JOSE BASTOS, ; ;;;Colisão Lateral;Via Iluminada;Bom;Seca;T;Semáforo;Cruzamento;0;1;1;1;1;0;0;0;0;0;0;0;0;(-38.564477 -3.760562);
358440;2020-07-23 20:35:00;RUA TEREZA BERNARDO, ;, ; ;;;Colisão;Via Iluminada;Bom;Seca;;;Longo da via;0;2;0;1;1;0;0;0;0;0;0;0;0;(0 0);
360835;2020-07-23 20:18:00;RUA PRO EDGAR DE ARRUDA, 987;, ; 987;;;Colisão;;;;Meio de Quadra;;Longo da via;0;2;0;2;0;0;0;0;0;0;0;0;0;(-38.5840188 -3.75864894);
358795;2020-07-23 19:50:00;RD BR 020, ;, ; ;;;Colisão Traseira;;;;Meio de Quadra;;Longo da via;0;0;2;0;2;0;0;0;0;0;0;0;0;(-38.507 -3.869);
360832;2020-07-23 19:38:00;RUA STA LIDUINA D42, ;RUA ALBANO AMARAL, ; ;;;Colisão;;;;Cruz;Pare;Cruzamento;0;2;0;1;1;0;0;0;0;0;0;0;0;(-38.584983 -3.797816);
360831;2020-07-23 19:28:00;RUA DR JOAO GUILHERME, 306;, ; 306;;;Queda;;;;Meio de Quadra;;Longo da via;0;1;0;1;0;0;0;0;0;0;0;0;0;(-38.58852 -3.73706);
359532;2020-07-23 19:00:00;RUA VITAL BRASIL, ;, ; ;;;Colisão Lateral;Via Iluminada;Bom;Seca;Meio de Quadra;Outros;Longo da via;0;0;2;1;1;0;0;0;0;0;0;0;0;(0 0);
360829;2020-07-23 18:21:00;AVENIDA DEP PAULINO ROCHA, 39;, ; 39;;;Colisão;Anoitecer;;;Meio de Quadra;;Longo da via;0;2;0;0;0;0;0;0;0;0;0;0;0;(-38.507473 -3.8013277);
360825;2020-07-23 17:42:00;AVENIDA CASTELO DE CASTRO, ;, ; ;;;Queda;Anoitecer;;;Meio de Quadra;;Longo da via;0;1;0;1;0;0;0;0;0;0;0;0;0;(0 0);
360824;2020-07-23 17:39:00;RUA DNA LEOPOLDINA, ;AVENIDA HERACLITO GRACA, ; ;;;Colisão;Anoitecer;;;Cruz;Semáforo;Cruzamento;0;2;0;2;0;0;0;0;0;0;0;0;0;(-38.5207959 -3.7347254);
359776;2020-07-23 17:35:00;RUA BERNARDO MANUEL, 10191;, ; 10191;;;Colisão;Anoitecer;;;Meio de Quadra;;Longo da via;0;1;0;0;0;0;0;0;0;0;0;0;0;(-38.554263499 -3.808048014);
360819;2020-07-23 17:33:00;RD BR 116, ;, ; ;;;Queda;Anoitecer;;;Meio de Quadra;;Longo da via;0;1;0;1;0;0;0;0;0;0;0;0;0;(-38.496066 -3.85574);
360818;2020-07-23 17:23:00;RUA ITALIA D43, 299;, ; 299;;;Colisão;Anoitecer;;;Meio de Quadra;;Longo da via;0;2;0;1;1;0;0;0;0;0;0;0;0;(0 0);
360816;2020-07-23 17:02:00;AVENIDA D CJ CEARA, 1240;, ; 1240;;;Colisão;Anoitecer;;;Meio de Quadra;;Longo da via;0;2;0;1;1;0;0;0;0;0;0;0;0;(-38.6025357 -3.76308817);
360849;2020-07-23 16:31:00;RUA CINCO (CJ TAMANDARE), 1600;, ; 1600;;;Choque c/ Obstáculo Fixo;Luz do Dia;;;Meio de Quadra;;Longo da via;0;2;0;2;0;0;0;0;0;0;0;0;0;(0 0);
358441;2020-07-23 16:11:00;AVENIDA BERNARDO MANUEL, 10191;, ; 10191;;;Colisão Transversal;Luz do Dia;Bom;Seca;Meio de Quadra;Não Há Controle;Longo da via;0;1;1;1;1;0;0;0;0;0;0;0;0;(-38.56052 -3.82972);
360807;2020-07-23 15:36:00;AVENIDA BEZERRA DE MENEZES, ;RUA CEL MOZART GONDIM, ; ;;;Atropelamento;Luz do Dia;;;Cruz;Semáforo;Cruzamento;0;2;0;1;0;0;0;0;0;0;0;0;0;(-38.558651 -3.734449);
359530;2020-07-23 15:00:00;AVENIDA PRS CASTELO BRANCO, 3522;, ; 3522;;;Colisão Traseira;Luz do Dia;Bom;Seca;Meio de Quadra;Outros;Longo da via;0;1;1;1;1;0;0;0;0;0;0;0;0;(-38.5629493 -3.71012669);
360802;2020-07-23 11:38:00;AVENIDA AUGUSTO DOS ANJOS, 475;, ; 475;;;Colisão;Luz do Dia;;;Meio de Quadra;;Longo da via;0;2;0;1;1;0;0;0;0;0;0;0;0;(-38.5724848 -3.772718);
360801;2020-07-23 11:31:00;AVENIDA LINEU MACHADO, 725;, ; 725;;;Colisão;Luz do Dia;;;Meio de Quadra;;Longo da via;0;2;0;1;1;0;0;0;0;0;0;0;0;(-38.577112 -3.766304);
360766;2020-07-23 11:21:00;RUA CLEMENTE SILVA D44, 280;, ; 280;;;Queda;Luz do Dia;;;Meio de Quadra;;Longo da via;0;1;0;1;0;0;0;0;0;0;0;0;0;(0 0);
358794;2020-07-23 11:20:00;RD BR 116, ;, ; ;;;Colisão Traseira;Luz do Dia;;;Meio de Quadra;;Longo da via;0;1;1;1;1;0;0;0;0;0;0;0;0;(-38.503053 -3.804691);
360762;2020-07-23 10:20:00;RUA CHICO FRANCA, ;, ; ;;;Queda;Luz do Dia;;;Meio de Quadra;;Longo da via;0;1;0;1;0;0;0;0;0;0;0;0;0;(0 0);
358438;2020-07-23 10:00:00;AVENIDA SGT HERMINIO SAMPAIO, ;RUA CARNEIRO DA CUNHA (JACARECANGA), ; ;;;Choque c/ Obstáculo Fixo;Luz do Dia;Bom;Seca;Meio de Quadra;Pare;Cruzamento;0;2;0;0;0;0;0;0;0;0;0;0;0;(-38.54591 -3.72472);
358793;2020-07-23 09:30:00;RD BR 116, 409;, ; 409;;;Tombamento;Luz do Dia;;;Meio de Quadra;;Longo da via;0;1;1;1;1;0;0;0;0;0;0;0;0;(-38.506787 -3.796502);
360761;2020-07-23 07:54:00;AVENIDA SEN CARLOS JEREISSATI (AEROPORTO), ;, ; ;;;Colisão;Luz do Dia;;;Meio de Quadra;;Longo da via;0;2;0;2;0;0;0;0;0;0;0;0;0;(0 0);
360757;2020-07-23 07:42:00;AVENIDA DEP PAULINO ROCHA, ;, ; ;;;Colisão;Luz do Dia;;;Meio de Quadra;;Longo da via;0;2;0;1;1;0;0;0;0;0;0;0;0;(0 0);
360756;2020-07-23 07:39:00;RUA QUIXADA D06, ;RUA APOCALIPSE (MONDUBIM), ; ;;;Atropelamento;Luz do Dia;;;Cruz;Não Há Controle;Cruzamento;0;1;0;0;0;0;0;1;0;0;0;0;0;(-38.572363 -3.833073);
360755;2020-07-23 07:24:00;AVENIDA FRANCISCO SA, ;, ; ;;;Colisão;Luz do Dia;;;Meio de Quadra;;Longo da via;0;2;0;1;1;0;0;0;0;0;0;0;0;(0 0);
360848;2020-07-23 07:04:00;RUA FRANCISCO JOSE A PEREIRA, 980;, ; 980;;;Colisão;Luz do Dia;;;Meio de Quadra;;Longo da via;0;2;0;1;1;0;0;0;0;0;0;0;0;(-38.50799 -3.81139);
360754;2020-07-23 06:57:00;AVENIDA GODOFREDO MACIEL, 841;, ; 841;;;Colisão;Luz do Dia;;;Meio de Quadra;;Longo da via;0;1;0;0;0;0;0;0;0;0;0;0;0;(-38.565838 -3.783278);
360753;2020-07-23 06:32:00;AVENIDA H CJ CEARA, 1955;, ; 1955;;;Colisão;Luz do Dia;;;Meio de Quadra;;Longo da via;0;2;0;0;0;0;0;0;0;0;0;0;0;(-38.6152137 -3.776381559);
360752;2020-07-23 01:26:00;AVENIDA EDUARDO GIRAO, ;, ; ;;;Colisão;;;;Meio de Quadra;;Longo da via;0;1;0;0;0;0;0;0;0;0;0;0;0;(0 0);
359524;2020-07-22 23:50:00;RUA GOV JOAO CARLOS, ;RUA CON LIMA SUCUPIRA, ; ;;;Colisão Transversal;Via Iluminada;Bom;Seca;Cruz;Pare;Cruzamento;1;0;1;1;0;0;0;1;0;0;0;0;0;(-38.551518 -3.777951);
360751;2020-07-22 23:43:00;RUA GOV JOAO CARLOS, 801;, ; 801;;;Colisão;;;;Meio de Quadra;;Longo da via;0;1;0;0;0;0;0;0;0;0;0;0;0;(-38.5531998 -3.78215969);
360750;2020-07-22 23:14:00;RUA MACHADO DE ASSIS, 800;, ; 800;;;Colisão;;;;Meio de Quadra;;Longo da via;0;1;1;0;1;0;0;0;0;1;0;0;0;(-38.551376 -3.7527454);
360749;2020-07-22 22:44:00;RD BR 116, ;, ; ;;;Queda;;;;Meio de Quadra;;Longo da via;0;1;0;1;0;0;0;0;0;0;0;0;0;(-38.501113 -3.882329);
360747;2020-07-22 21:37:00;AVENIDA CEL CARVALHO, ;RUA CARNAUBAL, ; ;;;Queda;;;;Cruz;Semáforo;Cruzamento;0;1;0;0;0;0;0;0;0;1;0;0;0;(-38.58665 -3.72221);
360744;2020-07-22 21:06:00;AVENIDA FRANCISCO SA, 2743;, ; 2743;;;Colisão;;;;Meio de Quadra;;Longo da via;0;2;0;1;1;0;0;0;0;0;0;0;0;(-38.5499553 -3.719854533);
360742;2020-07-22 20:20:00;AVENIDA LUCIANO CARNEIRO, 1991;, ; 1991;;;Atropelamento;;;;Meio de Quadra;;Longo da via;0;1;0;0;1;0;0;0;0;0;0;0;0;(-38.536953 -3.7654672);
360741;2020-07-22 19:53:00;AVENIDA I CJ JOSE WALTER, 911;, ; 911;;;Colisão;;;;Meio de Quadra;;Longo da via;0;2;0;1;1;0;0;0;0;0;0;0;0;(-38.55279 -3.83213);
360740;2020-07-22 17:49:00;RUA POMPILIO GOMES, 644;, ; 644;;;Colisão;Anoitecer;;;Meio de Quadra;;Longo da via;0;1;0;0;0;0;0;0;0;0;0;0;0;(0 0);
360738;2020-07-22 17:41:00;RUA JULIO CESAR D12, ;RUA PRO COSTA MENDES, ; ;;;Colisão;Anoitecer;;;Cruz;Pare;Cruzamento;0;2;0;0;1;0;0;0;0;1;0;0;0;(-38.547005 -3.7546003);
360737;2020-07-22 17:34:00;AVENIDA 13 DE MAIO, ;, ; ;;;Colisão;Anoitecer;;;Meio de Quadra;;Longo da via;0;2;0;2;0;0;0;0;0;0;0;0;0;(0 0);
358437;2020-07-22 16:45:00;RUA ANA FACO, ;RUA CRUZEIRO DO SUL, ; ;;;Colisão Transversal;Luz do Dia;Bom;Seca;Cruz;Pare;Cruzamento;0;0;2;0;2;0;0;0;0;0;0;0;0;(-38.562314 -3.714368);
358436;2020-07-22 16:03:00;AVENIDA BEIRA MAR, 1140;, ; 1140;;;Colisão Transversal;Luz do Dia;Bom;Seca;Meio de Quadra;Não Há Controle;Longo da via;0;1;1;1;0;0;0;0;0;0;0;0;0;(-38.5104005 -3.7206535);
359774;2020-07-22 16:00:00;AVENIDA JOVITA FEITOSA, 2545;, ; 2545;;;Colisão;Luz do Dia;;;Meio de Quadra;;Longo da via;0;2;0;1;2;0;0;0;0;0;0;0;0;(-38.5598788 -3.7405312);
360728;2020-07-22 15:57:00;RUA JOAO BRIGIDO, ;RUA ANTONIO AUGUSTO, ; ;;;Colisão;Luz do Dia;;;Cruz;Pare;Cruzamento;0;2;0;1;1;0;0;0;0;0;0;0;0;(-38.516813 -3.740279);
360726;2020-07-22 15:51:00;RUA ANA FACO, ;RUA CRUZEIRO DO SUL, ; ;;;Colisão;Luz do Dia;;;Cruz;Pare;Cruzamento;0;1;0;0;0;0;0;0;0;0;0;0;0;(-38.562314 -3.714368);
360724;2020-07-22 15:34:00;RUA NAT FEIJO, 869;, ; 869;;;Queda;Luz do Dia;;;Meio de Quadra;;Longo da via;0;1;0;1;0;0;0;0;0;0;0;0;0;(-38.55673 -3.72159);
360721;2020-07-22 14:33:00;RUA OSCAR ARARIPE, 877;, ; 877;;;Colisão;Luz do Dia;;;Meio de Quadra;;Longo da via;0;2;0;1;1;0;0;0;0;0;0;0;0;(-38.59927 -3.791199);
360715;2020-07-22 13:02:00;AVENIDA ROGACIANO LEITE, ;, ; ;;;Colisão;Luz do Dia;;;Meio de Quadra;;Longo da via;0;2;0;1;1;0;0;0;0;0;0;0;0;(0 0);
360686;2020-07-22 11:40:00;AVENIDA CARNEIRO DE MENDONCA, 875;, ; 875;;;Colisão;Luz do Dia;;;Meio de Quadra;;Longo da via;0;2;0;1;1;0;0;0;0;0;0;0;0;(-38.5667 -3.76419);
358433;2020-07-22 11:30:00;RUA MON CARNEIRO DA CUNHA, 1990;, ; 1990;;;Choque c/ Obstáculo Fixo;Luz do Dia;Bom;Seca;Meio de Quadra;Não Há Controle;Longo da via;0;1;0;0;1;0;0;0;0;0;0;0;0;(-38.4908785 -3.77611926);
358434;2020-07-22 11:19:00;AVENIDA DR SILAS MUNGUBA, ;RUA PRA STELLA COCHRANE, ; ;;;Colisão Transversal;Luz do Dia;Bom;Seca;T;Semáforo;Cruzamento;0;1;1;0;1;0;0;1;0;0;0;0;0;(-38.535043 -3.79309);
360847;2020-07-22 10:53:00;RUA COM ESTACIO BRIGIDO, 1990;, ; 1990;;;Colisão;Luz do Dia;;;Meio de Quadra;;Longo da via;0;1;0;0;0;0;0;0;0;0;0;0;0;(-38.58913 -3.79967);
360683;2020-07-22 10:51:00;RUA MANUEL CASTELO BRANCO, ;RUA CEL DIONISIO ALENCAR, ; ;;;Queda;Luz do Dia;;;Cruz;Pare;Cruzamento;0;1;0;1;0;0;0;0;0;0;0;0;0;(-38.488281 -3.832973);
360671;2020-07-22 10:05:00;AVENIDA TRISTAO GONCALVES, ;AVENIDA DUQ CAXIAS, ; ;;;Colisão;Luz do Dia;;;Cruz;Semáforo;Cruzamento;0;2;0;1;1;0;0;0;0;0;0;0;0;(-38.534196 -3.7304);
359773;2020-07-22 09:10:00;AVENIDA H CJ CEARA, 901;, ; 901;;;Colisão;Luz do Dia;;;Meio de Quadra;;Longo da via;0;2;0;0;2;0;0;0;0;0;0;0;0;(0 0);
360670;2020-07-22 07:12:00;RUA SGT JOAO PINHEIRO, 194;, ; 194;;;Colisão;Luz do Dia;;;Meio de Quadra;;Longo da via;0;2;0;1;1;0;0;0;0;0;0;0;0;(-38.621623 -3.7786075);
359519;2020-07-22 05:40:00;RUA ALBERTO MAGNO, 283;, ; 283;;;Colisão Lateral;Amanhecer;Bom;Seca;Meio de Quadra;Outros;Longo da via;0;1;1;1;0;0;0;1;0;0;0;0;0;(-38.5446184 -3.75874679);
359502;2020-07-21 21:30:00;AVENIDA ODILON GUIMARAES, 3651;, ; 3651;;;Colisão;Via Iluminada;Bom;Seca;Meio de Quadra;Não Há Controle;Longo da via;0;2;0;1;0;0;0;0;0;0;1;0;0;(-38.4693029 -3.81564593);
358432;2020-07-21 21:22:00;AVENIDA DOS EXPEDICIONARIOS, ;RUA ANDRE CHAVES, ; ;;;Atropelamento;Via Iluminada;Bom;Seca;Cruz;Semáforo;Cruzamento;0;1;1;0;1;0;0;0;0;0;0;0;0;(-38.538903 -3.757345);
360669;2020-07-21 20:24:00;AVENIDA DOS EXPEDICIONARIOS, ;RUA ANDRE CHAVES, ; ;;;Colisão;;;;Cruz;Semáforo;Cruzamento;0;2;0;0;1;0;0;0;0;1;0;0;0;(-38.538903 -3.757345);
358431;2020-07-21 19:43:00;AVENIDA PRS CASTELO BRANCO, ;, ; ;;;Colisão Lateral;Via Iluminada;Bom;Seca;Meio de Quadra;Não Há Controle;Longo da via;0;1;1;1;1;0;0;0;0;0;0;0;0;(0 0);
358430;2020-07-21 19:33:00;RUA DOM LINO, ;RUA GAL BERNARDO FIGUEIREDO, ; ;;;Não informado;Via Iluminada;Bom;Seca;Cruz;Pare;Cruzamento;0;1;1;1;1;0;0;0;0;0;0;0;0;(-38.556267 -3.740582);
360660;2020-07-21 19:00:00;AVENIDA PAROARAS, 905;, ; 905;;;Colisão;;;;Meio de Quadra;;Longo da via;0;2;0;2;0;0;0;0;0;0;0;0;0;(-38.54159 -3.809192);
360658;2020-07-21 17:33:00;RUA BAR RIO BRANCO, ;, ; ;;;Queda;Anoitecer;;;Meio de Quadra;;Longo da via;0;2;0;1;0;0;0;0;0;0;0;0;0;(0 0);
359515;2020-07-21 17:20:00;AVENIDA HILDEBRANDO DE MELO, ;AVENIDA MAJ ASSIS, ; ;;;Colisão Transversal;Anoitecer;Bom;Seca;Cruz;Pare;Cruzamento;0;2;0;1;1;0;0;0;0;0;0;0;0;(-38.589024 -3.7235293);
360657;2020-07-21 17:15:00;AVENIDA JOSE JATAHY, ;, ; ;;;Queda;Anoitecer;;;Meio de Quadra;;Longo da via;0;1;0;1;0;0;0;0;0;0;0;0;0;(0 0);
358428;2020-07-21 17:02:00;RUA JOAQUIM FELICIO, 1827;, ; 1827;;;Colisão Transversal;Luz do Dia;Bom;Seca;Meio de Quadra;Não Há Controle;Longo da via;0;1;1;1;1;0;0;0;0;0;0;0;0;(-38.47848 -3.83177);
358435;2020-07-21 16:49:00;RUA ASSUNCAO, ;RUA GAL CLARINDO DE QUEIROZ, ; ;;;Colisão Transversal;Luz do Dia;Bom;Seca;Cruz;Semáforo;Cruzamento;0;1;1;0;2;0;0;0;0;0;0;0;0;(-38.528262 -3.733329);
360656;2020-07-21 16:41:00;RUA SILVA PAULET, 1325;, ; 1325;;;Atropelamento;Luz do Dia;;;Meio de Quadra;;Longo da via;0;1;0;0;0;0;0;1;0;0;0;0;0;(-38.5061345 -3.73666567);
360655;2020-07-21 16:26:00;AVENIDA ROGACIANO LEITE, 2450;, ; 2450;;;Colisão;Luz do Dia;;;Meio de Quadra;;Longo da via;0;1;0;0;0;0;0;0;0;0;1;0;0;(-38.500776 -3.777456);
359765;2020-07-21 15:50:00;AVENIDA GAL OSORIO DE PAIVA, ;, ; ;;;Colisão;Luz do Dia;;;Meio de Quadra;;Longo da via;0;1;0;0;0;0;0;0;0;0;0;0;0;(0 0);
360649;2020-07-21 15:18:00;RUA GAL CLARINDO DE QUEIROZ, ;RUA ASSUNCAO, ; ;;;Colisão;Luz do Dia;;;Cruz;Semáforo;Cruzamento;0;1;0;0;0;0;0;0;0;0;0;0;0;(-38.528262 -3.733329);
360648;2020-07-21 13:37:00;AVENIDA GAL OSORIO DE PAIVA, 4390;, ; 4390;;;Queda;Luz do Dia;;;Meio de Quadra;;Longo da via;0;1;0;1;0;0;0;0;0;0;0;0;0;(-38.594374 -3.796771);
360647;2020-07-21 12:09:00;AVENIDA DUQ CAXIAS, ;, ; ;;;Atropelamento;Luz do Dia;;;Meio de Quadra;;Longo da via;0;1;0;1;0;0;0;0;0;0;0;0;0;(0 0);
359459;2020-07-21 11:20:00;RD CE-040, ;, ; ;;;Colisão;Luz do Dia;;Seca;Meio de Quadra;;Longo da via;0;2;0;0;2;0;0;0;0;0;0;0;0;(-38.47606989 -3.84962623);
360645;2020-07-21 10:20:00;RUA MONTE LIBANO, ;, ; ;;;Colisão;Luz do Dia;;;Meio de Quadra;;Longo da via;0;2;0;1;1;0;0;0;0;0;0;0;0;(0 0);
359460;2020-07-21 10:15:00;AVENIDA GODOFREDO MACIEL, 2740;, ; 2740;;;Colisão;Luz do Dia;;Seca;Meio de Quadra;;Longo da via;1;2;0;0;1;0;1;0;0;1;0;0;0;(-38.570908 -3.7994306);
360644;2020-07-21 09:14:00;RUA NAPOLEAO QUEZADO, ;, ; ;;;Atropelamento;Luz do Dia;;;Meio de Quadra;;Longo da via;0;2;0;0;1;0;0;0;0;0;0;0;0;(0 0);
358427;2020-07-21 09:05:00;AVENIDA GOV RAUL BARBOSA, 6636;, ; 6636;;;Queda;Luz do Dia;Bom;Seca;Meio de Quadra;Não Há Controle;Longo da via;0;1;0;1;0;0;0;0;0;0;0;0;0;(-38.512512 -3.7728815);
360643;2020-07-21 09:04:00;RUA PEDRO DANTAS, 586;, ; 586;;;Colisão;Luz do Dia;;;Meio de Quadra;;Longo da via;0;2;0;1;1;0;0;0;0;0;0;0;0;(-38.52298 -3.78572);
360642;2020-07-21 09:00:00;AVENIDA DR SILAS MUNGUBA, 1200;, ; 1200;;;Colisão;Luz do Dia;;;Meio de Quadra;;Longo da via;0;1;0;0;0;0;0;0;0;0;0;0;0;(-38.555388 -3.78240728);