COD_ACIDENTE;DATA;LOG1;LOG2;NUMERO;BAIRRO;AMC;NATUREZA;ILUMINACAO;TEMPO;SUPERFICIEPISTA;TIPOCRUZAMENTO;CONTROLETRAFEGO;USOSOLO;MORTOS;FERIDOS;ILESOS;MOTOCICLETA;AUTOMOVEL;MICROONIBUS;CAMINHAO;ONIBUS;CICLOMOTOR;BICICLETA;OUTROS;TREM;TRACAOANIMAL;COORDENADAS
358426;2020-07-21 08:15:00;RUA 15 DE NOVEMBRO, ;RUA ALM RUBIM, ; ;;;Colisão Transversal;Luz do Dia;Bom;Seca;Cruz;Pare;Cruzamento;0;2;0;2;0;0;0;0;0;0;0;0;0;(-38.555939 -3.768907);
360641;2020-07-21 07:51:00;RUA 15 DE NOVEMBRO, 484;, ; 484;;;Colisão;Luz do Dia;;;Meio de Quadra;;Longo da via;0;2;0;2;0;0;0;0;0;0;0;0;0;(-38.555939 -3.768907);
360640;2020-07-20 22:18:00;RUA CEL VIRGILIO NOGUEIRA (BOM JARDIM), 749;, ; 749;;;Queda;;;;Meio de Quadra;;Longo da via;0;1;0;1;0;0;0;0;0;0;0;0;0;(-38.60883 -3.78922);
360639;2020-07-20 20:27:00;AVENIDA HIS RAIMUNDO GIRAO, 1338;, ; 1338;;;Colisão;;;;Meio de Quadra;;Longo da via;0;2;0;1;1;0;0;0;0;0;0;0;0;(-38.504023 -3.724196);
360638;2020-07-20 19:46:00;RUA ANTONIO NERY, 670;, ; 670;;;Colisão;;;;Meio de Quadra;;Longo da via;0;2;0;1;1;0;0;0;0;0;0;0;0;(-38.600204 -3.778162);
360637;2020-07-20 19:24:00;RD BR 116, 5587;, ; 5587;;;Colisão;;;;Meio de Quadra;;Longo da via;0;2;0;1;1;0;0;0;0;0;0;0;0;(-38.51678 -3.771391);
358425;2020-07-20 18:48:00;AVENIDA ALM HENRIQUE SABOIA, ;RUA CAROLINA SUCUPIRA, ; ;;;Queda;Mal Iluminada;Chuva;Molhada;T;Pare;Cruzamento;0;1;0;1;0;0;0;0;0;0;0;0;0;(-38.490003 -3.744387);
360636;2020-07-20 18:17:00;RUA CON DE CASTRO, 5230;, ; 5230;;;Queda;Anoitecer;;;Meio de Quadra;;Longo da via;0;1;0;1;0;0;0;0;0;0;0;0;0;(-38.5954651 -3.80900879);
360635;2020-07-20 18:01:00;RUA PINTO MADEIRA, ;RUA GONCALVES LEDO, ; ;;;Colisão;Anoitecer;;;Cruz;Pare;Cruzamento;0;2;0;1;1;0;0;0;0;0;0;0;0;(-38.516497 -3.732626);
360634;2020-07-20 17:51:00;AVENIDA GODOFREDO MACIEL, 3511;, ; 3511;;;Colisão;Anoitecer;;;Meio de Quadra;;Longo da via;0;2;0;1;1;0;0;0;0;0;0;0;0;(-38.572978 -3.806283);
360633;2020-07-20 17:48:00;RUA ANDRE CHAVES, ;, ; ;;;Queda;Anoitecer;;;Meio de Quadra;;Longo da via;0;1;0;1;0;0;0;0;0;0;0;0;0;(0 0);
360632;2020-07-20 17:41:00;AVENIDA DEP PAULINO ROCHA, 2175;, ; 2175;;;Queda;Anoitecer;;;Meio de Quadra;;Longo da via;0;1;0;1;0;0;0;0;0;0;0;0;0;(-38.516602 -3.810831);
360631;2020-07-20 17:28:00;AVENIDA DOM MANUEL, 1394;, ; 1394;;;Queda;Anoitecer;;;Meio de Quadra;;Longo da via;0;1;0;1;0;0;0;0;0;0;0;0;0;(-38.5235906 -3.73596779);
360630;2020-07-20 16:05:00;RUA IRINEU DE SOUZA, 1158;, ; 1158;;;Colisão;Luz do Dia;;;Meio de Quadra;;Longo da via;0;2;0;1;1;0;0;0;0;0;0;0;0;(0 0);
360629;2020-07-20 15:53:00;RUA ANA FACO, ;RUA CRUZEIRO DO SUL, ; ;;;Colisão;Luz do Dia;;;Cruz;Pare;Cruzamento;0;2;0;1;1;0;0;0;0;0;0;0;0;(-38.562314 -3.714368);
360628;2020-07-20 15:19:00;RUA MOZART FIRMEZA, 643;, ; 643;;;Colisão;Luz do Dia;;;Meio de Quadra;;Longo da via;0;2;0;1;1;0;0;0;0;0;0;0;0;(-38.5783 -3.76755);
360627;2020-07-20 15:07:00;AVENIDA I CJ JOSE WALTER, ;AVENIDA D CJ JOSE WALTER, ; ;;;Colisão;Luz do Dia;;;Cruz;Semáforo;Cruzamento;0;2;0;0;0;0;0;0;0;0;0;0;0;(-38.552957 -3.83244);
360626;2020-07-20 14:35:00;RUA COS LAFAYETE, 707;, ; 707;;;Colisão;Luz do Dia;;;Meio de Quadra;;Longo da via;0;1;0;0;0;0;0;0;0;0;0;0;0;(-38.5845737 -3.71782027);
358424;2020-07-20 13:44:00;RUA BAR SOBRAL, ;RUA ALM RUBIM, ; ;;;Colisão Transversal;Luz do Dia;Bom;Seca;Cruz;Semáforo;Cruzamento;0;1;1;1;1;0;0;0;0;0;0;0;0;(-38.554972 -3.766572);
358423;2020-07-20 13:03:00;RUA CAP VASCONCELOS D46, ;RUA CAP CLOVIS MAIA, ; ;;;Colisão Transversal;Luz do Dia;Nublado;Seca;Cruz;Pare;Cruzamento;0;1;1;1;1;0;0;0;0;0;0;0;0;(-38.516432 -3.769075);
360625;2020-07-20 12:38:00;RUA GOMES PASSOS, ;RUA LUCAS PINTO, ; ;;;Colisão;Luz do Dia;;;Cruz;Pare;Cruzamento;0;2;0;2;0;0;0;0;0;0;0;0;0;(-38.55819 -3.712266);
360577;2020-07-20 12:33:00;RUA GOMES PASSOS, 210;, ; 210;;;Colisão;Luz do Dia;;;Meio de Quadra;;Longo da via;0;2;0;2;0;0;0;0;0;0;0;0;0;(-38.55819 -3.712266);
360576;2020-07-20 10:19:00;RUA PDE PEDRO DE ALENCAR, 1171;, ; 1171;;;Colisão;Luz do Dia;;;Meio de Quadra;;Longo da via;0;2;0;1;1;0;0;0;0;0;0;0;0;(-38.4942023 -3.83818165);
358422;2020-07-20 10:04:00;RUA CAP FRANCISCO PEDRO, ;RUA ANA NERY, ; ;;;Colisão Transversal;Luz do Dia;Bom;Seca;Cruz;Pare;Cruzamento;0;1;1;1;1;0;0;0;0;0;0;0;0;(-38.549085 -3.747399);
360575;2020-07-20 09:29:00;RUA ANA NERY, 977;, ; 977;;;Colisão;Luz do Dia;;;Meio de Quadra;;Longo da via;0;2;0;1;1;0;0;0;0;0;0;0;0;(-38.5466543 -3.74957554);
358421;2020-07-20 08:58:00;AVENIDA JOSE LEON, ;AVENIDA DES GONZAGA, ; ;;;Colisão Lateral;Luz do Dia;Bom;Seca;T;Pare;Cruzamento;0;1;1;1;0;0;0;0;0;0;0;0;0;(-38.504513 -3.78708);
360573;2020-07-20 08:25:00;AVENIDA A CJ CEARA, ;AVENIDA H CJ CEARA, ; ;;;Colisão;Luz do Dia;;;Cruz;Semáforo;Cruzamento;0;2;0;1;1;0;0;0;0;0;0;0;0;(-38.605924 -3.775146);
360570;2020-07-20 07:42:00;AVENIDA JOSE LEON, ;AVENIDA DES GONZAGA, ; ;;;Colisão;Luz do Dia;;;T;Pare;Cruzamento;0;2;0;1;1;0;0;0;0;0;0;0;0;(-38.504513 -3.78708);
360569;2020-07-20 07:39:00;AVENIDA JOSE LEON, 777;, ; 777;;;Colisão;Luz do Dia;;;Meio de Quadra;;Longo da via;0;2;0;1;0;0;1;0;0;0;0;0;0;(-38.5046397 -3.787044648);
360567;2020-07-20 07:17:00;AVENIDA AUGUSTO DOS ANJOS, 898;, ; 898;;;Colisão;Luz do Dia;;;Meio de Quadra;;Longo da via;0;2;0;1;1;0;0;0;0;0;0;0;0;(-38.575202 -3.775681);
360566;2020-07-20 07:07:00;RUA MARIA GOMES DE SA, 991;, ; 991;;;Colisão;Luz do Dia;;;Meio de Quadra;;Longo da via;0;1;1;0;1;0;0;0;0;1;0;0;0;(-38.580609 -3.826546);
358420;2020-07-20 07:00:00;AVENIDA MON TABOSA, ;RUA CARLOS VASCONCELOS, ; ;;;Colisão Transversal;Luz do Dia;Nublado;Seca;Cruz;Semáforo;Cruzamento;0;2;0;1;1;0;0;0;0;0;0;0;0;(-38.507985 -3.724289);
360565;2020-07-20 06:56:00;AVENIDA MON TABOSA, 1281;, ; 1281;;;Colisão;Luz do Dia;;;Meio de Quadra;;Longo da via;0;2;0;1;1;0;0;0;0;0;0;0;0;(-38.5077546 -3.724305);
360557;2020-07-20 06:44:00;AVENIDA SANTOS DUMONT, ;, ; ;;;Colisão;Luz do Dia;;;Meio de Quadra;;Longo da via;0;1;1;0;1;0;0;0;0;1;0;0;0;(0 0);
359458;2020-07-20 06:40:00;RD CE-040, ;, ; ;;;Colisão;Luz do Dia;;Seca;Meio de Quadra;;Longo da via;0;2;0;0;2;0;0;0;0;0;0;0;0;(-38.47204254 -3.857690949);
360556;2020-07-19 23:42:00;AVENIDA CAP WALDEMAR PAULA LIMA, 997;, ; 997;;;Queda;;;;Meio de Quadra;;Longo da via;0;1;0;1;0;0;0;0;0;0;0;0;0;(-38.508822 -3.82174);
359762;2020-07-19 22:36:00;RUA BENTO ALBUQUERQUE, ;, ; ;;;Colisão;;;;Meio de Quadra;;Longo da via;0;2;0;1;0;0;0;1;0;0;0;0;0;(0 0);
358419;2020-07-19 22:21:00;AVENIDA ANTONIO SALES, 3510;, ; 3510;;;Colisão Traseira;Via Iluminada;Bom;Seca;Meio de Quadra;Não Há Controle;Longo da via;0;2;0;2;0;0;0;0;0;0;0;0;0;(-38.492552 -3.748462);
358429;2020-07-19 22:18:00;AVENIDA BERNARDO MANUEL, 8815;, ; 8815;;;Choque c/ Obstáculo Fixo;Via Iluminada;Bom;Seca;Meio de Quadra;Não Há Controle;Longo da via;0;1;0;0;1;0;0;0;0;0;0;0;0;(-38.56039 -3.82932);
359761;2020-07-19 22:00:00;AVENIDA ENG SANTANA JUNIOR, ;RUA DR GILBERTO STUDART, ; ;;;Colisão;;;;Outros;Pare;Cruzamento;0;2;0;2;0;0;0;0;0;0;0;0;0;(-38.486048 -3.741972);
359499;2020-07-19 22:00:00;RUA BENTO ALBUQUERQUE, ;RUA PRO OTAVIO LOBO, ; ;;;Colisão Lateral;Via Iluminada;Bom;Seca;Cruz;Semáforo;Cruzamento;0;1;1;1;0;0;0;1;0;0;0;0;0;(-38.479196 -3.745035);
360555;2020-07-19 22:00:00;RUA AUDISIO PINHEIRO, 49;, ; 49;;;Queda;;;;Meio de Quadra;;Longo da via;0;1;0;0;0;0;0;0;0;1;0;0;0;(-38.5857883 -3.75276675);
360554;2020-07-19 21:43:00;RUA BENTO ALBUQUERQUE, ;RUA PRO OTAVIO LOBO, ; ;;;Colisão;;;;Cruz;Semáforo;Cruzamento;0;1;0;0;0;0;0;0;0;0;0;0;0;(-38.479196 -3.745035);
360553;2020-07-19 20:42:00;RUA JACINTO MATOS, 730;, ; 730;;;Colisão;;;;Meio de Quadra;;Longo da via;0;2;0;1;1;0;0;0;0;0;0;0;0;(-38.5465 -3.7174928);
360520;2020-07-19 20:04:00;AVENIDA CASTELO DE CASTRO, 1601;, ; 1601;;;Colisão;;;;Meio de Quadra;;Longo da via;0;1;0;1;1;0;0;0;0;0;0;0;0;(-38.52146 -3.8425);
360518;2020-07-19 19:58:00;RUA TOPAZIO, 1255;, ; 1255;;;Queda;;;;Meio de Quadra;;Longo da via;0;1;0;1;0;0;0;0;0;0;0;0;0;(0 0);
360517;2020-07-19 19:56:00;RUA BERNARDO MANUEL, 9270;, ; 9270;;;Colisão;;;;Meio de Quadra;;Longo da via;0;2;0;1;1;0;0;0;0;0;0;0;0;(-38.552045 -3.80077385);
360516;2020-07-19 19:55:00;RUA PDE PEDRO DE ALENCAR, ;, ; ;;;Colisão;;;;Meio de Quadra;;Longo da via;0;2;0;1;1;0;0;0;0;0;0;0;0;(0 0);
360515;2020-07-19 19:49:00;AVENIDA GOV RAUL BARBOSA, 1604;, ; 1604;;;Queda;;;;Meio de Quadra;;Longo da via;0;1;0;1;0;0;0;0;0;0;0;0;0;(-38.50462 -3.75605);
360846;2020-07-19 18:56:00;RUA HONORINO MAIA, 636;, ; 636;;;Colisão;;;;Meio de Quadra;;Longo da via;0;2;0;1;1;0;0;0;0;0;0;0;0;(-38.50236 -3.85537);
360509;2020-07-19 18:51:00;RUA PRO GOMES BRASIL, ;AVENIDA AUGUSTO DOS ANJOS, ; ;;;Atropelamento;;;;Cruz;Semáforo;Cruzamento;0;1;0;0;1;0;0;0;0;0;0;0;0;(-38.567433 -3.774305);
360506;2020-07-19 17:37:00;RUA MANOEL AGUIAR PONTES, 1490;, ; 1490;;;Colisão;Anoitecer;;;Meio de Quadra;;Longo da via;0;2;0;1;1;0;0;0;0;0;0;0;0;(-38.51638 -3.80932);
360470;2020-07-19 16:07:00;AVENIDA SALUSTIO DE PINHO, 260;, ; 260;;;Queda;Luz do Dia;;;Meio de Quadra;;Longo da via;0;1;0;1;0;0;0;0;0;0;0;0;0;(0 0);
360505;2020-07-19 16:04:00;AVENIDA JOR THOMAZ COELHO, 2920;, ; 2920;;;Colisão;Luz do Dia;;;Meio de Quadra;;Longo da via;0;2;0;1;1;0;0;0;0;0;0;0;0;(-38.521263 -3.828703);
360504;2020-07-19 16:03:00;AVENIDA MAJ ASSIS, 2987;, ; 2987;;;Queda;Luz do Dia;;;Meio de Quadra;;Longo da via;0;1;0;1;0;0;0;0;0;0;0;0;0;(-38.6059689 -3.71854841);
358418;2020-07-19 15:39:00;AVENIDA FRANCISCO SA, ;RUA TULIPA, ; ;;;Colisão Transversal;Luz do Dia;Bom;Seca;T;Semáforo;Cruzamento;0;0;2;0;2;0;0;0;0;0;0;0;0;(-38.577954 -3.710359);
360491;2020-07-19 15:33:00;AVENIDA BEIRA MAR, ;, ; ;;;Queda;Luz do Dia;;;Meio de Quadra;;Longo da via;0;1;0;1;0;0;0;0;0;0;0;0;0;(0 0);
360489;2020-07-19 15:04:00;AVENIDA GODOFREDO MACIEL, 88;, ; 88;;;Colisão;Luz do Dia;;;Meio de Quadra;;Longo da via;0;2;0;1;1;0;0;0;0;0;0;0;0;(-38.5642295 -3.7773716);
360487;2020-07-19 12:53:00;AVENIDA JOVITA FEITOSA, ;, ; ;;;Colisão;Luz do Dia;;;Meio de Quadra;;Longo da via;0;2;0;1;1;0;0;0;0;0;0;0;0;(0 0);
360484;2020-07-19 12:17:00;AVENIDA AUGUSTO DOS ANJOS, ;, ; ;;;Colisão;Luz do Dia;;;Meio de Quadra;;Longo da via;0;2;0;1;1;0;0;0;0;0;0;0;0;(0 0);
360483;2020-07-19 11:29:00;RUA SEN JAGUARIBE, ;RUA SEN POMPEU, ; ;;;Colisão;Luz do Dia;;;Cruz;Pare;Cruzamento;0;1;0;1;1;0;0;0;0;0;0;0;0;(-38.528055 -3.721667);
360481;2020-07-19 09:22:00;RUA PEDRO MARTINS, 1025;, ; 1025;;;Colisão;Luz do Dia;;;Meio de Quadra;;Longo da via;0;1;0;0;0;0;0;0;0;0;0;0;0;(-38.606071 -3.797412);
360480;2020-07-19 09:09:00;RUA JACINTO MATOS, 730;, ; 730;;;Queda;Luz do Dia;;;Meio de Quadra;;Longo da via;0;1;0;1;0;0;0;0;0;0;0;0;0;(-38.5465 -3.7174928);
358417;2020-07-19 09:08:00;RUA GAL PIRAGIBE, ;RUA GUSTAVO SAMPAIO, ; ;;;Colisão Traseira;Amanhecer;Bom;Seca;Cruz;Pare;Cruzamento;0;1;0;2;0;0;0;0;0;0;0;0;0;(-38.558398 -3.735661);
360477;2020-07-19 08:39:00;AVENIDA DOLOR BARREIRA, ;, ; ;;;Queda;Luz do Dia;;;Meio de Quadra;;Longo da via;0;1;0;1;0;0;0;0;0;0;0;0;0;(0 0);
360474;2020-07-19 08:28:00;AVENIDA JOAO PESSOA, 3570;, ; 3570;;;Atropelamento;Luz do Dia;;;Meio de Quadra;;Longo da via;0;1;0;0;0;0;0;1;0;0;0;0;0;(-38.543972 -3.746207);
360459;2020-07-19 05:49:00;RD BR 116, ;, ; ;;;Atropelamento de Animal;Amanhecer;;;Meio de Quadra;;Longo da via;0;1;0;1;0;0;0;0;0;0;0;0;0;(-38.5115614 -3.786276359);
360458;2020-07-19 05:28:00;RUA AUDISIO PINHEIRO, 1302;, ; 1302;;;Colisão;Amanhecer;;;Meio de Quadra;;Longo da via;0;2;0;1;1;0;0;0;0;0;0;0;0;(-38.5909742 -3.76258736);
360450;2020-07-19 03:18:00;RUA ALFREDO MAMEDE, ;RUA WALDIR DIOGO, ; ;;;Queda;;;;Cruz;Semáforo;Cruzamento;0;1;0;1;0;0;0;0;0;0;0;0;0;(-38.580084 -3.807367);
360437;2020-07-19 01:28:00;AVENIDA OLIVEIRA PAIVA, 1901;, ; 1901;;;Colisão;;;;Meio de Quadra;;Longo da via;0;2;0;1;1;0;0;0;0;0;0;0;0;(-38.489727 -3.796009);
360433;2020-07-19 00:59:00;AVENIDA GAL OSORIO DE PAIVA, 297;, ; 297;;;Não informado;;;;Meio de Quadra;;Longo da via;0;1;0;1;0;0;0;0;0;0;0;0;0;(-38.5654739 -3.77476442);
360415;2020-07-19 00:49:00;RUA PDE ANTONINO, 304;, ; 304;;;Colisão;;;;Meio de Quadra;;Longo da via;0;2;0;2;0;0;0;0;0;0;0;0;0;(-38.5202 -3.74313);
360414;2020-07-19 00:19:00;RUA COSTA FREIRE, 2334;, ; 2334;;;Colisão;;;;Meio de Quadra;;Longo da via;1;1;0;1;1;0;0;0;0;0;0;0;0;(-38.589947 -3.798543);
360413;2020-07-18 21:46:00;AVENIDA GAL OSORIO DE PAIVA, ;, ; ;;;Colisão;;;;Meio de Quadra;;Longo da via;0;2;0;0;1;0;0;1;0;0;0;0;0;(0 0);
360406;2020-07-18 21:45:00;AVENIDA ENG HUMBERTO MONTE, ;RUA CEL NUNES DE MELO, ; ;;;Colisão;;;;Cruz;Pare;Cruzamento;0;1;0;0;0;0;0;0;0;0;0;0;0;(-38.55694 -3.753384);
360402;2020-07-18 21:29:00;RUA CESAR FONTENELE, 18;, ; 18;;;Queda;;;;Meio de Quadra;;Longo da via;0;1;0;1;0;0;0;0;0;0;0;0;0;(-38.55673096 -3.74591468);
360400;2020-07-18 21:27:00;AVENIDA DUQ CAXIAS, 403;, ; 403;;;Queda;;;;Meio de Quadra;;Longo da via;0;1;0;0;0;0;0;0;0;1;0;0;0;(-38.527952 -3.732405);
359495;2020-07-18 21:23:00;AVENIDA GAL OSORIO DE PAIVA, ;, ; ;;;Colisão Lateral;Via Iluminada;Bom;Seca;Meio de Quadra;Semáforo;Longo da via;0;2;0;0;1;0;0;1;0;0;0;0;0;(0 0);
358792;2020-07-18 20:50:00;RD BR 116, 14000;, ; 14000;;;Choque c/ Obstáculo Fixo;;;;Meio de Quadra;;Longo da via;0;0;1;0;1;0;0;0;0;0;0;0;0;(-38.499242 -3.873523);
358416;2020-07-18 19:50:00;RUA 15 DE NOVEMBRO, 806;RUA ALBERTO MAGNO, ; 806;;;Colisão Transversal;Via Iluminada;Bom;Seca;Cruz;Pare;Cruzamento;0;0;2;0;2;0;0;0;0;0;0;0;0;(-38.553169 -3.769909);
360399;2020-07-18 18:27:00;RUA EUCLIDES DA CUNHA, 285;, ; 285;;;Queda;Anoitecer;;;Meio de Quadra;;Longo da via;0;1;0;1;0;0;0;0;0;0;0;0;0;(-38.58091 -3.73532);
360379;2020-07-18 17:55:00;AVENIDA VICENTE DE CASTRO, ;, ; ;;;Queda;Anoitecer;;;Meio de Quadra;;Longo da via;0;1;0;0;0;0;0;0;0;1;0;0;0;(0 0);
360378;2020-07-18 17:50:00;AVENIDA I CJ JOSE WALTER, 614;, ; 614;;;Colisão;Anoitecer;;;Meio de Quadra;;Longo da via;0;2;0;2;0;0;0;0;0;0;0;0;0;(-38.552008 -3.8293215);
358415;2020-07-18 17:46:00;AVENIDA PERIMETRAL, 600;, ; 600;;;Colisão Traseira;Luz do Dia;Nublado;Seca;Meio de Quadra;Semáforo;Longo da via;0;1;1;1;1;0;0;0;0;0;0;0;0;(0 0);
360845;2020-07-18 17:34:00;AVENIDA PLACIDO CASTELO, 295;, ; 295;;;Colisão;Anoitecer;;;Meio de Quadra;;Longo da via;0;2;0;2;0;0;0;0;0;0;0;0;0;(-38.5092687 -3.784111);
360376;2020-07-18 17:31:00;AVENIDA I CJ JOSE WALTER, 1926;, ; 1926;;;Colisão;Anoitecer;;;Meio de Quadra;;Longo da via;0;2;0;1;1;0;0;0;0;0;0;0;0;(-38.5554445 -3.8406855);
360375;2020-07-18 17:06:00;AVENIDA N CJ JOSE WALTER, 1565;, ; 1565;;;Colisão;Anoitecer;;;Meio de Quadra;;Longo da via;0;2;0;1;1;0;0;0;0;0;0;0;0;(0 0);
360360;2020-07-18 16:26:00;AVENIDA GODOFREDO MACIEL, 6368;, ; 6368;;;Colisão;Luz do Dia;;;Meio de Quadra;;Longo da via;0;2;0;1;1;0;0;0;0;0;0;0;0;(-38.581334 -3.832155);
360359;2020-07-18 16:22:00;RUA DOS POTIGUARAS, 117;, ; 117;;;Atropelamento;Luz do Dia;;;Meio de Quadra;;Longo da via;0;1;0;0;1;0;0;0;0;0;0;0;0;(-38.5168668 -3.7197487);
360354;2020-07-18 15:59:00;AVENIDA ABOLICAO, 3555;, ; 3555;;;Atropelamento;Luz do Dia;;;Meio de Quadra;;Longo da via;0;1;0;0;0;0;0;1;0;0;0;0;0;(-38.487572 -3.726087);
360352;2020-07-18 15:51:00;RUA RENE DESCARTES, 312;, ; 312;;;Queda;Luz do Dia;;;Meio de Quadra;;Longo da via;0;1;0;1;0;0;0;0;0;0;0;0;0;(-38.60025 -3.80568);
360345;2020-07-18 15:47:00;RUA CANDIDO MAIA, 294;, ; 294;;;Colisão;Luz do Dia;;;Meio de Quadra;;Longo da via;0;2;0;0;0;0;0;0;0;0;0;0;0;(-38.5904072 -3.737428);
360344;2020-07-18 15:17:00;AVENIDA FILOMENO GOMES, 733;, ; 733;;;Queda;Luz do Dia;;;Meio de Quadra;;Longo da via;0;1;0;1;0;0;0;0;0;0;0;0;0;(-38.5412 -3.721539);
359494;2020-07-18 14:20:00;AVENIDA OLAVO BILAC, ;RUA SAO JUDAS TADEU D08, ; ;;;Colisão Lateral;Luz do Dia;Bom;Seca;Cruz;Pare;Cruzamento;0;1;1;1;1;0;0;0;0;0;0;0;0;(-38.564759 -3.729948);
359493;2020-07-18 13:00:00;AVENIDA JOSE JATAHY, ;, ; ;;;Colisão Lateral;Luz do Dia;Bom;Seca;Meio de Quadra;Outros;Longo da via;0;2;0;1;0;0;0;0;0;0;1;0;0;(0 0);
359457;2020-07-18 13:00:00;RD CE-040, 8223;, ; 8223;;;Atropelamento;Luz do Dia;;Seca;Meio de Quadra;;Longo da via;0;1;1;0;1;0;0;0;0;0;0;0;0;(-38.4810839 -3.782614325);
360340;2020-07-18 12:26:00;RUA DES PRAXEDES, 178;, ; 178;;;Colisão;Luz do Dia;;;Meio de Quadra;;Longo da via;0;2;0;1;0;0;1;0;0;0;0;0;0;(-38.552946 -3.757329);
360334;2020-07-18 12:23:00;AVENIDA JOSE JATAHY, 873;, ; 873;;;Colisão;Luz do Dia;;;Meio de Quadra;;Longo da via;0;2;0;1;1;0;0;0;0;0;0;0;0;(-38.5451 -3.72912);
360333;2020-07-18 11:46:00;RUA JOAQUIM NABUCO, ;AVENIDA PONTES VIEIRA, ; ;;;Colisão;Luz do Dia;;;Cruz;Semáforo;Cruzamento;0;2;0;1;1;0;0;0;0;0;0;0;0;(-38.506628 -3.751917);
360332;2020-07-18 10:30:00;AVENIDA DUQ CAXIAS, 1511;, ; 1511;;;Queda;Luz do Dia;;;Meio de Quadra;;Longo da via;0;1;0;0;0;0;0;0;0;1;0;0;0;(-38.537452 -3.729335);
358414;2020-07-18 09:13:00;RUA BAR CANINDE, ;RUA ELVIRA PINHO, ; ;;;Colisão Transversal;Luz do Dia;Bom;Seca;Cruz;Pare;Cruzamento;0;2;0;1;1;0;0;0;0;0;0;0;0;(-38.556147 -3.766881);
358413;2020-07-18 08:16:00;RUA BENTO ALBUQUERQUE, ;RUA PRO OTAVIO LOBO, ; ;;;Colisão Transversal;Luz do Dia;Bom;Seca;Cruz;Semáforo;Cruzamento;0;1;1;1;1;0;0;0;0;0;0;0;0;(-38.479196 -3.745035);
358445;2020-07-18 05:22:00;RUA ASSUNCAO, 1780;, ; 1780;;;Não informado;Via Iluminada;Bom;Seca;Meio de Quadra;Não Há Controle;Longo da via;0;1;0;0;1;0;0;0;0;0;0;0;0;(-38.532319 -3.745409);
359757;2020-07-18 01:10:00;AVENIDA WASHINGTON SOARES, ;, ; ;;;Colisão;;;;Meio de Quadra;;Longo da via;0;1;0;0;0;0;0;0;0;0;0;0;0;(0 0);
360331;2020-07-17 23:54:00;AVENIDA DUQ CAXIAS, 550;, ; 550;;;Colisão;;;;Meio de Quadra;;Longo da via;0;2;0;2;0;0;0;0;0;0;0;0;0;(-38.529616 -3.7318775);
360330;2020-07-17 22:29:00;AVENIDA ENG HUMBERTO MONTE, ;, ; ;;;Colisão;;;;Meio de Quadra;;Longo da via;0;2;0;1;1;0;0;0;0;0;0;0;0;(0 0);
360321;2020-07-17 21:59:00;AVENIDA RECREIO D64, 1540;, ; 1540;;;Queda;;;;Meio de Quadra;;Longo da via;0;1;0;1;0;0;0;0;0;0;0;0;0;(-38.4493076 -3.8062592);
360320;2020-07-17 21:52:00;AVENIDA GODOFREDO MACIEL, 4610;, ; 4610;;;Colisão;;;;Meio de Quadra;;Longo da via;0;2;0;1;1;0;0;0;0;0;0;0;0;(-38.5746095 -3.8111367);
360317;2020-07-17 21:21:00;AVENIDA G CJ JOSE WALTER, 140;, ; 140;;;Colisão;;;;Meio de Quadra;;Longo da via;0;2;0;1;1;0;0;0;0;0;0;0;0;(-38.5561061 -3.83870765);
360316;2020-07-17 21:02:00;RUA L CJ VILA VELHA, 1274;, ; 1274;;;Atropelamento;;;;Meio de Quadra;;Longo da via;0;1;0;1;0;0;0;0;0;0;0;0;0;(0 0);
359454;2020-07-17 20:40:00;RD CE-040, ;, ; ;;;Colisão;;;Seca;Meio de Quadra;;Longo da via;0;0;2;0;2;0;0;0;0;0;0;0;0;(-38.48153832 -3.825515822);
358411;2020-07-17 20:34:00;AVENIDA AUGUSTO DOS ANJOS, ;AVENIDA MON SALVIANO, ; ;;;Colisão Transversal;Via Iluminada;Bom;Seca;T;Gesto;Cruzamento;0;1;1;1;1;0;0;0;0;0;0;0;0;(-38.572836 -3.773094);
358412;2020-07-17 20:11:00;AVENIDA 13 DE MAIO, ;RUA MARTINHO RODRIGUES, ; ;;;Colisão Transversal;Via Iluminada;Bom;Seca;Cruz;Semáforo;Cruzamento;0;1;1;1;1;0;0;0;0;0;0;0;0;(-38.525221 -3.752832);
360315;2020-07-17 19:31:00;AVENIDA 13 DE MAIO, ;RUA DOM SEBASTIAO LEME, ; ;;;Colisão;;;;;;Cruzamento;0;2;0;1;1;0;0;0;0;0;0;0;0;(-38.525221 -3.752832);
360314;2020-07-17 19:30:00;RUA TEN MOACIR MATOS, ;RUA EDITE BRAGA, ; ;;;Colisão;;;;Cruz;Não Há Controle;Cruzamento;0;2;0;1;1;0;0;0;0;0;0;0;0;(-38.552921 -3.766915);
360309;2020-07-17 18:57:00;AVENIDA WASHINGTON SOARES, 6306;, ; 6306;;;Colisão;;;;Meio de Quadra;;Longo da via;0;1;0;1;1;0;0;0;0;0;0;0;0;(-38.480945 -3.814433);
360308;2020-07-17 18:51:00;RUA CEL JOAO CORREIA, 3762;, ; 3762;;;Colisão;;;;Meio de Quadra;;Longo da via;0;1;0;0;2;0;0;0;0;0;0;0;0;(-38.62623 -3.78515);
360844;2020-07-17 18:24:00;AVENIDA VILA DO MAR, ;, ; ;;;Colisão;Anoitecer;;;Meio de Quadra;;Longo da via;0;2;0;1;1;0;0;0;0;0;0;0;0;(0 0);