COD_ACIDENTE;DATA;LOG1;LOG2;NUMERO;BAIRRO;AMC;NATUREZA;ILUMINACAO;TEMPO;SUPERFICIEPISTA;TIPOCRUZAMENTO;CONTROLETRAFEGO;USOSOLO;MORTOS;FERIDOS;ILESOS;MOTOCICLETA;AUTOMOVEL;MICROONIBUS;CAMINHAO;ONIBUS;CICLOMOTOR;BICICLETA;OUTROS;TREM;TRACAOANIMAL;COORDENADAS
358410;2020-07-17 18:00:00;AVENIDA DOM LUIS, 120;, ; 120;;;Atropelamento;Via Iluminada;Bom;Seca;Meio de Quadra;Semáforo;Longo da via;0;1;1;1;0;0;0;0;0;0;0;0;0;(-38.500741 -3.7321219);
360306;2020-07-17 17:59:00;AVENIDA DOM LUIS, ;RUA FRE MANSUETO, ; ;;;Atropelamento;Anoitecer;;;Cruz;Semáforo;Cruzamento;0;1;0;1;0;0;0;0;0;0;0;0;0;(-38.488626 -3.735861);
360304;2020-07-17 17:33:00;RUA SEN POMPEU, ;AVENIDA 13 DE MAIO, ; ;;;Colisão;Anoitecer;;;Cruz;Semáforo;Cruzamento;0;2;0;2;0;0;0;0;0;0;0;0;0;(-38.534969 -3.744515);
360297;2020-07-17 16:47:00;RD BR 020, ;, ; ;;;Colisão;Luz do Dia;;;Meio de Quadra;;Longo da via;0;1;0;2;0;0;0;0;0;0;0;0;0;(0 0);
359475;2020-07-17 16:10:00;RUA CAETANO XIMENES ARAGAO, ;RUA ARMANDO DALL OLIO, ; ;;;Choque c/ Obstáculo Fixo;Luz do Dia;Bom;Seca;T;Não Há Controle;Cruzamento;0;0;1;0;1;0;1;0;0;0;0;0;0;(-38.48281 -3.78333);
360294;2020-07-17 15:42:00;RUA VITAL BRASIL, 1867;, ; 1867;;;Atropelamento;Luz do Dia;;;Meio de Quadra;;Longo da via;0;1;0;1;0;0;0;0;0;0;0;0;0;(-38.597528 -3.778139);
360290;2020-07-17 15:38:00;AVENIDA DOS EXPEDICIONARIOS, 4900;, ; 4900;;;Colisão;Luz do Dia;;;Meio de Quadra;;Longo da via;0;1;0;1;1;0;0;0;0;0;0;0;0;(-38.540372 -3.76223);
358409;2020-07-17 15:35:00;RUA ARMANDO MONTEIRO, ;AVENIDA DOS EXPEDICIONARIOS, ; ;;;Colisão Transversal;Luz do Dia;Bom;Seca;Cruz;Pare;Cruzamento;0;2;0;1;1;0;0;0;0;0;0;0;0;(-38.540372 -3.76223);
360288;2020-07-17 15:14:00;AVENIDA GAL OSORIO DE PAIVA, 5670;, ; 5670;;;Colisão;Luz do Dia;;;Meio de Quadra;;Longo da via;0;1;0;0;0;0;0;0;0;0;0;0;0;(-38.6034412 -3.8061155);
360286;2020-07-17 14:39:00;AVENIDA CEL CARVALHO, 236;, ; 236;;;Colisão;Luz do Dia;;;Meio de Quadra;;Longo da via;0;1;0;0;0;0;0;0;0;0;1;0;0;(-38.5911546 -3.70500275);
359887;2020-07-17 14:35:00;AVENIDA WASHINGTON SOARES, ;, ; ;;;Colisão;Luz do Dia;;;Meio de Quadra;;Longo da via;0;2;0;2;0;0;0;0;0;0;0;0;0;(0 0);
359453;2020-07-17 13:50:00;RD CE-040, ;, ; ;;;Colisão;Luz do Dia;;Seca;Meio de Quadra;;Longo da via;0;2;0;0;2;0;0;0;0;0;0;0;0;(-38.48033084 -3.791613156);
358408;2020-07-17 13:50:00;RUA PDE JOAO PIAMARTA, ;RUA RAUL UCHOA, ; ;;;Colisão Lateral;Luz do Dia;Bom;Seca;Y;Não Há Controle;Cruzamento;0;3;2;1;1;0;0;0;0;0;0;0;0;(-38.54344 -3.76239);
359870;2020-07-17 13:40:00;RUA DOS TREVOS, ;RUA MONTE PASCOAL, ; ;;;Colisão;Luz do Dia;;;Cruz;Pare;Cruzamento;0;1;0;1;1;0;0;0;0;0;0;0;0;(-38.599354 -3.804944);
359869;2020-07-17 13:33:00;AVENIDA FRANCISCO SA, ;AVENIDA JOSE JATAHY, ; ;;;Colisão;Luz do Dia;;;Cruz;Semáforo;Cruzamento;0;1;0;0;0;0;0;0;0;0;1;0;0;(-38.5467873 -3.720876);
358407;2020-07-17 13:00:00;AVENIDA FRANCISCO SA, ;AVENIDA JOSE JATAHY, ; ;;;Colisão Frontal;Luz do Dia;Bom;Seca;Cruz;Semáforo;Cruzamento;0;0;2;0;1;0;0;1;0;0;0;0;0;(-38.5467873 -3.720876);
359719;2020-07-17 12:10:00;RD CE-040, ;, ; ;;;Colisão;Luz do Dia;;;Meio de Quadra;;Longo da via;0;2;0;1;1;0;0;0;0;0;0;0;0;(-38.46893682 -3.866093254);
359857;2020-07-17 11:46:00;RUA PRO HERIBALDO COSTA, 1935;, ; 1935;;;Colisão;Luz do Dia;;;Meio de Quadra;;Longo da via;0;2;0;1;1;0;0;0;0;0;0;0;0;(-38.588544 -3.768978);
359854;2020-07-17 10:42:00;AVENIDA DUQ CAXIAS, ;RUA FLORIANO PEIXOTO, ; ;;;Atropelamento;Luz do Dia;;;Cruz;Pare;Cruzamento;0;1;0;0;1;0;0;0;0;0;0;0;0;(-38.528731 -3.732162);
359849;2020-07-17 07:55:00;AVENIDA NOVE, 69;, ; 69;;;Atropelamento;Luz do Dia;;;Meio de Quadra;;Longo da via;0;1;0;0;1;0;0;0;0;0;0;0;0;(-38.56901 -3.81648);
359848;2020-07-17 07:39:00;RUA BERNARDO MANUEL, 7770;, ; 7770;;;Colisão;Luz do Dia;;;Meio de Quadra;;Longo da via;0;1;0;1;1;0;0;0;0;0;0;0;0;(-38.547531 -3.786101);
359847;2020-07-17 07:34:00;AVENIDA DEP PAULINO ROCHA, ;, ; ;;;Colisão;Luz do Dia;;;Meio de Quadra;;Longo da via;0;2;0;1;1;0;0;0;0;0;0;0;0;(0 0);
359846;2020-07-17 06:49:00;AVENIDA PERIMETRAL, 1339;, ; 1339;;;Colisão;Luz do Dia;;;Meio de Quadra;;Longo da via;0;1;0;0;0;0;0;0;0;0;0;0;0;(0 0);
359844;2020-07-17 06:43:00;AVENIDA GODOFREDO MACIEL, 6061;, ; 6061;;;Colisão;Luz do Dia;;;Meio de Quadra;;Longo da via;0;2;0;0;0;0;0;0;0;0;0;0;0;(-38.579752481 -3.82725825);
360842;2020-07-17 06:06:00;RUA C (CANINDEZINHO), 19;, ; 19;;;Queda;Luz do Dia;;;Meio de Quadra;;Longo da via;0;1;0;1;0;0;0;0;0;0;0;0;0;(-38.59996 -3.816);
358791;2020-07-17 01:30:00;RD BR 116, 13000;, ; 13000;;;Queda;;;;Meio de Quadra;;Longo da via;0;2;0;2;0;0;0;0;0;0;0;0;0;(-38.497727 -3.86467);
360763;2020-07-16 20:36:00;AVENIDA BEZERRA DE MENEZES, ;RUA JUSTINIANO DE SERPA, ; ;;;Colisão;;;;Cruz;Semáforo;Cruzamento;0;1;0;0;0;0;0;0;0;0;1;0;0;(-38.542857 -3.731156);
358406;2020-07-16 19:29:00;RUA ROMEU MARTINS, ;RUA EDITE BRAGA, ; ;;;Colisão;Via Iluminada;Nublado;Seca;Cruz;Pare;Cruzamento;0;3;0;1;1;0;0;0;0;0;0;0;0;(-38.552486 -3.766408);
360758;2020-07-16 18:21:00;RUA ALUISIO AZEVEDO, ;AVENIDA LINEU MACHADO, ; ;;;Colisão;Anoitecer;;;Cruz;Semáforo;Cruzamento;0;1;0;0;0;0;0;0;0;0;1;0;0;(-38.579184 -3.770212);
360705;2020-07-16 18:12:00;RUA VITAL BRASIL, 183;, ; 183;;;Colisão;Anoitecer;;;Meio de Quadra;;Longo da via;0;1;0;1;1;0;0;0;0;0;0;0;0;(-38.582692 -3.782346);
359716;2020-07-16 18:00:00;AVENIDA DIOGUINHO, ;, ; ;;;Colisão;Anoitecer;;;Meio de Quadra;;Longo da via;0;1;1;0;1;0;0;0;0;1;0;0;0;(0 0);
358439;2020-07-16 17:06:00;RUA DNA LUCIA PINHEIRO (QUINTINO CUNHA), ;RUA SULAMITA PORTELA, ; ;;;Colisão Transversal;Luz do Dia;Bom;Seca;Meio de Quadra;Pare;Cruzamento;0;1;1;1;0;0;0;1;0;0;0;0;0;(-38.60015 -3.73138);
359717;2020-07-16 17:00:00;AVENIDA ENG LEAL LIMA VERDE (SAPIRANGA/COITE), ;, ; ;;;Colisão;Anoitecer;;;Meio de Quadra;;Longo da via;0;2;0;0;1;0;0;0;1;0;0;0;0;(0 0);
360704;2020-07-16 16:16:00;AVENIDA I CJ JOSE WALTER, 560;, ; 560;;;Colisão;Luz do Dia;;;Meio de Quadra;;Longo da via;0;1;0;2;0;0;0;0;0;0;0;0;0;(-38.552008 -3.8293215);
359474;2020-07-16 15:30:00;RUA FONSECA LOBO, ;RUA MARIA TOMASIA, ; ;;;Colisão Transversal;Luz do Dia;Bom;Seca;Cruz;Pare;Cruzamento;0;2;0;0;2;0;0;0;0;0;0;0;0;(-38.48929 -3.738057);
358404;2020-07-16 14:28:00;RUA DEMETRIO MENEZES, ;AVENIDA SGT HERMINIO SAMPAIO, ; ;;;Colisão Traseira;Luz do Dia;Bom;Seca;Cruz;Semáforo;Cruzamento;0;1;1;1;1;0;0;0;0;0;0;0;0;(-38.584316 -3.733867);
360703;2020-07-16 11:40:00;AVENIDA H CJ CEARA, 1969;, ; 1969;;;Colisão;Luz do Dia;;;Meio de Quadra;;Longo da via;0;1;0;1;1;0;0;0;0;0;0;0;0;(-38.61561238 -3.776425188);
360702;2020-07-16 10:44:00;RUA CON DE CASTRO, ;, ; ;;;Atropelamento;Luz do Dia;;;Meio de Quadra;;Longo da via;0;1;0;0;1;0;0;0;0;0;0;0;0;(0 0);
360701;2020-07-16 10:38:00;AVENIDA SEN FERNANDES TAVORA, 1130;, ; 1130;;;Colisão;Luz do Dia;;;Meio de Quadra;;Longo da via;0;1;0;1;1;0;0;0;0;0;0;0;0;(-38.5828223 -3.76183736);
360700;2020-07-16 10:07:00;AVENIDA 13 DE MAIO, 1922;, ; 1922;;;Colisão;Luz do Dia;;;Meio de Quadra;;Longo da via;0;2;0;1;1;0;0;0;0;0;0;0;0;(-38.53446 -3.7450309);
359715;2020-07-16 08:40:00;RUA SENA MADUREIRA, 960;, ; 960;;;Colisão;Luz do Dia;;;Meio de Quadra;;Longo da via;0;2;0;0;2;0;0;0;0;0;0;0;0;(-38.525666 -3.729618);
358403;2020-07-16 07:30:00;AVENIDA BENJAMIM BRASIL, 2350;, ; 2350;;;Atropelamento;Luz do Dia;Bom;Seca;Meio de Quadra;Não Há Controle;Longo da via;0;2;0;1;0;0;0;0;0;0;0;0;0;(-38.556174 -3.809073);
360699;2020-07-16 07:20:00;AVENIDA PRS COSTA E SILVA, ;, ; ;;;Colisão;Luz do Dia;;;Meio de Quadra;;Longo da via;0;1;0;1;1;0;0;0;0;0;0;0;0;(0 0);
360698;2020-07-16 07:05:00;RUA VER ZELIA C DE SOUZA, 2350;, ; 2350;;;Colisão;Luz do Dia;;;Meio de Quadra;;Longo da via;0;3;0;1;1;0;0;0;0;0;0;0;0;(0 0);
359452;2020-07-15 21:40:00;RD CE-040, ;, ; ;;;Colisão;;;Seca;Meio de Quadra;;Longo da via;0;2;0;0;2;0;0;0;0;0;0;0;0;(-38.47873348 -3.809596804);
360697;2020-07-15 21:23:00;AVENIDA PRO GOMES DE MATOS, 310;, ; 310;;;Colisão;;;;Meio de Quadra;;Longo da via;0;1;0;1;1;0;0;0;0;0;0;0;0;(-38.542014 -3.7569575);
360696;2020-07-15 20:19:00;RUA CEL VIRGILIO NOGUEIRA (BOM JARDIM), 922;, ; 922;;;Colisão;;;;Meio de Quadra;;Longo da via;0;1;0;0;0;0;0;0;0;0;1;0;0;(0 0);
360695;2020-07-15 19:37:00;RUA MIN ALBUQUERQUE LIMA, 201;, ; 201;;;Atropelamento;;;;Meio de Quadra;;Longo da via;0;2;0;1;0;0;0;0;0;0;0;0;0;(-38.6094255 -3.7675001);
358402;2020-07-15 19:21:00;AVENIDA ALANIS MARIA LAURINDO DE OLIVEIRA, ;, ; ;;;Colisão Lateral;Via Iluminada;Bom;Seca;Meio de Quadra;;Longo da via;0;2;1;1;1;0;0;0;0;0;0;0;0;(0 0);
360694;2020-07-15 19:17:00;AVENIDA CEL CARVALHO, 640;, ; 640;;;Queda;;;;Meio de Quadra;;Longo da via;0;1;0;1;0;0;0;0;0;0;0;0;0;(-38.5906896 -3.7066718);
358405;2020-07-15 18:54:00;AVENIDA OLIVEIRA PAIVA, 285;AVENIDA ENG LEAL LIMA VERDE (SAPIRANGA/COITE), ; 285;;;Colisão Lateral;Anoitecer;Bom;Seca;Meio de Quadra;Semáforo;Cruzamento;0;1;0;1;1;0;0;0;0;0;0;0;0;(-38.47573 -3.79534);
360693;2020-07-15 18:07:00;AVENIDA ANTONIO SALES, ;AVENIDA RUI BARBOSA, ; ;;;Colisão;Anoitecer;;;Cruz;Semáforo;Cruzamento;0;1;0;0;0;0;0;0;0;0;1;0;0;(-38.511569 -3.742611);
360692;2020-07-15 18:05:00;RUA PONTA MAR, ;, ; ;;;Queda;Anoitecer;;;Meio de Quadra;;Longo da via;0;1;0;1;0;0;0;0;0;0;0;0;0;(0 0);
360691;2020-07-15 17:54:00;RUA SAMUEL UCHOA, ;, ; ;;;Queda;Anoitecer;;;Meio de Quadra;;Longo da via;0;1;0;0;0;0;0;0;0;1;0;0;0;(0 0);
360690;2020-07-15 16:51:00;AVENIDA JOSE DO PATROCINIO, ;RUA DES PRAXEDES, ; ;;;Colisão;Luz do Dia;;;Cruz;Pare;Cruzamento;0;1;0;1;1;0;0;0;0;0;0;0;0;(-38.543752 -3.762794);
360689;2020-07-15 16:24:00;RUA DULCINEIA GONDIM, 630;, ; 630;;;Colisão;Luz do Dia;;;Meio de Quadra;;Longo da via;0;1;0;1;1;0;0;0;0;0;0;0;0;(-38.5471357 -3.75752746);
360685;2020-07-15 15:23:00;RUA GUILHERME ROCHA, 1503;, ; 1503;;;Colisão;Luz do Dia;;;Meio de Quadra;;Longo da via;0;1;1;0;1;0;0;0;0;1;0;0;0;(-38.539256 -3.723325);
359473;2020-07-15 14:50:00;RUA COS LAFAYETE, 740;, ; 740;;;Choque c/ Obstáculo Fixo;Luz do Dia;Bom;Seca;Meio de Quadra;Não Há Controle;Longo da via;0;1;0;0;1;0;0;0;0;0;0;0;0;(-38.5846916 -3.71780831);
360684;2020-07-15 14:09:00;AVENIDA WASHINGTON SOARES, 800;, ; 800;;;Colisão;Luz do Dia;;;Meio de Quadra;;Longo da via;0;1;0;1;1;0;0;0;0;0;0;0;0;(0 0);
358401;2020-07-15 13:30:00;RUA VILEBALDO AGUIAR, ;RUA BATISTA DE OLIVEIRA, ; ;;;Colisão Transversal;Luz do Dia;Bom;Seca;Cruz;Pare;Cruzamento;0;2;0;1;1;0;0;0;0;0;0;0;0;(-38.480134 -3.743019);
360682;2020-07-15 12:49:00;AVENIDA PERIMETRAL, ;, ; ;;;Colisão;Luz do Dia;;;Meio de Quadra;;Longo da via;0;1;0;0;0;0;0;0;0;0;1;0;0;(0 0);
360681;2020-07-15 12:34:00;RUA NOVA CONQUISTA (GRANJA LISBOA), 1951;, ; 1951;;;Colisão;Luz do Dia;;;Meio de Quadra;;Longo da via;0;1;0;2;0;0;0;0;0;0;0;0;0;(-38.61123 -3.79199);
359472;2020-07-15 11:40:00;RUA DOM CARLOTO TAVORA, ;RUA ALM RUBIM, ; ;;;Colisão Transversal;Luz do Dia;Bom;Seca;Cruz;Pare;Cruzamento;0;1;1;1;1;0;0;0;0;0;0;0;0;(-38.556269 -3.76982);
360680;2020-07-15 11:24:00;AVENIDA 13 DE MAIO, 3281;, ; 3281;;;Colisão;Luz do Dia;;;Meio de Quadra;;Longo da via;0;1;0;1;1;0;0;0;0;0;0;0;0;(-38.543694 -3.737282);
360679;2020-07-15 11:22:00;RUA JOSE PEREIRA, 97;, ; 97;;;Queda;Luz do Dia;;;Meio de Quadra;;Longo da via;0;1;0;1;0;0;0;0;0;0;0;0;0;(-38.49864 -3.87527);
360678;2020-07-15 11:16:00;AVENIDA FRE CIRILO, 4629;, ; 4629;;;Colisão;Luz do Dia;;;Meio de Quadra;;Longo da via;0;1;0;1;1;0;0;0;0;0;0;0;0;(-38.494414 -3.8242);
360677;2020-07-15 10:05:00;RUA PRO HERIBALDO COSTA, 918;, ; 918;;;Colisão;Luz do Dia;;;Meio de Quadra;;Longo da via;0;1;0;0;0;0;0;0;0;0;1;0;0;(-38.58439 -3.76082);
360676;2020-07-15 09:54:00;RUA BOA ESPERANCA D43, 522;, ; 522;;;Atropelamento;Luz do Dia;;;Meio de Quadra;;Longo da via;0;1;0;1;0;0;0;0;0;0;0;0;0;(-38.604792 -3.755643);
359749;2020-07-15 08:50:00;RUA BERNARDO MANUEL, 7330;, ; 7330;;;Colisão;Luz do Dia;;;Meio de Quadra;;Longo da via;0;2;0;1;1;0;0;0;0;0;0;0;0;(-38.5466165 -3.7830365);
360675;2020-07-15 08:35:00;RUA CAP GUSTAVO, 4194;, ; 4194;;;Colisão;Luz do Dia;;;Meio de Quadra;;Longo da via;0;1;0;1;1;0;0;0;0;0;0;0;0;(-38.516075 -3.758601);
360674;2020-07-15 07:54:00;AVENIDA PRS CASTELO BRANCO, 1275;, ; 1275;;;Colisão;Luz do Dia;;;Meio de Quadra;;Longo da via;0;1;0;1;1;0;0;0;0;0;0;0;0;(-38.5343 -3.71863);
358398;2020-07-15 07:44:00;AVENIDA GOV RAUL BARBOSA, 7506;, ; 7506;;;Choque c/ Obstáculo Fixo;Não Informado;Bom;Seca;Meio de Quadra;Não Há Controle;Longo da via;0;1;0;0;1;0;0;0;0;0;0;0;0;(-38.5136555 -3.7777855);
358399;2020-07-15 07:35:00;AVENIDA BERNARDO MANUEL, 7330;, ; 7330;;;Colisão Traseira;Luz do Dia;Bom;Seca;Meio de Quadra;Não Há Controle;Longo da via;0;1;1;1;1;0;0;0;0;0;0;0;0;(-38.56032 -3.82886);
358400;2020-07-15 07:35:00;AVENIDA GOV RAUL BARBOSA, 4220;, ; 4220;;;Colisão Lateral;Luz do Dia;Bom;Seca;Meio de Quadra;Não Há Controle;Longo da via;0;1;1;1;1;0;0;0;0;0;0;0;0;(-38.5073333 -3.76155186);
360672;2020-07-15 06:46:00;AVENIDA WASHINGTON SOARES, ;, ; ;;;Colisão;Luz do Dia;;;Meio de Quadra;;Longo da via;0;2;0;1;1;0;0;0;0;0;0;0;0;(0 0);
360668;2020-07-15 05:57:00;RUA C (MONDUBIM), 332;, ; 332;;;Queda;Amanhecer;;;Meio de Quadra;;Longo da via;0;1;0;0;0;0;0;0;0;1;0;0;0;(-38.56127 -3.82295);
360667;2020-07-14 19:35:00;RUA JOAQUIM DE FIGUEIREDO FILHO, 135;, ; 135;;;Colisão;;;;Meio de Quadra;;Longo da via;0;1;0;1;1;0;0;0;0;0;0;0;0;(-38.48171 -3.80141);
359451;2020-07-14 19:00:00;RD CE-060, ;, ; ;;;Colisão;;;Seca;Meio de Quadra;;Longo da via;0;2;0;0;2;0;0;0;0;0;0;0;0;(-38.582111 -3.834064);
360666;2020-07-14 19:00:00;AVENIDA BAR STUDART, 1127;, ; 1127;;;Colisão;;;;Meio de Quadra;;Longo da via;0;1;0;1;1;0;0;0;0;0;0;0;0;(-38.506628 -3.734613);
360665;2020-07-14 17:48:00;AVENIDA WASHINGTON SOARES, ;, ; ;;;Queda;Anoitecer;;;Meio de Quadra;;Longo da via;0;1;0;0;0;0;0;0;0;1;0;0;0;(0 0);
360664;2020-07-14 17:01:00;AVENIDA JOR THOMAZ COELHO, 591;, ; 591;;;Queda;Anoitecer;;;Meio de Quadra;;Longo da via;0;2;0;1;0;0;0;0;0;0;0;0;0;(-38.5010278 -3.8323587);
360663;2020-07-14 16:41:00;RUA 24 DE OUTUBRO, 1018;, ; 1018;;;Colisão;Luz do Dia;;;Meio de Quadra;;Longo da via;0;1;0;2;0;0;0;0;0;0;0;0;0;(-38.60328 -3.755344);
360662;2020-07-14 15:06:00;AVENIDA WASHINGTON SOARES, ;, ; ;;;Colisão;Luz do Dia;;;Meio de Quadra;;Longo da via;0;1;0;1;1;0;0;0;0;0;0;0;0;(0 0);
358397;2020-07-14 13:21:00;RUA ERICO MOTA, ;RUA XAVIER DE OLIVEIRA, ; ;;;Colisão Transversal;Luz do Dia;Bom;Seca;Cruz;Pare;Cruzamento;0;2;0;1;1;0;0;0;0;0;0;0;0;(-38.560547 -3.747288);
360661;2020-07-14 12:41:00;AVENIDA AGUANAMBI, ;, ; ;;;Colisão;Luz do Dia;;;Meio de Quadra;;Longo da via;0;1;0;1;1;0;0;0;0;0;0;0;0;(0 0);
360659;2020-07-14 12:01:00;RUA COS LAFAYETE, 657;, ; 657;;;Colisão;Luz do Dia;;;Meio de Quadra;;Longo da via;0;1;0;1;1;0;0;0;0;0;0;0;0;(-38.584251 -3.717853);
359748;2020-07-14 12:00:00;ROD CE 010, ;, ; ;;;Choque c/ Obstáculo Fixo;Luz do Dia;;;Meio de Quadra;;Longo da via;0;1;0;1;0;0;0;0;0;0;0;0;0;(0 0);
360654;2020-07-14 10:32:00;AVENIDA HIS RAIMUNDO GIRAO, 877;, ; 877;;;Colisão;Luz do Dia;;;Meio de Quadra;;Longo da via;0;1;0;1;1;0;0;0;0;0;0;0;0;(-38.50786 -3.72233);
360653;2020-07-14 10:27:00;RUA MIGUEL GURGEL, ;, ; ;;;Atropelamento;Luz do Dia;;;Meio de Quadra;;Longo da via;0;1;0;0;1;0;0;0;0;0;0;0;0;(0 0);
359471;2020-07-14 10:00:00;AVENIDA DUQ CAXIAS, 135;, ; 135;;;Colisão Frontal;Luz do Dia;Bom;Seca;;;Longo da via;0;1;1;1;1;0;0;0;0;0;0;0;0;(-38.525781 -3.73311);
360652;2020-07-14 09:44:00;AVENIDA DUQ CAXIAS, ;RUA JAIME BENEVOLO, ; ;;;Colisão;Luz do Dia;;;T;Semáforo;Cruzamento;0;1;0;1;1;0;0;0;0;0;0;0;0;(-38.52568 -3.7331507);
360651;2020-07-14 09:38:00;RUA MANUEL CASTELO BRANCO, 360;, ; 360;;;Atropelamento;Luz do Dia;;;Meio de Quadra;;Longo da via;0;1;0;1;0;0;0;0;0;0;0;0;0;(-38.4919584 -3.83191506);
360650;2020-07-14 09:37:00;AVENIDA MR HULL, ;, ; ;;;Atropelamento;Luz do Dia;;;Meio de Quadra;;Longo da via;0;3;0;1;0;0;0;0;0;0;0;0;0;(0 0);
360624;2020-07-14 08:38:00;AVENIDA PRS JUSCELINO KUBITSCHEK (PASSARÉ), 5561;, ; 5561;;;Queda;Luz do Dia;;;Meio de Quadra;;Longo da via;0;1;0;1;0;0;0;0;0;0;0;0;0;(-38.537179 -3.8238641);
360623;2020-07-14 06:37:00;RUA PRO HERIBALDO COSTA, 1935;, ; 1935;;;Colisão;Luz do Dia;;;Meio de Quadra;;Longo da via;0;1;0;2;0;0;0;0;0;0;0;0;0;(-38.588544 -3.768978);
360622;2020-07-13 23:30:00;AVENIDA WASHINGTON LUIS, 494;, ; 494;;;Queda;;;;Meio de Quadra;;Longo da via;0;1;0;1;0;0;0;0;0;0;0;0;0;(-38.59293639 -3.716522905);
358394;2020-07-13 23:10:00;AVENIDA ALM HENRIQUE SABOIA, 4139;, ; 4139;;;Colisão;Anoitecer;Bom;Seca;Meio de Quadra;Não Há Controle;Longo da via;0;2;0;1;1;0;0;0;0;0;0;0;0;(-38.4953 -3.75101);
360621;2020-07-13 20:33:00;RUA CURITIBA, 486;, ; 486;;;Colisão;;;;Meio de Quadra;;Longo da via;0;1;0;2;0;0;0;0;0;0;0;0;0;(-38.58773 -3.75788);
360620;2020-07-13 19:17:00;RUA BAR CRATO, 369;, ; 369;;;Colisão;;;;Meio de Quadra;;Longo da via;0;1;0;0;0;0;0;0;0;0;1;0;0;(-38.55827 -3.7211);
360619;2020-07-13 19:17:00;RUA CARLOS VASCONCELOS, 170;, ; 170;;;Queda;;;;Meio de Quadra;;Longo da via;0;1;0;0;0;0;0;0;0;1;0;0;0;(-38.507765 -3.723623);
360618;2020-07-13 19:00:00;RUA MARIA JULIA, 198;, ; 198;;;Colisão;;;;Meio de Quadra;;Longo da via;0;1;0;0;0;0;0;0;0;0;1;0;0;(-38.59828 -3.78697);
360617;2020-07-13 18:13:00;AVENIDA FRANCISCO SA, ;, ; ;;;Queda;Anoitecer;;;Meio de Quadra;;Longo da via;0;1;0;0;0;0;0;0;0;1;0;0;0;(0 0);
359747;2020-07-13 18:10:00;AVENIDA GAL OSORIO DE PAIVA, ;RUA DOM HENRIQUE, ; ;;;Colisão;Anoitecer;;;Cruz;Pare;Cruzamento;0;1;1;0;0;0;0;1;0;1;0;0;0;(-38.583025 -3.7861);
360616;2020-07-13 17:39:00;RUA CON DE CASTRO, ;, ; ;;;Colisão;Anoitecer;;;Meio de Quadra;;Longo da via;0;1;0;1;1;0;0;0;0;0;0;0;0;(0 0);
360615;2020-07-13 17:20:00;RUA ANA BILHAR, 305;, ; 305;;;Colisão;Anoitecer;;;Meio de Quadra;;Longo da via;0;1;0;1;1;0;0;0;0;0;0;0;0;(-38.497138 -3.729006);
360614;2020-07-13 16:48:00;RUA TAUBATE, ;RUA LONDRINA, ; ;;;Colisão;Luz do Dia;;;Cruz;Não Há Controle;Cruzamento;0;1;0;1;1;0;0;0;0;0;0;0;0;(-38.599145 -3.782173);
358392;2020-07-13 16:37:00;RUA WALDIR DIOGO, 3842;, ; 3842;;;Colisão Lateral;Luz do Dia;Bom;Seca;Meio de Quadra;Semáforo;Longo da via;0;1;0;2;0;0;0;0;0;0;0;0;0;(0 0);
359450;2020-07-13 16:30:00;AVENIDA SEN CARLOS JEREISSATI (AEROPORTO), ;, ; ;;;Colisão;Luz do Dia;;Seca;Meio de Quadra;;Longo da via;0;2;0;0;1;0;0;1;0;0;0;0;0;(0 0);
360601;2020-07-13 16:26:00;AVENIDA ADENANTERAS, 419;, ; 419;;;Colisão;Luz do Dia;;;Meio de Quadra;;Longo da via;0;1;0;1;1;0;0;0;0;0;0;0;0;(-38.47272 -3.753734);
360599;2020-07-13 16:16:00;RUA EMILIO DE MENESES, 2273;, ; 2273;;;Colisão;Luz do Dia;;;Meio de Quadra;;Longo da via;0;1;0;1;1;0;0;0;0;0;0;0;0;(-38.6012135 -3.777871);
358395;2020-07-13 15:42:00;AVENIDA JOSE BASTOS, 4000;, ; 4000;;;Colisão Traseira;Luz do Dia;Bom;Seca;Meio de Quadra;Não Há Controle;Longo da via;0;0;3;0;3;0;0;0;0;0;0;0;0;(-38.5537565 -3.7532955);
358393;2020-07-13 15:00:00;RUA JOR CESAR MAGALHAES, ;RUA GONTRAN GIFFONI, ; ;;;Colisão Transversal;Luz do Dia;Bom;Seca;Cruz;Pare;Cruzamento;0;2;0;0;1;0;1;0;0;0;0;0;0;(-38.489127 -3.769449);
360598;2020-07-13 14:39:00;AVENIDA BEZERRA DE MENEZES, ;, ; ;;;Colisão;Luz do Dia;;;Meio de Quadra;;Longo da via;0;1;0;2;0;0;0;0;0;0;0;0;0;(0 0);
358390;2020-07-13 14:08:00;RUA ANTONIO POMPEU, ;RUA BAR ARATANHA, ; ;;;Colisão Transversal;Luz do Dia;Bom;Seca;Cruz;Semáforo;Cruzamento;0;2;1;1;0;0;0;1;0;0;0;0;0;(-38.527351 -3.735826);
360597;2020-07-13 13:53:00;RUA AZEVEDO BOLAO, 849;, ; 849;;;Colisão;Luz do Dia;;;Meio de Quadra;;Longo da via;0;1;0;1;1;0;0;0;0;0;0;0;0;(-38.551701 -3.735414);
360596;2020-07-13 13:52:00;RUA 16 LT ARVOREDO, 230;, ; 230;;;Colisão;Luz do Dia;;;Meio de Quadra;;Longo da via;0;1;0;1;1;0;0;0;0;0;0;0;0;(0 0);