COD_ACIDENTE;DATA;LOG1;LOG2;NUMERO;BAIRRO;AMC;NATUREZA;ILUMINACAO;TEMPO;SUPERFICIEPISTA;TIPOCRUZAMENTO;CONTROLETRAFEGO;USOSOLO;MORTOS;FERIDOS;ILESOS;MOTOCICLETA;AUTOMOVEL;MICROONIBUS;CAMINHAO;ONIBUS;CICLOMOTOR;BICICLETA;OUTROS;TREM;TRACAOANIMAL;COORDENADAS
359731;2020-07-04 18:10:00;RUA CEL MATOS DOURADO, 828;, ; 828;;;Colisão;Anoitecer;;;Meio de Quadra;;Longo da via;0;1;0;0;1;0;0;0;0;0;0;0;0;(-38.5848246 -3.7466593);
358352;2020-07-04 18:02:00;RUA PEDRO LAZAR, ;AVENIDA ENG JOSÉ GUIMARÃES, ; ;;;Colisão Lateral;Via Iluminada;Bom;Seca;Cruz;Pare;Cruzamento;0;1;1;1;1;0;0;0;0;0;0;0;0;(-38.48838 -3.80488);
361475;2020-07-04 17:16:00;RUA DNA MENDINHA, 1396;, ; 1396;;;Queda;Anoitecer;;;Meio de Quadra;;Longo da via;0;1;0;1;0;0;0;0;0;0;0;0;0;(-38.5727454 -3.71655516);
358353;2020-07-04 17:10:00;RUA PDE RODOLFO, 653;RUA SILVINO, ; 653;;;Colisão;Luz do Dia;Bom;Seca;Meio de Quadra;Pare;Cruzamento;0;2;1;1;1;0;0;0;0;0;0;0;0;(-38.5864074 -3.804567);
358350;2020-07-04 15:48:00;RUA DR GILBERTO STUDART, ;RUA BATISTA DE OLIVEIRA, ; ;;;Colisão Transversal;Luz do Dia;Bom;Seca;Cruz;Não Há Controle;Cruzamento;0;2;0;1;1;0;0;0;0;0;0;0;0;(-38.480581 -3.743734);
361473;2020-07-04 15:26:00;AVENIDA MAE LISBOA, ;, ; ;;;Colisão;Luz do Dia;;;Meio de Quadra;;Longo da via;0;1;0;2;0;0;0;0;0;0;0;0;0;(0 0);
358351;2020-07-04 15:25:00;RUA TORRES CAMARA, ;RUA TIBURCIO CAVALCANTE, ; ;;;Colisão Transversal;Luz do Dia;Bom;Seca;Cruz;Semáforo;Cruzamento;0;2;0;1;1;0;0;0;0;0;0;0;0;(-38.502906 -3.736933);
361471;2020-07-04 15:23:00;RUA ANTONIO NERY, 767;, ; 767;;;Queda;Luz do Dia;;;Meio de Quadra;;Longo da via;0;1;0;0;0;0;0;0;0;1;0;0;0;(-38.6006378 -3.7797301);
361469;2020-07-04 15:20:00;AVENIDA CEL CARVALHO, 1276;, ; 1276;;;Colisão;Luz do Dia;;;Meio de Quadra;;Longo da via;0;1;0;2;0;0;0;0;0;0;0;0;0;(-38.588877704 -3.713658222);
361464;2020-07-04 14:17:00;RUA TORRES CAMARA, 974;, ; 974;;;Colisão;Luz do Dia;;;Meio de Quadra;;Longo da via;0;1;0;1;1;0;0;0;0;0;0;0;0;(-38.502419 -3.7370955);
361463;2020-07-04 12:21:00;AVENIDA ENG AGRONOMO JOSE GUIMARAES DUQUE, 960;, ; 960;;;Queda;Luz do Dia;;;Meio de Quadra;;Longo da via;0;1;0;1;0;0;0;0;0;0;0;0;0;(-38.48773 -3.80524);
361460;2020-07-04 10:09:00;RUA VALVERDE, 751;, ; 751;;;Colisão;Luz do Dia;;;Meio de Quadra;;Longo da via;0;1;0;1;1;0;0;0;0;0;0;0;0;(-38.60411 -3.79062);
358349;2020-07-04 10:01:00;AVENIDA JOSE BASTOS, 3770;, ; 3770;;;Choque c/ Obstáculo Fixo;Luz do Dia;Bom;Seca;Meio de Quadra;Não Há Controle;Longo da via;0;1;1;1;1;0;0;0;0;0;0;0;0;(-38.551618 -3.7511595);
359732;2020-07-04 09:45:00;AVENIDA JOSE BASTOS, 3767;, ; 3767;;;Choque c/ Obstáculo Fixo;Luz do Dia;;;Meio de Quadra;;Longo da via;0;1;0;0;0;0;0;0;0;0;0;0;0;(-38.55308 -3.75277);
361459;2020-07-04 08:33:00;AVENIDA JOSE BASTOS, ;, ; ;;;Colisão;Luz do Dia;;;Meio de Quadra;;Longo da via;0;1;0;0;0;0;0;0;0;0;1;0;0;(0 0);
361457;2020-07-04 06:47:00;RUA RIO GRANDE DO NORTE, 1035;, ; 1035;;;Colisão;Luz do Dia;;;Meio de Quadra;;Longo da via;0;1;0;2;0;0;0;0;0;0;0;0;0;(-38.5706704 -3.75661614);
361456;2020-07-04 04:34:00;AVENIDA 13 DE MAIO, ;, ; ;;;Queda;;;;Meio de Quadra;;Longo da via;0;1;0;1;0;0;0;0;0;0;0;0;0;(0 0);
361455;2020-07-04 03:17:00;RUA JORGE DUMAR, 395;, ; 395;;;Colisão;;;;Meio de Quadra;;Longo da via;0;1;0;0;0;0;0;0;0;0;1;0;0;(-38.53839 -3.74836);
361490;2020-07-04 00:52:00;RUA JOSE TORRES, ;RUA PRIMEIRO DE MAIO D34, ; ;;;Queda;;;;;;Cruzamento;0;1;0;1;0;0;0;0;0;0;0;0;0;(-38.60665 -3.77782);
361454;2020-07-04 00:48:00;AVENIDA BAR STUDART, 2765;, ; 2765;;;Engavetamento;;;;Meio de Quadra;;Longo da via;0;1;0;0;1;0;0;0;0;0;0;0;0;(-38.51079 -3.748);
359730;2020-07-04 00:40:00;RUA MAISA, ;RUA CODO, ; ;;;Colisão;;;;;;Cruzamento;0;2;0;1;1;0;0;0;0;0;0;0;0;(-38.52283 -3.851827);
361452;2020-07-03 23:39:00;RUA PAULINO ROCHA D32, ;, ; ;;;Queda;;;;Meio de Quadra;;Longo da via;0;1;0;1;0;0;0;0;0;0;0;0;0;(0 0);
361449;2020-07-03 22:42:00;AVENIDA SGT HERMINIO SAMPAIO, 2311;, ; 2311;;;Colisão;;;;Meio de Quadra;;Longo da via;0;1;0;1;1;0;0;0;0;0;0;0;0;(-38.561103533 -3.726477334);
359456;2020-07-03 21:37:00;RUA 15 DE NOVEMBRO, ;RUA ALBERTO MAGNO, ; ;;;Colisão Transversal;Via Iluminada;Bom;Seca;Cruz;Pare;Cruzamento;1;0;1;0;0;0;1;0;1;0;0;0;0;(-38.553169 -3.769909);
361437;2020-07-03 19:20:00;AVENIDA PDE ANTONIO TOMAS, 2056;, ; 2056;;;Não informado;;;;Meio de Quadra;;Longo da via;0;1;0;0;0;0;0;0;0;0;1;0;0;(-38.493771 -3.742076);
361439;2020-07-03 19:20:00;RUA EDILSON CANDEIAS, ;RUA VALPARAISO, ; ;;;Colisão;;;;Cruz;Pare;Cruzamento;0;1;0;2;0;0;0;0;0;0;0;0;0;(-38.525655 -3.844311);
361442;2020-07-03 19:20:00;AVENIDA SEN FERNANDES TAVORA, ;, ; ;;;Colisão;;;;Meio de Quadra;;Longo da via;0;1;0;0;1;0;0;0;0;0;0;0;0;(0 0);
361432;2020-07-03 17:41:00;RUA FARIAS LEMOS, 1065;, ; 1065;;;Colisão;Anoitecer;;;Meio de Quadra;;Longo da via;0;1;0;1;1;0;0;0;0;0;0;0;0;(-38.49279 -3.81643);
358348;2020-07-03 17:40:00;RUA BERNARDO PORTO, 467;, ; 467;;;Colisão Transversal;Mal Iluminada;Bom;Seca;;;Longo da via;0;1;0;1;0;0;0;0;0;0;0;0;0;(-38.55747 -3.72125);
361430;2020-07-03 17:33:00;RUA RUI MONTE, 348;, ; 348;;;Colisão;Anoitecer;;;Meio de Quadra;;Longo da via;0;1;0;1;1;0;0;0;0;0;0;0;0;(-38.58733 -3.742326);
361427;2020-07-03 17:30:00;RUA VALPARAISO, 1362;, ; 1362;;;Colisão;Anoitecer;;;Meio de Quadra;;Longo da via;0;1;0;1;1;0;0;0;0;0;0;0;0;(-38.53048612 -3.840347113);
361424;2020-07-03 17:27:00;AVENIDA PERIMETRAL, 1921;, ; 1921;;;Colisão;Anoitecer;;;Meio de Quadra;;Longo da via;0;1;0;1;1;0;0;0;0;0;0;0;0;(0 0);
359398;2020-07-03 17:21:00;RD CE-060, 5182;, ; 5182;;;Atropelamento;Anoitecer;;Seca;Meio de Quadra;;Longo da via;0;3;0;1;0;0;0;0;0;0;0;0;0;(-38.5795 -3.826136);
361420;2020-07-03 17:16:00;AVENIDA DUQ CAXIAS, 404;, ; 404;;;Colisão;Anoitecer;;;Meio de Quadra;;Longo da via;0;1;0;1;1;0;0;0;0;0;0;0;0;(-38.52811 -3.73229);
361418;2020-07-03 16:59:00;RUA PESC CHICO BINDA, 47;, ; 47;;;Queda;Luz do Dia;;;Meio de Quadra;;Longo da via;0;1;0;1;0;0;0;0;0;0;0;0;0;(-38.4765 -3.72559);
361417;2020-07-03 16:47:00;AVENIDA BEZERRA DE MENEZES, 765;, ; 765;;;Colisão;Luz do Dia;;;Meio de Quadra;;Longo da via;0;1;0;0;0;0;0;0;0;0;1;0;0;(-38.551903 -3.7329018);
361416;2020-07-03 16:47:00;RUA JOAO RAMALHO, 343;, ; 343;;;Colisão;Luz do Dia;;;Meio de Quadra;;Longo da via;0;1;0;0;0;0;0;0;0;0;1;0;0;(-38.59003 -3.7987);
358347;2020-07-03 16:39:00;RUA ERICO MOTA, 56;, ; 56;;;Queda;Luz do Dia;Bom;Material Derrapante;Meio de Quadra;Gesto;Longo da via;0;1;1;1;1;0;0;0;0;0;0;0;0;(-38.56284 -3.736089);
361415;2020-07-03 16:30:00;AVENIDA ALBERTO CRAVEIRO, 1515;, ; 1515;;;Colisão;Luz do Dia;;;Meio de Quadra;;Longo da via;0;0;1;1;1;0;0;0;0;0;0;0;0;(-38.517751 -3.793803);
361413;2020-07-03 16:25:00;RUA PEREIRA DE MIRANDA, 1054;, ; 1054;;;Outros;Luz do Dia;;;Meio de Quadra;;Longo da via;0;1;0;0;0;0;0;0;0;0;1;0;0;(-38.476904 -3.741389);
361411;2020-07-03 16:19:00;RD BR 116, ;, ; ;;;Colisão;Luz do Dia;;;Meio de Quadra;;Longo da via;0;1;0;0;2;0;0;0;0;0;0;0;0;(0 0);
361410;2020-07-03 16:10:00;AVENIDA 13 DE MAIO, 2955;, ; 2955;;;Outros;Luz do Dia;;;Meio de Quadra;;Longo da via;0;1;0;0;0;0;0;0;0;0;1;0;0;(-38.5419057 -3.7388694);
359726;2020-07-03 15:25:00;AVENIDA GODOFREDO MACIEL, 2957;, ; 2957;;;Colisão;Luz do Dia;;;Meio de Quadra;;Longo da via;0;1;0;0;1;0;0;0;0;0;0;0;0;(-38.571541 -3.801663);
358346;2020-07-03 15:07:00;RUA PEREIRA FILGUEIRAS, ;RUA GONCALVES LEDO, ; ;;;Colisão Transversal;Luz do Dia;Bom;Seca;Cruz;Pare;Cruzamento;0;1;1;1;1;0;0;0;0;0;0;0;0;(-38.515004 -3.727667);
358345;2020-07-03 14:57:00;RUA PERILIO TEIXEIRA, ;AVENIDA GENIBAU, ; ;;;Colisão Transversal;Luz do Dia;Bom;Seca;Cruz;Pare;Cruzamento;0;2;0;1;0;0;0;0;0;0;0;0;0;(-38.60205 -3.760373);
361409;2020-07-03 14:55:00;AVENIDA FRANCISCO SA, 3945;, ; 3945;;;Colisão;Luz do Dia;;;Meio de Quadra;;Longo da via;0;1;0;1;1;0;0;0;0;0;0;0;0;(-38.560047 -3.716496);
361407;2020-07-03 13:55:00;RUA PERILIO TEIXEIRA, 299;, ; 299;;;Colisão;Luz do Dia;;;Meio de Quadra;;Longo da via;0;1;0;1;1;0;0;0;0;0;0;0;0;(-38.4791653 -3.8168054);
361406;2020-07-03 13:47:00;RUA OLIVEIRA SOBRINHO, ;RUA TAUBATE, ; ;;;Colisão;Luz do Dia;;;Cruz;Não Há Controle;Cruzamento;0;1;0;1;1;0;0;0;0;0;0;0;0;(-38.598381 -3.779404);
361403;2020-07-03 13:25:00;AVENIDA GODOFREDO MACIEL, 5768;, ; 5768;;;Colisão;Luz do Dia;;;Meio de Quadra;;Longo da via;0;1;0;1;0;0;1;0;0;0;0;0;0;(-38.5790142 -3.8249997);
361402;2020-07-03 13:16:00;AVENIDA FRANCISCO SA, 3783;, ; 3783;;;Atropelamento;Luz do Dia;;;Meio de Quadra;;Longo da via;0;1;0;0;0;0;0;0;0;0;1;0;0;(-38.558537 -3.7170393);
359718;2020-07-03 13:05:00;AVENIDA ENG SANTANA JUNIOR, ;, ; ;;;Colisão;Luz do Dia;;;Meio de Quadra;;Longo da via;0;2;0;0;2;0;0;0;0;0;0;0;0;(0 0);
361400;2020-07-03 12:01:00;AVENIDA GODOFREDO MACIEL, 3993;, ; 3993;;;Colisão;Luz do Dia;;;Meio de Quadra;;Longo da via;0;1;0;1;0;0;1;0;0;0;0;0;0;(-38.5740836 -3.809795);
361396;2020-07-03 11:26:00;AVENIDA JOVITA FEITOSA, ;, ; ;;;Queda;Luz do Dia;;;Meio de Quadra;;Longo da via;0;1;0;1;0;0;0;0;0;0;0;0;0;(0 0);
361395;2020-07-03 11:19:00;AVENIDA ANTONIO SALES, ;RUA MON CATAO, ; ;;;Queda;Luz do Dia;;;Cruz;Pare;Cruzamento;0;1;0;1;0;0;0;0;0;0;0;0;0;(-38.493642 -3.748174);
358343;2020-07-03 10:52:00;RUA JOSE VILAR, 1707;, ; 1707;;;Queda;Luz do Dia;Chuva;Molhada;Meio de Quadra;Não Há Controle;Longo da via;0;1;0;1;0;0;0;0;0;0;0;0;0;(-38.505781 -3.73926);
359394;2020-07-03 10:50:00;RD CE-040, ;, ; ;;;Colisão;Luz do Dia;;Seca;Meio de Quadra;;Longo da via;0;2;0;0;1;0;1;0;0;0;0;0;0;(-38.47204254 -3.857690949);
358344;2020-07-03 10:39:00;AVENIDA JOSE BASTOS, ;RUA RIO GRANDE DO NORTE, ; ;;;Colisão Transversal;Luz do Dia;Nublado;Seca;Cruz;Semáforo;Cruzamento;0;1;1;1;1;0;0;0;0;0;0;0;0;(-38.564477 -3.760562);
361393;2020-07-03 10:31:00;AVENIDA PRO GOMES DE MATOS, 1385;, ; 1385;;;Colisão;Luz do Dia;;;Meio de Quadra;;Longo da via;0;1;0;1;1;0;0;0;0;0;0;0;0;(-38.54828 -3.76429);
361394;2020-07-03 10:25:00;AVENIDA JOVITA FEITOSA, 150;, ; 150;;;Queda;Luz do Dia;;;Meio de Quadra;;Longo da via;0;1;0;1;0;0;0;0;0;0;0;0;0;(-38.5451843 -3.73752625);
361392;2020-07-03 09:59:00;AVENIDA IMPERADOR, 1330;, ; 1330;;;Queda;Luz do Dia;;;Meio de Quadra;;Longo da via;0;1;0;1;0;0;0;0;0;0;0;0;0;(-38.536179 -3.733045);
361391;2020-07-03 09:47:00;RUA GAL CLARINDO DE QUEIROZ, 1646;, ; 1646;;;Colisão;Luz do Dia;;;Meio de Quadra;;Longo da via;0;1;1;0;1;0;0;0;0;1;0;0;0;(-38.5386615 -3.7299825);
361390;2020-07-03 09:30:00;AVENIDA PERIMETRAL, 32;, ; 32;;;Colisão;Luz do Dia;;;Meio de Quadra;;Longo da via;0;1;1;1;1;0;0;0;0;0;0;0;0;(0 0);
361389;2020-07-03 09:27:00;RUA GAL PIRAGIBE, 153;, ; 153;;;Colisão;Luz do Dia;;;Meio de Quadra;;Longo da via;0;1;0;1;1;0;0;0;0;0;0;0;0;(-38.558398 -3.735661);
361388;2020-07-03 09:17:00;RUA GAL SAMPAIO, ;RUA GAL CLARINDO DE QUEIROZ, ; ;;;Atropelamento;Luz do Dia;;;Cruz;Semáforo;Cruzamento;0;1;0;1;0;0;0;0;0;0;0;0;0;(-38.532308 -3.732028);
358780;2020-07-03 08:00:00;RD BR 222, ;, ; ;;;Colisão Traseira;Luz do Dia;;;Meio de Quadra;;Longo da via;0;1;2;0;3;0;0;0;0;0;0;0;0;(-38.5969961 -3.7403624);
361387;2020-07-03 06:54:00;RUA ANTONIO GOMES GUIMARAES, 169;, ; 169;;;Queda;Luz do Dia;;;Meio de Quadra;;Longo da via;0;1;0;1;0;0;0;0;0;0;0;0;0;(0 0);
361386;2020-07-03 06:50:00;AVENIDA ALM HENRIQUE SABOIA, ;, ; ;;;Outros;Luz do Dia;;;Meio de Quadra;;Longo da via;0;1;0;1;0;0;0;0;0;0;0;0;0;(0 0);
358779;2020-07-03 00:05:00;RD BR 116, 11000;, ; 11000;;;Atropelamento;;;;Meio de Quadra;;Longo da via;0;1;1;0;1;0;0;0;0;0;0;0;0;(-38.497176 -3.84716);
361385;2020-07-02 20:40:00;AVENIDA AGUANAMBI, 282;, ; 282;;;Queda;;;;Meio de Quadra;;Longo da via;0;1;0;0;0;0;0;0;0;1;0;0;0;(-38.52447 -3.7393746);
359374;2020-07-02 20:00:00;RUA DOM CARLOTO TAVORA, ;RUA ALBERTO MAGNO, ; ;;;Colisão Transversal;Anoitecer;Bom;Seca;Cruz;Pare;Cruzamento;0;2;0;1;1;0;0;0;0;0;0;0;0;(-38.553495 -3.770832);
361384;2020-07-02 19:08:00;AVENIDA GAL OSORIO DE PAIVA, 1607;, ; 1607;;;Queda;;;;Meio de Quadra;;Longo da via;0;2;0;1;0;0;0;0;0;0;0;0;0;(-38.5760186 -3.78165189);
361383;2020-07-02 19:08:00;RUA JABORANDI, 1108;, ; 1108;;;Queda;;;;Meio de Quadra;;Longo da via;0;1;0;1;0;0;0;0;0;0;0;0;0;(-38.5160555 -3.8395905);
361382;2020-07-02 19:05:00;RUA JOSE DANTAS PEREIRA, 2;, ; 2;;;Atropelamento;;;;Meio de Quadra;;Longo da via;0;1;0;1;0;0;0;0;0;0;0;0;0;(-38.60582 -3.8233);
361381;2020-07-02 18:52:00;RUA TULIPA, 800;, ; 800;;;Colisão;;;;Meio de Quadra;;Longo da via;0;1;0;1;1;0;0;0;0;0;0;0;0;(-38.580619 -3.717367);
361380;2020-07-02 18:51:00;RUA TULIPA, 800;, ; 800;;;Colisão;;;;Meio de Quadra;;Longo da via;0;1;0;1;1;0;0;0;0;0;0;0;0;(-38.580619 -3.717367);
361379;2020-07-02 18:30:00;RUA AQUIRAZ, 2005;, ; 2005;;;Colisão;Anoitecer;;;Meio de Quadra;;Longo da via;0;1;0;1;1;0;0;0;0;0;0;0;0;(0 0);
359712;2020-07-02 18:10:00;RUA MARTINHO RODRIGUES, ;RUA MIN JOAQUIM BASTOS D14, ; ;;;Colisão;Anoitecer;;;Cruz;Pare;Cruzamento;0;1;0;0;0;0;0;0;0;0;0;0;0;(-38.526951 -3.75485);
361378;2020-07-02 17:42:00;RUA ALBERTO MAGNO, ;, ; ;;;Colisão;Anoitecer;;;Meio de Quadra;;Longo da via;0;1;0;1;1;0;0;0;0;0;0;0;0;(0 0);
358342;2020-07-02 17:01:00;RUA MIN JOAQUIM BASTOS D14, 196;, ; 196;;;Colisão Frontal;Anoitecer;Bom;Seca;Meio de Quadra;Não Há Controle;Longo da via;0;2;1;1;1;0;0;0;0;0;0;0;0;(-38.526951 -3.75485);
361376;2020-07-02 16:42:00;RUA CIDADE PALHANO, ;RUA ANTONIO ARRUDA, ; ;;;Colisão;Luz do Dia;;;Cruz;Pare;Cruzamento;0;1;0;1;1;0;0;0;0;0;0;0;0;(-38.593359 -3.717903);
361375;2020-07-02 14:45:00;RUA SGT JOAO PINHEIRO, ;, ; ;;;Queda;Luz do Dia;;;Meio de Quadra;;Longo da via;0;1;0;1;0;0;0;0;0;0;0;0;0;(0 0);
361374;2020-07-02 14:10:00;RUA CARLOS CHAGAS, 1450;, ; 1450;;;Queda;Luz do Dia;;;Meio de Quadra;;Longo da via;0;1;0;0;0;0;0;0;0;1;0;0;0;(-38.5928374 -3.77797074);
361329;2020-07-02 13:37:00;RD BR 116, 6310;, ; 6310;;;Colisão;Luz do Dia;;;Meio de Quadra;;Longo da via;0;1;0;1;1;0;0;0;0;0;0;0;0;(-38.503053 -3.804691);
359358;2020-07-02 13:10:00;AVENIDA AUGUSTO DOS ANJOS, ;RUA NEREU RAMOS, ; ;;;Colisão Transversal;Luz do Dia;Bom;Seca;T;Pare;Cruzamento;0;1;1;0;1;0;0;0;1;0;0;0;0;(-38.579407 -3.780445);
361327;2020-07-02 12:40:00;AVENIDA 13 DE MAIO, 1363;, ; 1363;;;Colisão;Luz do Dia;;;Meio de Quadra;;Longo da via;0;1;0;1;1;0;0;0;0;0;0;0;0;(-38.530898 -3.748);
361325;2020-07-02 11:44:00;RUA PRO DIAS DA ROCHA, ;RUA BENI DE CARVALHO, ; ;;;Colisão;Luz do Dia;;;Cruz;Pare;Cruzamento;0;1;0;1;1;0;0;0;0;0;0;0;0;(-38.495024 -3.745994);
361321;2020-07-02 11:29:00;RUA STO ANTONIO D12, 103;, ; 103;;;Queda;Luz do Dia;;;Meio de Quadra;;Longo da via;0;1;0;1;0;0;0;0;0;0;0;0;0;(-38.581768 -3.696512);
361320;2020-07-02 08:58:00;RUA CEL MANUEL ALBANO, 674;, ; 674;;;Colisão;Luz do Dia;;;Meio de Quadra;;Longo da via;0;1;0;1;1;0;0;0;0;0;0;0;0;(0 0);
361318;2020-07-02 08:28:00;AVENIDA ALM HENRIQUE SABOIA, ;, ; ;;;Colisão;Luz do Dia;;;Meio de Quadra;;Longo da via;0;1;0;1;1;0;0;0;0;0;0;0;0;(0 0);
360328;2020-07-02 08:26:00;RUA CEL QUEIROZ, 439;, ; 439;;;Atropelamento;Luz do Dia;;;Meio de Quadra;;Longo da via;0;1;0;0;0;0;0;0;0;0;1;0;0;(0 0);
361316;2020-07-02 07:39:00;AVENIDA D CJ JOSE WALTER, ;, ; ;;;Colisão;Luz do Dia;;;Meio de Quadra;;Longo da via;0;1;0;1;1;0;0;0;0;0;0;0;0;(0 0);
358341;2020-07-02 06:40:00;RUA ROCHA LIMA, ;RUA DNA LEOPOLDINA, ; ;;;Colisão Transversal;Luz do Dia;Bom;Seca;Cruz;Semáforo;Cruzamento;0;2;1;1;1;0;0;0;0;0;0;0;0;(-38.521427 -3.736665);
361303;2020-07-02 06:36:00;RUA DNA LEOPOLDINA, 340;, ; 340;;;Colisão;Luz do Dia;;;Meio de Quadra;;Longo da via;0;1;0;1;1;0;0;0;0;0;0;0;0;(-38.5186755 -3.728343);
361302;2020-07-01 23:50:00;RUA ANGELICA GURGEL, ;, ; ;;;Queda;;;;Meio de Quadra;;Longo da via;0;1;0;0;0;0;0;0;0;1;0;0;0;(0 0);
358340;2020-07-01 22:01:00;AVENIDA ROGACIANO LEITE, ;, ; ;;;Colisão Lateral;Via Iluminada;Bom;Seca;Meio de Quadra;Não Há Controle;Longo da via;0;0;2;0;2;0;0;0;0;0;0;0;0;(-38.49875 -3.7725487);
361301;2020-07-01 21:49:00;RUA CESAR ROSSAS, ;RUA ALM RUBIM, ; ;;;Colisão;;;;Y;Não Há Controle;Cruzamento;0;1;0;0;0;0;0;0;0;0;1;0;0;(-38.55619 -3.769567);
361300;2020-07-01 20:44:00;AVENIDA PASTEUR, 1099;, ; 1099;;;Colisão;;;;Meio de Quadra;;Longo da via;0;1;0;1;1;0;0;0;0;0;0;0;0;(-38.56059 -3.71642);
361298;2020-07-01 20:36:00;RUA EMILIA GONCALVES, 590;, ; 590;;;Atropelamento;;;;Meio de Quadra;;Longo da via;0;1;0;1;0;0;0;0;0;0;0;0;0;(-38.59480828 -3.72839607);
358339;2020-07-01 20:10:00;AVENIDA PRUDENTE BRASIL, 633;, ; 633;;;Colisão Lateral;Via Iluminada;Bom;Seca;Outros;Não Há Controle;Longo da via;0;0;2;1;1;0;0;0;0;0;0;0;0;(-38.534102 -3.808709);
360996;2020-07-01 20:08:00;AVENIDA MIGUEL DIAS, ;RUA FIRMINO ROCHA AGUIAR, ; ;;;Colisão;;;;Rotatória;Dê Preferência;Cruzamento;0;1;0;1;1;0;0;0;0;0;0;0;0;(-38.487708 -3.763517);
359711;2020-07-01 18:00:00;AVENIDA WASHINGTON SOARES, 4294;, ; 4294;;;Atropelamento;Anoitecer;;;Meio de Quadra;;Longo da via;0;2;0;1;0;0;0;0;0;0;0;0;0;(-38.479979 -3.794935);
360733;2020-07-01 17:53:00;AVENIDA FRANCISCO SA, 6059;, ; 6059;;;Colisão;Anoitecer;;;Meio de Quadra;;Longo da via;0;1;0;0;0;0;0;0;0;0;1;0;0;(-38.5791544 -3.7099292);
358338;2020-07-01 17:16:00;AVENIDA JOAO PESSOA, 6943;, ; 6943;;;Choque c/ Obstáculo Fixo;Luz do Dia;Bom;Seca;Outros;Não Há Controle;Longo da via;0;1;0;0;0;0;0;0;0;0;0;0;0;(-38.561379 -3.771044);
360730;2020-07-01 16:44:00;AVENIDA WASHINGTON SOARES, ;, ; ;;;Atropelamento;Luz do Dia;;;Meio de Quadra;;Longo da via;0;1;0;1;0;0;0;0;0;0;0;0;0;(0 0);
360731;2020-07-01 16:20:00;RUA DAS PALMEIRAS, 1011;, ; 1011;;;Colisão;Luz do Dia;;;Meio de Quadra;;Longo da via;0;1;0;0;0;0;0;0;0;0;1;0;0;(0 0);
359393;2020-07-01 16:20:00;RD CE-040, ;, ; ;;;Atropelamento;Luz do Dia;;;Meio de Quadra;;Longo da via;0;2;0;1;0;0;0;0;0;0;0;0;0;(-38.48303286 -3.817159445);
360727;2020-07-01 15:11:00;RUA PORTO VELHO, 534;, ; 534;;;Colisão;Luz do Dia;;;Meio de Quadra;;Longo da via;0;1;0;1;1;0;0;0;0;0;0;0;0;(-38.585548 -3.766751);
359348;2020-07-01 14:00:00;RUA JOAQUIM LEITAO, ;RUA PEDRO MELO, ; ;;;Colisão Transversal;Luz do Dia;Bom;Seca;Cruz;Pare;Cruzamento;0;1;1;0;2;0;0;0;0;0;0;0;0;(-38.5921 -3.744174);
360725;2020-07-01 13:07:00;AVENIDA JOAO PESSOA, ;RUA PACAEMBU, ; ;;;Colisão;Luz do Dia;;;T;Outros;Cruzamento;0;1;0;1;1;0;0;0;0;0;0;0;0;(-38.559014 -3.765308);
360388;2020-07-01 13:04:00;AVENIDA FRANCISCO SA, 2080;, ; 2080;;;Atropelamento;Luz do Dia;;;Meio de Quadra;;Longo da via;0;1;1;0;0;0;0;0;0;1;0;0;0;(-38.5441284 -3.72174435);
359392;2020-07-01 13:00:00;RD CE-040, ;, ; ;;;Engavetamento;Luz do Dia;;Seca;Meio de Quadra;;Longo da via;0;3;0;0;3;0;0;0;0;0;0;0;0;(-38.47953463 -3.800595823);
360387;2020-07-01 11:47:00;RUA PEDRO DANTAS, ;RUA JOAO FONSECA, ; ;;;Queda;Luz do Dia;;;Cruz;Pare;Cruzamento;0;1;0;1;0;0;0;0;0;0;0;0;0;(-38.522903 -3.785733);
358337;2020-07-01 11:07:00;AVENIDA GENIBAU, ;RUA PERILIO TEIXEIRA, ; ;;;Colisão Transversal;Luz do Dia;Bom;Seca;Cruz;Pare;Cruzamento;0;1;1;0;2;0;0;0;0;0;0;0;0;(-38.60205 -3.760373);
360734;2020-07-01 10:53:00;RUA CEL FRANCISCO ALVES RIBEIRO, 723;, ; 723;;;Colisão;Luz do Dia;;;Meio de Quadra;;Longo da via;0;1;0;0;0;0;0;0;0;0;1;0;0;(-38.50157 -3.82291);
358336;2020-07-01 08:51:00;RUA VILEBALDO AGUIAR, ;RUA PRO OTAVIO LOBO, ; ;;;Colisão;Luz do Dia;Bom;Seca;Cruz;Pare;Cruzamento;0;2;0;1;1;0;0;0;0;0;0;0;0;(-38.478303 -3.743596);
359710;2020-07-01 08:25:00;AVENIDA MIN JOSE AMERICO, 2223;, ; 2223;;;Colisão;Luz do Dia;;;Meio de Quadra;;Longo da via;0;2;0;1;1;0;0;0;0;0;0;0;0;(-38.48130805 -3.811564838);
359843;2020-07-01 08:08:00;RUA GAL CLARINDO DE QUEIROZ, ;, ; ;;;Colisão;Luz do Dia;;;Meio de Quadra;;Longo da via;0;1;0;1;0;0;0;0;0;0;0;0;0;(0 0);
359842;2020-07-01 08:03:00;RD BR 116, 3000;, ; 3000;;;Colisão;Luz do Dia;;;Meio de Quadra;;Longo da via;0;1;0;1;1;0;0;0;0;0;0;0;0;(-38.514372 -3.779838);