COD_ACIDENTE;DATA;LOG1;LOG2;NUMERO;BAIRRO;AMC;NATUREZA;ILUMINACAO;TEMPO;SUPERFICIEPISTA;TIPOCRUZAMENTO;CONTROLETRAFEGO;USOSOLO;MORTOS;FERIDOS;ILESOS;MOTOCICLETA;AUTOMOVEL;MICROONIBUS;CAMINHAO;ONIBUS;CICLOMOTOR;BICICLETA;OUTROS;TREM;TRACAOANIMAL;COORDENADAS
358778;2020-07-01 08:00:00;RD BR 116, 1000;, ; 1000;;;Colisão Lateral;Luz do Dia;;;Meio de Quadra;;Longo da via;0;1;2;1;2;0;0;0;0;0;0;0;0;(-38.518702 -3.762554);
359841;2020-07-01 05:02:00;RUA NOSSA SRA DAS GRACAS, 484;, ; 484;;;Colisão;Amanhecer;;;Meio de Quadra;;Longo da via;0;1;0;1;1;0;0;0;0;0;0;0;0;(-38.5527102 -3.71037174);
360386;2020-07-01 00:34:00;RUA PRO OTAVIO LOBO, ;, ; ;;;Colisão;;;;Meio de Quadra;;Longo da via;0;1;0;1;1;0;0;0;0;0;0;0;0;(0 0);
359391;2020-07-01 00:00:00;AVENIDA MIN JOSE AMERICO, 2223;, ; 2223;;;Colisão;Luz do Dia;;Seca;Meio de Quadra;;Longo da via;0;2;0;1;1;0;0;0;0;0;0;0;0;(-38.48130805 -3.811564838);
360748;2020-07-01 00:00:00;RUA TEA SILVANO SERRA, 555;, ; 555;;;Colisão;;;;Meio de Quadra;;Longo da via;0;1;0;1;1;0;0;0;0;0;0;0;0;(-38.46362 -3.74109);
359585;2020-06-30 19:04:00;RUA 15 DE NOVEMBRO, 813;, ; 813;;;Queda;;;;Meio de Quadra;;Longo da via;0;1;0;1;0;0;0;0;0;0;0;0;0;(-38.553169 -3.769909);
359584;2020-06-30 18:53:00;RUA PORTO VELHO, 960;, ; 960;;;Queda;;;;Meio de Quadra;;Longo da via;0;1;0;1;0;0;0;0;0;0;0;0;0;(-38.5887881 -3.76502953);
357449;2020-06-30 18:41:00;RUA AMADEU FURTADO, 165;, ; 165;;;Colisão Lateral;Via Iluminada;Bom;Seca;Meio de Quadra;Não Há Controle;Longo da via;0;1;1;1;1;0;0;0;0;0;0;0;0;(-38.5637768 -3.73701552);
359583;2020-06-30 16:30:00;AVENIDA DUQ CAXIAS, 483;, ; 483;;;Colisão;Luz do Dia;;;Meio de Quadra;;Longo da via;0;2;0;1;1;0;0;0;0;0;0;0;0;(-38.528731 -3.732162);
359581;2020-06-30 14:31:00;RUA ALM RUBIM, 474;, ; 474;;;Colisão;Luz do Dia;;;Meio de Quadra;;Longo da via;0;2;0;0;1;0;0;0;0;1;0;0;0;(-38.55146 -3.76254);
359580;2020-06-30 13:19:00;RUA JOSE HIPOLITO, ;RUA BAR AQUIRAZ, ; ;;;Colisão;Luz do Dia;;;Cruz;Semáforo;Cruzamento;0;2;0;1;1;0;0;0;0;0;0;0;0;(-38.489933 -3.833725);
359579;2020-06-30 12:37:00;AVENIDA DR THEBERGE, 399;, ; 399;;;Colisão;Luz do Dia;;;Meio de Quadra;;Longo da via;0;2;0;0;1;0;0;0;0;1;0;0;0;(-38.562696 -3.707819);
359578;2020-06-30 12:00:00;AVENIDA CEL CARVALHO, 1950;, ; 1950;;;Colisão;Luz do Dia;;;Meio de Quadra;;Longo da via;0;2;0;1;1;0;0;0;0;0;0;0;0;(-38.5873998 -3.71952683);
359577;2020-06-30 11:43:00;RUA RUI MONTE, 494;, ; 494;;;Colisão;Luz do Dia;;;Meio de Quadra;;Longo da via;0;1;0;0;0;0;0;0;0;0;0;0;0;(-38.5872486 -3.74339339);
359576;2020-06-30 10:35:00;RUA JACAUNA, 741;, ; 741;;;Queda;Luz do Dia;;;Meio de Quadra;;Longo da via;0;1;0;1;0;0;0;0;0;0;0;0;0;(-38.58302 -3.70586);
359561;2020-06-30 10:15:00;AVENIDA BEZERRA DE MENEZES, 1811;, ; 1811;;;Queda;Luz do Dia;;;Meio de Quadra;;Longo da via;0;1;0;0;0;0;0;0;0;1;0;0;0;(-38.560822 -3.734912);
359560;2020-06-30 09:58:00;RUA JOAO TINOCO, ;RUA CARLOS ARAUJO, ; ;;;Colisão;Luz do Dia;;;Cruz;Pare;Cruzamento;0;2;0;1;1;0;0;0;0;0;0;0;0;(-38.58982 -3.728784);
359559;2020-06-30 08:54:00;RUA CON DE CASTRO, ;, ; ;;;Queda;Luz do Dia;;;Meio de Quadra;;Longo da via;0;1;0;1;0;0;0;0;0;0;0;0;0;(0 0);
359558;2020-06-30 08:13:00;RD BR 116, 9800;, ; 9800;;;Atropelamento;Luz do Dia;;;Meio de Quadra;;Longo da via;0;2;0;1;0;0;0;0;0;0;0;0;0;(-38.503373 -3.834435);
359557;2020-06-30 06:55:00;AVENIDA CARNEIRO DE MENDONCA, 1728;, ; 1728;;;Atropelamento;Luz do Dia;;;Meio de Quadra;;Longo da via;0;1;1;0;0;0;0;0;0;0;0;0;0;(-38.5732055 -3.760751);
359556;2020-06-30 00:51:00;RUA EUSEBIO DE SOUZA, 377;, ; 377;;;Queda;;;;Meio de Quadra;;Longo da via;0;1;0;1;0;0;0;0;0;0;0;0;0;(-38.5263957 -3.74045364);
359555;2020-06-29 22:45:00;AVENIDA EDUARDO GIRAO, ;RUA JORGE DUMAR, ; ;;;Colisão;;;;Cruz;Semáforo;Cruzamento;0;2;0;0;1;0;0;0;0;1;0;0;0;(-38.538695 -3.749691);
359554;2020-06-29 19:35:00;RUA SAO PAULO, 1401;, ; 1401;;;Colisão;;;;Meio de Quadra;;Longo da via;0;2;0;1;1;0;0;0;0;0;0;0;0;(-38.5379 -3.72281);
357448;2020-06-29 19:26:00;AVENIDA SANTOS DUMONT, ;, ; ;;;Colisão Frontal;Via Iluminada;Bom;Seca;Meio de Quadra;Pare;Longo da via;0;1;1;1;1;0;0;0;0;0;0;0;0;(-38.512478 -3.7316182);
359553;2020-06-29 19:24:00;AVENIDA DOS EXPEDICIONARIOS, 4469;, ; 4469;;;Colisão;;;;Meio de Quadra;;Longo da via;0;2;0;1;1;0;0;0;0;0;0;0;0;(-38.5389 -3.757434);
359552;2020-06-29 19:22:00;AVENIDA PERIMETRAL, ;, ; ;;;Atropelamento;;;;Meio de Quadra;;Longo da via;0;2;0;0;1;0;0;0;0;0;0;0;0;(0 0);
359551;2020-06-29 18:33:00;RUA DEMETRIO MENEZES, 3681;, ; 3681;;;Colisão;;;;Meio de Quadra;;Longo da via;0;2;0;1;1;0;0;0;0;0;0;0;0;(-38.584096 -3.73591);
359539;2020-06-29 18:29:00;AVENIDA SANTOS DUMONT, ;RUA PRO DIAS DA ROCHA, ; ;;;Colisão;Anoitecer;;;Cruz;Pare;Cruzamento;0;1;0;0;0;0;0;0;0;0;0;0;0;(-38.492502 -3.738113);
359538;2020-06-29 18:27:00;AVENIDA PRS CASTELO BRANCO, ;, ; ;;;Colisão;Anoitecer;;;Meio de Quadra;;Longo da via;0;2;0;1;1;0;0;0;0;0;0;0;0;(0 0);
359537;2020-06-29 18:22:00;AVENIDA GODOFREDO MACIEL, 1170;, ; 1170;;;Colisão;Anoitecer;;;Meio de Quadra;;Longo da via;0;2;0;0;1;0;0;0;0;1;0;0;0;(-38.566591 -3.785784);
359536;2020-06-29 18:04:00;AVENIDA MR HULL, 5436;, ; 5436;;;Colisão;Anoitecer;;;Meio de Quadra;;Longo da via;0;1;0;0;0;0;0;0;0;0;0;0;0;(-38.5934375 -3.7399365);
359535;2020-06-29 18:02:00;RUA ALBERTO MAGNO, ;RUA DOM CARLOTO TAVORA, ; ;;;Colisão;Anoitecer;;;Cruz;Pare;Cruzamento;0;2;0;1;1;0;0;0;0;0;0;0;0;(-38.553495 -3.770832);
358766;2020-06-29 17:30:00;RD BR 222, ;, ; ;;;Queda;Anoitecer;;;Meio de Quadra;;Longo da via;0;1;0;1;0;0;0;0;0;0;0;0;0;(-38.59594097 -3.740300848);
359534;2020-06-29 17:29:00;AVENIDA MON TABOSA, 1281;, ; 1281;;;Colisão;Anoitecer;;;Meio de Quadra;;Longo da via;0;1;0;0;0;0;0;0;0;0;0;0;0;(-38.5077546 -3.724305);
359533;2020-06-29 17:26:00;AVENIDA G CJ JOSE WALTER, ;AVENIDA I CJ JOSE WALTER, ; ;;;Colisão;Anoitecer;;;Cruz;Pare;Cruzamento;0;2;0;1;1;0;0;0;0;0;0;0;0;(-38.554956 -3.839061);
359529;2020-06-29 15:56:00;AVENIDA AUGUSTO DOS ANJOS, 1284;, ; 1284;;;Colisão;Luz do Dia;;;Meio de Quadra;;Longo da via;0;2;0;1;1;0;0;0;0;0;0;0;0;(-38.5775123 -3.7782899);
359528;2020-06-29 14:40:00;AVENIDA DR SILAS MUNGUBA, 55;, ; 55;;;Colisão;Luz do Dia;;;Meio de Quadra;;Longo da via;0;2;0;1;1;0;0;0;0;0;0;0;0;(-38.56026 -3.77993);
359526;2020-06-29 14:04:00;RUA OSCAR FRANCA, 223;, ; 223;;;Colisão;Luz do Dia;;;Meio de Quadra;;Longo da via;0;2;0;1;1;0;0;0;0;0;0;0;0;(-38.5938372 -3.79384314);
359525;2020-06-29 13:23:00;AVENIDA GOV RAUL BARBOSA, 7220;, ; 7220;;;Colisão;Luz do Dia;;;Meio de Quadra;;Longo da via;0;2;0;1;1;0;0;0;0;0;0;0;0;(-38.51302 -3.775451);
359523;2020-06-29 13:06:00;AVENIDA GENIBAU, 85;, ; 85;;;Colisão;Luz do Dia;;;Meio de Quadra;;Longo da via;0;2;0;0;2;0;0;0;0;0;0;0;0;(0 0);
359522;2020-06-29 13:05:00;RUA PINTO MADEIRA, 166;, ; 166;;;Colisão;Luz do Dia;;;Meio de Quadra;;Longo da via;0;2;0;1;1;0;0;0;0;0;0;0;0;(-38.52328 -3.73058);
357447;2020-06-29 12:40:00;AVENIDA PRS COSTA E SILVA, ;AVENIDA PRS JUSCELINO KUBITSCHEK (PASSARÉ), ; ;;;Colisão Traseira;Luz do Dia;Nublado;Seca;T;Semáforo;Cruzamento;0;1;1;1;1;0;0;0;0;0;0;0;0;(-38.539516 -3.825648);
359521;2020-06-29 10:32:00;AVENIDA AUGUSTO DOS ANJOS, 1340;, ; 1340;;;Colisão;Luz do Dia;;;Meio de Quadra;;Longo da via;0;2;0;2;0;0;0;0;0;0;0;0;0;(-38.577748 -3.77856);
359520;2020-06-29 09:02:00;AVENIDA DR SILAS MUNGUBA, 3038;, ; 3038;;;Atropelamento;Luz do Dia;;;Meio de Quadra;;Longo da via;0;2;0;1;0;0;0;0;0;0;0;0;0;(-38.54649978 -3.788218222);
357446;2020-06-29 01:42:00;RUA JOAQUIM LEITAO, ;RUA PEDRO MELO, ; ;;;Colisão Transversal;Via Iluminada;Bom;Seca;Cruz;Pare;Cruzamento;0;0;3;0;3;0;0;0;0;0;0;0;0;(-38.5921 -3.744174);
357445;2020-06-28 20:13:00;RUA TORRES CAMARA, ;RUA SILVA PAULET, ; ;;;Colisão Lateral;Via Iluminada;Bom;Seca;Cruz;Semáforo;Cruzamento;0;1;0;1;1;0;0;0;0;0;0;0;0;(-38.505905 -3.735958);
359517;2020-06-28 19:56:00;AVENIDA DOM LUIS, ;RUA CEL LINHARES, ; ;;;Colisão;;;;Cruz;Pare;Cruzamento;0;1;0;0;0;0;0;0;0;0;0;0;0;(-38.493503 -3.734513);
359516;2020-06-28 19:53:00;RUA 8 DE JULHO, 67;, ; 67;;;Queda;;;;Meio de Quadra;;Longo da via;0;1;0;1;0;0;0;0;0;0;0;0;0;(-38.57053 -3.72348);
359514;2020-06-28 19:43:00;RUA CEL FABRICIANO, 1205;, ; 1205;;;Atropelamento;;;;Meio de Quadra;;Longo da via;0;2;0;0;0;0;0;1;0;0;0;0;0;(-38.60235 -3.784301);
359513;2020-06-28 19:35:00;RUA TORRES CAMARA, ;RUA SILVA PAULET, ; ;;;Colisão;;;;Cruz;Semáforo;Cruzamento;0;2;0;1;1;0;0;0;0;0;0;0;0;(-38.505905 -3.735958);
359512;2020-06-28 19:20:00;RUA SEMENTE COITE, 2731;, ; 2731;;;Colisão;;;;Meio de Quadra;;Longo da via;0;2;0;1;1;0;0;0;0;0;0;0;0;(-38.605 -3.72663);
359511;2020-06-28 19:09:00;VILA STA ELISA D04, 632;, ; 632;;;Queda;;;;Meio de Quadra;;Longo da via;0;1;0;1;0;0;0;0;0;0;0;0;0;(-38.55883 -3.70682);
357444;2020-06-28 19:00:00;RUA RECANTO VERDE, 2022;, ; 2022;;;Colisão Traseira;Via Iluminada;Bom;Seca;Meio de Quadra;Gesto;Longo da via;0;0;2;1;1;0;0;0;0;0;0;0;0;(-38.514403 -3.845517);
359510;2020-06-28 18:52:00;RUA CESAR CORREIA, 137;, ; 137;;;Colisão;;;;Meio de Quadra;;Longo da via;0;2;0;1;1;0;0;0;0;0;0;0;0;(-38.57176 -3.70773);
359509;2020-06-28 18:05:00;AVENIDA SIQUEIRA CAMPOS, 1415;, ; 1415;;;Colisão;Anoitecer;;;Meio de Quadra;;Longo da via;0;2;0;1;1;0;0;0;0;0;0;0;0;(-38.62825799 -3.813548029);
359508;2020-06-28 17:34:00;AVENIDA PRO JOSE ARTHUR CARVALHO, 510;, ; 510;;;Colisão;Anoitecer;;;Meio de Quadra;;Longo da via;0;2;0;1;1;0;0;0;0;0;0;0;0;(-38.474144 -3.8264115);
359507;2020-06-28 17:20:00;RUA BEM VINDA, 50;, ; 50;;;Queda;Anoitecer;;;Meio de Quadra;;Longo da via;0;1;0;1;0;0;0;0;0;0;0;0;0;(-38.57521 -3.77399);
359506;2020-06-28 16:11:00;AVENIDA SEN FERNANDES TAVORA, ;, ; ;;;Colisão;Luz do Dia;;;Meio de Quadra;;Longo da via;0;2;0;1;1;0;0;0;0;0;0;0;0;(0 0);
357443;2020-06-28 15:59:00;RUA PAULINA ARRUDA, ;RUA PORTUGAL D63, ; ;;;Colisão Traseira;Luz do Dia;Bom;Seca;T;Não Há Controle;Cruzamento;0;1;1;1;1;0;0;0;0;0;0;0;0;(-38.51174 -3.82774);
358955;2020-06-28 15:59:00;AVENIDA DOM MANUEL, ;RUA BARBARA DE ALENCAR, ; ;;;Colisão;Luz do Dia;Bom;Seca;Cruz;Semáforo;Cruzamento;0;1;1;1;1;0;0;0;0;0;0;0;0;(-38.523262 -3.734972);
359504;2020-06-28 15:51:00;AVENIDA MOZART PINHEIRO DE LUCENA, 2653;, ; 2653;;;Colisão;Luz do Dia;;;Meio de Quadra;;Longo da via;0;1;0;0;0;0;0;0;0;0;0;0;0;(-38.598339 -3.727543);
359503;2020-06-28 15:14:00;RUA CEL JOSE FILOMENO GOMES, 1275;, ; 1275;;;Queda;Luz do Dia;;;Meio de Quadra;;Longo da via;0;1;0;1;0;0;0;0;0;0;0;0;0;(-38.48843 -3.78223);
359501;2020-06-28 14:23:00;AVENIDA ROGACIANO LEITE, 2723;, ; 2723;;;Colisão;Luz do Dia;;;Meio de Quadra;;Longo da via;0;2;0;2;0;0;0;0;0;0;0;0;0;(-38.502104 -3.782349);
357442;2020-06-28 14:05:00;RUA TABAJARAS, 138;, ; 138;;;Choque c/ Obstáculo Fixo;Luz do Dia;Bom;Seca;Meio de Quadra;Pare;Longo da via;0;0;1;0;1;0;0;0;0;0;0;0;0;(-38.518511 -3.718944);
359500;2020-06-28 13:54:00;RUA SILVA PAULET, ;RUA PDE VALDEVINO, ; ;;;Colisão;Luz do Dia;;;Cruz;Não Há Controle;Cruzamento;0;2;0;2;0;0;0;0;0;0;0;0;0;(-38.507851 -3.741957);
359498;2020-06-28 13:54:00;AVENIDA BORGES DE MELO, 1160;, ; 1160;;;Queda;Luz do Dia;;;Meio de Quadra;;Longo da via;0;1;0;1;0;0;0;0;0;0;0;0;0;(-38.530113 -3.7598405);
359497;2020-06-28 13:48:00;RUA PDE PERDIGAO SAMPAIO, ;RUA MARTINS NETO, ; ;;;Colisão;Luz do Dia;;;Cruz;Pare;Cruzamento;0;2;0;1;1;0;0;0;0;0;0;0;0;(-38.59442 -3.7410924);
359041;2020-06-28 13:40:00;RUA GERMANO FRANCK, 375;, ; 375;;;Atropelamento;Luz do Dia;Bom;Seca;Meio de Quadra;Não Há Controle;Longo da via;0;2;0;1;0;0;0;0;0;0;0;0;0;(-38.559666 -3.7751915);
359491;2020-06-28 12:22:00;RUA DES OTACILIO PEIXOTO, ;, ; ;;;Colisão;Luz do Dia;;;Meio de Quadra;;Longo da via;0;2;0;1;1;0;0;0;0;0;0;0;0;(0 0);
359489;2020-06-28 11:45:00;AVENIDA PDE ANTONIO TOMAS, ;RUA PRO OTAVIO LOBO, ; ;;;Queda;Luz do Dia;;;Cruz;Semáforo;Cruzamento;0;1;0;1;0;0;0;0;0;0;0;0;0;(-38.47994 -3.746548);
359488;2020-06-28 09:31:00;RUA SOLON PINHEIRO, 763;, ; 763;;;Atropelamento;Luz do Dia;;;Meio de Quadra;;Longo da via;0;2;0;0;1;0;0;0;0;0;0;0;0;(-38.5285676 -3.73717367);
359486;2020-06-28 09:14:00;AVENIDA GENIBAU, 790;, ; 790;;;Colisão;Luz do Dia;;;Meio de Quadra;;Longo da via;0;2;0;1;1;0;0;0;0;0;0;0;0;(-38.6018992 -3.7603952);
359485;2020-06-28 09:13:00;RUA PEDRO MARTINS, 166;, ; 166;;;Colisão;Luz do Dia;;;Meio de Quadra;;Longo da via;0;2;0;1;1;0;0;0;0;0;0;0;0;(-38.5994983 -3.80033874);
358954;2020-06-28 09:00:00;RUA ALVES BEZERRA, 704;, ; 704;;;Colisão;Luz do Dia;;;Meio de Quadra;;Longo da via;0;0;2;0;1;0;1;0;0;0;0;0;0;(-38.611359 -3.805339);
359518;2020-06-28 05:47:00;RUA BERNARDO MANUEL, 7842;, ; 7842;;;Queda;Amanhecer;;;Meio de Quadra;;Longo da via;0;1;0;1;0;0;0;0;0;0;0;0;0;(-38.547646 -3.7861602);
359483;2020-06-28 05:02:00;RUA VITAL BRASIL, 1783;, ; 1783;;;Queda;Amanhecer;;;Meio de Quadra;;Longo da via;1;0;0;1;0;0;0;0;0;0;0;0;0;(-38.596775953 -3.77835821);
359481;2020-06-28 04:00:00;AVENIDA GOV RAUL BARBOSA, 1180;, ; 1180;;;Queda;;;;Meio de Quadra;;Longo da via;0;1;0;1;0;0;0;0;0;0;0;0;0;(-38.50666 -3.76127);
359480;2020-06-28 02:03:00;RUA ALBERTO MAGNO, 1590;, ; 1590;;;Queda;;;;Meio de Quadra;;Longo da via;0;1;0;1;0;0;0;0;0;0;0;0;0;(-38.552417 -3.767991);
359478;2020-06-27 23:11:00;AVENIDA SEN FERNANDES TAVORA, 2433;, ; 2433;;;Atropelamento;;;;Meio de Quadra;;Longo da via;0;1;1;1;0;0;0;0;0;0;0;0;0;(-38.593889 -3.755953);
359455;2020-06-27 22:39:00;RUA GONCALVES DIAS, 306;, ; 306;;;Colisão;;;;Meio de Quadra;;Longo da via;0;1;0;0;0;0;0;0;0;0;0;0;0;(-38.5539931 -3.74209579);
359449;2020-06-27 22:05:00;AVENIDA PRS CASTELO BRANCO, 563;, ; 563;;;Queda;;;;Meio de Quadra;;Longo da via;0;1;0;0;0;0;0;0;0;1;0;0;0;(-38.52853 -3.72104);
359448;2020-06-27 21:52:00;AVENIDA GENIBAU, ;RUA PERILIO TEIXEIRA, ; ;;;Colisão;;;;Cruz;Pare;Cruzamento;0;2;0;1;1;0;0;0;0;0;0;0;0;(-38.60205 -3.760373);
357441;2020-06-27 21:44:00;RUA JOSE FACANHA, ;RUA PAPI JUNIOR, ; ;;;Colisão Transversal;Via Iluminada;Bom;Seca;Cruz;Pare;Cruzamento;0;1;1;1;1;0;0;0;0;0;0;0;0;(-38.557265 -3.752136);
359447;2020-06-27 21:39:00;AVENIDA CASTELO DE CASTRO, 772;, ; 772;;;Colisão;;;;Meio de Quadra;;Longo da via;0;2;0;1;1;0;0;0;0;0;0;0;0;(-38.521668 -3.836195);
359446;2020-06-27 21:27:00;RUA JULIO SILVA, ;, ; ;;;Queda;;;;Meio de Quadra;;Longo da via;0;1;0;1;0;0;0;0;0;0;0;0;0;(0 0);
359445;2020-06-27 21:14:00;RD BR 020, ;, ; ;;;Colisão;;;;Meio de Quadra;;Longo da via;0;2;0;1;1;0;0;0;0;0;0;0;0;(0 0);
359437;2020-06-27 21:09:00;AVENIDA SEN FERNANDES TAVORA, ;, ; ;;;Atropelamento;;;;Meio de Quadra;;Longo da via;0;2;0;1;0;0;0;0;0;0;0;0;0;(0 0);
359436;2020-06-27 21:04:00;RUA MANUEL DIAS BRANCO, 99;, ; 99;;;Colisão;;;;Meio de Quadra;;Longo da via;0;2;0;1;1;0;0;0;0;0;0;0;0;(-38.47795 -3.72217);
357440;2020-06-27 20:47:00;AVENIDA PRS COSTA E SILVA, 287;, ; 287;;;Colisão Traseira;Anoitecer;Bom;Seca;Meio de Quadra;Semáforo;Longo da via;0;1;1;1;1;0;0;0;0;0;0;0;0;(-38.57278 -3.8123);
359434;2020-06-27 19:21:00;RUA DR FERNANDO AUGUSTO, 2877;, ; 2877;;;Queda;;;;Meio de Quadra;;Longo da via;0;1;0;1;0;0;0;0;0;0;0;0;0;(-38.61806 -3.78826);
359431;2020-06-27 17:04:00;RUA ANSELMO NOGUEIRA, 268;, ; 268;;;Queda;Anoitecer;;;Meio de Quadra;;Longo da via;0;1;0;1;0;0;0;0;0;0;0;0;0;(-38.5869994 -3.780424);
359430;2020-06-27 16:40:00;RUA DR HUGO ROCHA, ;RUA SAO BERNARDO, ; ;;;Queda;Luz do Dia;;;;;Cruzamento;0;1;0;1;0;0;0;0;0;0;0;0;0;(-38.57084 -3.71547);
359429;2020-06-27 16:28:00;TRAVESSA SAO FRANCISCO D21, 697;, ; 697;;;Colisão;Luz do Dia;;;Meio de Quadra;;Longo da via;0;2;0;1;1;0;0;0;0;0;0;0;0;(-38.58279 -3.80116);
359039;2020-06-27 16:00:00;AVENIDA DIOGUINHO, ;, ; ;;;Choque c/ Obstáculo Fixo;Luz do Dia;Bom;Seca;Meio de Quadra;Pare;Longo da via;0;1;0;0;1;0;0;0;0;0;0;0;0;(0 0);
358952;2020-06-27 15:15:00;RUA SABIA, ;RUA SEIXAS CORREIA, ; ;;;Colisão Lateral;Luz do Dia;Bom;Seca;Cruz;Não Há Controle;Cruzamento;0;1;1;1;1;0;0;0;0;0;0;0;0;(-38.579784 -3.778496);
359428;2020-06-27 14:32:00;RUA FELIPE CAMARAO, ;RUA CRIANCAS, ; ;;;Queda;Luz do Dia;;;;;Cruzamento;0;1;0;0;0;0;0;0;0;1;0;0;0;(-38.56564 -3.70732);
359427;2020-06-27 14:17:00;AVENIDA DR SILAS MUNGUBA, ;RUA MAL BITENCOURT, ; ;;;Colisão;Luz do Dia;;;T;Semáforo;Cruzamento;0;1;0;0;0;0;0;0;0;0;0;0;0;(-38.531678 -3.796992);
359421;2020-06-27 13:57:00;AVENIDA PRO JOSE ARTHUR CARVALHO, 560;, ; 560;;;Colisão;Luz do Dia;;;Meio de Quadra;;Longo da via;0;2;0;1;0;0;1;0;0;0;0;0;0;(-38.473498 -3.826479);
359420;2020-06-27 12:46:00;AVENIDA JOSE JATAHY, 614;, ; 614;;;Colisão;Luz do Dia;;;Meio de Quadra;;Longo da via;0;2;0;1;1;0;0;0;0;0;0;0;0;(-38.5444586 -3.7320771);
359412;2020-06-27 11:54:00;RUA VII CIDADE OESTE, 126;, ; 126;;;Queda;Luz do Dia;;;Meio de Quadra;;Longo da via;0;1;0;1;0;0;0;0;0;0;0;0;0;(-38.6000835 -3.72860268);
359411;2020-06-27 11:47:00;RUA THEOGENES GONDIM, 2259;, ; 2259;;;Colisão;Luz do Dia;;;Meio de Quadra;;Longo da via;0;2;0;2;0;0;0;0;0;0;0;0;0;(-38.59867 -3.77405);
359410;2020-06-27 11:01:00;RUA JULIO SILVA, 440;, ; 440;;;Atropelamento;Luz do Dia;;;Meio de Quadra;;Longo da via;0;2;0;0;1;0;0;0;0;0;0;0;0;(-38.45462 -3.74537);
359409;2020-06-27 11:00:00;AVENIDA SGT HERMINIO SAMPAIO, 1733;, ; 1733;;;Colisão;Luz do Dia;;;Meio de Quadra;;Longo da via;0;2;0;1;1;0;0;0;0;0;0;0;0;(-38.556265 -3.725599);
359408;2020-06-27 10:43:00;RUA GUILHERME ROCHA, ;RUA COS ESTELITA, ; ;;;Colisão;Luz do Dia;;;Cruz;Pare;Cruzamento;0;2;0;2;0;0;0;0;0;0;0;0;0;(-38.539177 -3.723347);
359406;2020-06-27 10:42:00;RUA DR ATUALPA BARBOSA LIMA (P. IRACEMA), ;, ; ;;;Atropelamento;Luz do Dia;;;Meio de Quadra;;Longo da via;0;1;1;0;1;0;0;0;0;0;0;0;0;(0 0);
359402;2020-06-27 09:32:00;RUA CANDIDO MAIA, 294;, ; 294;;;Colisão;Luz do Dia;;;Meio de Quadra;;Longo da via;0;2;0;1;1;0;0;0;0;0;0;0;0;(-38.5904072 -3.737428);
359401;2020-06-27 07:14:00;AVENIDA DOMINGOS OLIMPIO, ;RUA JAIME BENEVOLO, ; ;;;Queda;Luz do Dia;;;Cruz;Semáforo;Cruzamento;0;1;0;1;0;0;0;0;0;0;0;0;0;(-38.527245 -3.73778);
357439;2020-06-27 07:00:00;AVENIDA SEN FERNANDES TAVORA, ;RUA PROF. MANOEL LOURENCO, ; ;;;Colisão Transversal;Luz do Dia;Bom;Seca;Meio de Quadra;Pare;Cruzamento;0;1;1;1;1;0;0;0;0;0;0;0;0;(-38.59457 -3.75578);
359385;2020-06-27 06:39:00;RUA TEODOMIRO DE CASTRO, 4354;, ; 4354;;;Colisão;Luz do Dia;;;Meio de Quadra;;Longo da via;0;0;2;0;0;0;0;0;0;0;0;0;0;(-38.572281 -3.71878);
359037;2020-06-27 04:00:00;RUA MANACA, ;RUA PRO JOSE BONIFACIO, ; ;;;Choque c/ Obstáculo Fixo;Via Iluminada;Chuva;Molhada;Cruz;Pare;Cruzamento;0;1;1;0;0;0;0;1;0;0;0;0;0;(-38.5627 -3.71154);
358765;2020-06-27 03:30:00;RD BR 020, ;, ; ;;;Queda;;;;Meio de Quadra;;Longo da via;0;1;0;1;0;0;0;0;0;0;0;0;0;(-38.533 -3.861);
359384;2020-06-27 03:04:00;RD QUARTO ANEL VIARIO, ;, ; ;;;Queda;;;;Meio de Quadra;;Longo da via;0;1;0;1;0;0;0;0;0;0;0;0;0;(0 0);
357438;2020-06-27 00:56:00;RUA MIN ALBUQUERQUE LIMA, ;, ; ;;;Não informado;Via Iluminada;Bom;Seca;Meio de Quadra;Semáforo;Longo da via;0;1;1;1;1;0;0;0;0;0;0;0;0;(-38.611023 -3.7662096);
359383;2020-06-26 22:21:00;RUA MIN ALBUQUERQUE LIMA, 880;, ; 880;;;Colisão;;;;Meio de Quadra;;Longo da via;0;2;0;1;1;0;0;0;0;0;0;0;0;(-38.604872 -3.770615);
359382;2020-06-26 22:09:00;AVENIDA CENTRAL CJ CEARA, ;, ; ;;;Colisão;;;;Meio de Quadra;;Longo da via;0;2;0;1;1;0;0;0;0;0;0;0;0;(0 0);
359381;2020-06-26 21:04:00;RUA GONCALVES DIAS, 312;, ; 312;;;Atropelamento;;;;Meio de Quadra;;Longo da via;0;2;0;1;0;0;0;0;0;0;0;0;0;(-38.554026 -3.742144);
359126;2020-06-26 19:30:00;RD CE-040, ;, ; ;;;Colisão;;;Seca;Meio de Quadra;;Longo da via;0;2;0;0;2;0;0;0;0;0;0;0;0;(-38.48246582 -3.834450897);
359033;2020-06-26 19:30:00;AVENIDA JOR THOMAZ COELHO, 2706;, ; 2706;;;Colisão Lateral;Via Iluminada;Bom;Seca;Meio de Quadra;Semáforo;Longo da via;1;0;1;1;0;0;1;0;0;0;0;0;0;(-38.51880879 -3.828384831);