COD_ACIDENTE;DATA;LOG1;LOG2;NUMERO;BAIRRO;AMC;NATUREZA;ILUMINACAO;TEMPO;SUPERFICIEPISTA;TIPOCRUZAMENTO;CONTROLETRAFEGO;USOSOLO;MORTOS;FERIDOS;ILESOS;MOTOCICLETA;AUTOMOVEL;MICROONIBUS;CAMINHAO;ONIBUS;CICLOMOTOR;BICICLETA;OUTROS;TREM;TRACAOANIMAL;COORDENADAS
359380;2020-06-26 19:20:00;AVENIDA JOR THOMAZ COELHO, 2706;, ; 2706;;;Colisão;;;;Meio de Quadra;;Longo da via;0;1;0;0;0;0;0;0;0;0;0;0;0;(-38.51880879 -3.828384831);
359379;2020-06-26 19:02:00;RUA PINHEIRO MAIA, ;AVENIDA JOSE LEON, ; ;;;Colisão;;;;Cruz;Pare;Cruzamento;0;2;0;1;1;0;0;0;0;0;0;0;0;(-38.498726 -3.788597);
359378;2020-06-26 18:37:00;AVENIDA BENJAMIM BRASIL, 1080;, ; 1080;;;Colisão;;;;Meio de Quadra;;Longo da via;0;2;0;1;1;0;0;0;0;0;0;0;0;(-38.56522 -3.8054);
359377;2020-06-26 18:31:00;AVENIDA PONTES VIEIRA, ;RUA DR JOSE LOURENCO, ; ;;;Colisão;;;;T;Não Há Controle;Cruzamento;0;2;0;1;1;0;0;0;0;0;0;0;0;(-38.51351 -3.75266);
359376;2020-06-26 18:24:00;AVENIDA OLIVEIRA PAIVA, ;, ; ;;;Colisão;Anoitecer;;;Meio de Quadra;;Longo da via;0;2;0;1;1;0;0;0;0;0;0;0;0;(0 0);
358947;2020-06-26 18:10:00;RUA RUI MONTE, 331;, ; 331;;;Colisão;Anoitecer;;;Meio de Quadra;;Longo da via;0;1;1;0;1;0;0;0;1;0;0;0;0;(-38.58733 -3.742326);
358945;2020-06-26 17:30:00;RUA TOBIAS CORREIA, ;, ; ;;;Colisão;Anoitecer;;;Meio de Quadra;;Longo da via;0;1;1;0;2;0;0;0;0;0;0;0;0;(0 0);
359372;2020-06-26 17:19:00;AVENIDA ENG HUMBERTO MONTE, ;, ; ;;;Queda;Anoitecer;;;Meio de Quadra;;Longo da via;0;1;0;1;0;0;0;0;0;0;0;0;0;(0 0);
359371;2020-06-26 16:38:00;AVENIDA OLAVO BILAC, ;RUA BAR CRATO, ; ;;;Queda;Luz do Dia;;;Cruz;Semáforo;Cruzamento;0;1;0;1;0;0;0;0;0;0;0;0;0;(-38.56637 -3.723036);
359370;2020-06-26 16:31:00;AVENIDA BEZERRA DE MENEZES, 750;, ; 750;;;Atropelamento;Luz do Dia;;;Meio de Quadra;;Longo da via;0;1;1;0;0;0;0;0;0;0;0;0;0;(-38.55138 -3.73285);
359368;2020-06-26 16:17:00;AVENIDA EDUARDO GIRAO, ;AVENIDA DOS EXPEDICIONARIOS, ; ;;;Colisão;Luz do Dia;;;Cruz;Semáforo;Cruzamento;0;1;0;0;0;0;0;0;0;0;0;0;0;(-38.536849 -3.750712);
359366;2020-06-26 16:10:00;RUA RUI MONTE, 348;, ; 348;;;Colisão;Luz do Dia;;;Meio de Quadra;;Longo da via;0;2;0;1;1;0;0;0;0;0;0;0;0;(-38.58733 -3.742326);
359365;2020-06-26 15:58:00;AVENIDA FRANCISCO SA, 5174;, ; 5174;;;Colisão;Luz do Dia;;;Meio de Quadra;;Longo da via;0;2;0;1;1;0;0;0;0;0;0;0;0;(-38.5705346 -3.712908);
359364;2020-06-26 15:25:00;AVENIDA SEN FERNANDES TAVORA, ;RUA PRO VIRGILIO DE MORAIS, ; ;;;Colisão;Luz do Dia;;;Cruz;Semáforo;Cruzamento;0;2;0;1;1;0;0;0;0;0;0;0;0;(-38.59735 -3.7552326);
359363;2020-06-26 15:02:00;RUA BERNARDO MANUEL, 8550;, ; 8550;;;Colisão;Luz do Dia;;;Meio de Quadra;;Longo da via;0;1;0;0;0;0;0;0;0;0;0;0;0;(-38.55022767 -3.794806667);
359361;2020-06-26 14:44:00;AVENIDA SGT HERMINIO SAMPAIO, ;, ; ;;;Colisão;Luz do Dia;;;Meio de Quadra;;Longo da via;0;2;0;1;1;0;0;0;0;0;0;0;0;(0 0);
358949;2020-06-26 13:45:00;RUA DA ZAMBAIA, ;RUA DAS CARAVELAS, ; ;;;Colisão;Luz do Dia;Nublado;Seca;Cruz;Pare;Cruzamento;0;1;1;1;1;0;0;0;0;0;0;0;0;(-38.57971 -3.69688);
357436;2020-06-26 13:19:00;AVENIDA BORGES DE MELO, 1711;, ; 1711;;;Choque c/ Obstáculo Fixo;Luz do Dia;Bom;Seca;Meio de Quadra;Semáforo;Longo da via;0;1;0;0;1;0;0;0;0;0;0;0;0;(-38.534097 -3.756465);
359360;2020-06-26 13:02:00;RUA OSCAR ARARIPE, 1544;, ; 1544;;;Colisão;Luz do Dia;;;Meio de Quadra;;Longo da via;0;2;0;2;0;0;0;0;0;0;0;0;0;(-38.6051403 -3.7893366);
359357;2020-06-26 13:00:00;AVENIDA TRISTAO GONCALVES, 358;, ; 358;;;Colisão;Luz do Dia;;;Meio de Quadra;;Longo da via;0;2;0;1;1;0;0;0;0;0;0;0;0;(-38.5325722 -3.72500593);
359355;2020-06-26 12:41:00;RUA TEN BENEVOLO, 569;, ; 569;;;Queda;Luz do Dia;;;Meio de Quadra;;Longo da via;0;1;0;1;0;0;0;0;0;0;0;0;0;(-38.5160677 -3.72571042);
359353;2020-06-26 12:24:00;RUA OSCAR ARARIPE, 1699;, ; 1699;;;Atropelamento;Luz do Dia;;;Meio de Quadra;;Longo da via;0;1;1;0;0;0;0;0;0;0;0;0;0;(-38.606766 -3.788809);
359354;2020-06-26 12:24:00;AVENIDA AUGUSTO DOS ANJOS, 902;, ; 902;;;Colisão;Luz do Dia;;;Meio de Quadra;;Longo da via;0;2;0;1;1;0;0;0;0;0;0;0;0;(-38.575289 -3.775774);
359352;2020-06-26 11:34:00;RUA VITAL BRASIL, ;RUA AIRES DA CUNHA, ; ;;;Colisão;Luz do Dia;;;Cruz;Pare;Cruzamento;0;2;0;1;1;0;0;0;0;0;0;0;0;(-38.60406 -3.7763);
359031;2020-06-26 10:40:00;RUA CEL LINHARES, ;RUA PEREIRA VALENTE, ; ;;;Colisão Lateral;Luz do Dia;Bom;Seca;Cruz;Pare;Cruzamento;0;2;0;2;0;0;0;0;0;0;0;0;0;(-38.493183 -3.733517);
357435;2020-06-26 09:23:00;AVENIDA JOVITA FEITOSA, ;RUA CRUZ SALDANHA, ; ;;;Colisão Traseira;Luz do Dia;Bom;Seca;Cruz;Não Há Controle;Cruzamento;0;0;2;0;2;0;0;0;0;0;0;0;0;(-38.553174 -3.739205);
359351;2020-06-26 08:49:00;AVENIDA TRISTAO GONCALVES, 1367;, ; 1367;;;Colisão;Luz do Dia;;;Meio de Quadra;;Longo da via;0;2;0;1;1;0;0;0;0;0;0;0;0;(-38.535149036 -3.733592218);
359350;2020-06-26 08:39:00;AVENIDA DEP PAULINO ROCHA, 2460;, ; 2460;;;Queda;Luz do Dia;;;Meio de Quadra;;Longo da via;0;1;0;1;0;0;0;0;0;0;0;0;0;(-38.517989 -3.810487);
359349;2020-06-26 07:16:00;AVENIDA PRS CASTELO BRANCO, 1000;, ; 1000;;;Queda;Luz do Dia;;;Meio de Quadra;;Longo da via;0;1;0;1;0;0;0;0;0;0;0;0;0;(-38.53548 -3.71801);
359347;2020-06-26 01:12:00;AVENIDA GAL OSORIO DE PAIVA, ;, ; ;;;Colisão;;;;Meio de Quadra;;Longo da via;0;2;0;1;1;0;0;0;0;0;0;0;0;(0 0);
359036;2020-06-26 01:10:00;AVENIDA GAL OSORIO DE PAIVA, ;RUA RAIMUNDO NERY, ; ;;;Colisão Transversal;Via Iluminada;Bom;Seca;Cruz;Semáforo;Cruzamento;0;1;1;1;1;0;0;0;0;0;0;0;0;(-38.588065 -3.790306);
359346;2020-06-25 21:12:00;RUA MANUEL ARRUDA, ;RUA NOVA QUIETUDE, ; ;;;Colisão;;;;Cruz;Pare;Cruzamento;0;2;0;1;1;0;0;0;0;0;0;0;0;(-38.503137 -3.829155);
359345;2020-06-25 20:14:00;AVENIDA PONTES VIEIRA, ;RUA PRO CARVALHO, ; ;;;Colisão;;;;Cruz;Semáforo;Cruzamento;0;2;0;1;1;0;0;0;0;0;0;0;0;(-38.514949 -3.75289);
359344;2020-06-25 18:57:00;RUA MIRTYL MEYER, 157;, ; 157;;;Queda;;;;Meio de Quadra;;Longo da via;0;1;0;1;0;0;0;0;0;0;0;0;0;(-38.57297 -3.80956);
359343;2020-06-25 18:44:00;TRAVESSA STA TEREZINHA, ;, ; ;;;Queda;;;;Meio de Quadra;;Longo da via;0;1;0;1;0;0;0;0;0;0;0;0;0;(0 0);
359636;2020-06-25 17:09:00;AVENIDA MR HULL, ;, ; ;;;Atropelamento;Anoitecer;;;Meio de Quadra;;Longo da via;1;1;0;0;0;0;0;0;0;0;0;0;0;(-38.599938 -3.740838);
359340;2020-06-25 15:58:00;AVENIDA EDILSON B SOARES, 2902;, ; 2902;;;Colisão;Luz do Dia;;;Meio de Quadra;;Longo da via;0;2;0;1;1;0;0;0;0;0;0;0;0;(-38.45983 -3.78773);
359336;2020-06-25 15:30:00;RUA JULIO SILVA, 440;, ; 440;;;Colisão;Luz do Dia;;;Meio de Quadra;;Longo da via;0;1;0;1;0;0;0;0;0;0;0;0;0;(-38.45462 -3.74537);
359335;2020-06-25 15:07:00;RUA TAVARES COUTINHO, 782;, ; 782;;;Colisão;Luz do Dia;;;Meio de Quadra;;Longo da via;0;2;0;1;1;0;0;0;0;0;0;0;0;(-38.48504 -3.73251);
359334;2020-06-25 13:57:00;AVENIDA BEZERRA DE MENEZES, 2661;, ; 2661;;;Colisão;Luz do Dia;;;Meio de Quadra;;Longo da via;0;2;0;1;1;0;0;0;0;0;0;0;0;(-38.568324 -3.736463);
357434;2020-06-25 13:05:00;RUA LEONARDO MOTA, ;RUA PRO FRANCISCO GONCALVES, ; ;;;Colisão Traseira;Luz do Dia;Bom;Seca;Cruz;Pare;Cruzamento;0;1;1;0;2;0;0;0;0;0;0;0;0;(-38.499748 -3.747308);
359333;2020-06-25 12:59:00;RUA PEDRO DANTAS, 586;, ; 586;;;Colisão;Luz do Dia;;;Meio de Quadra;;Longo da via;0;2;0;1;1;0;0;0;0;0;0;0;0;(-38.52298 -3.78572);
359330;2020-06-25 12:41:00;RUA ANTERO QUENTAL, 58;, ; 58;;;Atropelamento;Luz do Dia;;;Meio de Quadra;;Longo da via;0;2;0;1;0;0;0;0;0;0;0;0;0;(-38.49107 -3.86037);
359329;2020-06-25 12:34:00;AVENIDA RUI BARBOSA, ;RUA JOAO CARVALHO, ; ;;;Colisão;Luz do Dia;;;Cruz;Semáforo;Cruzamento;0;2;0;1;1;0;0;0;0;0;0;0;0;(-38.509731 -3.736928);
359327;2020-06-25 12:04:00;AVENIDA ENG ALBERTO SA, 620;, ; 620;;;Colisão;Luz do Dia;;;Meio de Quadra;;Longo da via;0;2;0;1;1;0;0;0;0;0;0;0;0;(-38.475012 -3.7348);
359326;2020-06-25 12:00:00;AVENIDA OLIVEIRA PAIVA, 1650;, ; 1650;;;Colisão;Luz do Dia;;;Meio de Quadra;;Longo da via;0;2;0;2;0;0;0;0;0;0;0;0;0;(-38.4916318 -3.795789);
359314;2020-06-25 10:44:00;RUA MOURA MATOS, 1570;, ; 1570;;;Colisão;Luz do Dia;;;Meio de Quadra;;Longo da via;0;2;0;2;0;0;0;0;0;0;0;0;0;(-38.5439602 -3.81213513);
359313;2020-06-25 10:44:00;RUA TAUBATE, ;, ; ;;;Colisão;Luz do Dia;;;Meio de Quadra;;Longo da via;0;2;0;1;1;0;0;0;0;0;0;0;0;(0 0);
357433;2020-06-25 10:33:00;RUA ROMEU MARTINS, ;RUA JOAO FIRMINO, ; ;;;Colisão Transversal;Luz do Dia;Bom;Seca;Cruz;Pare;Cruzamento;0;2;0;1;1;0;0;0;0;0;0;0;0;(-38.555582 -3.764274);
359312;2020-06-25 10:20:00;AVENIDA JOSE BASTOS, 5300;, ; 5300;;;Colisão;Luz do Dia;;;Meio de Quadra;;Longo da via;0;2;0;2;0;0;0;0;0;0;0;0;0;(-38.563351 -3.758796);
359180;2020-06-25 09:33:00;AVENIDA AUGUSTO DOS ANJOS, 1170;, ; 1170;;;Colisão;Luz do Dia;;;Meio de Quadra;;Longo da via;0;2;0;2;0;0;0;0;0;0;0;0;0;(-38.576697 -3.777359);
357432;2020-06-25 08:49:00;RUA DOS TREVOS, 657;, ; 657;;;Atropelamento;Luz do Dia;Bom;Seca;Meio de Quadra;Não Há Controle;Longo da via;0;2;0;1;0;0;0;0;0;0;0;0;0;(-38.59615 -3.8017);
359028;2020-06-25 08:22:00;RUA L CJ VILA VELHA, ;RUA G CJ VILA VELHA, ; ;;;Atropelamento;Luz do Dia;Bom;Seca;Cruz;Pare;Cruzamento;0;2;0;1;0;0;0;0;0;0;0;0;0;(-38.6015 -3.716489);
359175;2020-06-25 05:57:00;AVENIDA GODOFREDO MACIEL, ;, ; ;;;Colisão;Amanhecer;;;Meio de Quadra;;Longo da via;0;2;0;1;1;0;0;0;0;0;0;0;0;(0 0);
358941;2020-06-25 01:40:00;RUA BERNARDO MANUEL, 10953;, ; 10953;;;Colisão;;;;Meio de Quadra;;Longo da via;0;1;1;0;1;0;1;0;0;0;0;0;0;(-38.5563123 -3.81479851);
357437;2020-06-25 00:55:00;AVENIDA BERNARDO MANUEL, 10954;, ; 10954;;;Não informado;Via Iluminada;Nublado;Seca;Meio de Quadra;Dê Preferência;Longo da via;0;1;1;1;1;0;0;0;0;0;1;0;0;(-38.56067 -3.82992);
359174;2020-06-24 20:15:00;AVENIDA DOM LUIS, ;RUA VICENTE LEITE, ; ;;;Colisão;;;;Cruz;Semáforo;Cruzamento;0;2;0;1;1;0;0;0;0;0;0;0;0;(-38.494467 -3.734197);
359172;2020-06-24 19:50:00;RUA BERNARDO MANUEL, 7200;, ; 7200;;;Colisão;;;;Meio de Quadra;;Longo da via;0;2;0;1;1;0;0;0;0;0;0;0;0;(-38.546074 -3.781268);
359149;2020-06-24 19:50:00;RUA BERNARDO MANUEL, 7200;, ; 7200;;;Colisão;;;;;;Longo da via;0;1;0;1;1;0;0;0;0;0;0;0;0;(-38.546074 -3.781268);
359148;2020-06-24 19:24:00;AVENIDA GAL OSORIO DE PAIVA, 6805;, ; 6805;;;Queda;;;;Meio de Quadra;;Longo da via;0;1;0;1;0;0;0;0;0;0;0;0;0;(-38.61111 -3.81422);
357430;2020-06-24 19:16:00;AVENIDA FRANCISCO SA, 3667;, ; 3667;;;Colisão Lateral;Via Iluminada;Bom;Seca;Meio de Quadra;Semáforo;Longo da via;0;1;1;1;1;0;0;0;0;0;0;0;0;(-38.558237 -3.717106);
359147;2020-06-24 19:10:00;AVENIDA GAL OSORIO DE PAIVA, 6807;, ; 6807;;;Queda;;;;Meio de Quadra;;Longo da via;0;1;0;1;0;0;0;0;0;0;0;0;0;(-38.610667 -3.813607);
359146;2020-06-24 19:06:00;RUA DOM QUINTINO, ;AVENIDA PASTEUR, ; ;;;Colisão;;;;Cruz;Pare;Cruzamento;0;2;0;1;1;0;0;0;0;0;0;0;0;(-38.55857 -3.710222);
359117;2020-06-24 18:28:00;RD CE-040, ;, ; ;;;Colisão;Anoitecer;;Seca;Meio de Quadra;;Longo da via;0;2;0;0;1;1;0;0;0;0;0;0;0;(-38.4817994 -3.773616148);
359145;2020-06-24 18:11:00;RUA EDUARDO PERDIGAO, ;, ; ;;;Queda;Anoitecer;;;Meio de Quadra;;Longo da via;0;1;0;0;0;0;0;0;0;1;0;0;0;(0 0);
359144;2020-06-24 18:11:00;AVENIDA MR HULL, 5557;, ; 5557;;;Colisão;Anoitecer;;;Meio de Quadra;;Longo da via;0;1;0;0;0;0;0;0;0;0;0;0;0;(-38.5939825 -3.740014219);
359143;2020-06-24 18:02:00;RUA JOSE ARAGAO, 20;, ; 20;;;Colisão;Anoitecer;;;Meio de Quadra;;Longo da via;0;2;0;1;1;0;0;0;0;0;0;0;0;(-38.51593 -3.80918);
359142;2020-06-24 18:00:00;AVENIDA GODOFREDO MACIEL, 6239;, ; 6239;;;Queda;Anoitecer;;;Meio de Quadra;;Longo da via;0;1;0;1;0;0;0;0;0;0;0;0;0;(-38.5806856 -3.83015352);
359141;2020-06-24 17:19:00;AVENIDA GOV RAUL BARBOSA, ;, ; ;;;Colisão;Anoitecer;;;Meio de Quadra;;Longo da via;0;2;0;2;0;0;0;0;0;0;0;0;0;(0 0);
359140;2020-06-24 16:09:00;RUA PERGENTINO MAIA, 1052;, ; 1052;;;Queda;Luz do Dia;;;Meio de Quadra;;Longo da via;0;1;0;1;0;0;0;0;0;0;0;0;0;(-38.48619 -3.83198);
359139;2020-06-24 16:07:00;AVENIDA DES GONZAGA, 322;, ; 322;;;Queda;Luz do Dia;;;Meio de Quadra;;Longo da via;0;1;0;1;0;0;0;0;0;0;0;0;0;(-38.5031885 -3.790056);
359106;2020-06-24 15:29:00;RUA GOV JOAO CARLOS, ;RUA GUERRA JUNQUEIRO, ; ;;;Colisão;Luz do Dia;;;Cruz;Pare;Cruzamento;0;2;0;1;1;0;0;0;0;0;0;0;0;(-38.55237 -3.78001);
359105;2020-06-24 15:12:00;RUA AMAZONAS, ;RUA ESTADO DO RIO, ; ;;;Colisão;Luz do Dia;;;Cruz;Pare;Cruzamento;0;2;0;1;1;0;0;0;0;0;0;0;0;(-38.566565 -3.751778);
359104;2020-06-24 14:12:00;RUA ISMAEL PORDEUS, 513;, ; 513;;;Queda;Luz do Dia;;;Meio de Quadra;;Longo da via;0;1;0;1;0;0;0;0;0;0;0;0;0;(-38.46748 -3.72213);
359103;2020-06-24 13:07:00;AVENIDA SANTOS DUMONT, ;AVENIDA BAR STUDART, ; ;;;Queda;Luz do Dia;;;Cruz;Semáforo;Cruzamento;0;1;0;1;0;0;0;0;0;0;0;0;0;(-38.506304 -3.733642);
359102;2020-06-24 13:00:00;AVENIDA GAL OSORIO DE PAIVA, 7815;, ; 7815;;;Queda;Luz do Dia;;;Meio de Quadra;;Longo da via;0;1;0;1;0;0;0;0;0;0;0;0;0;(-38.61737668 -3.82051924);
359100;2020-06-24 11:31:00;AVENIDA H CJ CEARA, ;AVENIDA G CJ CEARA, ; ;;;Colisão;Luz do Dia;;;T;Pare;Cruzamento;0;2;0;1;1;0;0;0;0;0;0;0;0;(-38.610167 -3.775739);
358939;2020-06-24 11:30:00;AVENIDA BORGES DE MELO, ;RUA JORGE ACURCIO, ; ;;;Colisão;Luz do Dia;Bom;Seca;T;Não Há Controle;Cruzamento;0;1;1;0;1;0;0;0;1;0;0;0;0;(-38.530006 -3.760456);
359098;2020-06-24 11:23:00;AVENIDA AUGUSTO DOS ANJOS, 940;, ; 940;;;Colisão;Luz do Dia;;;Meio de Quadra;;Longo da via;0;2;0;0;2;0;0;0;0;0;0;0;0;(-38.5755667 -3.77608431);
357428;2020-06-24 09:36:00;AVENIDA SGT HERMINIO SAMPAIO, 3985;, ; 3985;;;Colisão Transversal;Luz do Dia;Bom;Seca;Meio de Quadra;Não Há Controle;Longo da via;0;2;0;1;1;0;0;0;0;0;0;0;0;(-38.57621 -3.730325);
358938;2020-06-24 09:28:00;AVENIDA WASHINGTON SOARES, ;, ; ;;;Atropelamento;Luz do Dia;;;Meio de Quadra;;Longo da via;0;1;1;0;1;0;0;0;0;0;0;0;0;(0 0);
359086;2020-06-24 09:16:00;AVENIDA WASHINGTON SOARES, ;, ; ;;;Atropelamento;Luz do Dia;;Seca;Meio de Quadra;;Longo da via;0;2;0;0;2;0;0;0;0;0;0;0;0;(0 0);
357427;2020-06-24 09:11:00;AVENIDA BEZERRA DE MENEZES, ;AVENIDA JOSE JATAHY, ; ;;;Colisão;Luz do Dia;Bom;Seca;Cruz;Semáforo;Cruzamento;0;1;1;1;0;0;0;1;0;0;0;0;0;(-38.5450206 -3.7315183);
359084;2020-06-24 07:42:00;AVENIDA DUQ CAXIAS, ;RUA GAL SAMPAIO, ; ;;;Colisão;Luz do Dia;;;Cruz;Semáforo;Cruzamento;0;2;0;1;1;0;0;0;0;0;0;0;0;(-38.532029 -3.731096);
359083;2020-06-24 06:53:00;AVENIDA PRS JUSCELINO KUBITSCHEK (PASSARÉ), 5800;, ; 5800;;;Colisão;Luz do Dia;;;Meio de Quadra;;Longo da via;0;1;0;0;0;0;0;0;0;0;0;0;0;(-38.5377762 -3.8243584);
357426;2020-06-24 02:32:00;AVENIDA PRS COSTA E SILVA, 132;, ; 132;;;Choque c/ Obstáculo Fixo;Via Iluminada;Bom;Seca;Meio de Quadra;Não Há Controle;Longo da via;0;1;0;0;1;0;0;0;0;0;0;0;0;(-38.57385 -3.81218);
359027;2020-06-24 00:24:00;RUA DOIS, 139;, ; 139;;;Choque c/ Obstáculo Fixo;Via Iluminada;Bom;Seca;Meio de Quadra;Pare;Longo da via;0;1;0;0;1;0;0;0;0;0;0;0;0;(-38.53037 -3.79312);
359118;2020-06-23 21:52:00;RUA LUIS VIEIRA, ;RUA CON DE CASTRO, ; ;;;Colisão;;;;Y;Pare;Cruzamento;0;2;1;0;1;0;0;0;0;1;0;0;0;(-38.585845 -3.798405);
359018;2020-06-23 21:00:00;AVENIDA 13 DE MAIO, ;RUA MARTINHO RODRIGUES, ; ;;;Colisão Transversal;Via Iluminada;Bom;Seca;Cruz;Semáforo;Cruzamento;0;0;2;0;2;0;0;0;0;0;0;0;0;(-38.525221 -3.752832);
359119;2020-06-23 18:17:00;RUA VALPARAISO, 300;, ; 300;;;Colisão;Anoitecer;;;Meio de Quadra;;Longo da via;0;1;1;1;1;0;0;0;0;0;0;0;0;(-38.5231621 -3.84594);
359120;2020-06-23 17:53:00;AVENIDA GAL OSORIO DE PAIVA, 3440;, ; 3440;;;Colisão;Anoitecer;;;Meio de Quadra;;Longo da via;0;2;0;0;0;0;0;0;0;0;0;0;0;(-38.589018205 -3.791303769);
359121;2020-06-23 16:24:00;AVENIDA DEP PAULINO ROCHA, 1001;, ; 1001;;;Colisão;Luz do Dia;;;Meio de Quadra;;Longo da via;0;1;1;1;1;0;0;0;0;0;0;0;0;(-38.5084 -3.80762);
357425;2020-06-23 15:35:00;RUA MIGUEL GURGEL, ;, ; ;;;Colisão Traseira;Luz do Dia;Bom;Seca;Meio de Quadra;Não Há Controle;Longo da via;0;0;2;0;2;0;0;0;0;0;0;0;0;(-38.4833555 -3.8420105);
359122;2020-06-23 15:17:00;RUA MARIA GOMES DE SA, 1545;, ; 1545;;;Colisão;Luz do Dia;;;Meio de Quadra;;Longo da via;0;1;1;1;1;0;0;0;0;0;0;0;0;(-38.58352 -3.82417);
357424;2020-06-23 14:56:00;AVENIDA AGUANAMBI, 1686;, ; 1686;;;Engavetamento;Luz do Dia;Bom;Seca;Meio de Quadra;Semáforo;Longo da via;0;0;3;0;3;0;0;0;0;0;0;0;0;(-38.52349 -3.751403);
359124;2020-06-23 14:52:00;RUA PERNAMBUCO, ;TRAVESSA SAO JOAO, ; ;;;Colisão;Luz do Dia;;;;;Cruzamento;0;1;1;1;1;0;0;0;0;0;0;0;0;(-38.57672 -3.75291);
359125;2020-06-23 14:17:00;RUA BERNARDO MANUEL, 7142;, ; 7142;;;Queda;Luz do Dia;;;Meio de Quadra;;Longo da via;0;1;0;1;0;0;0;0;0;0;0;0;0;(-38.545656 -3.779874);
359127;2020-06-23 12:33:00;RUA DR JOSE LOURENCO, ;RUA PDE VALDEVINO, ; ;;;Colisão;Luz do Dia;;;Cruz;Semáforo;Cruzamento;0;1;1;1;1;0;0;0;0;0;0;0;0;(-38.509928 -3.741307);
359129;2020-06-23 10:58:00;RUA METON DE ALENCAR, ;RUA VINTE E QUATRO DE MAIO, ; ;;;Colisão;Luz do Dia;;;Cruz;Pare;Cruzamento;0;1;1;1;1;0;0;0;0;0;0;0;0;(-38.533848 -3.732626);
359130;2020-06-23 10:27:00;RUA PDE PEDRO DE ALENCAR, 632;, ; 632;;;Colisão;Luz do Dia;;;Meio de Quadra;;Longo da via;0;1;1;1;1;0;0;0;0;0;0;0;0;(-38.494144 -3.8334877);
359131;2020-06-23 10:25:00;AVENIDA MR HULL, ;, ; ;;;Colisão;Luz do Dia;;;Meio de Quadra;;Longo da via;0;1;1;2;0;0;0;0;0;0;0;0;0;(0 0);
357423;2020-06-23 09:50:00;AVENIDA FRANCISCO SA, 4798;, ; 4798;;;Colisão Traseira;Luz do Dia;Bom;Seca;Meio de Quadra;Não Há Controle;Longo da via;0;1;2;2;1;0;0;0;0;0;0;0;0;(-38.567708 -3.713886);
359133;2020-06-23 09:09:00;RUA PONTA MAR, 246;, ; 246;;;Queda;Luz do Dia;;;Meio de Quadra;;Longo da via;0;1;0;0;0;0;0;0;0;1;0;0;0;(-38.4652667 -3.7094189);
359132;2020-06-23 09:08:00;AVENIDA WASHINGTON SOARES, 2891;, ; 2891;;;Colisão;Luz do Dia;;;Meio de Quadra;;Longo da via;0;1;1;0;1;0;0;0;0;1;0;0;0;(-38.481022 -3.783103);
357431;2020-06-23 08:30:00;AVENIDA HERACLITO GRACA, ;, ; ;;;Colisão;Luz do Dia;Bom;Seca;;;Longo da via;0;0;2;0;2;0;0;0;0;0;0;0;0;(-38.5175535 -3.7357425);
358935;2020-06-23 07:50:00;AVENIDA GAL OSORIO DE PAIVA, 6091;, ; 6091;;;Colisão;Luz do Dia;Bom;Seca;Meio de Quadra;Não Há Controle;Longo da via;0;1;2;0;0;0;1;1;0;0;0;0;0;(-38.60762 -3.81065);
359097;2020-06-23 00:30:00;RD CE-040, ;, ; ;;;Choque c/ Obstáculo Fixo;;;Seca;Meio de Quadra;;Longo da via;0;1;0;0;1;0;0;0;0;0;0;0;0;(-38.4810839 -3.782614325);
359136;2020-06-22 20:02:00;AVENIDA WASHINGTON SOARES, ;, ; ;;;Colisão;;;;Meio de Quadra;;Longo da via;0;1;1;2;0;0;0;0;0;0;0;0;0;(0 0);
359138;2020-06-22 19:08:00;AVENIDA SEN CARLOS JEREISSATI (AEROPORTO), ;, ; ;;;Colisão;;;;Meio de Quadra;;Longo da via;0;1;1;1;1;0;0;0;0;0;0;0;0;(0 0);
359137;2020-06-22 17:58:00;RUA ALBERTO MAGNO, ;RUA DOM CARLOTO TAVORA, ; ;;;Colisão;Anoitecer;;;Cruz;Pare;Cruzamento;0;1;1;1;1;0;0;0;0;0;0;0;0;(-38.553495 -3.770832);
359096;2020-06-22 17:11:00;AVENIDA SEN CARLOS JEREISSATI (AEROPORTO), ;, ; ;;;Colisão;Anoitecer;;Seca;Meio de Quadra;;Longo da via;0;3;0;2;0;0;0;0;0;0;0;0;0;(-38.550907 -3.77402);
358933;2020-06-22 16:30:00;RUA PDE IBIAPINA, ;AVENIDA DUQ CAXIAS, ; ;;;Choque c/ Obstáculo Fixo;Luz do Dia;;;Cruz;Semáforo;Cruzamento;0;1;0;0;1;0;0;0;0;0;0;0;0;(-38.540226 -3.728446);
359339;2020-06-22 16:28:00;RUA GUARANI D35 (JOAO XXIII), ;RUA PORTO VELHO, ; ;;;Colisão;Luz do Dia;;;Cruz;Pare;Cruzamento;0;1;1;1;1;0;0;0;0;0;0;0;0;(-38.582396 -3.768441);
359338;2020-06-22 15:52:00;RUA JOR ANTONIO P TAVARES, 1080;, ; 1080;;;Queda;Luz do Dia;;;Meio de Quadra;;Longo da via;0;1;0;1;0;0;0;0;0;0;0;0;0;(-38.5078313 -3.81439839);
359337;2020-06-22 15:42:00;RUA CON DE CASTRO, 5506;, ; 5506;;;Colisão;Luz do Dia;;;Meio de Quadra;;Longo da via;0;1;1;1;1;0;0;0;0;0;0;0;0;(-38.597478 -3.812008);
359094;2020-06-22 15:00:00;RD CE-040, ;, ; ;;;Colisão;Luz do Dia;;Seca;Meio de Quadra;;Longo da via;0;2;0;0;1;0;1;0;0;0;0;0;0;(-38.46893682 -3.866093254);