COD_ACIDENTE;DATA;LOG1;LOG2;NUMERO;BAIRRO;AMC;NATUREZA;ILUMINACAO;TEMPO;SUPERFICIEPISTA;TIPOCRUZAMENTO;CONTROLETRAFEGO;USOSOLO;MORTOS;FERIDOS;ILESOS;MOTOCICLETA;AUTOMOVEL;MICROONIBUS;CAMINHAO;ONIBUS;CICLOMOTOR;BICICLETA;OUTROS;TREM;TRACAOANIMAL;COORDENADAS
359069;2020-06-22 15:00:00;AVENIDA PRS CASTELO BRANCO, 2996;, ; 2996;;;Colisão Transversal;Luz do Dia;Bom;Seca;Meio de Quadra;Não Há Controle;Longo da via;0;2;1;1;0;0;0;0;0;1;0;0;0;(-38.5557367 -3.7118471);
359332;2020-06-22 14:38:00;RUA VITAL BRASIL, 322;, ; 322;;;Colisão;Luz do Dia;;;Meio de Quadra;;Longo da via;0;3;0;1;1;0;0;0;0;0;0;0;0;(-38.5840792 -3.78195763);
359331;2020-06-22 13:25:00;AVENIDA GENIBAU, 768;, ; 768;;;Colisão;Luz do Dia;;;Meio de Quadra;;Longo da via;0;1;1;1;1;0;0;0;0;0;0;0;0;(-38.6016815 -3.760445);
358238;2020-06-22 13:18:00;AVENIDA VIS RIO BRANCO, 4317;, ; 4317;;;Atropelamento;Luz do Dia;;;Meio de Quadra;;Longo da via;0;2;0;0;1;0;0;0;0;0;0;0;0;(-38.519646 -3.7580135);
359328;2020-06-22 11:24:00;AVENIDA A CJ JOSE WALTER, 700;, ; 700;;;Colisão;Luz do Dia;;;Meio de Quadra;;Longo da via;0;1;1;1;1;0;0;0;0;0;0;0;0;(-38.556623 -3.8241);
359068;2020-06-22 09:44:00;RUA LAURO NOGUEIRA, 613;, ; 613;;;Atropelamento;Luz do Dia;Bom;Seca;Meio de Quadra;Outros;Longo da via;1;0;1;0;0;0;1;0;0;0;0;0;0;(-38.48034 -3.73937);
359325;2020-06-22 09:36:00;RD BR 116, 5885;, ; 5885;;;Colisão;Luz do Dia;;;Meio de Quadra;;Longo da via;0;1;1;1;1;0;0;0;0;0;0;0;0;(-38.506787 -3.796502);
359324;2020-06-22 08:10:00;AVENIDA MR HULL, ;RUA PDE PERDIGAO SAMPAIO, ; ;;;Atropelamento;Luz do Dia;;;Cruz;Semáforo;Cruzamento;0;1;1;1;0;0;0;0;0;0;0;0;0;(-38.594635 -3.740113);
359323;2020-06-22 06:50:00;AVENIDA COS GOMES DE FREITAS (SAPIRANGA/COITE), 3568;, ; 3568;;;Colisão;Luz do Dia;;;Meio de Quadra;;Longo da via;0;1;1;1;1;0;0;0;0;0;0;0;0;(-38.474942 -3.795265);
359322;2020-06-22 06:22:00;AVENIDA SGT HERMINIO SAMPAIO, 70;, ; 70;;;Atropelamento;Luz do Dia;;;Meio de Quadra;;Longo da via;0;1;1;1;0;0;0;0;0;0;0;0;0;(-38.54651 -3.7246);
359070;2020-06-22 01:30:00;AVENIDA SANTOS DUMONT, 782;, ; 782;;;Choque c/ Obstáculo Fixo;Via Iluminada;Bom;Seca;Meio de Quadra;Não Há Controle;Longo da via;0;0;1;0;1;0;0;0;0;0;0;0;0;(-38.516924 -3.730201);
358764;2020-06-21 22:38:00;RD BR 116, 2000;, ; 2000;;;Colisão Lateral;;;;Meio de Quadra;;Longo da via;0;1;1;1;1;0;0;0;0;0;0;0;0;(-38.51678 -3.771391);
359359;2020-06-21 21:57:00;RUA ESPIRITO SANTO, 714;, ; 714;;;Colisão;;;;Meio de Quadra;;Longo da via;0;1;1;2;0;0;0;0;0;0;0;0;0;(-38.5692046 -3.75456312);
359362;2020-06-21 21:37:00;RUA DUAS NACOES, 717;, ; 717;;;Colisão;;;;Meio de Quadra;;Longo da via;0;2;0;2;0;0;0;0;0;0;0;0;0;(-38.602409 -3.778267);
359065;2020-06-21 21:30:00;AVENIDA PAROARAS, ;AVENIDA PRUDENTE BRASIL, ; ;;;Colisão Frontal;Anoitecer;Bom;Seca;T;Semáforo Intermitente;Cruzamento;0;2;0;0;2;0;0;0;0;0;0;0;0;(-38.535557 -3.812952);
359367;2020-06-21 21:28:00;AVENIDA CONTORNO NORTE D71, 1399;, ; 1399;;;Atropelamento;;;;Meio de Quadra;;Longo da via;0;1;1;1;0;0;0;0;0;0;0;0;0;(-38.589511 -3.81175);
359369;2020-06-21 21:19:00;RUA SOLON PINHEIRO, ;RUA SALDANHA MARINHO, ; ;;;Colisão;;;;Cruz;Pare;Cruzamento;0;1;1;1;1;0;0;0;0;0;0;0;0;(-38.530406 -3.742594);
358763;2020-06-21 20:25:00;RD BR 116, 13000;, ; 13000;;;Colisão Lateral;;;;Meio de Quadra;;Longo da via;0;1;1;1;1;0;0;0;0;0;0;0;0;(-38.497727 -3.86467);
359375;2020-06-21 19:06:00;RUA DIOGO CORREIA, 604;, ; 604;;;Atropelamento;;;;Meio de Quadra;;Longo da via;0;1;1;0;1;0;0;0;0;0;0;0;0;(-38.590979 -3.76916634);
359373;2020-06-21 18:49:00;AVENIDA MOZART PINHEIRO DE LUCENA, 1791;, ; 1791;;;Colisão;;;;Meio de Quadra;;Longo da via;0;1;1;1;1;0;0;0;0;0;0;0;0;(-38.595622 -3.718004);
359390;2020-06-21 18:15:00;AVENIDA ALM HENRIQUE SABOIA, ;, ; ;;;Queda;Anoitecer;;;Meio de Quadra;;Longo da via;0;1;0;1;0;0;0;0;0;0;0;0;0;(0 0);
359389;2020-06-21 17:46:00;RUA RAIMUNDO MAIA, 685;, ; 685;;;Colisão;Anoitecer;;;Meio de Quadra;;Longo da via;0;1;1;1;1;0;0;0;0;0;0;0;0;(-38.56385 -3.81418);
359634;2020-06-21 17:44:00;AVENIDA SEN FERNANDES TAVORA, 2433;, ; 2433;;;Choque c/ Obstáculo Fixo;Anoitecer;;;Meio de Quadra;;Longo da via;1;0;0;1;0;0;0;0;0;0;0;0;0;(-38.593889 -3.755953);
359388;2020-06-21 17:40:00;RUA DOS TREVOS, 1106;, ; 1106;;;Queda;Anoitecer;;;Meio de Quadra;;Longo da via;0;1;0;1;0;0;0;0;0;0;0;0;0;(-38.59935 -3.80487);
359387;2020-06-21 16:48:00;AVENIDA PRS COSTA E SILVA, ;AVENIDA I CJ JOSE WALTER, ; ;;;Colisão;Luz do Dia;;;T;Gesto;Cruzamento;0;1;1;1;1;0;0;0;0;0;0;0;0;(-38.550232 -3.823494);
359386;2020-06-21 16:13:00;AVENIDA LIBERDADE, 396;, ; 396;;;Colisão;Luz do Dia;;;Meio de Quadra;;Longo da via;0;2;0;0;0;0;0;0;0;0;0;0;0;(-38.59874 -3.74908);
357422;2020-06-21 15:30:00;AVENIDA ANTONIO SALES, ;AVENIDA DES MOREIRA, ; ;;;Colisão Transversal;Luz do Dia;Nublado;Seca;Cruz;Semáforo;Cruzamento;0;2;1;1;1;0;0;0;0;0;0;0;0;(-38.50141 -3.745744);
359426;2020-06-21 14:59:00;RUA PEDRO ARTUR, ;RUA FRANCISCO CORDEIRO, ; ;;;Colisão;Luz do Dia;;;;;Cruzamento;0;1;1;1;1;0;0;0;0;0;0;0;0;(-38.55077 -3.71363);
359425;2020-06-21 13:47:00;RUA OSCAR ARARIPE, 1473;, ; 1473;;;Queda;Luz do Dia;;;Meio de Quadra;;Longo da via;0;1;0;0;0;0;0;0;0;1;0;0;0;(-38.604457 -3.789554);
359424;2020-06-21 13:12:00;ESTRADA DO FIO (MESSEJANA), 3335;, ; 3335;;;Queda;Luz do Dia;;;Meio de Quadra;;Longo da via;0;1;0;1;0;0;0;0;0;0;0;0;0;(0 0);
359423;2020-06-21 12:56:00;RUA NELSON COELHO, 727;, ; 727;;;Colisão;Luz do Dia;;;Meio de Quadra;;Longo da via;0;1;1;1;1;0;0;0;0;0;0;0;0;(-38.46212 -3.83137);
359422;2020-06-21 12:55:00;RUA JAPI, 656;, ; 656;;;Colisão;Luz do Dia;;;Meio de Quadra;;Longo da via;0;2;0;0;0;0;0;0;0;0;0;0;0;(-38.54932 -3.78324);
359419;2020-06-21 11:30:00;AVENIDA PASTEUR, ;RUA 11 DE JULHO, ; ;;;Colisão;Luz do Dia;;;T;Não Há Controle;Cruzamento;0;1;1;2;0;0;0;0;0;0;0;0;0;(-38.560282 -3.71547);
359418;2020-06-21 10:31:00;RUA TEN BENEVOLO, ;RUA JOAO CORDEIRO, ; ;;;Colisão;Luz do Dia;;;Cruz;Semáforo;Cruzamento;0;1;1;1;1;0;0;0;0;0;0;0;0;(-38.513424 -3.726514);
359417;2020-06-21 06:01:00;AVENIDA OLAVO BILAC, ;AVENIDA SGT HERMINIO SAMPAIO, ; ;;;Capotamento;Luz do Dia;;;Cruz;Semáforo;Cruzamento;0;1;0;0;0;0;0;0;0;0;0;0;0;(-38.56508 -3.727179);
359416;2020-06-21 05:22:00;AVENIDA PERIMETRAL, ;, ; ;;;Atropelamento;Amanhecer;;;Meio de Quadra;;Longo da via;0;2;0;0;0;0;0;0;0;0;0;0;0;(0 0);
359415;2020-06-21 03:36:00;AVENIDA ALBERTO CRAVEIRO, 786;, ; 786;;;Colisão;;;;Meio de Quadra;;Longo da via;0;2;0;0;0;0;0;0;0;0;0;0;0;(-38.517056 -3.7851496);
359414;2020-06-21 00:03:00;AVENIDA 13 DE MAIO, 3030;, ; 3030;;;Queda;;;;Meio de Quadra;;Longo da via;0;1;0;1;0;0;0;0;0;0;0;0;0;(-38.542768 -3.7375116);
357421;2020-06-21 00:03:00;RUA JAIME BENEVOLO, ;RUA SALDANHA MARINHO, ; ;;;Colisão Transversal;Via Iluminada;Bom;Seca;Cruz;Semáforo;Cruzamento;0;1;1;1;1;0;0;0;0;0;0;0;0;(-38.528994 -3.743046);
359407;2020-06-20 22:38:00;RUA JAIME BENEVOLO, 52;, ; 52;;;Colisão;;;;Meio de Quadra;;Longo da via;0;1;1;1;1;0;0;0;0;0;0;0;0;(-38.52558 -3.73275);
359405;2020-06-20 22:06:00;RUA MOCAMBIQUE, 620;, ; 620;;;Colisão;;;;Meio de Quadra;;Longo da via;0;1;1;1;1;0;0;0;0;0;0;0;0;(-38.598312 -3.759882);
359404;2020-06-20 19:39:00;AVENIDA N CJ JOSE WALTER, ;, ; ;;;Queda;;;;Meio de Quadra;;Longo da via;0;1;0;1;0;0;0;0;0;0;0;0;0;(0 0);
359400;2020-06-20 19:18:00;RUA BARRA NOVA, 951;, ; 951;;;Colisão;;;;Meio de Quadra;;Longo da via;0;3;0;0;0;0;0;0;0;0;0;0;0;(-38.505499 -3.78407491);
359399;2020-06-20 18:37:00;RUA EDUARDO GARCIA, ;RUA LEONARDO MOTA, ; ;;;Colisão;;;;Cruz;Semáforo;Cruzamento;0;1;1;1;1;0;0;0;0;0;0;0;0;(-38.498207 -3.7391467);
359397;2020-06-20 18:36:00;RUA PORTO VELHO, 1832;, ; 1832;;;Atropelamento;;;;Meio de Quadra;;Longo da via;0;1;1;0;1;0;0;0;0;0;0;0;0;(-38.594715 -3.761949);
359396;2020-06-20 18:07:00;RUA CON DE CASTRO, 88;, ; 88;;;Colisão;Anoitecer;;;Meio de Quadra;;Longo da via;0;1;1;0;1;0;0;0;0;1;0;0;0;(-38.58608 -3.79859);
359356;2020-06-20 17:05:00;AVENIDA BORGES DE MELO, ;, ; ;;;Colisão;Anoitecer;;;Meio de Quadra;;Longo da via;0;1;1;1;1;0;0;0;0;0;0;0;0;(0 0);
359093;2020-06-20 16:10:00;RD CE-040, ;, ; ;;;Choque c/ Obstáculo Fixo;Luz do Dia;;Seca;Meio de Quadra;;Longo da via;0;1;0;0;1;0;0;0;0;0;0;0;0;(-38.47204254 -3.857690949);
359395;2020-06-20 15:00:00;RUA BUENO, 526;, ; 526;;;Colisão;Luz do Dia;;;Meio de Quadra;;Longo da via;0;1;1;1;1;0;0;0;0;0;0;0;0;(-38.59297 -3.77176);
359285;2020-06-20 13:24:00;AVENIDA LINEU MACHADO, 1250;, ; 1250;;;Atropelamento;Luz do Dia;;;Meio de Quadra;;Longo da via;0;1;1;1;0;0;0;0;0;0;0;0;0;(-38.5794109 -3.77068781);
359284;2020-06-20 13:04:00;RUA GERMANO FRANCK, 395;, ; 395;;;Colisão;Luz do Dia;;;Meio de Quadra;;Longo da via;0;1;1;2;0;0;0;0;0;0;0;0;0;(-38.560581 -3.776027);
359283;2020-06-20 12:27:00;AVENIDA OLIVEIRA PAIVA, 261;, ; 261;;;Colisão;Luz do Dia;;;Meio de Quadra;;Longo da via;0;1;1;1;1;0;0;0;0;0;0;0;0;(-38.50256 -3.798305);
359282;2020-06-20 12:06:00;AVENIDA PDE ANTONIO TOMAS, ;RUA LEONARDO MOTA, ; ;;;Colisão;Luz do Dia;;;Cruz;Semáforo;Cruzamento;0;1;1;1;1;0;0;0;0;0;0;0;0;(-38.497662 -3.740811);
359059;2020-06-20 12:06:00;RUA TEN JURANDIR ALENCAR, 55;, ; 55;;;Colisão Lateral;Luz do Dia;Bom;Seca;Meio de Quadra;Outros;Longo da via;1;0;1;0;1;0;0;0;0;1;0;0;0;(-38.49496 -3.83162);
357420;2020-06-20 11:45:00;RUA TEN ROMA, 110;, ; 110;;;Colisão Lateral;Luz do Dia;Bom;Seca;Meio de Quadra;Pare;Longo da via;0;1;1;1;1;0;0;0;0;0;0;0;0;(-38.5168876 -3.76825923);
359281;2020-06-20 11:43:00;RUA CAETANO SILVA (A. NUNES), 80;, ; 80;;;Queda;Luz do Dia;;;Meio de Quadra;;Longo da via;0;1;0;1;0;0;0;0;0;0;0;0;0;(-38.5375441 -3.820253);
359280;2020-06-20 11:18:00;AVENIDA DR SILAS MUNGUBA, ;, ; ;;;Colisão;Luz do Dia;;;Meio de Quadra;;Longo da via;0;1;1;1;1;0;0;0;0;0;0;0;0;(0 0);
357419;2020-06-20 09:57:00;AVENIDA AMERICO BARREIRA, 5899;, ; 5899;;;Colisão;Luz do Dia;Bom;Seca;Meio de Quadra;Dê Preferência;Longo da via;0;1;1;1;1;0;0;0;0;0;0;0;0;(-38.566605 -3.763891);
357418;2020-06-20 09:26:00;AVENIDA IMPERADOR, 1092;RUA GAL CLARINDO DE QUEIROZ, ; 1092;;;Colisão Transversal;Luz do Dia;Bom;Seca;Cruz;Semáforo;Cruzamento;0;0;2;0;1;0;0;1;0;0;0;0;0;(-38.535566 -3.730962);
359060;2020-06-20 02:53:00;AVENIDA DOM MANUEL, ;AVENIDA HERACLITO GRACA, ; ;;;Colisão Lateral;Via Iluminada;Bom;Seca;Cruz;Semáforo;Cruzamento;0;1;1;1;1;0;0;0;0;0;0;0;0;(-38.522952 -3.734013);
359278;2020-06-20 02:28:00;RUA COS DA SILVA, 380;, ; 380;;;Queda;;;;Meio de Quadra;;Longo da via;0;1;0;1;0;0;0;0;0;0;0;0;0;(-38.5104089 -3.81486563);
357417;2020-06-20 02:03:00;RUA PDE RODOLFO, ;TRAVESSA SAO RAIMUNDO, ; ;;;Não informado;Via Iluminada;Bom;Seca;Meio de Quadra;Pare;Cruzamento;0;0;1;0;1;0;0;0;0;0;0;0;0;(-38.58784 -3.80367);
359277;2020-06-19 22:42:00;AVENIDA GAL OSORIO DE PAIVA, 7828;, ; 7828;;;Colisão;;;;Meio de Quadra;;Longo da via;0;2;0;0;0;0;0;0;0;0;0;0;0;(-38.61742349 -3.820566135);
357416;2020-06-19 19:43:00;RUA PRO JOSE HENRIQUE, ;RUA PRO JOSE BONIFACIO, ; ;;;Colisão Transversal;Via Iluminada;Bom;Seca;Meio de Quadra;Pare;Cruzamento;0;1;1;0;2;0;0;0;0;0;0;0;0;(-38.48143 -3.8304);
359045;2020-06-19 19:40:00;RUA SEN ALENCAR, 1008;, ; 1008;;;Colisão Traseira;Mal Iluminada;Bom;Seca;Meio de Quadra;Não Há Controle;Longo da via;0;1;1;1;1;0;0;0;0;0;0;0;0;(-38.5346875 -3.722723);
359276;2020-06-19 19:14:00;RUA JOSE BAIMA, 345;, ; 345;;;Capotamento;;;;Meio de Quadra;;Longo da via;0;1;0;0;0;0;0;0;0;0;0;0;0;(-38.48138 -3.83034);
359635;2020-06-19 18:30:00;RD BR 222, ;, ; ;;;Colisão;Anoitecer;;;Meio de Quadra;;Longo da via;1;1;0;0;0;0;0;0;0;1;0;0;0;(-38.59248 -3.739866);
359275;2020-06-19 18:00:00;AVENIDA 13 DE MAIO, 1220;, ; 1220;;;Atropelamento;Anoitecer;;;Meio de Quadra;;Longo da via;1;0;1;0;1;0;0;0;0;0;0;0;0;(-38.529858 -3.748867);
359272;2020-06-19 17:37:00;AVENIDA JOR THOMAZ COELHO, 1276;, ; 1276;;;Colisão;Anoitecer;;;Meio de Quadra;;Longo da via;0;1;1;1;1;0;0;0;0;0;0;0;0;(-38.5055945 -3.830849);
359271;2020-06-19 17:20:00;AVENIDA PERIMETRAL, 170;, ; 170;;;Queda;Anoitecer;;;Meio de Quadra;;Longo da via;0;1;0;1;0;0;0;0;0;0;0;0;0;(0 0);
359269;2020-06-19 17:06:00;AVENIDA SANTOS DUMONT, 3609;, ; 3609;;;Colisão;Anoitecer;;;Meio de Quadra;;Longo da via;0;1;1;0;1;0;0;0;0;1;0;0;0;(-38.492502 -3.738113);
359268;2020-06-19 16:53:00;AVENIDA RECREIO D64, 260;, ; 260;;;Colisão;Luz do Dia;;;Meio de Quadra;;Longo da via;0;2;0;0;0;0;0;0;0;0;0;0;0;(-38.448964 -3.807997);
359267;2020-06-19 16:19:00;RUA 69 CJ JOSE WALTER, ;AVENIDA C CJ JOSE WALTER, ; ;;;Colisão;Luz do Dia;;;Cruz;Pare;Cruzamento;0;1;1;1;1;0;0;0;0;0;0;0;0;(-38.554291 -3.829164);
359266;2020-06-19 16:11:00;RUA JUVENAL GALENO, 544;, ; 544;;;Atropelamento;Luz do Dia;;;Meio de Quadra;;Longo da via;0;1;1;1;0;0;0;0;0;0;0;0;0;(-38.5398535 -3.7384155);
359265;2020-06-19 16:02:00;AVENIDA ROGACIANO LEITE, 3550;, ; 3550;;;Colisão;Luz do Dia;;;Meio de Quadra;;Longo da via;0;1;1;2;0;0;0;0;0;0;0;0;0;(-38.4986954 -3.7721797);
359264;2020-06-19 15:28:00;RUA BERNARDO MANUEL, 8875;, ; 8875;;;Colisão;Luz do Dia;;;Meio de Quadra;;Longo da via;0;1;1;1;1;0;0;0;0;0;0;0;0;(-38.5509432 -3.79713717);
359091;2020-06-19 15:22:00;AVENIDA MIN JOSE AMERICO, ;, ; ;;;Engavetamento;Luz do Dia;;Seca;Meio de Quadra;;Longo da via;0;3;0;0;2;0;1;0;0;0;0;0;0;(0 0);
359263;2020-06-19 15:05:00;RUA LEONARDO MOTA, ;RUA PRO FRANCISCO GONCALVES, ; ;;;Colisão;Luz do Dia;;;Cruz;Pare;Cruzamento;0;1;1;1;1;0;0;0;0;0;0;0;0;(-38.499748 -3.747308);
357415;2020-06-19 15:03:00;RUA PDE VALDEVINO, ;RUA SILVA PAULET, ; ;;;Colisão Transversal;Luz do Dia;Bom;Seca;Cruz;Não Há Controle;Cruzamento;0;1;1;1;1;0;0;0;0;0;0;0;0;(-38.507851 -3.741957);
359262;2020-06-19 14:45:00;RUA ANARIO BRAGA, ;RUA FROTA PESSOA, ; ;;;Queda;Luz do Dia;;;T;Pare;Cruzamento;0;1;0;1;0;0;0;0;0;0;0;0;0;(-38.592553 -3.737135);
359261;2020-06-19 14:43:00;RUA HIPOLITO PAMPLONA, 326;, ; 326;;;Queda;Luz do Dia;;;Meio de Quadra;;Longo da via;0;1;0;1;0;0;0;0;0;0;0;0;0;(-38.5961721 -3.74464893);
359260;2020-06-19 14:30:00;AVENIDA LINEU MACHADO, ;RUA ALUISIO AZEVEDO, ; ;;;Colisão;Luz do Dia;;;Cruz;Semáforo;Cruzamento;0;1;1;1;1;0;0;0;0;0;0;0;0;(-38.579184 -3.770212);
359259;2020-06-19 14:30:00;RUA SAO PAULO, ;RUA COS ESTELITA, ; ;;;Atropelamento;Luz do Dia;;;Cruz;Pare;Cruzamento;0;1;1;0;1;0;0;0;0;0;0;0;0;(-38.538855 -3.722289);
359058;2020-06-19 12:20:00;RUA ERETIDES MARTINS, ;RUA SAO JUDAS TADEU D08, ; ;;;Colisão Frontal;Luz do Dia;Bom;Seca;T;Pare;Cruzamento;0;1;1;0;1;0;0;0;0;1;0;0;0;(-38.559532 -3.728904);
359257;2020-06-19 11:37:00;AVENIDA CARNEIRO DE MENDONCA, 541;, ; 541;;;Colisão;Luz do Dia;;;Meio de Quadra;;Longo da via;0;1;1;1;1;0;0;0;0;0;0;0;0;(-38.56445 -3.76533);
359256;2020-06-19 11:29:00;RUA ALEMANHA, 270;, ; 270;;;Colisão;Luz do Dia;;;Meio de Quadra;;Longo da via;0;1;1;1;1;0;0;0;0;0;0;0;0;(-38.56014 -3.7805);
359255;2020-06-19 11:01:00;RUA PRO HERIBALDO COSTA, ;RUA CURITIBA, ; ;;;Colisão;Luz do Dia;;;Cruz;Pare;Cruzamento;0;1;1;1;1;0;0;0;0;0;0;0;0;(-38.583853 -3.759992);
359254;2020-06-19 09:13:00;RUA BAR SOBRAL, 1333;, ; 1333;;;Queda;Luz do Dia;;;Meio de Quadra;;Longo da via;0;1;0;1;0;0;0;0;0;0;0;0;0;(-38.56022 -3.76356);
359090;2020-06-19 09:00:00;RD CE-025, ;, ; ;;;Colisão;Luz do Dia;;Seca;Meio de Quadra;;Longo da via;0;2;0;0;2;0;0;0;0;0;0;0;0;(-38.41861484 -3.824679648);
359252;2020-06-19 08:00:00;RUA JOAO LOBO FILHO, 99;, ; 99;;;Queda;Luz do Dia;;;Meio de Quadra;;Longo da via;0;1;0;1;0;0;0;0;0;0;0;0;0;(-38.5228442 -3.7509402);
357414;2020-06-19 07:18:00;AVENIDA VIS RIO BRANCO, 4317;, ; 4317;;;Colisão Lateral;Luz do Dia;Bom;Seca;Meio de Quadra;Não Há Controle;Longo da via;0;1;1;0;1;0;0;0;1;0;0;0;0;(-38.519646 -3.7580135);
359249;2020-06-19 07:04:00;AVENIDA AGUANAMBI, ;, ; ;;;Colisão;Luz do Dia;;;Meio de Quadra;;Longo da via;0;1;1;1;1;0;0;0;0;0;0;0;0;(0 0);
357412;2020-06-19 06:20:00;RUA PDE VALDEVINO, ;RUA JOAO CORDEIRO, ; ;;;Colisão Transversal;Luz do Dia;Bom;Seca;Cruz;Semáforo;Cruzamento;0;1;1;1;1;0;0;0;0;0;0;0;0;(-38.51755 -3.738896);
357413;2020-06-19 05:52:00;AVENIDA CEL CARVALHO, ;RUA ADOLFO SALES D24, ; ;;;Colisão Transversal;Amanhecer;Bom;Molhada;Cruz;Semáforo;Cruzamento;0;1;1;1;0;0;0;1;0;0;0;0;0;(-38.59008 -3.70889);
358762;2020-06-19 05:40:00;RD BR 020, ;, ; ;;;Capotamento;Amanhecer;;;Meio de Quadra;;Longo da via;0;1;0;0;1;0;0;0;0;0;0;0;0;(-38.533 -3.861);
359244;2020-06-18 21:51:00;AVENIDA ALM HENRIQUE SABOIA, 164;, ; 164;;;Atropelamento;;;;Meio de Quadra;;Longo da via;0;1;1;1;0;0;0;0;0;0;0;0;0;(-38.47999366 -3.723125806);
359243;2020-06-18 19:22:00;AVENIDA B CJ CEARA, 410;, ; 410;;;Atropelamento;;;;Meio de Quadra;;Longo da via;0;1;1;0;1;0;0;0;0;0;0;0;0;(-38.6054085 -3.765441);
359242;2020-06-18 18:43:00;AVENIDA ENG HUMBERTO MONTE, 1299;, ; 1299;;;Colisão;;;;Meio de Quadra;;Longo da via;0;1;1;2;0;0;0;0;0;0;0;0;0;(-38.561318 -3.748074);
359241;2020-06-18 18:00:00;RUA NELSON COELHO, 300;, ; 300;;;Colisão;Anoitecer;;;Meio de Quadra;;Longo da via;0;1;1;2;0;0;0;0;0;0;0;0;0;(-38.46366675 -3.828353);
359240;2020-06-18 17:27:00;RUA DIONISIO SERQUEIRA, 995;, ; 995;;;Colisão;Anoitecer;;;Meio de Quadra;;Longo da via;0;2;1;1;1;0;0;0;0;0;0;0;0;(-38.5884154 -3.8101136);
359239;2020-06-18 16:17:00;RUA ANTONIO PEREIRA, 391;, ; 391;;;Colisão;Luz do Dia;;;Meio de Quadra;;Longo da via;0;1;1;1;1;0;0;0;0;0;0;0;0;(-38.56404 -3.83346);
359238;2020-06-18 16:02:00;AVENIDA BORGES DE MELO, 1152;, ; 1152;;;Queda;Luz do Dia;;;Meio de Quadra;;Longo da via;0;1;0;1;0;0;0;0;0;0;0;0;0;(-38.5300586 -3.75992918);
359237;2020-06-18 15:27:00;RUA MARIA JULIA, 331;, ; 331;;;Queda;Luz do Dia;;;Meio de Quadra;;Longo da via;0;1;0;1;0;0;0;0;0;0;0;0;0;(-38.5987203 -3.78862463);
359236;2020-06-18 15:21:00;AVENIDA SEN FERNANDES TAVORA, ;RUA TUPI D35, ; ;;;Colisão;Luz do Dia;;;Cruz;Semáforo;Cruzamento;0;1;1;1;1;0;0;0;0;0;0;0;0;(-38.58041 -3.76313);
359233;2020-06-18 14:36:00;RUA 7 DE SETEMBRO, 191;, ; 191;;;Choque c/ Obstáculo Fixo;Luz do Dia;;;Meio de Quadra;;Longo da via;0;1;1;1;1;0;0;0;0;0;0;0;0;(-38.5637938 -3.7743379);
359232;2020-06-18 14:33:00;RUA VITAL BRASIL, 2740;, ; 2740;;;Colisão;Luz do Dia;;;Meio de Quadra;;Longo da via;0;2;1;1;1;0;0;0;0;0;0;0;0;(-38.6048065 -3.776082626);
359231;2020-06-18 13:09:00;AVENIDA MOZART PINHEIRO DE LUCENA, 1696;, ; 1696;;;Colisão;Luz do Dia;;;Meio de Quadra;;Longo da via;0;1;1;1;1;0;0;0;0;0;0;0;0;(-38.595454824 -3.717422588);
359230;2020-06-18 13:02:00;RUA RUI MONTE, 1070;, ; 1070;;;Colisão;Luz do Dia;;;Meio de Quadra;;Longo da via;0;1;1;1;1;0;0;0;0;0;0;0;0;(-38.5853 -3.74801);
359229;2020-06-18 11:15:00;AVENIDA DOM MANUEL, ;RUA BARBARA DE ALENCAR, ; ;;;Colisão;Luz do Dia;;;Cruz;Semáforo;Cruzamento;0;1;1;1;1;0;0;0;0;0;0;0;0;(-38.523262 -3.734972);
359228;2020-06-18 10:09:00;RUA JOSE ABILIO, ;RUA ANTONIO NERY, ; ;;;Colisão;Luz do Dia;;;Cruz;Pare;Cruzamento;0;1;1;1;1;0;0;0;0;0;0;0;0;(-38.6015727 -3.7830208);
357411;2020-06-18 09:21:00;AVENIDA E CJ CEARA, 298;, ; 298;;;Colisão Traseira;Luz do Dia;Bom;Seca;Meio de Quadra;Não Há Controle;Longo da via;0;1;1;1;0;0;0;1;0;0;0;0;0;(-38.606621 -3.759055);
359196;2020-06-18 08:50:00;RUA POMPILIO GOMES, 637;, ; 637;;;Colisão;Luz do Dia;;;Meio de Quadra;;Longo da via;0;1;1;1;1;0;0;0;0;0;0;0;0;(0 0);
357410;2020-06-18 08:36:00;AVENIDA DOMINGOS OLIMPIO, ;RUA SEN POMPEU, ; ;;;Colisão Traseira;Luz do Dia;Bom;Seca;Cruz;Semáforo;Cruzamento;0;1;2;0;1;0;0;1;0;0;0;0;0;(-38.532455 -3.736254);
359195;2020-06-18 08:15:00;RUA STA LIDUINA D42, 330;, ; 330;;;Colisão;Luz do Dia;;;Meio de Quadra;;Longo da via;0;1;1;1;1;0;0;0;0;0;0;0;0;(-38.5850186 -3.80081475);
359194;2020-06-18 06:47:00;AVENIDA PRS CASTELO BRANCO, 749;, ; 749;;;Colisão;Luz do Dia;;;Meio de Quadra;;Longo da via;0;1;1;0;1;0;0;0;0;1;0;0;0;(-38.5352777 -3.7180555);