COD_ACIDENTE;DATA;LOG1;LOG2;NUMERO;BAIRRO;AMC;NATUREZA;ILUMINACAO;TEMPO;SUPERFICIEPISTA;TIPOCRUZAMENTO;CONTROLETRAFEGO;USOSOLO;MORTOS;FERIDOS;ILESOS;MOTOCICLETA;AUTOMOVEL;MICROONIBUS;CAMINHAO;ONIBUS;CICLOMOTOR;BICICLETA;OUTROS;TREM;TRACAOANIMAL;COORDENADAS
359193;2020-06-17 22:27:00;RUA BAR RIO BRANCO, 2050;, ; 2050;;;Atropelamento;;;;Meio de Quadra;;Longo da via;0;1;1;0;0;0;0;0;0;0;0;0;0;(-38.531494 -3.736579);
359192;2020-06-17 20:41:00;RUA ANTONIO COSTA MENDES (PQ SÃO JOSÉ), 330;, ; 330;;;Atropelamento;;;;Meio de Quadra;;Longo da via;0;1;1;0;0;0;0;1;0;0;0;0;0;(-38.58308865 -3.789269684);
359191;2020-06-17 20:27:00;RUA ROSINHA SAMPAIO, 1199;, ; 1199;;;Colisão;;;;Meio de Quadra;;Longo da via;0;1;1;0;0;0;0;0;0;0;0;0;0;(-38.58942 -3.72653);
359190;2020-06-17 20:17:00;RUA PDE BARBOSA DE JESUS, 1636;, ; 1636;;;Colisão;;;;Meio de Quadra;;Longo da via;0;2;0;1;1;0;0;0;0;0;0;0;0;(-38.4695179 -3.8410157);
359188;2020-06-17 19:30:00;RUA CASTRO DE ALENCAR, 1231;, ; 1231;;;Colisão;;;;Meio de Quadra;;Longo da via;0;2;0;0;0;0;0;0;0;0;0;0;0;(-38.505295 -3.782283);
359187;2020-06-17 18:45:00;RUA BAR SOBRAL, ;RUA JOAO FIRMINO, ; ;;;Colisão;;;;Cruz;Pare;Cruzamento;0;1;1;1;1;0;0;0;0;0;0;0;0;(-38.556531 -3.765714);
359085;2020-06-17 18:33:00;RD CE-060, ;, ; ;;;Colisão;Luz do Dia;;Molhada;Meio de Quadra;;Longo da via;0;2;1;2;0;0;0;0;0;0;0;0;0;(-38.582111 -3.834064);
359184;2020-06-17 18:10:00;AVENIDA DR SILAS MUNGUBA, ;, ; ;;;Colisão;Anoitecer;;;Meio de Quadra;;Longo da via;0;1;1;2;0;0;0;0;0;0;0;0;0;(-38.529713 -3.801792);
359183;2020-06-17 17:55:00;RD QUARTO ANEL VIARIO, 5499;, ; 5499;;;Colisão;Anoitecer;;;Meio de Quadra;;Longo da via;0;1;1;1;1;0;0;0;0;0;0;0;0;(-38.603935 -3.837767);
359182;2020-06-17 17:51:00;RUA PRS PRUDENTE, ;RUA TOMAS RODRIGUES, ; ;;;Colisão;Anoitecer;;;Cruz;;Cruzamento;0;1;1;2;0;0;0;0;0;0;0;0;0;(-38.594205 -3.738023);
359181;2020-06-17 15:06:00;AVENIDA 13 DE MAIO, ;AVENIDA CARAPINIMA, ; ;;;Queda;Luz do Dia;;;Cruz;Semáforo;Cruzamento;0;1;0;1;0;0;0;0;0;0;0;0;0;(-38.540239 -3.740001);
359179;2020-06-17 14:51:00;RUA GUILHERME ROCHA, ;AVENIDA IMPERADOR, ; ;;;Queda;Luz do Dia;;;Cruz;Semáforo;Cruzamento;0;1;0;1;0;0;0;0;0;0;0;0;0;(-38.533829 -3.725081);
359044;2020-06-17 14:42:00;RUA BAR CANINDE, ;RUA ELCIAS LOPES, ; ;;;Colisão Transversal;Luz do Dia;Bom;Seca;Cruz;Pare;Cruzamento;0;1;1;1;1;0;0;0;0;0;0;0;0;(-38.557426 -3.770473);
358930;2020-06-17 14:09:00;RUA PDE PERDIGAO SAMPAIO, ;RUA GAL ALIPIO DOS SANTOS, ; ;;;Colisão;Luz do Dia;Bom;Molhada;Cruz;Pare;Cruzamento;0;2;0;2;0;0;0;0;0;0;0;0;0;(-38.59639 -3.73345);
359178;2020-06-17 12:31:00;AVENIDA CONTORNO SUL, ;RUA 17 CJ ALTO ALEGRE, ; ;;;Colisão;Luz do Dia;;;;;Cruzamento;0;1;1;1;1;0;0;0;0;0;0;0;0;(-38.484376 -3.856764);
358761;2020-06-17 11:00:00;RD BR 116, 6000;, ; 6000;;;Colisão Transversal;Luz do Dia;;;Meio de Quadra;;Longo da via;0;2;1;1;1;0;0;0;0;0;0;0;0;(-38.503053 -3.804691);
359177;2020-06-17 09:44:00;RUA VALPARAISO, 128;, ; 128;;;Queda;Luz do Dia;;;Meio de Quadra;;Longo da via;0;1;0;1;0;0;0;0;0;0;0;0;0;(-38.5215509 -3.8460792);
359176;2020-06-17 09:32:00;RUA LORENA, 96;, ; 96;;;Colisão;Luz do Dia;;;Meio de Quadra;;Longo da via;0;2;0;0;0;0;0;0;0;0;0;0;0;(-38.5584714 -3.75966827);
359173;2020-06-17 07:57:00;RUA METON DE ALENCAR, ;AVENIDA TRISTAO GONCALVES, ; ;;;Colisão;Luz do Dia;;;Cruz;Semáforo;Cruzamento;0;1;1;2;0;0;0;0;0;0;0;0;0;(-38.534777 -3.732327);
359171;2020-06-17 06:55:00;RUA EMILIO DE MENESES, 3051;, ; 3051;;;Queda;Luz do Dia;;;Meio de Quadra;;Longo da via;0;1;0;1;0;0;0;0;0;0;0;0;0;(-38.6082783 -3.77586124);
359170;2020-06-16 23:05:00;RUA ERICO MOTA, ;AVENIDA BEZERRA DE MENEZES, ; ;;;Queda;;;;T;Semáforo;Cruzamento;0;1;0;0;0;0;0;0;0;1;0;0;0;(-38.562991 -3.735357);
359169;2020-06-16 19:20:00;AVENIDA SEN VIRGILIO TAVORA, 1055;, ; 1055;;;Colisão;;;;Meio de Quadra;;Longo da via;0;2;0;2;0;0;0;0;0;0;0;0;0;(-38.492845 -3.735843);
359168;2020-06-16 19:20:00;RUA GUSTAVO BRAGA, 133;, ; 133;;;Colisão;;;;Meio de Quadra;;Longo da via;0;2;0;2;0;0;0;0;0;0;0;0;0;(-38.5528678 -3.75078308);
359157;2020-06-16 17:55:00;RUA VALPARAISO, 1366;, ; 1366;;;Colisão;Anoitecer;;;Meio de Quadra;;Longo da via;0;2;0;1;0;0;0;0;0;0;0;0;0;(-38.530514 -3.840324);
359156;2020-06-16 17:34:00;AVENIDA ALBERTO CRAVEIRO, 3300;, ; 3300;;;Colisão;Anoitecer;;;Meio de Quadra;;Longo da via;0;1;1;0;1;0;0;0;0;1;0;0;0;(0 0);
359155;2020-06-16 16:49:00;RUA EQUADOR, ;AVENIDA DR SILAS MUNGUBA, ; ;;;Colisão;Luz do Dia;;;Cruz;Semáforo;Cruzamento;0;2;1;1;0;0;1;0;0;0;0;0;0;(-38.55546 -3.782406);
359153;2020-06-16 16:30:00;RUA CACILDA BECKER, 436;, ; 436;;;Colisão;Luz do Dia;;;Meio de Quadra;;Longo da via;0;2;1;1;1;0;0;0;0;0;0;0;0;(-38.589056 -3.77153);
357409;2020-06-16 16:15:00;AVENIDA PASTEUR, ;RUA ENG JOAO NOGUEIRA, ; ;;;Colisão Lateral;Luz do Dia;Bom;Seca;Cruz;Pare;Cruzamento;0;1;1;1;1;0;0;0;0;0;0;0;0;(-38.559415 -3.712927);
359152;2020-06-16 16:14:00;AVENIDA JOSE BASTOS, 4400;, ; 4400;;;Colisão;Luz do Dia;;;Meio de Quadra;;Longo da via;0;1;1;0;1;0;0;0;0;1;0;0;0;(-38.5557415 -3.75526);
359151;2020-06-16 14:57:00;RUA PRO LINO ENCARNACAO, 1819;, ; 1819;;;Colisão;Luz do Dia;;;Meio de Quadra;;Longo da via;0;1;1;1;1;0;0;0;0;0;0;0;0;(0 0);
358929;2020-06-16 14:50:00;AVENIDA DR SILAS MUNGUBA, 2227;, ; 2227;;;Colisão;Luz do Dia;;;Meio de Quadra;;Longo da via;0;0;2;0;2;0;0;0;0;0;0;0;0;(-38.5512956 -3.78580373);
358928;2020-06-16 13:40:00;RUA JOAQUIM LEITAO, ;, ; ;;;Colisão;Luz do Dia;;;Meio de Quadra;;Longo da via;0;1;1;0;1;0;0;0;0;0;0;0;0;(0 0);
359057;2020-06-16 12:21:00;RUA CEL LINHARES, ;RUA EDUARDO GARCIA, ; ;;;Colisão;Luz do Dia;;;Cruz;Pare;Cruzamento;0;1;1;2;0;0;0;0;0;0;0;0;0;(-38.495077 -3.73948);
357408;2020-06-16 11:53:00;AVENIDA AUGUSTO DOS ANJOS, 1000;, ; 1000;;;Colisão Lateral;Luz do Dia;Bom;Seca;Meio de Quadra;Semáforo;Longo da via;0;2;1;1;1;0;0;0;0;0;0;0;0;(-38.576193 -3.776779);
359056;2020-06-16 11:24:00;RUA MANUEL F DE SAMPAIO, 135;, ; 135;;;Queda;Luz do Dia;;;Meio de Quadra;;Longo da via;0;1;0;1;0;0;0;0;0;0;0;0;0;(-38.4850943 -3.76074978);
358874;2020-06-16 10:00:00;AVENIDA AGUANAMBI, 282;, ; 282;;;Colisão Lateral;Luz do Dia;Bom;Seca;Meio de Quadra;Semáforo Manual;Longo da via;0;1;1;0;1;0;0;1;0;0;0;0;0;(-38.52447 -3.7393746);
359055;2020-06-16 09:34:00;AVENIDA PONTES VIEIRA, 2631;, ; 2631;;;Queda;Luz do Dia;;;Meio de Quadra;;Longo da via;0;1;0;1;0;0;0;0;0;0;0;0;0;(-38.497871 -3.750910667);
357404;2020-06-16 09:30:00;AVENIDA DOMINGOS OLIMPIO, ;RUA DOM GERONIMO, ; ;;;Atropelamento;Luz do Dia;Bom;Seca;Cruz;Pare;Cruzamento;0;1;1;0;1;0;0;0;0;0;0;0;0;(-38.54346 -3.73321);
357405;2020-06-16 09:01:00;AVENIDA SGT HERMINIO SAMPAIO, ;RUA CEL MOZART GONDIM, ; ;;;Colisão;Luz do Dia;Bom;Seca;;;Cruzamento;0;2;2;1;2;0;0;0;0;0;0;0;0;(-38.561327 -3.726516);
358849;2020-06-16 09:00:00;AVENIDA JOSE BASTOS, ;, ; ;;;Colisão;Luz do Dia;;;Meio de Quadra;;Longo da via;0;1;1;1;1;0;0;0;0;0;0;0;0;(0 0);
357406;2020-06-16 08:50:00;AVENIDA DR SILAS MUNGUBA, ;RUA DR JUSTA ARAUJO D45, ; ;;;Colisão Traseira;Luz do Dia;Bom;Seca;Cruz;Semáforo;Cruzamento;0;1;2;1;2;0;0;0;0;0;0;0;0;(-38.553426 -3.784586);
359321;2020-06-15 23:11:00;AVENIDA ABOLICAO, 2950;, ; 2950;;;Queda;;;;Meio de Quadra;;Longo da via;0;1;0;1;0;0;0;0;0;0;0;0;0;(-38.492863 -3.7270703);
359320;2020-06-15 19:38:00;RUA OSVALDO CRUZ (ALDEOTA), ;RUA MARIA TOMASIA, ; ;;;Colisão;;;;Cruz;Pare;Cruzamento;0;2;0;1;1;0;0;0;0;0;0;0;0;(-38.499989 -3.73458);
359319;2020-06-15 19:29:00;RUA GOIANESA, 316;, ; 316;;;Queda;;;;Meio de Quadra;;Longo da via;0;1;0;1;0;0;0;0;0;0;0;0;0;(-38.58544 -3.7642);
359318;2020-06-15 18:06:00;AVENIDA B CJ HAB ST SAO JOAO, 910;, ; 910;;;Queda;Anoitecer;;;Meio de Quadra;;Longo da via;0;1;0;1;0;0;0;0;0;0;0;0;0;(-38.6078356 -3.7691756);
359317;2020-06-15 17:37:00;AVENIDA ENG SANTANA JUNIOR, 2828;, ; 2828;;;Atropelamento;Anoitecer;;;Meio de Quadra;;Longo da via;0;1;0;1;0;0;0;0;0;0;0;0;0;(-38.489536 -3.7461946);
359315;2020-06-15 17:20:00;AVENIDA ANTONIO SALES, ;RUA NOGUEIRA ACIOLI, ; ;;;Atropelamento;Anoitecer;;;Cruz;Semáforo;Cruzamento;0;1;0;0;0;0;0;0;0;0;1;0;0;(-38.520316 -3.739866);
359025;2020-06-15 17:15:00;AVENIDA PENETRACAO NORTE SUL, 62;, ; 62;;;Atropelamento;Anoitecer;Bom;Seca;Meio de Quadra;Outros;Longo da via;2;0;0;0;0;0;0;1;0;0;0;0;0;(-38.5907169 -3.812067);
359311;2020-06-15 17:05:00;AVENIDA CARAPINIMA, 2424;, ; 2424;;;Colisão;Anoitecer;;;Meio de Quadra;;Longo da via;0;1;0;0;0;0;0;0;0;0;1;0;0;(-38.54117 -3.740936);
359310;2020-06-15 15:02:00;AVENIDA FRANCISCO SA, 3636;, ; 3636;;;Colisão;Luz do Dia;;;Meio de Quadra;;Longo da via;0;1;0;0;0;0;0;0;0;0;1;0;0;(-38.55731858 -3.717413154);
359309;2020-06-15 14:40:00;RUA EDGAR FALCAO, 138;, ; 138;;;Atropelamento;Luz do Dia;;;Meio de Quadra;;Longo da via;0;1;0;0;0;0;0;0;0;0;1;0;0;(-38.5717816 -3.7311815);
357429;2020-06-15 14:38:00;AVENIDA D CJ CEARA, 1284;, ; 1284;;;Colisão;Luz do Dia;Bom;Seca;Meio de Quadra;Pare;Longo da via;0;1;1;1;1;0;0;0;0;0;0;0;0;(-38.6023846 -3.76346933);
359067;2020-06-15 12:10:00;RD CE-040, ;, ; ;;;Colisão;Luz do Dia;;Seca;Meio de Quadra;;Longo da via;0;1;0;0;1;0;0;0;0;0;0;0;0;(-38.48303286 -3.817159445);
359308;2020-06-15 12:09:00;RUA SAO MATEUS D14, 306;, ; 306;;;Queda;Luz do Dia;;;Meio de Quadra;;Longo da via;0;1;0;1;0;0;0;0;0;0;0;0;0;(-38.53797275 -3.761878197);
359307;2020-06-15 12:02:00;AVENIDA ABOLICAO, 2900;, ; 2900;;;Atropelamento;Luz do Dia;;;Meio de Quadra;;Longo da via;0;1;0;0;1;0;0;0;0;0;0;0;0;(-38.493317 -3.726989);
359306;2020-06-15 10:55:00;RUA COS LAFAYETE, 404;, ; 404;;;Colisão;Luz do Dia;;;Meio de Quadra;;Longo da via;0;1;0;2;0;0;0;0;0;0;0;0;0;(-38.5814878 -3.71811529);
359066;2020-06-15 10:40:00;AVENIDA SEN CARLOS JEREISSATI (AEROPORTO), ;, ; ;;;Colisão;Luz do Dia;;Seca;Meio de Quadra;;Longo da via;0;3;0;0;3;0;0;0;0;0;0;0;0;(-38.535424 -3.782194);
359305;2020-06-15 09:36:00;AVENIDA SEN FERNANDES TAVORA, ;, ; ;;;Queda;Luz do Dia;;;Meio de Quadra;;Longo da via;0;2;0;1;0;0;0;0;0;0;0;0;0;(0 0);
359304;2020-06-15 09:10:00;RD QUARTO ANEL VIARIO, ;, ; ;;;Queda;Luz do Dia;;;Meio de Quadra;;Longo da via;0;1;0;0;0;0;0;0;1;0;0;0;0;(0 0);
357403;2020-06-15 09:02:00;RUA ILDEFONSO ALBANO, ;RUA PINTO MADEIRA, ; ;;;Colisão Transversal;Luz do Dia;Bom;Seca;Cruz;Semáforo;Cruzamento;0;2;1;1;1;0;0;0;0;0;0;0;0;(-38.513317 -3.73361);
359303;2020-06-15 08:26:00;AVENIDA MR HULL, 5649;, ; 5649;;;Colisão;Luz do Dia;;;Meio de Quadra;;Longo da via;0;1;0;1;1;0;0;0;0;0;0;0;0;(-38.5952616 -3.74020189);
357402;2020-06-15 08:26:00;RUA ERICO MOTA, ;RUA GUSTAVO SAMPAIO, ; ;;;Capotamento;Luz do Dia;Bom;Seca;Cruz;Semáforo;Cruzamento;0;2;0;0;2;0;0;0;0;0;0;0;0;(-38.562603 -3.7365224);
359302;2020-06-15 07:39:00;RUA ANTONIO AUGUSTO, 2190;, ; 2190;;;Colisão;Luz do Dia;;;Meio de Quadra;;Longo da via;0;2;0;0;2;0;0;0;0;0;0;0;0;(-38.51676 -3.74029);
359301;2020-06-15 01:18:00;RUA CEL VIRGILIO NOGUEIRA (BOM JARDIM), 304;, ; 304;;;Queda;;;;Meio de Quadra;;Longo da via;0;1;0;1;0;0;0;0;0;0;0;0;0;(-38.60776 -3.78572);
359300;2020-06-15 00:47:00;RUA TEODOMIRO DE CASTRO, 6317;, ; 6317;;;Colisão;;;;Meio de Quadra;;Longo da via;0;1;0;1;1;0;0;0;0;0;0;0;0;(-38.576545 -3.716948);
358848;2020-06-15 00:40:00;RUA OSCAR ARARIPE, 377;, ; 377;;;Colisão;;;;Meio de Quadra;;Longo da via;0;1;1;1;1;0;0;0;0;0;0;0;0;(-38.5946451 -3.79268649);
359299;2020-06-14 23:06:00;RUA OSCAR ARARIPE, 385;, ; 385;;;Colisão;;;;Meio de Quadra;;Longo da via;0;1;0;1;1;0;0;0;0;0;0;0;0;(-38.5947353 -3.79265748);
359298;2020-06-14 21:54:00;RUA CON DE CASTRO, 3501;, ; 3501;;;Queda;;;;Meio de Quadra;;Longo da via;0;1;0;0;0;0;0;0;0;1;0;0;0;(-38.585718 -3.798278);
359297;2020-06-14 20:26:00;AVENIDA PRO JOSE ARTHUR CARVALHO, ;, ; ;;;Colisão;;;;Meio de Quadra;;Longo da via;0;1;0;1;1;0;0;0;0;0;0;0;0;(0 0);
359026;2020-06-14 20:00:00;AVENIDA SANTOS DUMONT, ;RUA MON CATAO, ; ;;;Colisão Lateral;Via Iluminada;Bom;Seca;Cruz;Semáforo;Cruzamento;0;0;2;1;0;0;0;0;0;0;0;0;0;(-38.490564 -3.738745);
357401;2020-06-14 19:56:00;RUA BAR ARATANHA, ;RUA METON DE ALENCAR, ; ;;;Colisão Transversal;Via Iluminada;Bom;Seca;Cruz;Gesto;Cruzamento;0;1;1;1;1;0;0;0;0;0;0;0;0;(-38.527028 -3.734847);
359296;2020-06-14 19:07:00;RUA MARVIN, ;RUA ANTENOR ROCHA ALEXANDRE, ; ;;;Colisão;;;;Cruz;Pare;Cruzamento;0;1;0;1;1;0;0;0;0;0;0;0;0;(-38.483635 -3.792251);
359295;2020-06-14 18:57:00;RUA VALPARAISO, 471;, ; 471;;;Colisão;;;;Meio de Quadra;;Longo da via;0;1;0;1;1;0;0;0;0;0;0;0;0;(-38.5247186 -3.84504773);
359294;2020-06-14 18:04:00;RUA JACARANDA, ;, ; ;;;Queda;Anoitecer;;;Meio de Quadra;;Longo da via;0;1;0;1;0;0;0;0;0;0;0;0;0;(0 0);
359293;2020-06-14 16:26:00;RUA BOM JESUS (GRANJA LISBOA), 3730;, ; 3730;;;Colisão;Luz do Dia;;;Meio de Quadra;;Longo da via;0;1;0;0;0;0;0;0;0;0;1;0;0;(-38.62617 -3.78665);
359292;2020-06-14 15:30:00;RUA REINO UNIDO, 434;, ; 434;;;Atropelamento;Luz do Dia;;;Meio de Quadra;;Longo da via;0;1;0;0;1;0;0;0;0;0;0;0;0;(-38.5048048 -3.78677527);
359291;2020-06-14 12:40:00;RUA FRANCISCO CALACA, ;, ; ;;;Queda;Luz do Dia;;;Meio de Quadra;;Longo da via;0;1;0;0;0;0;0;0;0;1;0;0;0;(-38.568948 -3.703215);
358846;2020-06-14 11:00:00;RUA JOAQUIM MOREIRA D36, ;, ; ;;;Colisão;Luz do Dia;;;Meio de Quadra;;Longo da via;0;0;2;0;2;0;0;0;0;0;0;0;0;(0 0);
359290;2020-06-14 10:46:00;RUA MONTE PASCOAL, 160;, ; 160;;;Colisão;Luz do Dia;;;Meio de Quadra;;Longo da via;0;1;0;0;2;0;0;0;0;0;0;0;0;(-38.60068 -3.80425);
357400;2020-06-14 07:30:00;RUA NEREU RAMOS, 196;, ; 196;;;Choque c/ Obstáculo Fixo;Luz do Dia;Bom;Seca;Meio de Quadra;Não Há Controle;Longo da via;0;1;0;0;1;0;0;0;0;0;0;0;0;(-38.5683075 -3.786708);
359289;2020-06-14 05:54:00;AVENIDA MAJ ASSIS, 1132;, ; 1132;;;Colisão;Amanhecer;;;Meio de Quadra;;Longo da via;0;1;0;0;0;0;0;0;0;0;1;0;0;(-38.589181 -3.723592);
359288;2020-06-14 05:02:00;RUA MOURA MATOS, 1703;, ; 1703;;;Queda;Amanhecer;;;Meio de Quadra;;Longo da via;0;1;0;1;0;0;0;0;0;0;0;0;0;(-38.5446714 -3.81082193);
359020;2020-06-14 03:00:00;RUA PORTO VELHO, ;RUA BRI TORRES, ; ;;;Colisão Lateral;;Nublado;Molhada;Cruz;Não Há Controle;Cruzamento;0;1;1;1;1;0;0;0;0;0;0;0;0;(-38.581592 -3.768875);
358845;2020-06-14 02:30:00;RUA PORTO VELHO, 24;, ; 24;;;Colisão;;;;Meio de Quadra;;Longo da via;1;0;1;0;1;0;0;0;0;1;0;0;0;(-38.556341 -3.7253249);
358844;2020-06-14 01:50:00;RUA VITAL BRASIL, 409;, ; 409;;;Colisão;;;;Meio de Quadra;;Longo da via;0;2;0;1;0;0;0;0;0;0;0;0;0;(-38.5850729 -3.78167866);
359023;2020-06-14 00:20:00;RUA PORTO VELHO, 135;, ; 135;;;Colisão;Via Iluminada;Bom;Molhada;Meio de Quadra;Não Há Controle;Longo da via;0;1;1;0;1;0;0;0;0;1;0;0;0;(-38.5819046 -3.76870622);
359287;2020-06-13 22:05:00;RUA PORTO ALEGRE, ;RUA PRO HERIBALDO COSTA, ; ;;;Colisão;;;;Cruz;Não Há Controle;Cruzamento;0;1;0;2;0;0;0;0;0;0;0;0;0;(-38.585433 -3.762997);
359286;2020-06-13 22:04:00;AVENIDA I CJ CEARA, 307;, ; 307;;;Queda;;;;Meio de Quadra;;Longo da via;0;1;0;1;0;0;0;0;0;0;0;0;0;(-38.5974483 -3.76644609);
359274;2020-06-13 21:50:00;RUA EUCLIDES O DE SOUSA, 1501;, ; 1501;;;Colisão;;;;Meio de Quadra;;Longo da via;1;0;1;2;0;0;0;0;0;0;0;0;0;(-38.466221 -3.797073);
359273;2020-06-13 21:19:00;AVENIDA PRS CASTELO BRANCO, 2238;, ; 2238;;;Atropelamento;;;;Meio de Quadra;;Longo da via;0;1;0;0;1;0;0;0;0;0;0;0;0;(-38.548042 -3.713889);
359270;2020-06-13 21:11:00;AVENIDA ENG HUMBERTO MONTE, 1065;, ; 1065;;;Colisão;;;;Meio de Quadra;;Longo da via;0;2;0;0;0;0;0;0;0;0;1;0;0;(-38.56001896 -3.749708163);
359258;2020-06-13 20:52:00;AVENIDA SEN VIRGILIO TAVORA, ;AVENIDA PONTES VIEIRA, ; ;;;Queda;;;;T;Semáforo;Cruzamento;0;1;0;0;0;0;0;0;0;1;0;0;0;(-38.497652 -3.750886);
359253;2020-06-13 19:51:00;RUA MARCELINO LOPES, 200;, ; 200;;;Colisão;;;;Meio de Quadra;;Longo da via;0;1;0;1;1;0;0;0;0;0;0;0;0;(-38.4784334 -3.79306028);
359251;2020-06-13 19:47:00;AVENIDA MOZART PINHEIRO DE LUCENA, 200;, ; 200;;;Colisão;;;;Meio de Quadra;;Longo da via;0;1;0;2;0;0;0;0;0;0;0;0;0;(-38.59242 -3.70659);
357399;2020-06-13 19:10:00;RUA DR JOAQUIM BENTO, ;, ; ;;;Colisão Frontal;Via Iluminada;Bom;Seca;Outros;Não Há Controle;Longo da via;0;1;1;0;2;0;0;0;0;0;0;0;0;(-38.48485 -3.8283093);
359011;2020-06-13 19:00:00;RUA MAJ FACUNDO, ;RUA JOAQUIM MAGALHAES, ; ;;;Colisão Transversal;Via Iluminada;Bom;Seca;Cruz;Não Há Controle;Cruzamento;0;1;1;0;2;0;0;0;0;0;0;0;0;(-38.531466 -3.738795);
359250;2020-06-13 18:35:00;RUA SEN POMPEU, 2701;, ; 2701;;;Queda;;;;Meio de Quadra;;Longo da via;0;1;0;0;0;0;0;0;0;1;0;0;0;(-38.5342517 -3.74220263);
359248;2020-06-13 18:13:00;RUA ALBERTO FERREIRA, 130;, ; 130;;;Atropelamento;Anoitecer;;;Meio de Quadra;;Longo da via;0;2;0;1;0;0;0;0;0;0;0;0;0;(-38.58295 -3.71929);
359247;2020-06-13 16:18:00;RUA JULIO AZEVEDO, ;RUA BENTO ALBUQUERQUE, ; ;;;Colisão;Luz do Dia;;;Cruz;Pare;Cruzamento;0;1;0;1;1;0;0;0;0;0;0;0;0;(-38.482854 -3.743861);
357398;2020-06-13 15:24:00;RUA ESTEFANIA M MOTA, ;RUA VINICIUS DE MORAES, ; ;;;Colisão Transversal;Luz do Dia;Bom;Seca;Meio de Quadra;Pare;Cruzamento;0;2;0;2;0;0;0;0;0;0;0;0;0;(-38.55609 -3.73179);
359246;2020-06-13 15:15:00;AVENIDA DEP PAULINO ROCHA, 1793;, ; 1793;;;Colisão;Luz do Dia;;;Meio de Quadra;;Longo da via;0;1;0;0;0;0;0;0;0;0;1;0;0;(-38.5132061 -3.81166089);
358983;2020-06-13 15:00:00;RUA JOSE HIPOLITO, ;, ; ;;;Colisão Lateral;Luz do Dia;Bom;Seca;Meio de Quadra;Não Há Controle;Longo da via;0;0;2;1;0;0;0;1;0;0;0;0;0;(0 0);
357397;2020-06-13 14:28:00;RUA CARLOS VASCONCELOS, ;, ; ;;;Colisão Transversal;Luz do Dia;Bom;Seca;Cruz;Semáforo;Longo da via;0;0;2;0;2;0;0;0;0;0;0;0;0;(-38.509778 -3.7298765);
357396;2020-06-13 14:13:00;AVENIDA CARAPINIMA, 2023;, ; 2023;;;Colisão Lateral;Luz do Dia;Bom;Seca;Meio de Quadra;Não Há Controle;Longo da via;0;1;1;1;1;0;0;0;0;0;0;0;0;(-38.538796 -3.73869607);
359245;2020-06-13 12:32:00;RD QUARTO ANEL VIARIO, ;, ; ;;;Colisão;Luz do Dia;;;Meio de Quadra;;Longo da via;0;1;0;0;2;0;0;0;0;0;0;0;0;(0 0);
359235;2020-06-13 12:15:00;AVENIDA GAL OSORIO DE PAIVA, 1864;, ; 1864;;;Colisão;Luz do Dia;;;Meio de Quadra;;Longo da via;0;1;0;0;0;0;0;0;0;0;1;0;0;(-38.578294 -3.783103);
358760;2020-06-13 12:05:00;RD BR 020, ;, ; ;;;Colisão Transversal;Luz do Dia;;;Meio de Quadra;;Longo da via;0;2;0;0;2;0;0;0;0;0;0;0;0;(-38.524 -3.863);
359234;2020-06-13 11:45:00;AVENIDA SANTOS DUMONT, ;AVENIDA BAR STUDART, ; ;;;Colisão;Luz do Dia;;;Cruz;Semáforo;Cruzamento;0;1;0;1;1;0;0;0;0;0;0;0;0;(-38.506304 -3.733642);
359227;2020-06-13 11:42:00;RUA A (GRANJA LISBOA), 3771;, ; 3771;;;Colisão;Luz do Dia;;;Meio de Quadra;;Longo da via;0;1;0;1;1;0;0;0;0;0;0;0;0;(-38.62719 -3.78723);
357395;2020-06-13 10:15:00;RUA CEL JOAQUIM FRANKLIN, 930;, ; 930;;;Colisão Traseira;Luz do Dia;Bom;Seca;Meio de Quadra;Não Há Controle;Longo da via;0;1;0;1;1;0;0;0;0;0;0;0;0;(-38.59501 -3.743508);
359226;2020-06-13 06:54:00;AVENIDA GAL OSORIO DE PAIVA, 4965;, ; 4965;;;Colisão;Luz do Dia;;;Meio de Quadra;;Longo da via;0;2;0;1;1;0;0;0;0;0;0;0;0;(-38.5991094 -3.801675);
359019;2020-06-13 06:30:00;AVENIDA JOR THOMAZ COELHO, 6493;, ; 6493;;;Choque c/ Obstáculo Fixo;Luz do Dia;Bom;Seca;Meio de Quadra;;Longo da via;0;1;0;0;1;0;0;0;0;0;0;0;0;(0 0);
359225;2020-06-13 02:51:00;RUA CEARA, 1145;, ; 1145;;;Colisão;;;;Meio de Quadra;;Longo da via;0;1;0;1;0;0;1;0;0;0;0;0;0;(-38.5673107 -3.75795284);
359224;2020-06-13 02:29:00;RUA PEDRO SAMPAIO, ;RUA GEORGE CAVALCANTE, ; ;;;Colisão;;;;Cruz;Pare;Cruzamento;0;1;0;1;1;0;0;0;0;0;0;0;0;(-38.59316 -3.72472);
359223;2020-06-13 00:32:00;AVENIDA GOV RAUL BARBOSA, ;, ; ;;;Queda;;;;Meio de Quadra;;Longo da via;0;1;0;1;0;0;0;0;0;0;0;0;0;(0 0);
357394;2020-06-12 23:23:00;RUA RIO GRANDE DO SUL, ;RUA MIN SERGIO MOTA, ; ;;;Colisão Transversal;Via Iluminada;Bom;Seca;Cruz;Pare;Cruzamento;0;1;1;1;1;0;0;0;0;0;0;0;0;(-38.56272 -3.75147);