COD_ACIDENTE;DATA;LOG1;LOG2;NUMERO;BAIRRO;AMC;NATUREZA;ILUMINACAO;TEMPO;SUPERFICIEPISTA;TIPOCRUZAMENTO;CONTROLETRAFEGO;USOSOLO;MORTOS;FERIDOS;ILESOS;MOTOCICLETA;AUTOMOVEL;MICROONIBUS;CAMINHAO;ONIBUS;CICLOMOTOR;BICICLETA;OUTROS;TREM;TRACAOANIMAL;COORDENADAS
359222;2020-06-12 23:15:00;AVENIDA SANTOS DUMONT, ;RUA BAR ARACATI, ; ;;;Colisão;;;;Cruz;Pare;Cruzamento;0;1;0;2;0;0;0;0;0;0;0;0;0;(-38.511618 -3.731909);
359221;2020-06-12 22:11:00;RUA CON DE CASTRO, 1452;, ; 1452;;;Colisão;;;;Meio de Quadra;;Longo da via;0;1;0;0;0;0;0;0;0;0;1;0;0;(-38.5725345 -3.784019);
359220;2020-06-12 21:35:00;RUA LUIS GUIMARAES, ;RUA SILVIO ROMERO, ; ;;;Colisão;;;;;;Cruzamento;0;1;0;2;0;0;0;0;0;0;0;0;0;(-38.57137 -3.7206);
359219;2020-06-12 21:16:00;RUA MARIA GOMES DE SA, 1685;, ; 1685;;;Colisão;;;;Meio de Quadra;;Longo da via;0;1;0;1;0;0;0;0;0;0;0;0;0;(-38.5841451 -3.82322906);
359218;2020-06-12 20:55:00;RUA FRANCISCA RANGEL, 669;, ; 669;;;Atropelamento;;;;Meio de Quadra;;Longo da via;0;1;0;0;0;0;0;0;0;0;1;0;0;(-38.5590999 -3.73977202);
359217;2020-06-12 20:45:00;AVENIDA SANTOS DUMONT, 3850;, ; 3850;;;Colisão;;;;Meio de Quadra;;Longo da via;0;1;0;1;1;0;0;0;0;0;0;0;0;(-38.490564 -3.738745);
357393;2020-06-12 20:28:00;AVENIDA GAL OSORIO DE PAIVA, 5899;, ; 5899;;;Não informado;Via Iluminada;Bom;Seca;T;Semáforo;Longo da via;0;0;3;0;3;0;0;0;0;0;0;0;0;(-38.605249 -3.808013);
359216;2020-06-12 19:28:00;AVENIDA OLAVO BILAC, 1173;, ; 1173;;;Colisão;;;;Meio de Quadra;;Longo da via;0;1;0;1;1;0;0;0;0;0;0;0;0;(-38.564663 -3.731115);
359215;2020-06-12 19:17:00;RUA PAULO SETUBAL, 630;, ; 630;;;Atropelamento;;;;Meio de Quadra;;Longo da via;0;1;0;0;1;0;0;0;0;0;0;0;0;(-38.501402 -3.82185548);
359214;2020-06-12 19:03:00;AVENIDA GODOFREDO MACIEL, 1155;, ; 1155;;;Colisão;;;;Meio de Quadra;;Longo da via;0;1;0;1;1;0;0;0;0;0;0;0;0;(-38.566591 -3.785784);
359213;2020-06-12 18:57:00;RUA REPUBLICA ARMENIA, 1300;, ; 1300;;;Colisão;;;;Meio de Quadra;;Longo da via;0;1;0;1;1;0;0;0;0;0;0;0;0;(-38.481149 -3.792041);
359212;2020-06-12 18:56:00;AVENIDA SGT HERMINIO SAMPAIO, 2761;, ; 2761;;;Colisão;;;;Meio de Quadra;;Longo da via;0;1;0;0;1;0;0;0;0;1;0;0;0;(-38.5647748 -3.72712757);
359211;2020-06-12 17:52:00;AVENIDA ODILON GUIMARAES, 1405;, ; 1405;;;Colisão;Anoitecer;;;Meio de Quadra;;Longo da via;0;1;0;1;1;0;0;0;0;0;0;0;0;(-38.47936 -3.825468);
359210;2020-06-12 17:24:00;RUA TEREZA CRISTINA, ;, ; ;;;Colisão;Anoitecer;;;Meio de Quadra;;Longo da via;0;1;0;0;0;0;0;0;0;0;1;0;0;(0 0);
359209;2020-06-12 17:14:00;RUA DES WALDETARIO P MOTA, 570;, ; 570;;;Colisão;Anoitecer;;;Meio de Quadra;;Longo da via;0;1;0;2;0;0;0;0;0;0;0;0;0;(-38.4792456 -3.73461641);
359208;2020-06-12 16:46:00;RUA CESAR FONSECA, 147;, ; 147;;;Queda;Luz do Dia;;;Meio de Quadra;;Longo da via;0;1;0;0;0;0;0;0;0;1;0;0;0;(-38.47424 -3.7473);
358958;2020-06-12 16:15:00;AVENIDA 13 DE MAIO, 2374;, ; 2374;;;Colisão Traseira;Luz do Dia;Chuva;Molhada;Meio de Quadra;;Longo da via;0;1;1;1;1;0;0;0;0;0;0;0;0;(-38.5374951 -3.74234017);
359207;2020-06-12 15:48:00;AVENIDA GAL OSORIO DE PAIVA, 4390;, ; 4390;;;Colisão;Luz do Dia;;;Meio de Quadra;;Longo da via;0;1;0;1;0;0;1;0;0;0;0;0;0;(-38.594374 -3.796771);
359206;2020-06-12 15:01:00;AVENIDA AGUANAMBI, ;, ; ;;;Colisão;Luz do Dia;;;Meio de Quadra;;Longo da via;0;1;0;2;0;0;0;0;0;0;0;0;0;(0 0);
358965;2020-06-12 14:50:00;AVENIDA ANTONIO SALES, ;RUA JOSE VILAR, ; ;;;Colisão Lateral;Luz do Dia;Nublado;Seca;Cruz;Semáforo;Cruzamento;0;1;1;2;0;0;0;0;0;0;0;0;0;(-38.5073167 -3.7439379);
359205;2020-06-12 14:11:00;RUA WALDIR DIOGO, 1030;, ; 1030;;;Colisão;Luz do Dia;;;Meio de Quadra;;Longo da via;0;1;0;1;1;0;0;0;0;0;0;0;0;(-38.587409 -3.803056);
359204;2020-06-12 14:05:00;RUA STA MARIA GORETE, 100;, ; 100;;;Colisão;Luz do Dia;;;Meio de Quadra;;Longo da via;0;1;0;1;1;0;0;0;0;0;0;0;0;(-38.6021161 -3.72466585);
359203;2020-06-12 12:32:00;RUA HELVECIO MONTE, 170;, ; 170;;;Colisão;Luz do Dia;;;Meio de Quadra;;Longo da via;0;1;0;1;1;0;0;0;0;0;0;0;0;(-38.5313062 -3.76808907);
359202;2020-06-12 12:24:00;AVENIDA SEN VIRGILIO TAVORA, ;RUA PEREIRA VALENTE, ; ;;;Colisão;Luz do Dia;;;Cruz;Semáforo;Cruzamento;0;1;0;1;1;0;0;0;0;0;0;0;0;(-38.492193 -3.733834);
359201;2020-06-12 09:44:00;AVENIDA F CJ ESPERANCA, 102;, ; 102;;;Colisão;Luz do Dia;;;Meio de Quadra;;Longo da via;0;1;0;1;1;0;0;0;0;0;0;0;0;(-38.586836 -3.81575524);
359200;2020-06-12 09:33:00;AVENIDA BENJAMIM BRASIL, 439;, ; 439;;;Colisão;Luz do Dia;;;Meio de Quadra;;Longo da via;0;1;0;1;1;0;0;0;0;0;0;0;0;(-38.569451 -3.804069667);
359199;2020-06-12 08:26:00;AVENIDA GAL OSORIO DE PAIVA, 1396;, ; 1396;;;Colisão;Luz do Dia;;;Meio de Quadra;;Longo da via;0;1;0;1;1;0;0;0;0;0;0;0;0;(-38.573890682 -3.780267455);
358759;2020-06-12 08:20:00;RD BR 116, 12000;, ; 12000;;;Atropelamento de Animal;Luz do Dia;;;Meio de Quadra;;Longo da via;0;1;0;1;0;0;0;0;0;0;0;0;0;(-38.496066 -3.85574);
359198;2020-06-12 07:02:00;AVENIDA PRS CASTELO BRANCO, 2856;, ; 2856;;;Colisão;Luz do Dia;;;Meio de Quadra;;Longo da via;0;1;0;1;1;0;0;0;0;0;0;0;0;(-38.55326 -3.712336);
359197;2020-06-12 06:50:00;AVENIDA PRS CASTELO BRANCO, ;RUA SEN ROBERT KENNEDY, ; ;;;Colisão;Luz do Dia;;;Cruz;Semáforo;Cruzamento;0;1;0;2;0;0;0;0;0;0;0;0;0;(-38.579042 -3.704117);
358758;2020-06-12 06:50:00;RD BR 222, ;, ; ;;;Atropelamento;Luz do Dia;;;Meio de Quadra;;Longo da via;1;1;0;1;0;0;0;0;0;0;0;0;0;(-38.5969961 -3.7403624);
357392;2020-06-12 04:14:00;AVENIDA GAL OSORIO DE PAIVA, 4225;, ; 4225;;;Choque c/ Obstáculo Fixo;Via Iluminada;Bom;Seca;Meio de Quadra;Não Há Controle;Longo da via;0;0;1;0;1;0;0;0;0;0;0;0;0;(-38.593233 -3.795608);
359189;2020-06-12 00:41:00;AVENIDA JOR THOMAZ COELHO, ;, ; ;;;Queda;;;;Meio de Quadra;;Longo da via;0;1;0;1;0;0;0;0;0;0;0;0;0;(0 0);
359185;2020-06-12 00:17:00;RUA POMPILIO GOMES, 1829;, ; 1829;;;Colisão;;;;Meio de Quadra;;Longo da via;0;1;0;1;1;0;0;0;0;0;0;0;0;(-38.521232 -3.827836);
359167;2020-06-12 00:00:00;AVENIDA VIS RIO BRANCO, 3675;, ; 3675;;;Atropelamento;;;;Meio de Quadra;;Longo da via;0;1;0;1;0;0;0;0;0;0;0;0;0;(-38.52046 -3.7535);
359166;2020-06-11 20:33:00;AVENIDA GAL OSORIO DE PAIVA, 6654;, ; 6654;;;Colisão;;;;Meio de Quadra;;Longo da via;0;1;0;2;0;0;0;0;0;0;0;0;0;(-38.608824 -3.811718);
357391;2020-06-11 20:25:00;AVENIDA BEZERRA DE MENEZES, ;AVENIDA ALM HENRIQUE SABOIA, ; ;;;Colisão Transversal;Via Iluminada;Nublado;Seca;Meio de Quadra;Semáforo;Cruzamento;0;2;1;0;0;0;1;2;0;0;0;0;0;(-38.55433 -3.73349);
357390;2020-06-11 19:45:00;AVENIDA ALM HENRIQUE SABOIA, ;RUA MAJ VIRGILIO BORBA D56, ; ;;;Colisão Traseira;Via Iluminada;Bom;Seca;Meio de Quadra;Não Há Controle;Cruzamento;0;0;2;0;2;0;0;0;0;0;0;0;0;(-38.48897 -3.74242);
358957;2020-06-11 19:00:00;AVENIDA PONTES VIEIRA, ;RUA TIBURCIO CAVALCANTE, ; ;;;Colisão Transversal;Via Iluminada;Nublado;Seca;Cruz;Semáforo;Cruzamento;0;2;0;1;1;0;0;0;0;0;0;0;0;(-38.507749 -3.752053);
359165;2020-06-11 18:38:00;RUA ROSA CRUZ, 110;, ; 110;;;Colisão;;;;Meio de Quadra;;Longo da via;0;1;0;2;0;0;0;0;0;0;0;0;0;(-38.5651108 -3.79977162);
359164;2020-06-11 18:37:00;AVENIDA PRS COSTA E SILVA, ;, ; ;;;Colisão;;;;Meio de Quadra;;Longo da via;0;2;0;2;0;0;0;0;0;0;0;0;0;(0 0);
359163;2020-06-11 18:00:00;RUA HENRIQUE DE CASTRO, 225;, ; 225;;;Colisão;Anoitecer;;;Meio de Quadra;;Longo da via;0;1;0;0;0;0;0;0;0;0;1;0;0;(-38.5003175 -3.77704957);
359162;2020-06-11 17:32:00;AVENIDA ROGACIANO LEITE, 2440;, ; 2440;;;Colisão;Anoitecer;;;Meio de Quadra;;Longo da via;0;1;0;0;0;0;0;0;0;0;1;0;0;(-38.500618 -3.7766862);
359161;2020-06-11 17:31:00;AVENIDA BAR STUDART, ;AVENIDA SORIANO ALBUQUERQUE, ; ;;;Choque c/ Obstáculo Fixo;Anoitecer;;;Cruz;Semáforo;Cruzamento;0;1;0;0;1;0;0;0;0;0;0;0;0;(-38.511573 -3.750183);
359054;2020-06-11 17:00:00;RD CE-040, ;, ; ;;;Colisão;Anoitecer;;Seca;Meio de Quadra;;Longo da via;0;2;0;0;2;0;0;0;0;0;0;0;0;(-38.48303286 -3.817159445);
357388;2020-06-11 16:26:00;AVENIDA DR SILAS MUNGUBA, 6453;RUA DES OTACILIO PEIXOTO, ; 6453;;;Colisão Traseira;Luz do Dia;Nublado;Molhada;Meio de Quadra;;Cruzamento;0;1;2;1;1;0;0;0;0;0;0;0;0;(-38.530329 -3.800419);
359160;2020-06-11 15:52:00;AVENIDA CARNEIRO DE MENDONCA, 415;, ; 415;;;Queda;Luz do Dia;;;Meio de Quadra;;Longo da via;0;1;0;1;0;0;0;0;0;0;0;0;0;(-38.563085 -3.765858);
357389;2020-06-11 15:40:00;RUA CEL PERGENTINO FERREIRA, ;RUA MON OTAVIO CASTRO, ; ;;;Colisão Lateral;Luz do Dia;Nublado;Molhada;Cruz;Pare;Cruzamento;0;1;1;1;0;0;0;1;0;0;0;0;0;(-38.602833 -3.7602775);
358836;2020-06-11 15:20:00;RUA SOLON PINHEIRO, ;RUA JOAQUIM MAGALHAES, ; ;;;Colisão;Luz do Dia;;;Cruz;Gesto;Cruzamento;0;1;1;0;1;0;0;0;1;0;0;0;0;(-38.529352 -3.73949);
357386;2020-06-11 15:01:00;AVENIDA ABOLICAO, ;RUA OSVALDO CRUZ, ; ;;;Colisão Transversal;Luz do Dia;Nublado;Molhada;Meio de Quadra;Semáforo;Cruzamento;0;0;2;0;2;0;0;0;0;0;0;0;0;(-38.497451 -3.7266487);
357387;2020-06-11 14:23:00;RUA PINHEIRO MAIA, ;RUA ALICE, ; ;;;Colisão Transversal;Luz do Dia;Chuva;Molhada;Cruz;Pare;Cruzamento;0;1;1;0;2;0;0;0;0;0;0;0;0;(-38.49836 -3.78939);
359159;2020-06-11 14:04:00;RUA NEREU RAMOS, ;AVENIDA GODOFREDO MACIEL, ; ;;;Colisão;Luz do Dia;;;T;Semáforo;Cruzamento;0;1;0;1;1;0;0;0;0;0;0;0;0;(-38.566802 -3.78725);
359158;2020-06-11 12:30:00;AVENIDA JOSE BASTOS, ;, ; ;;;Colisão;Luz do Dia;;;Meio de Quadra;;Longo da via;0;1;0;1;1;0;0;0;0;0;0;0;0;(0 0);
359053;2020-06-11 12:30:00;ROD CE 010, 2;, ; 2;;;Choque c/ Obstáculo Fixo;Luz do Dia;;Molhada;Meio de Quadra;;Longo da via;0;1;0;0;1;0;0;0;0;0;0;0;0;(0 0);
359154;2020-06-11 11:58:00;RUA VITORIA (AV. PERIMETRAL), 1422;, ; 1422;;;Colisão;Luz do Dia;;;Meio de Quadra;;Longo da via;0;1;0;1;1;0;0;0;0;0;0;0;0;(-38.5884758 -3.76507343);
358837;2020-06-11 10:00:00;RUA ANTERO QUENTAL, 100;, ; 100;;;Colisão;Luz do Dia;Nublado;Seca;Meio de Quadra;Pare;Longo da via;0;3;0;2;0;0;0;0;0;0;0;0;0;(-38.4927949 -3.8518355);
358956;2020-06-11 09:30:00;RUA SOLON PINHEIRO, ;RUA JOAQUIM MAGALHAES, ; ;;;Colisão Transversal;Luz do Dia;Chuva;Molhada;Cruz;Gesto;Cruzamento;0;1;0;1;1;0;0;0;0;0;0;0;0;(-38.529352 -3.73949);
359150;2020-06-11 09:21:00;AVENIDA AUGUSTO DOS ANJOS, 902;, ; 902;;;Colisão;Luz do Dia;;;Meio de Quadra;;Longo da via;0;1;0;1;1;0;0;0;0;0;0;0;0;(-38.575289 -3.775774);
359135;2020-06-11 07:36:00;AVENIDA DOMINGOS OLIMPIO, 990;, ; 990;;;Colisão;Luz do Dia;;;Meio de Quadra;;Longo da via;0;2;0;1;1;0;0;0;0;0;0;0;0;(-38.534077 -3.7356777);
359134;2020-06-11 07:32:00;RUA ANSELMO NOGUEIRA, 992;, ; 992;;;Colisão;Luz do Dia;;;Meio de Quadra;;Longo da via;0;1;0;1;1;0;0;0;0;0;0;0;0;(-38.58738 -3.7819);
359128;2020-06-11 07:23:00;AVENIDA FRE CIRILO, 3657;, ; 3657;;;Atropelamento;Luz do Dia;;;Meio de Quadra;;Longo da via;0;1;0;0;0;0;0;1;0;0;0;0;0;(-38.497788 -3.8164504);
359116;2020-06-11 06:59:00;AVENIDA ENG HUMBERTO MONTE, ;, ; ;;;Queda;Luz do Dia;;;Meio de Quadra;;Longo da via;0;1;0;1;0;0;0;0;0;0;0;0;0;(0 0);
359115;2020-06-11 06:39:00;AVENIDA GAL OSORIO DE PAIVA, ;, ; ;;;Queda;Luz do Dia;;;Meio de Quadra;;Longo da via;0;1;0;1;0;0;0;0;0;0;0;0;0;(0 0);
359114;2020-06-11 06:37:00;RUA MARANHAO, 1805;, ; 1805;;;Queda;Luz do Dia;;;Meio de Quadra;;Longo da via;0;1;0;1;0;0;0;0;0;0;0;0;0;(-38.572763 -3.749529);
359113;2020-06-11 02:47:00;RUA JOSE MONTEIRO DOS SANTOS, 1199;, ; 1199;;;Choque c/ Obstáculo Fixo;;;;Meio de Quadra;;Longo da via;0;1;0;0;1;0;0;0;0;0;0;0;0;(-38.54924 -3.75157);
359112;2020-06-10 21:16:00;RUA DIOGO CORREIA, 456;, ; 456;;;Queda;;;;Meio de Quadra;;Longo da via;0;1;0;1;0;0;0;0;0;0;0;0;0;(-38.590431 -3.770291);
357384;2020-06-10 21:10:00;RUA EMILIO DE MENESES, 2870;, ; 2870;;;Colisão;Via Iluminada;Bom;Seca;Meio de Quadra;Semáforo;Longo da via;0;1;1;1;1;0;0;0;0;0;0;0;0;(-38.606283 -3.776425);
357383;2020-06-10 21:06:00;RUA GUILHERME MOREIRA, ;RUA MON OTAVIO CASTRO, ; ;;;Colisão Transversal;Via Iluminada;Bom;Seca;Cruz;Pare;Cruzamento;0;2;0;1;1;0;0;0;0;0;0;0;0;(-38.526504 -3.750182);
359111;2020-06-10 18:41:00;AVENIDA N CJ JOSE WALTER, 1003;, ; 1003;;;Colisão;;;;Meio de Quadra;;Longo da via;0;2;0;0;0;0;0;0;0;0;1;0;0;(-38.5661318 -3.7587043);
359110;2020-06-10 18:02:00;RUA SEN ROBERT KENNEDY, 685;, ; 685;;;Atropelamento;Anoitecer;;;Meio de Quadra;;Longo da via;0;1;0;0;1;0;0;0;0;0;0;0;0;(-38.57996 -3.70615);
358757;2020-06-10 17:55:00;RD BR 020, ;, ; ;;;Colisão Lateral;Anoitecer;;;Meio de Quadra;;Longo da via;0;1;2;0;1;0;3;0;0;0;0;0;0;(-38.524 -3.863);
358830;2020-06-10 17:00:00;AVENIDA ALBERTO CRAVEIRO, 507;, ; 507;;;Colisão;Anoitecer;;;Meio de Quadra;;Longo da via;0;2;0;0;1;0;1;0;0;0;0;0;0;(-38.516476 -3.782591);
357382;2020-06-10 16:22:00;RUA MEM DE SA, ;RUA VASCO DE ATAIDE, ; ;;;Colisão Transversal;Luz do Dia;Bom;Seca;Cruz;Pare;Cruzamento;0;4;1;0;2;0;0;0;0;0;0;0;0;(-38.484923 -3.824277);
359109;2020-06-10 14:40:00;RUA AGAPITO DOS SANTOS, ;RUA PEDRO I, ; ;;;Colisão;Luz do Dia;;;Cruz;Pare;Cruzamento;0;1;0;1;1;0;0;0;0;0;0;0;0;(-38.539337 -3.727789);
357380;2020-06-10 13:44:00;AVENIDA BORGES DE MELO, ;, ; ;;;Colisão Transversal;Luz do Dia;Nublado;Seca;Meio de Quadra;Semáforo;Longo da via;0;1;1;1;0;0;1;0;0;0;0;0;0;(-38.534706 -3.756065);
357385;2020-06-10 12:15:00;RUA MARIA GOMES DE SA, ;RUA CACHOEIRA ALEGRE, ; ;;;Colisão Transversal;Luz do Dia;Bom;Seca;T;Não Há Controle;Cruzamento;0;1;0;1;1;0;0;0;0;0;0;0;0;(-38.58218 -3.825551);
359108;2020-06-10 11:16:00;AVENIDA JOSE JATAHY, ;AVENIDA BEZERRA DE MENEZES, ; ;;;Colisão;Luz do Dia;;;Cruz;Semáforo;Cruzamento;0;2;0;0;0;0;0;0;0;0;1;0;0;(-38.5450206 -3.7315183);
359632;2020-06-10 11:00:00;RUA ANTONIO POMPEU, ;, ; ;;;Atropelamento;Luz do Dia;;;Meio de Quadra;;Longo da via;1;1;0;0;0;0;0;0;0;0;0;0;0;(-38.533722 -3.733816);
357381;2020-06-10 10:30:00;AVENIDA ADENANTERAS, ;AVENIDA FLAMBOYANTS, ; ;;;Colisão Frontal;Luz do Dia;Nublado;Seca;T;Não Há Controle;Cruzamento;0;1;1;0;2;0;0;0;0;0;0;0;0;(-38.476249 -3.752588);
357379;2020-06-10 09:41:00;AVENIDA DUQ CAXIAS, ;RUA PDE IBIAPINA, ; ;;;Não informado;Luz do Dia;Bom;Seca;Cruz;Semáforo;Cruzamento;0;0;2;0;1;0;0;1;0;0;0;0;0;(-38.540226 -3.728446);
359107;2020-06-10 09:02:00;AVENIDA GAL OSORIO DE PAIVA, ;, ; ;;;Queda;Luz do Dia;;;Meio de Quadra;;Longo da via;0;1;0;1;0;0;0;0;0;0;0;0;0;(0 0);
358835;2020-06-10 08:30:00;RUA ALM RUFINO, ;RUA ANTONIO CORREIA LIMA, ; ;;;Colisão;Luz do Dia;Nublado;Molhada;Cruz;Pare;Cruzamento;0;1;1;1;1;0;0;0;0;0;0;0;0;(-38.54268 -3.764856);
359101;2020-06-10 07:57:00;AVENIDA DOMINGOS OLIMPIO, ;AVENIDA TRISTAO GONCALVES, ; ;;;Colisão;Luz do Dia;;;Cruz;Semáforo;Cruzamento;0;1;0;1;1;0;0;0;0;0;0;0;0;(-38.535613 -3.735133);
359099;2020-06-10 07:46:00;AVENIDA DUQ CAXIAS, ;RUA SEN POMPEU, ; ;;;Colisão;Luz do Dia;;;Cruz;Semáforo;Cruzamento;0;1;0;1;1;0;0;0;0;0;0;0;0;(-38.530994 -3.73143);
359095;2020-06-10 07:11:00;RUA DIOGO CORREIA, 45;, ; 45;;;Queda;Luz do Dia;;;Meio de Quadra;;Longo da via;0;1;0;1;0;0;0;0;0;0;0;0;0;(-38.5884446 -3.77438933);
359092;2020-06-10 07:07:00;RUA GOMES PASSOS, 664;, ; 664;;;Colisão;Luz do Dia;;;Meio de Quadra;;Longo da via;0;2;0;2;0;0;0;0;0;0;0;0;0;(-38.562355 -3.710794);
359089;2020-06-10 06:55:00;AVENIDA GAL OSORIO DE PAIVA, 8030;, ; 8030;;;Queda;Luz do Dia;;;Meio de Quadra;;Longo da via;0;1;0;1;0;0;0;0;0;0;0;0;0;(-38.618194 -3.821352);
359088;2020-06-10 06:47:00;RUA CEL JOAO CORREIA, 45;, ; 45;;;Queda;Luz do Dia;;;Meio de Quadra;;Longo da via;0;1;0;1;0;0;0;0;0;0;0;0;0;(-38.5933713 -3.79548577);
359087;2020-06-10 06:05:00;AVENIDA PONTES VIEIRA, 832;, ; 832;;;Atropelamento;Luz do Dia;;;Meio de Quadra;;Longo da via;0;2;0;1;0;0;0;0;0;0;0;0;0;(-38.51346 -3.752724);
358924;2020-06-10 03:15:00;AVENIDA PRS CASTELO BRANCO, 6396;, ; 6396;;;Colisão Traseira;Via Iluminada;Chuva;Molhada;Meio de Quadra;Outros;Longo da via;0;0;2;0;1;0;0;1;0;0;0;0;0;(-38.5877535 -3.7000105);
358827;2020-06-10 02:30:00;AVENIDA PRS CASTELO BRANCO, ;, ; ;;;Colisão;;;;Meio de Quadra;;Longo da via;0;1;1;0;1;0;0;1;0;0;0;0;0;(0 0);
358824;2020-06-09 22:43:00;AVENIDA DOLOR BARREIRA, 531;, ; 531;;;Colisão;;;;Meio de Quadra;;Longo da via;0;2;0;2;0;0;0;0;0;0;0;0;0;(-38.472429 -3.729661);
359082;2020-06-09 19:00:00;RUA MARIA JULIA, 956;, ; 956;;;Colisão;;;;Meio de Quadra;;Longo da via;0;3;0;2;0;0;0;0;0;0;0;0;0;(-38.60043 -3.7939);
359081;2020-06-09 18:00:00;AVENIDA JOR THOMAZ COELHO, 2116;, ; 2116;;;Atropelamento;Anoitecer;;;Meio de Quadra;;Longo da via;0;1;0;1;0;0;0;0;0;0;0;0;0;(-38.51522 -3.82792);
359080;2020-06-09 17:43:00;RUA PRO ARAUJO, 45833;, ; 45833;;;Atropelamento;Anoitecer;;;Meio de Quadra;;Longo da via;0;1;0;0;1;0;0;0;0;0;0;0;0;(0 0);
359079;2020-06-09 16:56:00;RUA PORTO ALEGRE, 1270;, ; 1270;;;Colisão;Luz do Dia;;;Meio de Quadra;;Longo da via;0;1;0;0;1;0;0;0;0;1;0;0;0;(-38.589856 -3.76064722);
359078;2020-06-09 16:19:00;RUA PRO HERIBALDO COSTA, 2043;, ; 2043;;;Atropelamento;Luz do Dia;;;Meio de Quadra;;Longo da via;0;1;0;1;0;0;0;0;0;0;0;0;0;(-38.5887498 -3.7693416);
359077;2020-06-09 16:00:00;RUA DA SAUDADE, 3330;, ; 3330;;;Colisão;Luz do Dia;;;Meio de Quadra;;Longo da via;0;1;0;0;0;0;0;0;0;0;1;0;0;(0 0);
359076;2020-06-09 12:56:00;AVENIDA CEL CARVALHO, ;, ; ;;;Queda;Luz do Dia;;;Meio de Quadra;;Longo da via;0;1;0;1;0;0;0;0;0;0;0;0;0;(0 0);
357378;2020-06-09 11:33:00;AVENIDA PRO GOMES DE MATOS, 476;, ; 476;;;Não informado;Luz do Dia;Nublado;Seca;Meio de Quadra;Não Há Controle;Longo da via;0;0;3;0;3;0;0;0;0;0;0;0;0;(-38.542606 -3.757646);
358923;2020-06-09 11:30:00;AVENIDA BAR STUDART, ;AVENIDA SORIANO ALBUQUERQUE, ; ;;;Colisão Transversal;Luz do Dia;Bom;Seca;Cruz;Semáforo;Cruzamento;0;1;1;1;1;0;0;0;0;0;0;0;0;(-38.511573 -3.750183);
359052;2020-06-09 10:30:00;RD CE-040, ;, ; ;;;Colisão;Luz do Dia;;Seca;Meio de Quadra;;Longo da via;0;3;0;2;1;0;0;0;0;0;0;0;0;(0 0);
359075;2020-06-09 10:06:00;AVENIDA PRS COSTA E SILVA, 898;, ; 898;;;Colisão;Luz do Dia;;;Meio de Quadra;;Longo da via;0;2;0;1;1;0;0;0;0;0;0;0;0;(-38.57125737 -3.812954458);
359074;2020-06-09 09:44:00;AVENIDA D CJ JOSE WALTER, 110;, ; 110;;;Colisão;Luz do Dia;;;Meio de Quadra;;Longo da via;0;1;0;0;1;0;0;0;0;1;0;0;0;(-38.56203 -3.84143);
359073;2020-06-09 09:34:00;ESTRADA DO JATOBA, 2265;, ; 2265;;;Queda;Luz do Dia;;;Meio de Quadra;;Longo da via;0;1;0;1;0;0;0;0;0;0;0;0;0;(-38.6263028 -3.79258111);
359072;2020-06-09 07:16:00;RUA PDE PEDRO DE ALENCAR, 115;, ; 115;;;Queda;Luz do Dia;;;Meio de Quadra;;Longo da via;0;1;0;1;0;0;0;0;0;0;0;0;0;(-38.49358 -3.82878);
359071;2020-06-09 00:45:00;RUA LUIS VIEIRA, 735;, ; 735;;;Atropelamento;;;;Meio de Quadra;;Longo da via;0;1;0;0;1;0;0;0;0;0;0;0;0;(-38.5881292 -3.79216768);
357377;2020-06-08 21:09:00;RUA 10 DE NOVEMBRO, ;AVENIDA PRO GOMES DE MATOS, ; ;;;Colisão Transversal;Via Iluminada;Bom;Seca;Meio de Quadra;Pare;Cruzamento;0;0;2;1;1;0;0;0;0;0;0;0;0;(-38.549846 -3.766033);
359707;2020-06-08 20:27:00;RUA 15 DE NOVEMBRO, 806;, ; 806;;;Colisão;;;;Meio de Quadra;;Longo da via;0;2;0;1;1;0;0;0;0;0;0;0;0;(-38.553169 -3.769909);
359706;2020-06-08 18:47:00;RUA RIO GRANDE DO NORTE, 644;, ; 644;;;Colisão;;;;Meio de Quadra;;Longo da via;0;2;0;1;1;0;0;0;0;0;0;0;0;(-38.56479 -3.76034);
359705;2020-06-08 16:59:00;RUA JOSE DANTAS VIEIRA, 447;, ; 447;;;Queda;Luz do Dia;;;Meio de Quadra;;Longo da via;0;1;0;1;0;0;0;0;0;0;0;0;0;(-38.5641557 -3.764917);
359704;2020-06-08 15:39:00;RUA BAR CANINDE, 712;, ; 712;;;Colisão;Luz do Dia;;;Meio de Quadra;;Longo da via;0;2;0;1;1;0;0;0;0;0;0;0;0;(-38.5568362 -3.76879602);
359703;2020-06-08 15:00:00;RUA BAR ARATANHA, ;RUA JOAQUIM MAGALHAES, ; ;;;Colisão;Luz do Dia;;;Cruz;Não Há Controle;Cruzamento;0;2;0;0;2;0;0;0;0;0;0;0;0;(-38.528666 -3.739716);
358897;2020-06-08 14:20:00;RUA JOAO AREAS, 450;, ; 450;;;Colisão Lateral Sentido Oposto;Luz do Dia;Bom;Seca;Meio de Quadra;Não Há Controle;Longo da via;0;1;1;1;1;0;0;0;0;0;0;0;0;(-38.5759305 -3.79092531);