COD_ACIDENTE;DATA;LOG1;LOG2;NUMERO;BAIRRO;AMC;NATUREZA;ILUMINACAO;TEMPO;SUPERFICIEPISTA;TIPOCRUZAMENTO;CONTROLETRAFEGO;USOSOLO;MORTOS;FERIDOS;ILESOS;MOTOCICLETA;AUTOMOVEL;MICROONIBUS;CAMINHAO;ONIBUS;CICLOMOTOR;BICICLETA;OUTROS;TREM;TRACAOANIMAL;COORDENADAS
359702;2020-06-08 12:31:00;AVENIDA GODOFREDO MACIEL, ;, ; ;;;Colisão;Luz do Dia;;;Meio de Quadra;;Longo da via;0;2;0;2;0;0;0;0;0;0;0;0;0;(0 0);
359701;2020-06-08 11:15:00;AVENIDA JOR THOMAZ COELHO, 3309;, ; 3309;;;Colisão;Luz do Dia;;;Meio de Quadra;;Longo da via;0;2;0;1;1;0;0;0;0;0;0;0;0;(-38.525626 -3.829349);
359700;2020-06-08 11:12:00;RUA MIRACEMA, ;RUA JOAO IVO, ; ;;;Colisão;Luz do Dia;;;;;Cruzamento;0;2;0;1;1;0;0;0;0;0;0;0;0;(-38.49756 -3.83702);
359699;2020-06-08 11:10:00;RUA JOAO BRIGIDO, 2191;, ; 2191;;;Colisão;Luz do Dia;;;Meio de Quadra;;Longo da via;0;2;0;1;1;0;0;0;0;0;0;0;0;(-38.5210685 -3.73894007);
359698;2020-06-08 10:53:00;RUA MARIA JULIA, 816;, ; 816;;;Atropelamento;Luz do Dia;;;Meio de Quadra;;Longo da via;0;2;0;1;0;0;0;0;0;0;0;0;0;(-38.6000057 -3.79276971);
359697;2020-06-08 10:42:00;RUA COS LAFAYETE, 131;, ; 131;;;Colisão;Luz do Dia;;;Meio de Quadra;;Longo da via;0;2;0;1;1;0;0;0;0;0;0;0;0;(-38.57836 -3.71846);
357376;2020-06-08 09:34:00;AVENIDA FRE CIRILO, ;RUA ALBERTO TORRES, ; ;;;Colisão Lateral;Luz do Dia;Bom;Seca;Cruz;Semáforo;Cruzamento;0;0;2;2;0;0;0;0;0;0;0;0;0;(-38.498012 -3.815944);
359696;2020-06-08 09:21:00;AVENIDA VICENTE DE CASTRO, ;RUA BENEDITO MACEDO, ; ;;;Colisão;Luz do Dia;;;Cruz;Pare;Cruzamento;0;2;0;0;1;0;0;0;0;1;0;0;0;(-38.475 -3.71652);
359694;2020-06-08 08:10:00;RUA BERNARDO MANUEL, ;, ; ;;;Queda;Luz do Dia;;;Meio de Quadra;;Longo da via;0;1;0;1;0;0;0;0;0;0;0;0;0;(0 0);
358903;2020-06-08 08:00:00;RUA ANSELMO NOGUEIRA, ;, ; ;;;Colisão Lateral;Luz do Dia;Bom;Seca;;;Longo da via;0;1;1;1;1;0;0;0;0;0;0;0;0;(0 0);
359693;2020-06-08 07:07:00;AVENIDA ENG ALBERTO SA, 1340;, ; 1340;;;Queda;Luz do Dia;;;Meio de Quadra;;Longo da via;0;1;0;0;0;0;0;0;0;1;0;0;0;(-38.470905 -3.735975);
359692;2020-06-08 06:43:00;AVENIDA PERIMETRAL, 835;, ; 835;;;Queda;Luz do Dia;;;Meio de Quadra;;Longo da via;0;1;0;1;0;0;0;0;0;0;0;0;0;(0 0);
359691;2020-06-08 06:22:00;RUA STA ELISA D21, 1175;, ; 1175;;;Colisão;Luz do Dia;;;Meio de Quadra;;Longo da via;0;2;0;1;1;0;0;0;0;0;0;0;0;(-38.5627274 -3.70527252);
359690;2020-06-07 23:44:00;RUA URUCUTUBA, 282;, ; 282;;;Colisão;;;;Meio de Quadra;;Longo da via;0;1;0;0;0;0;0;0;0;0;0;0;0;(-38.59833 -3.79792);
359689;2020-06-07 22:39:00;RUA TAUBATE, 28;, ; 28;;;Colisão;;;;Meio de Quadra;;Longo da via;0;2;0;1;1;0;0;0;0;0;0;0;0;(-38.595395 -3.771017);
359688;2020-06-07 21:45:00;RUA MARIO CAMPOS, 883;, ; 883;;;Queda;;;;Meio de Quadra;;Longo da via;0;1;0;0;0;0;0;0;0;1;0;0;0;(-38.58765 -3.72567);
359687;2020-06-07 21:15:00;RUA FENELON BOMILCAR, 558;, ; 558;;;Queda;;;;Meio de Quadra;;Longo da via;0;1;0;1;0;0;0;0;0;0;0;0;0;(-38.58351 -3.71577);
358821;2020-06-07 21:00:00;AVENIDA LUCIANO CARNEIRO, 1437;, ; 1437;;;Colisão;;;;Meio de Quadra;;Longo da via;0;2;0;0;0;0;0;0;0;0;0;0;0;(-38.535431 -3.760835);
358890;2020-06-07 20:30:00;AVENIDA LUCIANO CARNEIRO, ;RUA STA QUITERIA, ; ;;;Colisão Transversal;Via Iluminada;Bom;Seca;Duplo T;Semáforo;Cruzamento;0;2;0;2;0;0;0;0;0;0;0;0;0;(-38.535339 -3.760537);
357374;2020-06-07 19:27:00;RUA MAJ TELESFORO, ;RUA JOSE PEDRA, ; ;;;Atropelamento;Via Iluminada;Bom;Seca;Cruz;Pare;Cruzamento;0;1;1;0;1;0;0;0;0;0;0;0;0;(-38.55052 -3.798287);
359686;2020-06-07 19:17:00;RUA CANGURU, 217;, ; 217;;;Atropelamento;;;;Meio de Quadra;;Longo da via;0;2;0;0;1;0;0;0;0;0;0;0;0;(-38.52521 -3.847);
360403;2020-06-07 19:00:00;RD CE-040, ;, ; ;;;Colisão;;;;Meio de Quadra;;Longo da via;0;0;2;0;2;0;0;0;0;0;0;0;0;(-38.4810839 -3.782614325);
359685;2020-06-07 18:21:00;RUA GUILHERME MENDES, 1019;, ; 1019;;;Queda;Anoitecer;;;Meio de Quadra;;Longo da via;0;1;0;1;0;0;0;0;0;0;0;0;0;(-38.587723 -3.7205825);
359684;2020-06-07 17:52:00;AVENIDA EDILSON B SOARES, 2040;, ; 2040;;;Colisão;Anoitecer;;;Meio de Quadra;;Longo da via;0;2;0;0;2;0;0;0;0;0;0;0;0;(-38.46747273 -3.788326192);
359683;2020-06-07 16:47:00;RUA PEDRO MUNIZ, ;, ; ;;;Queda;Luz do Dia;;;Meio de Quadra;;Longo da via;0;1;0;1;0;0;0;0;0;0;0;0;0;(0 0);
359682;2020-06-07 16:43:00;AVENIDA DOS EXPEDICIONARIOS, 3656;, ; 3656;;;Colisão;Luz do Dia;;;Meio de Quadra;;Longo da via;0;1;0;0;0;0;0;0;0;0;0;0;0;(-38.53688 -3.750803);
359680;2020-06-07 16:31:00;RUA CRUZEIRO DO SUL, ;, ; ;;;Colisão;Luz do Dia;;;Meio de Quadra;;Longo da via;0;1;0;0;0;0;0;0;0;0;0;0;0;(0 0);
359679;2020-06-07 16:25:00;RUA SAO JOAO D20, 289;, ; 289;;;Colisão;Luz do Dia;;;Meio de Quadra;;Longo da via;0;2;0;1;1;0;0;0;0;0;0;0;0;(-38.594507 -3.772603);
359678;2020-06-07 15:39:00;AVENIDA FRANCISCO SA, ;RUA GRACA ARANHA, ; ;;;Queda;Luz do Dia;;;Cruz;Pare;Cruzamento;0;1;0;1;0;0;0;0;0;0;0;0;0;(-38.574359 -3.711611);
359677;2020-06-07 15:12:00;RUA PERILIO TEIXEIRA, ;, ; ;;;Colisão;Luz do Dia;;;Meio de Quadra;;Longo da via;0;2;0;0;2;0;0;0;0;0;0;0;0;(0 0);
359676;2020-06-07 14:47:00;AVENIDA JOSE LEON, 2094;, ; 2094;;;Queda;Luz do Dia;;;Meio de Quadra;;Longo da via;0;1;0;1;0;0;0;0;0;0;0;0;0;(-38.4929442 -3.78995686);
359675;2020-06-07 13:50:00;RUA JOSE MARTINS, 1927;, ; 1927;;;Colisão;Luz do Dia;;;Meio de Quadra;;Longo da via;0;1;0;0;0;0;0;0;0;0;0;0;0;(-38.60842 -3.78697);
357373;2020-06-07 13:33:00;AVENIDA ENG HUMBERTO MONTE, 2929;, ; 2929;;;Tombamento;Luz do Dia;Chuva;Molhada;Meio de Quadra;Não Há Controle;Longo da via;0;1;0;0;1;0;0;0;0;0;0;0;0;(-38.5659937 -3.7423637);
359674;2020-06-07 12:33:00;AVENIDA GAL OSORIO DE PAIVA, 3480;, ; 3480;;;Queda;Luz do Dia;;;Meio de Quadra;;Longo da via;0;1;0;0;0;0;0;0;0;1;0;0;0;(-38.589347889 -3.791651654);
359673;2020-06-07 11:13:00;AVENIDA SGT HERMINIO SAMPAIO, 950;, ; 950;;;Queda;Luz do Dia;;;Meio de Quadra;;Longo da via;0;1;0;1;0;0;0;0;0;0;0;0;0;(-38.549251 -3.72455);
357372;2020-06-07 10:26:00;RUA SAO PAULO, ;RUA PRC ISABEL, ; ;;;Colisão Transversal;Luz do Dia;Chuva;Molhada;Cruz;Pare;Cruzamento;0;1;1;0;2;0;0;0;0;0;0;0;0;(-38.534619 -3.723679);
358818;2020-06-07 09:12:00;RUA BERNARDO MANUEL, 7536;, ; 7536;;;Colisão;Luz do Dia;;;Meio de Quadra;;Longo da via;0;1;1;1;1;0;0;0;0;0;0;0;0;(-38.546927 -3.784073);
357375;2020-06-07 08:08:00;AVENIDA ANTONIO SALES, 2666;, ; 2666;;;Colisão Lateral;Luz do Dia;Não Informado;Molhada;Meio de Quadra;Não Há Controle;Longo da via;0;2;1;1;0;0;0;1;0;0;0;0;0;(-38.500407 -3.746051);
357371;2020-06-07 07:35:00;AVENIDA PRS CASTELO BRANCO, 901;, ; 901;;;Choque c/ Obstáculo Fixo;Luz do Dia;Chuva;Molhada;Meio de Quadra;Não Há Controle;Longo da via;0;1;0;0;1;0;0;0;0;0;0;0;0;(-38.53134654 -3.719760919);
359672;2020-06-07 07:08:00;RUA PRO CARVALHO, 563;, ; 563;;;Colisão;Luz do Dia;;;Meio de Quadra;;Longo da via;0;2;0;1;1;0;0;0;0;0;0;0;0;(-38.51561 -3.74909);
358891;2020-06-07 05:35:00;RUA BERNARDO MANUEL, ;RUA JAPI, ; ;;;Colisão Lateral;Amanhecer;Chuva;Molhada;Cruz;Pare;Cruzamento;0;2;0;1;1;0;0;0;0;0;0;0;0;(-38.546927 -3.784073);
359671;2020-06-07 03:19:00;AVENIDA ROGACIANO LEITE, 2850;, ; 2850;;;Queda;;;;Meio de Quadra;;Longo da via;0;1;0;0;0;0;0;0;0;1;0;0;0;(-38.5025 -3.783603);
359670;2020-06-07 01:32:00;RUA BERNARDO MANUEL, ;, ; ;;;Queda;;;;Meio de Quadra;;Longo da via;0;1;0;1;0;0;0;0;0;0;0;0;0;(0 0);
358816;2020-06-07 01:02:00;RUA PDE VALDEVINO, ;RUA JOAO CORDEIRO, ; ;;;Colisão;;;;Cruz;Semáforo;Cruzamento;0;2;0;0;0;0;0;0;0;0;0;0;0;(-38.51755 -3.738896);
359669;2020-06-07 00:25:00;AVENIDA PRS CASTELO BRANCO, 5427;, ; 5427;;;Queda;;;;Meio de Quadra;;Longo da via;0;1;0;1;0;0;0;0;0;0;0;0;0;(-38.579116 -3.704082);
359668;2020-06-06 22:35:00;RUA JOSE MARTINS, 1596;, ; 1596;;;Colisão;;;;Meio de Quadra;;Longo da via;0;2;0;1;1;0;0;0;0;0;0;0;0;(-38.60572 -3.78757);
359667;2020-06-06 22:28:00;AVENIDA LAURO VIEIRA CHAVES, 1534;, ; 1534;;;Queda;;;;Meio de Quadra;;Longo da via;0;1;0;1;0;0;0;0;0;0;0;0;0;(-38.5411393 -3.77175756);
359666;2020-06-06 22:24:00;RUA PDE VALDEVINO, ;RUA JOAO CORDEIRO, ; ;;;Colisão;;;;Cruz;Semáforo;Cruzamento;0;2;0;2;0;0;0;0;0;0;0;0;0;(-38.51755 -3.738896);
359665;2020-06-06 22:08:00;RUA FRE GALVAO D64, 260;, ; 260;;;Queda;;;;Meio de Quadra;;Longo da via;0;1;0;1;0;0;0;0;0;0;0;0;0;(-38.47567 -3.8346);
359664;2020-06-06 21:27:00;RUA DEP MATOSO FILHO, 564;, ; 564;;;Colisão;;;;Meio de Quadra;;Longo da via;0;1;0;0;0;0;0;0;0;0;0;0;0;(-38.5895875 -3.7320685);
359663;2020-06-06 20:58:00;AVENIDA FRE CIRILO, ;, ; ;;;Queda;;;;Meio de Quadra;;Longo da via;0;1;0;1;0;0;0;0;0;0;0;0;0;(0 0);
359662;2020-06-06 20:05:00;RUA CARLOS JUACABA, 661;, ; 661;;;Queda;;;;Meio de Quadra;;Longo da via;0;1;0;0;0;0;0;0;0;1;0;0;0;(-38.5615 -3.79068);
359661;2020-06-06 19:55:00;AVENIDA GAL OSORIO DE PAIVA, ;, ; ;;;Colisão;;;;Meio de Quadra;;Longo da via;0;2;0;1;1;0;0;0;0;0;0;0;0;(0 0);
359660;2020-06-06 19:43:00;RUA OSVALDO CRUZ, 1000;, ; 1000;;;Colisão;;;;Meio de Quadra;;Longo da via;0;2;0;2;0;0;0;0;0;0;0;0;0;(-38.49974 -3.73371);
359659;2020-06-06 19:42:00;AVENIDA ABOLICAO, ;AVENIDA BAR STUDART, ; ;;;Queda;;;;;;Cruzamento;0;1;0;0;0;0;0;0;0;1;0;0;0;(-38.503445 -3.724762);
359658;2020-06-06 19:26:00;AVENIDA JOSE BASTOS, 4800;, ; 4800;;;Colisão;;;;Meio de Quadra;;Longo da via;0;1;0;0;0;0;0;0;0;0;0;0;0;(-38.5594035 -3.7572065);
359656;2020-06-06 19:12:00;AVENIDA RAD JOSE LIMA VERDE, 612;, ; 612;;;Queda;;;;Meio de Quadra;;Longo da via;0;1;0;1;0;0;0;0;0;0;0;0;0;(-38.587004 -3.69825);
359655;2020-06-06 18:27:00;RUA ALFREDO MAMEDE, 421;, ; 421;;;Atropelamento;Anoitecer;;;Meio de Quadra;;Longo da via;0;2;0;0;1;0;0;0;0;0;0;0;0;(-38.5811635 -3.80907377);
359654;2020-06-06 18:27:00;AVENIDA FRE CIRILO, 127;, ; 127;;;Queda;Anoitecer;;;Meio de Quadra;;Longo da via;0;1;0;1;0;0;0;0;0;0;0;0;0;(-38.50006 -3.81111);
359653;2020-06-06 18:07:00;RUA VALPARAISO, 1066;, ; 1066;;;Colisão;Anoitecer;;;Meio de Quadra;;Longo da via;0;1;0;0;0;0;0;0;0;0;0;0;0;(-38.528485 -3.842005);
359652;2020-06-06 17:30:00;AVENIDA ALM HENRIQUE SABOIA, ;, ; ;;;Queda;Anoitecer;;;Meio de Quadra;;Longo da via;0;1;0;1;0;0;0;0;0;0;0;0;0;(0 0);
359651;2020-06-06 16:16:00;AVENIDA AGUANAMBI, 945;, ; 945;;;Colisão;Luz do Dia;;;Meio de Quadra;;Longo da via;0;2;0;1;1;0;0;0;0;0;0;0;0;(-38.525445 -3.745224);
359650;2020-06-06 15:45:00;RUA DA SORTE, 22;, ; 22;;;Queda;Luz do Dia;;;Meio de Quadra;;Longo da via;0;1;0;1;0;0;0;0;0;0;0;0;0;(-38.5109979 -3.8092729);
359649;2020-06-06 15:29:00;AVENIDA PRS CASTELO BRANCO, 2856;, ; 2856;;;Colisão;Luz do Dia;;;Meio de Quadra;;Longo da via;1;1;0;0;1;0;0;0;0;1;0;0;0;(-38.55326 -3.712336);
359648;2020-06-06 14:41:00;RUA JOSE MENDONCA, 1059;, ; 1059;;;Colisão;Luz do Dia;;;Meio de Quadra;;Longo da via;0;1;0;0;0;0;0;0;0;0;0;0;0;(-38.601696 -3.754492);
359647;2020-06-06 14:41:00;AVENIDA SEN FERNANDES TAVORA, 3290;, ; 3290;;;Queda;Luz do Dia;;;Meio de Quadra;;Longo da via;0;1;0;1;0;0;0;0;0;0;0;0;0;(-38.601696 -3.754492);
359642;2020-06-06 14:39:00;RUA CODO, 642;, ; 642;;;Colisão;Luz do Dia;;;Meio de Quadra;;Longo da via;0;1;0;0;0;0;0;0;0;0;0;0;0;(-38.5234075 -3.85364675);
359641;2020-06-06 14:26:00;RUA DA COPAIBA, 110;, ; 110;;;Colisão;Luz do Dia;;;Meio de Quadra;;Longo da via;0;2;0;1;1;0;0;0;0;0;0;0;0;(-38.5104897 -3.78418371);
359640;2020-06-06 13:36:00;AVENIDA PONTES VIEIRA, ;RUA VIS MAUA, ; ;;;Colisão;Luz do Dia;;;Cruz;Semáforo;Cruzamento;0;2;0;1;1;0;0;0;0;0;0;0;0;(-38.504401 -3.751653);
357370;2020-06-06 13:00:00;AVENIDA BEZERRA DE MENEZES, ;RUA CARLOS SEVERO, ; ;;;Colisão Traseira;Luz do Dia;Bom;Seca;T;Pare;Cruzamento;0;1;1;1;1;0;0;0;0;0;0;0;0;(-38.542047 -3.730984);
359040;2020-06-06 12:10:00;AVENIDA WASHINGTON SOARES, ;, ; ;;;Choque c/ Obstáculo Fixo;Luz do Dia;;Seca;Meio de Quadra;;Longo da via;0;1;0;0;1;0;0;0;0;0;0;0;0;(-38.491201 -3.75513);
359639;2020-06-06 10:51:00;AVENIDA CONTORNO SUL, 190;, ; 190;;;Colisão;Luz do Dia;;;Meio de Quadra;;Longo da via;0;2;0;1;1;0;0;0;0;0;0;0;0;(-38.51571908 -3.83552136);
358756;2020-06-06 10:40:00;RD BR 020, ;, ; ;;;Queda;Luz do Dia;;;Meio de Quadra;;Longo da via;0;1;0;1;0;0;0;0;0;0;0;0;0;(-38.524 -3.863);
357369;2020-06-06 10:01:00;TRAVESSA 25 DE MARCO UI 806, ;RUA PERO COELHO, ; ;;;Colisão Transversal;Luz do Dia;Bom;Seca;Cruz;Pare;Cruzamento;0;0;1;1;1;0;0;0;0;0;0;0;0;(-38.52364 -3.73285);
359638;2020-06-06 09:47:00;AVENIDA L CJ CEARA, 893;, ; 893;;;Queda;Luz do Dia;;;Meio de Quadra;;Longo da via;0;1;0;1;0;0;0;0;0;0;0;0;0;(-38.5579109 -3.83245);
359051;2020-06-06 08:40:00;RD CE-040, ;, ; ;;;Colisão;Luz do Dia;;;Meio de Quadra;;Longo da via;0;2;0;0;1;0;1;0;0;0;0;0;0;(-38.48033084 -3.791613156);
357368;2020-06-06 08:12:00;RUA TAB JOAQUIM COELHO, ;RUA MIN ABNER VASCONCELOS, ; ;;;Não informado;Luz do Dia;Bom;Seca;Cruz;Pare;Cruzamento;0;1;1;1;1;0;0;0;0;0;0;0;0;(-38.478916 -3.7969306);
359637;2020-06-06 00:05:00;RUA BARRA VERMELHA, 115;, ; 115;;;Colisão;;;;Meio de Quadra;;Longo da via;0;2;0;1;1;0;0;0;0;0;0;0;0;(-38.61525 -3.78936);
358889;2020-06-05 22:00:00;RUA FRANCISCO BENTO, 42;, ; 42;;;Colisão Lateral;Via Iluminada;Bom;Seca;Meio de Quadra;Não Há Controle;Longo da via;0;2;0;1;1;0;0;0;0;0;0;0;0;(-38.57693 -3.81225);
358875;2020-06-05 21:30:00;RUA SGT JOAO PINHEIRO, 198;, ; 198;;;Colisão Traseira;Mal Iluminada;Bom;Seca;Meio de Quadra;Não Há Controle;Longo da via;0;2;0;0;1;0;0;0;0;1;0;0;0;(-38.621623 -3.7786075);
359619;2020-06-05 20:04:00;RUA SAO PAULO, 32;, ; 32;;;Queda;;;;Meio de Quadra;;Longo da via;0;1;0;1;0;0;0;0;0;0;0;0;0;(-38.525991 -3.726549);
358876;2020-06-05 20:00:00;AVENIDA DR SILAS MUNGUBA, 3133;, ; 3133;;;Colisão Traseira;Mal Iluminada;Bom;Seca;Meio de Quadra;Não Há Controle;Longo da via;0;2;0;1;0;0;0;0;0;1;0;0;0;(-38.545259 -3.78864);
359618;2020-06-05 18:53:00;RUA TULIPA NEGRA, ;RUA ALCINO GUANABARA, ; ;;;Colisão;;;;Cruz;Pare;Cruzamento;0;1;0;0;0;0;0;0;0;0;0;0;0;(-38.598248 -3.81901);
359617;2020-06-05 18:37:00;AVENIDA FRANCISCO SA, 5290;, ; 5290;;;Colisão;;;;Meio de Quadra;;Longo da via;0;1;0;0;1;0;0;0;0;1;0;0;0;(-38.5712958 -3.712646);
359616;2020-06-05 18:13:00;AVENIDA PERIMETRAL, ;, ; ;;;Colisão;Anoitecer;;;Meio de Quadra;;Longo da via;0;1;0;0;0;0;0;0;0;0;0;0;0;(0 0);
359615;2020-06-05 18:04:00;RD CE-040, 2434;, ; 2434;;;Colisão;Anoitecer;;;Meio de Quadra;;Longo da via;0;1;0;1;1;0;0;0;0;0;0;0;0;(-38.477232962 -3.8477547);
359614;2020-06-05 17:58:00;AVENIDA ENG SANTANA JUNIOR, 636;, ; 636;;;Atropelamento;Anoitecer;;;Meio de Quadra;;Longo da via;0;1;0;1;0;0;0;0;0;0;0;0;0;(-38.48100414 -3.733950157);
359613;2020-06-05 17:22:00;RUA JOSE CARVALHO, 963;, ; 963;;;Atropelamento de Animal;Anoitecer;;;Meio de Quadra;;Longo da via;0;1;0;1;0;0;0;0;0;0;0;0;0;(-38.48895 -3.8026);
359611;2020-06-05 17:14:00;AVENIDA JOSE TAVARES, 1040;, ; 1040;;;Colisão;Anoitecer;;;Meio de Quadra;;Longo da via;0;1;0;1;1;0;0;0;0;0;0;0;0;(0 0);
359607;2020-06-05 16:19:00;RUA PRO JOSE SILVEIRA, ;RUA CRISANTO ARRUDA, ; ;;;Colisão;Luz do Dia;;;Cruz;Pare;Cruzamento;0;1;0;2;0;0;0;0;0;0;0;0;0;(-38.522564 -3.810268);
359038;2020-06-05 16:00:00;RD CE-060, ;, ; ;;;Colisão;Luz do Dia;;Seca;Meio de Quadra;;Longo da via;0;2;0;0;2;0;0;0;0;0;0;0;0;(-38.5795 -3.826136);
359606;2020-06-05 15:56:00;AVENIDA EDILSON B SOARES, ;, ; ;;;Queda;Luz do Dia;;;Meio de Quadra;;Longo da via;0;1;0;1;0;0;0;0;0;0;0;0;0;(0 0);
358814;2020-06-05 15:00:00;RD CE-060, ;, ; ;;;Colisão;Luz do Dia;;;Meio de Quadra;;Longo da via;0;2;0;0;0;0;0;0;0;0;0;0;0;(0 0);
359605;2020-06-05 14:37:00;AVENIDA JOSE LEON, 2445;, ; 2445;;;Colisão;Luz do Dia;;;Meio de Quadra;;Longo da via;0;1;0;1;1;0;0;0;0;0;0;0;0;(-38.489632 -3.790766);
359603;2020-06-05 14:32:00;AVENIDA DR THEBERGE, 2600;, ; 2600;;;Colisão;Luz do Dia;;;Meio de Quadra;;Longo da via;0;1;0;1;1;0;0;0;0;0;0;0;0;(-38.568386 -3.7253838);
359602;2020-06-05 13:06:00;RUA MACHADO DE ASSIS, 800;, ; 800;;;Atropelamento;Luz do Dia;;;Meio de Quadra;;Longo da via;0;1;0;0;1;0;0;0;0;0;0;0;0;(-38.551376 -3.7527454);
359601;2020-06-05 11:56:00;RD BR 116, 5000;, ; 5000;;;Colisão;Luz do Dia;;;Meio de Quadra;;Longo da via;0;1;0;0;0;0;0;0;0;0;1;0;0;(-38.506787 -3.796502);
359599;2020-06-05 09:13:00;RUA PRO VIRGILIO DE MORAIS, 405;, ; 405;;;Queda;Luz do Dia;;;Meio de Quadra;;Longo da via;0;2;0;1;0;0;0;0;0;0;0;0;0;(-38.5968088 -3.7520616);
359598;2020-06-05 08:55:00;AVENIDA PRO JOSE ARTHUR CARVALHO, 796;, ; 796;;;Queda;Luz do Dia;;;Meio de Quadra;;Longo da via;0;1;0;1;0;0;0;0;0;0;0;0;0;(-38.472526 -3.826665);
357367;2020-06-05 08:42:00;RUA LUCAS PINTO, ;RUA ENG JOAO NOGUEIRA, ; ;;;Colisão Transversal;Luz do Dia;Bom;Seca;Cruz;Pare;Cruzamento;0;1;1;1;1;0;0;0;0;0;0;0;0;(-38.558392 -3.713279);
357366;2020-06-04 19:41:00;AVENIDA GODOFREDO MACIEL, 2957;, ; 2957;;;Não informado;Anoitecer;Bom;Seca;Meio de Quadra;Semáforo;Longo da via;0;0;4;0;4;0;0;0;0;0;0;0;0;(-38.571541 -3.801663);
357365;2020-06-04 18:15:00;RUA JOAO CORDEIRO, ;RUA BARBARA DE ALENCAR, ; ;;;Colisão Transversal;Via Iluminada;Bom;Seca;Cruz;Pare;Cruzamento;0;0;1;1;1;0;0;0;0;0;0;0;0;(-38.516987 -3.737041);
359596;2020-06-04 17:42:00;RUA JOAO CORDEIRO, 1904;, ; 1904;;;Colisão;Anoitecer;;;Meio de Quadra;;Longo da via;0;1;0;1;1;0;0;0;0;0;0;0;0;(-38.516987 -3.737041);
359595;2020-06-04 17:29:00;AVENIDA DIOGUINHO, 2214;, ; 2214;;;Queda;Anoitecer;;;Meio de Quadra;;Longo da via;0;1;0;0;0;0;0;0;0;1;0;0;0;(-38.456287 -3.736291);
359594;2020-06-04 17:12:00;AVENIDA GENIBAU, ;RUA PERILIO TEIXEIRA, ; ;;;Colisão;Anoitecer;;;Cruz;Pare;Cruzamento;0;1;0;1;1;0;0;0;0;0;0;0;0;(-38.60205 -3.760373);
359593;2020-06-04 16:27:00;AVENIDA JOAO PESSOA, 5920;, ; 5920;;;Colisão;Luz do Dia;;;Meio de Quadra;;Longo da via;0;1;0;0;0;0;0;0;0;0;0;0;0;(-38.5576862 -3.7621025);
359592;2020-06-04 16:05:00;RUA JUVENCIO BARROSO, 812;, ; 812;;;Atropelamento;Luz do Dia;;;Meio de Quadra;;Longo da via;0;1;0;0;0;0;0;0;0;0;0;0;0;(-38.54967 -3.71705);
359591;2020-06-04 15:56:00;RUA BOA VISTA, 643;, ; 643;;;Colisão;Luz do Dia;;;Meio de Quadra;;Longo da via;0;1;0;1;1;0;0;0;0;0;0;0;0;(-38.5864365 -3.7688255);
359631;2020-06-04 14:30:00;RUA EURICO MEDINA, 435;, ; 435;;;Atropelamento;Luz do Dia;;;Meio de Quadra;;Longo da via;1;1;0;0;0;0;0;0;0;0;0;0;0;(-38.586011 -3.7586222);
359590;2020-06-04 14:27:00;RUA PEREIRA FILGUEIRAS, 2330;, ; 2330;;;Colisão;Luz do Dia;;;Meio de Quadra;;Longo da via;0;1;0;1;1;0;0;0;0;0;0;0;0;(-38.50231 -3.731786);
359589;2020-06-04 13:53:00;RUA OSVALDO CRUZ (ALDEOTA), ;RUA ANA BILHAR, ; ;;;Colisão;Luz do Dia;;;Cruz;Semáforo;Cruzamento;0;1;0;1;1;0;0;0;0;0;0;0;0;(-38.498091 -3.728699);
359588;2020-06-04 13:10:00;RUA ANGELICA GURGEL, 200;, ; 200;;;Colisão;Luz do Dia;;;Meio de Quadra;;Longo da via;0;1;0;1;1;0;0;0;0;0;0;0;0;(-38.4990523 -3.83417368);
359587;2020-06-04 13:06:00;AVENIDA C CJ CEARA, ;RUA 311 CJ CEARA, ; ;;;Colisão;Luz do Dia;;;;;Cruzamento;0;1;0;0;0;0;0;0;0;0;0;0;0;(-38.51835 -3.85636);
359586;2020-06-04 11:22:00;RUA NEREU RAMOS, ;RUA ESPANHA, ; ;;;Queda;Luz do Dia;;;T;Pare;Cruzamento;0;1;0;1;0;0;0;0;0;0;0;0;0;(-38.574434 -3.783961);
359575;2020-06-04 09:52:00;RUA PRO EDGAR DE ARRUDA, ;, ; ;;;Atropelamento;Luz do Dia;;;Meio de Quadra;;Longo da via;0;1;0;0;1;0;0;0;0;0;0;0;0;(0 0);
359574;2020-06-04 09:41:00;RUA SAO JOAO D20, 327;, ; 327;;;Queda;Luz do Dia;;;Meio de Quadra;;Longo da via;0;2;0;1;0;0;0;0;0;0;0;0;0;(-38.5542744 -3.7577841);
359573;2020-06-04 09:36:00;AVENIDA MAE LISBOA, ;, ; ;;;Colisão;Luz do Dia;;;Meio de Quadra;;Longo da via;0;1;0;1;1;0;0;0;0;0;0;0;0;(0 0);
359035;2020-06-04 09:10:00;AVENIDA MIN JOSE AMERICO, 2;, ; 2;;;Colisão;Luz do Dia;;Seca;Meio de Quadra;;Longo da via;0;3;0;0;3;0;0;0;0;0;0;0;0;(-38.49932 -3.81291);
359572;2020-06-04 08:23:00;RUA CON DE CASTRO, 5548;, ; 5548;;;Colisão;Luz do Dia;;;Meio de Quadra;;Longo da via;0;1;0;1;1;0;0;0;0;0;0;0;0;(-38.597478 -3.812008);