COD_ACIDENTE;DATA;LOG1;LOG2;NUMERO;BAIRRO;AMC;NATUREZA;ILUMINACAO;TEMPO;SUPERFICIEPISTA;TIPOCRUZAMENTO;CONTROLETRAFEGO;USOSOLO;MORTOS;FERIDOS;ILESOS;MOTOCICLETA;AUTOMOVEL;MICROONIBUS;CAMINHAO;ONIBUS;CICLOMOTOR;BICICLETA;OUTROS;TREM;TRACAOANIMAL;COORDENADAS
359571;2020-06-04 08:17:00;RUA ZACARIAS GONDIM, 735;, ; 735;;;Colisão;Luz do Dia;;;Meio de Quadra;;Longo da via;0;1;0;1;1;0;0;0;0;0;0;0;0;(-38.5588304 -3.769078);
359570;2020-06-04 07:20:00;AVENIDA PRO JOSE ARTHUR CARVALHO, 955;, ; 955;;;Queda;Luz do Dia;;;Meio de Quadra;;Longo da via;0;1;0;1;0;0;0;0;0;0;0;0;0;(-38.45807 -3.82463);
359569;2020-06-04 06:58:00;AVENIDA PERIMETRAL, 228;, ; 228;;;Queda;Luz do Dia;;;Meio de Quadra;;Longo da via;0;1;0;1;0;0;0;0;0;0;0;0;0;(0 0);
359568;2020-06-04 06:00:00;AVENIDA GODOFREDO MACIEL, 5560;, ; 5560;;;Queda;Luz do Dia;;;Meio de Quadra;;Longo da via;0;1;0;0;0;0;0;0;0;1;0;0;0;(-38.57826 -3.822707);
359567;2020-06-04 01:22:00;RUA VICOSA, 985;, ; 985;;;Queda;;;;Meio de Quadra;;Longo da via;0;1;0;1;0;0;0;0;0;0;0;0;0;(0 0);
359566;2020-06-04 01:07:00;AVENIDA JOVITA FEITOSA, 799;, ; 799;;;Colisão;;;;Meio de Quadra;;Longo da via;0;1;0;1;1;0;0;0;0;0;0;0;0;(-38.550998 -3.738742);
358809;2020-06-03 23:50:00;RUA 15 DE NOVEMBRO, ;RUA ALBERTO MAGNO, ; ;;;Colisão;;;;Cruz;Pare;Cruzamento;0;2;0;2;0;0;0;0;0;0;0;0;0;(-38.553169 -3.769909);
359565;2020-06-03 22:35:00;RUA TEN JOSE NEWTON, 327;, ; 327;;;Colisão;;;;Meio de Quadra;;Longo da via;0;1;0;1;1;0;0;0;0;0;0;0;0;(-38.4917395 -3.82540221);
359564;2020-06-03 22:05:00;RUA 15 DE NOVEMBRO, 808;, ; 808;;;Colisão;;;;Meio de Quadra;;Longo da via;0;1;0;1;1;0;0;0;0;0;0;0;0;(-38.5531466 -3.76991717);
357364;2020-06-03 20:00:00;AVENIDA AUGUSTO DOS ANJOS, ;RUA PRO GOMES BRASIL, ; ;;;Colisão Traseira;Via Iluminada;Bom;Seca;Cruz;Semáforo;Cruzamento;0;2;1;1;1;0;0;0;0;0;0;0;0;(-38.570427 -3.770153);
359563;2020-06-03 19:58:00;RUA LONDRINA, 1070;, ; 1070;;;Atropelamento de Animal;;;;Meio de Quadra;;Longo da via;0;1;0;1;0;0;0;0;0;0;0;0;0;(-38.6009653 -3.781666);
359562;2020-06-03 19:07:00;AVENIDA BEZERRA DE MENEZES, 970;, ; 970;;;Colisão;;;;Meio de Quadra;;Longo da via;0;1;0;1;1;0;0;0;0;0;0;0;0;(-38.553616 -3.733424);
358755;2020-06-03 18:50:00;RD BR 116, 4000;, ; 4000;;;Colisão Lateral;;;;Meio de Quadra;;Longo da via;0;2;0;2;0;0;0;0;0;0;0;0;0;(-38.503869 -3.802354);
359550;2020-06-03 18:41:00;RD BR 116, 7200;, ; 7200;;;Colisão;;;;Meio de Quadra;;Longo da via;0;1;0;2;0;0;0;0;0;0;0;0;0;(-38.5115614 -3.786276359);
359547;2020-06-03 18:29:00;AVENIDA DEP PAULINO ROCHA, ;, ; ;;;Colisão;Anoitecer;;;Meio de Quadra;;Longo da via;0;1;0;0;0;0;0;0;0;0;1;0;0;(0 0);
359546;2020-06-03 16:23:00;RUA DIOGO CORREIA, 330;, ; 330;;;Colisão;Luz do Dia;;;Meio de Quadra;;Longo da via;0;1;0;1;1;0;0;0;0;0;0;0;0;(-38.59007588 -3.771049922);
358754;2020-06-03 15:30:00;RD BR 116, 3000;, ; 3000;;;Queda;Luz do Dia;;;Meio de Quadra;;Longo da via;0;1;0;1;0;0;0;0;0;0;0;0;0;(-38.514372 -3.779838);
359545;2020-06-03 13:37:00;AVENIDA GODOFREDO MACIEL, 660;, ; 660;;;Queda;Luz do Dia;;;Meio de Quadra;;Longo da via;0;1;0;1;0;0;0;0;0;0;0;0;0;(-38.5654958 -3.78213282);
359543;2020-06-03 12:14:00;RUA DR WALTER PORTO, 123;, ; 123;;;Atropelamento;Luz do Dia;;;Meio de Quadra;;Longo da via;0;1;0;0;1;0;0;0;0;0;0;0;0;(-38.4934167 -3.80255867);
359542;2020-06-03 11:39:00;RUA COS GOUVEIA, 241;, ; 241;;;Colisão;Luz do Dia;;;Meio de Quadra;;Longo da via;0;1;0;2;0;0;0;0;0;0;0;0;0;(-38.563131 -3.716811);
357362;2020-06-03 10:40:00;RUA CEL ALVES TEIXEIRA, ;RUA DR JOSE LOURENCO, ; ;;;Colisão;Luz do Dia;Bom;Seca;Cruz;Pare;Cruzamento;0;1;0;1;1;0;0;0;0;0;0;0;0;(-38.511496 -3.746256);
359541;2020-06-03 10:29:00;RUA EMILIO DE MENESES, 612;, ; 612;;;Colisão;Luz do Dia;;;Meio de Quadra;;Longo da via;0;1;0;1;1;0;0;0;0;0;0;0;0;(-38.586969 -3.781874);
359540;2020-06-03 10:27:00;RUA CARLOS AMORA, 215;, ; 215;;;Colisão;Luz do Dia;;;Meio de Quadra;;Longo da via;0;1;0;1;1;0;0;0;0;0;0;0;0;(-38.5646582 -3.773923);
357363;2020-06-03 08:55:00;RUA CON DE CASTRO, ;RUA JOAO AMORA, ; ;;;Colisão Traseira;Luz do Dia;Bom;Seca;Duplo T;Semáforo;Cruzamento;0;1;2;0;2;0;0;0;0;0;0;0;0;(-38.586909 -3.799546);
359531;2020-06-03 03:59:00;RUA REINO UNIDO, 350;, ; 350;;;Queda;;;;Meio de Quadra;;Longo da via;0;1;0;1;0;0;0;0;0;0;0;0;0;(-38.5043723 -3.78509882);
359505;2020-06-03 01:50:00;AVENIDA AREIA BRANCA, 85;, ; 85;;;Colisão;;;;Meio de Quadra;;Longo da via;0;1;0;1;1;0;0;0;0;0;0;0;0;(-38.47432 -3.72848);
359496;2020-06-03 01:42:00;AVENIDA ALBERTO CRAVEIRO, ;, ; ;;;Queda;;;;Meio de Quadra;;Longo da via;0;1;0;1;0;0;0;0;0;0;0;0;0;(0 0);
359645;2020-06-02 20:27:00;RUA ANDRADE FURTADO, 1962;, ; 1962;;;Colisão;;;;Meio de Quadra;;Longo da via;0;1;0;1;1;0;0;0;0;0;0;0;0;(-38.4722427 -3.7481866);
359644;2020-06-02 20:18:00;RUA DR RIBAMAR LOBO, 190;, ; 190;;;Atropelamento;;;;Meio de Quadra;;Longo da via;0;1;0;0;1;0;0;0;0;0;0;0;0;(-38.4683667 -3.74767927);
357361;2020-06-02 19:54:00;ALAMEDA MANDACARU, ;, ; ;;;Atropelamento;Via Iluminada;Bom;Seca;Meio de Quadra;Não Há Controle;Longo da via;0;1;1;0;1;0;0;0;0;0;0;0;0;(0 0);
359643;2020-06-02 19:06:00;AVENIDA BENJAMIM BRASIL, ;, ; ;;;Queda;;;;Meio de Quadra;;Longo da via;0;1;0;1;0;0;0;0;0;0;0;0;0;(0 0);
359625;2020-06-02 18:16:00;RUA BELO HORIZONTE, 5953;, ; 5953;;;Colisão;Anoitecer;;;Meio de Quadra;;Longo da via;0;1;0;1;1;0;0;0;0;0;0;0;0;(0 0);
359624;2020-06-02 17:59:00;RUA SILVA PAULET, ;RUA PDE VALDEVINO, ; ;;;Colisão;Anoitecer;;;Cruz;Não Há Controle;Cruzamento;0;1;0;1;1;0;0;0;0;0;0;0;0;(-38.507851 -3.741957);
359621;2020-06-02 17:08:00;ALAMEDA MANDACARU, ;RUA DEP MANUEL MATOSO FILHO, ; ;;;Atropelamento;Anoitecer;;;;;Cruzamento;0;1;0;0;1;0;0;0;0;0;0;0;0;(-38.55428 -3.7298);
359610;2020-06-02 16:44:00;RUA DES PRAXEDES, 297;, ; 297;;;Colisão;Luz do Dia;;;Meio de Quadra;;Longo da via;0;1;0;1;1;0;0;0;0;0;0;0;0;(-38.550861 -3.758736);
359609;2020-06-02 16:22:00;RUA PRO HERIBALDO COSTA, 3710;, ; 3710;;;Colisão;Luz do Dia;;;Meio de Quadra;;Longo da via;0;1;0;2;0;0;0;0;0;0;0;0;0;(-38.5886028 -3.7399807);
359608;2020-06-02 15:59:00;AVENIDA ZEZE DIOGO, 913;, ; 913;;;Colisão;Luz do Dia;;;Meio de Quadra;;Longo da via;0;1;0;0;0;0;0;0;0;0;1;0;0;(-38.4657158 -3.71479983);
359064;2020-06-02 15:16:00;RUA CON DE CASTRO, 5237;, ; 5237;;;Colisão;Luz do Dia;;;Meio de Quadra;;Longo da via;0;1;0;1;1;0;0;0;0;0;0;0;0;(-38.5954916 -3.809043);
359063;2020-06-02 13:56:00;RD BR 116, ;, ; ;;;Colisão;Luz do Dia;;;Meio de Quadra;;Longo da via;0;1;0;1;1;0;0;0;0;0;0;0;0;(0 0);
357360;2020-06-02 13:50:00;AVENIDA AGUANAMBI, ;, ; ;;;Colisão Traseira;Luz do Dia;Bom;Seca;Meio de Quadra;Semáforo;Longo da via;0;1;1;1;1;0;0;0;0;0;0;0;0;(-38.523056 -3.7555196);
359061;2020-06-02 13:21:00;AVENIDA PRS CASTELO BRANCO, 3162;, ; 3162;;;Colisão;Luz do Dia;;;Meio de Quadra;;Longo da via;0;1;0;1;1;0;0;0;0;0;0;0;0;(-38.5590067 -3.71113018);
359050;2020-06-02 13:11:00;AVENIDA PASTEUR, ;AVENIDA PRS CASTELO BRANCO, ; ;;;Colisão;Luz do Dia;;;Cruz;Semáforo;Cruzamento;0;1;0;1;1;0;0;0;0;0;0;0;0;(-38.558856 -3.711181);
359049;2020-06-02 12:28:00;AVENIDA ABOLICAO, ;RUA JOAQUIM NABUCO, ; ;;;Colisão;Luz do Dia;;;Cruz;Semáforo;Cruzamento;0;1;0;0;0;0;0;0;0;0;1;0;0;(-38.498436 -3.726373);
359048;2020-06-02 11:36:00;RUA OTHON DE NOROES, 462;, ; 462;;;Queda;Luz do Dia;;;Meio de Quadra;;Longo da via;0;1;0;1;0;0;0;0;0;0;0;0;0;(0 0);
359047;2020-06-02 11:14:00;RUA GUILHERME ROCHA, 48;, ; 48;;;Queda;Luz do Dia;;;Meio de Quadra;;Longo da via;0;1;0;1;0;0;0;0;0;0;0;0;0;(-38.52683 -3.72743);
359034;2020-06-02 10:40:00;RD CE-025, ;, ; ;;;Choque c/ Obstáculo Fixo;Luz do Dia;;Seca;Meio de Quadra;;Longo da via;0;1;0;0;1;0;0;0;0;0;0;0;0;(-38.44333873 -3.805111679);
359046;2020-06-02 10:33:00;RUA CANDIDO MAIA, 218;, ; 218;;;Queda;Luz do Dia;;;Meio de Quadra;;Longo da via;0;1;0;1;0;0;0;0;0;0;0;0;0;(-38.5902 -3.73674);
359030;2020-06-02 09:38:00;RUA JOAO CORDEIRO, 899;, ; 899;;;Colisão;Luz do Dia;;;Meio de Quadra;;Longo da via;0;1;0;0;0;0;0;0;0;0;1;0;0;(-38.51387 -3.72808);
358753;2020-06-02 09:30:00;RD BR 116, 3000;, ; 3000;;;Colisão Traseira;Luz do Dia;;;Meio de Quadra;;Longo da via;0;1;1;1;0;0;1;0;0;0;0;0;0;(-38.514372 -3.779838);
359029;2020-06-02 09:30:00;RD BR 116, ;, ; ;;;Colisão;Luz do Dia;;;Meio de Quadra;;Longo da via;0;1;0;1;0;0;1;0;0;0;0;0;0;(0 0);
359024;2020-06-02 08:59:00;RUA ELCIAS LOPES, 25;, ; 25;;;Colisão;Luz do Dia;;;Meio de Quadra;;Longo da via;0;1;0;2;0;0;0;0;0;0;0;0;0;(-38.55997 -3.769578);
358860;2020-06-02 08:40:00;RUA PORTO VELHO, 659;, ; 659;;;Colisão Lateral;Luz do Dia;Bom;Seca;Meio de Quadra;Semáforo;Longo da via;0;1;2;1;2;0;0;0;0;0;0;0;0;(-38.5575667 -3.7190894);
359022;2020-06-02 07:38:00;AVENIDA JOVITA FEITOSA, 2863;, ; 2863;;;Colisão;Luz do Dia;;;Meio de Quadra;;Longo da via;0;1;0;1;1;0;0;0;0;0;0;0;0;(-38.5633224 -3.74125744);
359021;2020-06-02 07:37:00;RUA CON DE CASTRO, 4138;, ; 4138;;;Colisão;Luz do Dia;;;Meio de Quadra;;Longo da via;0;1;0;1;1;0;0;0;0;0;0;0;0;(-38.58939929 -3.802108491);
359017;2020-06-01 23:03:00;AVENIDA GAL OSORIO DE PAIVA, 1220;, ; 1220;;;Atropelamento;;;;Meio de Quadra;;Longo da via;0;1;0;1;0;0;0;0;0;0;0;0;0;(-38.5729981 -3.7797301);
359016;2020-06-01 22:14:00;AVENIDA GAL OSORIO DE PAIVA, ;, ; ;;;Atropelamento;;;;Meio de Quadra;;Longo da via;0;1;0;0;1;0;0;0;0;0;0;0;0;(0 0);
359015;2020-06-01 20:34:00;RUA ALM RUBIM, 1161;, ; 1161;;;Queda;;;;Meio de Quadra;;Longo da via;0;1;0;0;0;0;0;0;0;1;0;0;0;(-38.5554645 -3.767622);
359014;2020-06-01 19:55:00;RUA URUCUTUBA, 634;, ; 634;;;Queda;;;;Meio de Quadra;;Longo da via;0;1;0;1;0;0;0;0;0;0;0;0;0;(-38.6008806 -3.79714332);
359012;2020-06-01 19:41:00;RUA CARLOS CHAGAS, 89;, ; 89;;;Queda;;;;Meio de Quadra;;Longo da via;0;1;0;1;0;0;0;0;0;0;0;0;0;(-38.580976 -3.78133526);
359009;2020-06-01 19:17:00;RUA EDUARDO PERDIGAO, 120;, ; 120;;;Atropelamento;;;;Meio de Quadra;;Longo da via;0;1;0;0;1;0;0;0;0;0;0;0;0;(-38.564769 -3.775579);
359006;2020-06-01 18:48:00;RUA FRANCISCO VILELA, 540;, ; 540;;;Queda;;;;Meio de Quadra;;Longo da via;0;1;0;0;0;0;0;0;0;1;0;0;0;(-38.51801 -3.7975);
359004;2020-06-01 18:10:00;RUA NEREU RAMOS, 611;, ; 611;;;Queda;Anoitecer;;;Meio de Quadra;;Longo da via;0;1;0;1;0;0;0;0;0;0;0;0;0;(-38.572174 -3.785289);
359002;2020-06-01 17:32:00;AVENIDA PASTEUR, 700;, ; 700;;;Colisão;Anoitecer;;;Meio de Quadra;;Longo da via;0;1;0;0;0;0;0;0;0;0;1;0;0;(-38.559096 -3.711941);
359001;2020-06-01 17:07:00;AVENIDA PERIMETRAL, ;, ; ;;;Colisão;Anoitecer;;;Meio de Quadra;;Longo da via;0;1;0;0;0;0;0;0;0;0;1;0;0;(0 0);
357359;2020-06-01 16:00:00;RUA PRO HERIBALDO COSTA, ;RUA CURITIBA, ; ;;;Colisão Transversal;Luz do Dia;Bom;Seca;Cruz;Pare;Cruzamento;0;0;2;1;1;0;0;0;0;0;0;0;0;(-38.583853 -3.759992);
358976;2020-06-01 15:58:00;RUA MON DANTAS, 2552;, ; 2552;;;Colisão;Luz do Dia;;;Meio de Quadra;;Longo da via;0;2;0;2;0;0;0;0;0;0;0;0;0;(-38.548853 -3.7190825);
358996;2020-06-01 15:47:00;AVENIDA FRANCISCO SA, 7221;, ; 7221;;;Colisão;Luz do Dia;;;Meio de Quadra;;Longo da via;0;1;0;1;1;0;0;0;0;0;0;0;0;(-38.584894 -3.70707);
358995;2020-06-01 15:46:00;AVENIDA GAL OSORIO DE PAIVA, 2000;, ; 2000;;;Queda;Luz do Dia;;;Meio de Quadra;;Longo da via;0;1;0;1;0;0;0;0;0;0;0;0;0;(-38.58003 -3.784199);
358994;2020-06-01 15:36:00;RUA FLORO BARTOLOMEU, ;RUA ESV PINHEIRO, ; ;;;Colisão;Luz do Dia;;;;;Cruzamento;0;1;0;2;0;0;0;0;0;0;0;0;0;(-38.50951 -3.76004);
358993;2020-06-01 15:32:00;AVENIDA PRS CASTELO BRANCO, 901;, ; 901;;;Colisão;Luz do Dia;;;Meio de Quadra;;Longo da via;0;1;0;2;0;0;0;0;0;0;0;0;0;(-38.53134654 -3.719760919);
358986;2020-06-01 15:16:00;AVENIDA PRS CASTELO BRANCO, ;, ; ;;;Colisão;Luz do Dia;;;Meio de Quadra;;Longo da via;0;1;0;1;1;0;0;0;0;0;0;0;0;(0 0);
358985;2020-06-01 15:00:00;AVENIDA ABOLICAO, ;, ; ;;;Colisão;Luz do Dia;;;Meio de Quadra;;Longo da via;0;1;0;1;1;0;0;0;0;0;0;0;0;(0 0);
358982;2020-06-01 14:57:00;RUA FRANCISCO LEANDRO, ;AVENIDA WASHINGTON SOARES, ; ;;;Colisão;Luz do Dia;;;T;Pare;Cruzamento;0;1;0;1;1;0;0;0;0;0;0;0;0;(-38.4812 -3.82252);
359633;2020-06-01 13:35:00;RUA B CJ SANTA LUZIA, ;, ; ;;;Não informado;Luz do Dia;;;Meio de Quadra;;Longo da via;1;0;0;0;0;0;0;0;0;0;0;0;0;(0 0);
358970;2020-06-01 12:15:00;RUA PORTO ALEGRE, 449;, ; 449;;;Colisão;Luz do Dia;;;Meio de Quadra;;Longo da via;0;1;0;2;0;0;0;0;0;0;0;0;0;(-38.5827456 -3.76444188);
358969;2020-06-01 11:15:00;RUA CASTRO E SILVA, 316;, ; 316;;;Colisão;Luz do Dia;;;Meio de Quadra;;Longo da via;0;1;0;2;0;0;0;0;0;0;0;0;0;(-38.5283348 -3.72355308);
358967;2020-06-01 10:03:00;AVENIDA SEN FERNANDES TAVORA, 97;, ; 97;;;Colisão;Luz do Dia;;;Meio de Quadra;;Longo da via;0;1;0;0;0;0;0;0;0;0;1;0;0;(-38.572399 -3.76802);
358966;2020-06-01 10:03:00;RUA RAIMUNDO NERY, ;RUA ANTONIO COSTA MENDES, ; ;;;Colisão;Luz do Dia;;;Cruz;Semáforo;Cruzamento;0;1;0;1;1;0;0;0;0;0;0;0;0;(-38.5867886 -3.7932465);
358808;2020-06-01 08:35:00;AVENIDA JOVITA FEITOSA, 280;, ; 280;;;Choque c/ Obstáculo Fixo;Luz do Dia;;;Meio de Quadra;;Longo da via;0;1;0;1;0;0;0;0;0;0;0;0;0;(-38.546043 -3.7376149);
358964;2020-06-01 08:18:00;RUA DEP MATOSO FILHO, ;RUA GAL JOAO COUTO, ; ;;;Queda;Luz do Dia;;;Cruz;Pare;Cruzamento;0;1;0;1;0;0;0;0;0;0;0;0;0;(-38.58792 -3.73134);
358963;2020-06-01 07:17:00;RUA ROMULO BEZERRA, 203;, ; 203;;;Queda;Luz do Dia;;;Meio de Quadra;;Longo da via;0;1;0;1;0;0;0;0;0;0;0;0;0;(-38.5925595 -3.77062269);
358960;2020-06-01 06:20:00;AVENIDA BAR STUDART, ;RUA COSTA BARROS, ; ;;;Colisão;Luz do Dia;;;Cruz;Semáforo;Cruzamento;0;1;0;0;0;0;0;0;0;0;1;0;0;(-38.505837 -3.732231);
358959;2020-06-01 01:01:00;RUA ROMEU MARTINS, 318;, ; 318;;;Colisão;;;;Meio de Quadra;;Longo da via;0;1;0;1;1;0;0;0;0;0;0;0;0;(-38.5554155 -3.7643895);
358999;2020-06-01 00:00:00;RUA CURITIBA, ;RUA PRO HERIBALDO COSTA, ; ;;;Colisão;;;;Cruz;Pare;Cruzamento;0;1;0;1;1;0;0;0;0;0;0;0;0;(-38.583853 -3.759992);
358834;2020-05-31 23:10:00;RUA ALBERTO MAGNO, ;RUA PRO COSTA MENDES, ; ;;;Colisão;;;;Cruz;Semáforo;Cruzamento;0;1;0;0;0;0;0;0;0;0;0;0;0;(-38.543548 -3.757528);
358734;2020-05-31 23:03:00;RUA COM LUIS RIBEIRO, 291;, ; 291;;;Colisão;;;;Meio de Quadra;;Longo da via;0;2;0;1;1;0;0;0;0;0;0;0;0;(-38.54916 -3.72188);
358733;2020-05-31 21:57:00;RUA DNA MENDINHA, 1407;, ; 1407;;;Queda;;;;Meio de Quadra;;Longo da via;0;1;0;1;0;0;0;0;0;0;0;0;0;(-38.5726837 -3.71638718);
358732;2020-05-31 21:36:00;ESTRADA DO JATOBA, 2263;, ; 2263;;;Colisão;;;;Meio de Quadra;;Longo da via;0;2;0;1;1;0;0;0;0;0;0;0;0;(-38.6262979 -3.79254105);
356660;2020-05-31 21:26:00;RUA ALBERTO MAGNO, 123;RUA ANTONIO COSTA MENDES, ; 123;;;Colisão Lateral;Via Iluminada;Bom;Seca;Meio de Quadra;Semáforo;Cruzamento;0;1;1;0;2;0;0;0;0;0;0;0;0;(-38.54754 -3.76206);
358731;2020-05-31 20:27:00;AVENIDA JOSE LEON, ;RUA CHICO LEMOS, ; ;;;Colisão;;;;Cruz;Pare;Cruzamento;0;2;0;1;1;0;0;0;0;0;0;0;0;(-38.50054 -3.788133);
358730;2020-05-31 20:13:00;AVENIDA COS GOMES DE FREITAS (SAPIRANGA/COITE), 3300;, ; 3300;;;Colisão;;;;Meio de Quadra;;Longo da via;0;2;0;1;1;0;0;0;0;0;0;0;0;(-38.477608478 -3.795617846);
358729;2020-05-31 18:56:00;RUA MARTINS NETO, ;RUA SALGADO FILHO, ; ;;;Colisão;;;;Cruz;Pare;Cruzamento;0;2;0;1;1;0;0;0;0;0;0;0;0;(-38.595186 -3.741272);
358728;2020-05-31 18:27:00;AVENIDA N CJ JOSE WALTER, ;, ; ;;;Colisão;Anoitecer;;;Meio de Quadra;;Longo da via;0;2;0;2;0;0;0;0;0;0;0;0;0;(0 0);
358727;2020-05-31 17:36:00;AVENIDA PERIMETRAL, ;, ; ;;;Colisão;Anoitecer;;;Meio de Quadra;;Longo da via;0;2;0;1;1;0;0;0;0;0;0;0;0;(0 0);
358726;2020-05-31 17:10:00;AVENIDA JULIO VENTURA, ;RUA JOSE VILAR, ; ;;;Colisão;Anoitecer;;;Cruz;Semáforo;Cruzamento;0;2;0;1;1;0;0;0;0;0;0;0;0;(-38.506014 -3.739985);
358833;2020-05-31 16:54:00;RUA TOMAS RODRIGUES, ;RUA MARTINS NETO, ; ;;;Colisão;Luz do Dia;;;Cruz;Pare;Cruzamento;0;1;0;0;0;0;0;0;0;0;0;0;0;(-38.593771 -3.741063);
358725;2020-05-31 16:46:00;RUA DES GOMES PARENTE, 1289;, ; 1289;;;Colisão;Luz do Dia;;;Meio de Quadra;;Longo da via;0;2;0;1;1;0;0;0;0;0;0;0;0;(-38.5813802 -3.77196075);
358724;2020-05-31 16:43:00;AVENIDA BORGES DE MELO, ;, ; ;;;Colisão;Luz do Dia;;;Meio de Quadra;;Longo da via;0;1;0;0;0;0;0;0;0;0;0;0;0;(0 0);
358723;2020-05-31 14:37:00;RUA TULIPA, ;, ; ;;;Colisão;Luz do Dia;;;Meio de Quadra;;Longo da via;0;1;0;0;0;0;0;0;0;0;0;0;0;(0 0);
356659;2020-05-31 13:24:00;AVENIDA PDE ANTONIO TOMAS, ;RUA MON CATAO, ; ;;;Colisão Transversal;Luz do Dia;Bom;Seca;Cruz;Semáforo;Cruzamento;0;2;0;0;1;0;0;0;0;0;0;0;0;(-38.491843 -3.742708);
358722;2020-05-31 13:00:00;RUA 15 DE NOVEMBRO, 315;, ; 315;;;Colisão;Luz do Dia;;;Meio de Quadra;;Longo da via;0;2;0;1;1;0;0;0;0;0;0;0;0;(-38.5571173 -3.76848571);
358721;2020-05-31 12:22:00;AVENIDA PRS CASTELO BRANCO, ;, ; ;;;Colisão;Luz do Dia;;;Meio de Quadra;;Longo da via;0;1;0;0;0;0;0;0;0;0;0;0;0;(0 0);
358720;2020-05-31 12:19:00;AVENIDA PASTEUR, 1061;, ; 1061;;;Colisão;Luz do Dia;;;Meio de Quadra;;Longo da via;0;2;0;1;1;0;0;0;0;0;0;0;0;(-38.560255 -3.715391);
358552;2020-05-31 12:06:00;RUA HOLANDA, 1717;, ; 1717;;;Colisão;Luz do Dia;;;Meio de Quadra;;Longo da via;0;2;0;1;1;0;0;0;0;0;0;0;0;(-38.55964 -3.80337);
358551;2020-05-31 11:10:00;RUA TULIPA NEGRA, 2253;, ; 2253;;;Queda;Luz do Dia;;;Meio de Quadra;;Longo da via;0;1;0;0;0;0;0;0;0;1;0;0;0;(-38.5994052 -3.81821422);
358550;2020-05-31 06:26:00;AVENIDA PRO JOSE ARTHUR CARVALHO, 1513;, ; 1513;;;Colisão;Luz do Dia;;;Meio de Quadra;;Longo da via;0;2;0;1;1;0;0;0;0;0;0;0;0;(-38.4658865 -3.8265656);
358549;2020-05-31 01:43:00;RUA ELISA DE OLIVEIRA (CANINDEZINHO), 226;, ; 226;;;Queda;;;;Meio de Quadra;;Longo da via;0;1;0;1;0;0;0;0;0;0;0;0;0;(-38.60629 -3.82181);
358548;2020-05-31 00:54:00;AVENIDA FRANCISCO SA, 4180;, ; 4180;;;Colisão;;;;Meio de Quadra;;Longo da via;0;2;0;1;1;0;0;0;0;0;0;0;0;(-38.56228 -3.715676);
358829;2020-05-30 23:50:00;RUA CARNAUBAL, ;RUA RIO TOCANTINS, ; ;;;Colisão;;;;Cruz;Pare;Cruzamento;0;2;0;1;1;0;0;0;0;0;0;0;0;(-38.581132 -3.72272);
358547;2020-05-30 23:15:00;RUA BERNARDO MANUEL, 8142;, ; 8142;;;Colisão;;;;Meio de Quadra;;Longo da via;0;1;0;0;0;0;0;0;0;0;0;0;0;(-38.5489741 -3.79070121);
358546;2020-05-30 22:44:00;RUA MATOS VASCONCELOS, 1386;, ; 1386;;;Atropelamento;;;;Meio de Quadra;;Longo da via;0;2;0;1;0;0;0;0;0;0;0;0;0;(-38.5549456 -3.75616165);
358752;2020-05-30 22:00:00;RD BR 222, ;, ; ;;;Choque c/ Obstáculo Fixo;;;;Meio de Quadra;;Longo da via;0;1;1;0;1;0;0;0;0;0;0;0;0;(-38.5969961 -3.7403624);
358545;2020-05-30 21:50:00;AVENIDA ALBERTO CRAVEIRO, ;, ; ;;;Queda;;;;Meio de Quadra;;Longo da via;0;1;0;1;0;0;0;0;0;0;0;0;0;(0 0);
356661;2020-05-30 21:47:00;RUA PERDIGAO DE OLIVEIRA, 343;, ; 343;;;Não informado;Via Iluminada;Não Informado;Seca;Meio de Quadra;Não Há Controle;Longo da via;0;1;2;0;4;0;0;0;0;1;0;0;0;(-38.5729096 -3.77623474);
358544;2020-05-30 21:47:00;RUA BENU MARCONDES, 70;, ; 70;;;Queda;;;;Meio de Quadra;;Longo da via;0;1;0;0;0;0;0;0;0;1;0;0;0;(-38.459525 -3.7959459);
358543;2020-05-30 21:45:00;RUA PESSOA ANTA, 129;, ; 129;;;Atropelamento;;;;Meio de Quadra;;Longo da via;0;2;0;0;1;0;0;0;0;0;0;0;0;(-38.521782 -3.7210238);
358542;2020-05-30 21:00:00;RUA ALM RUFINO, ;RUA CONEGUNDES RODRIGUES, ; ;;;Colisão;;;;Cruz;Pare;Cruzamento;0;2;0;2;0;0;0;0;0;0;0;0;0;(-38.5434 -3.76465);
358506;2020-05-30 20:31:00;RUA COSME JERONIMO, 1322;, ; 1322;;;Colisão;;;;Meio de Quadra;;Longo da via;0;3;0;1;1;0;0;0;0;0;0;0;0;(-38.58789 -3.82389);
358505;2020-05-30 20:28:00;TRAVESSA PERDIGAO DE OLIVEIRA, 297;, ; 297;;;Colisão;;;;Meio de Quadra;;Longo da via;0;2;0;0;2;0;0;0;0;0;0;0;0;(-38.57239 -3.77672);
358504;2020-05-30 20:26:00;AVENIDA A CJ JOSE WALTER, 401;, ; 401;;;Queda;;;;Meio de Quadra;;Longo da via;0;1;0;1;0;0;0;0;0;0;0;0;0;(-38.5541745 -3.82485475);