COD_ACIDENTE;DATA;LOG1;LOG2;NUMERO;BAIRRO;AMC;NATUREZA;ILUMINACAO;TEMPO;SUPERFICIEPISTA;TIPOCRUZAMENTO;CONTROLETRAFEGO;USOSOLO;MORTOS;FERIDOS;ILESOS;MOTOCICLETA;AUTOMOVEL;MICROONIBUS;CAMINHAO;ONIBUS;CICLOMOTOR;BICICLETA;OUTROS;TREM;TRACAOANIMAL;COORDENADAS
358503;2020-05-30 20:15:00;RUA PDE JUSTINO, ;RUA JOAO CORDEIRO, ; ;;;Atropelamento;;;;Cruz;Não Há Controle;Cruzamento;0;2;0;0;1;0;0;0;0;0;0;0;0;(-38.51223 -3.72276);
358502;2020-05-30 20:06:00;RUA VIRGILIO BRANDAO, 73;, ; 73;;;Colisão;;;;Meio de Quadra;;Longo da via;0;2;0;1;1;0;0;0;0;0;0;0;0;(-38.5956541 -3.74855995);
358501;2020-05-30 18:29:00;AVENIDA BEIRA MAR, 34010;, ; 34010;;;Queda;Anoitecer;;;Meio de Quadra;;Longo da via;0;1;0;0;0;0;0;0;0;1;0;0;0;(0 0);
358500;2020-05-30 18:27:00;RUA MON CATAO, ;AVENIDA DOM LUIS, ; ;;;Colisão;Anoitecer;;;T;Pare;Cruzamento;0;1;1;0;1;0;0;0;0;1;0;0;0;(-38.48964 -3.7357678);
358832;2020-05-30 17:50:00;AVENIDA JOR THOMAZ COELHO, ;, ; ;;;Colisão;Anoitecer;;;Meio de Quadra;;Longo da via;0;2;0;1;1;0;0;0;0;0;0;0;0;(0 0);
358499;2020-05-30 16:53:00;RUA PRO HERIBALDO COSTA, 569;, ; 569;;;Colisão;Luz do Dia;;;Meio de Quadra;;Longo da via;0;2;0;2;0;0;0;0;0;0;0;0;0;(-38.5825439 -3.757556098);
358498;2020-05-30 16:42:00;AVENIDA ALBERTO CRAVEIRO, ;RUA PAULA FRANCINETE, ; ;;;Colisão;Luz do Dia;;;T;Pare;Cruzamento;0;2;0;1;0;0;1;0;0;0;0;0;0;(-38.518044 -3.795238);
358497;2020-05-30 16:18:00;RUA PDE PERDIGAO SAMPAIO, 221;, ; 221;;;Colisão;Luz do Dia;;;Meio de Quadra;;Longo da via;0;2;0;1;1;0;0;0;0;0;0;0;0;(-38.595163 -3.736417);
358496;2020-05-30 15:09:00;RUA CAP CLOVIS MAIA, 2230;, ; 2230;;;Queda;Luz do Dia;;;Meio de Quadra;;Longo da via;0;1;0;1;0;0;0;0;0;0;0;0;0;(-38.4580203 -3.7300745);
358495;2020-05-30 14:12:00;AVENIDA ENG SANTANA JUNIOR, ;AVENIDA SANTOS DUMONT, ; ;;;Queda;Luz do Dia;;;Cruz;Não Há Controle;Cruzamento;0;1;0;1;0;0;0;0;0;0;0;0;0;(-38.485132 -3.740506);
358494;2020-05-30 12:06:00;RUA PAURILO BARROSO, 1024;, ; 1024;;;Colisão;Luz do Dia;;;Meio de Quadra;;Longo da via;0;2;0;1;1;0;0;0;0;0;0;0;0;(-38.57173 -3.80753);
358335;2020-05-30 11:21:00;AVENIDA PERIMETRAL, 2714;, ; 2714;;;Colisão;Luz do Dia;;;Meio de Quadra;;Longo da via;0;2;0;1;1;0;0;0;0;0;0;0;0;(0 0);
358334;2020-05-30 10:05:00;AVENIDA MAJ ASSIS, 1265;, ; 1265;;;Queda;Luz do Dia;;;Meio de Quadra;;Longo da via;0;1;0;1;0;0;0;0;0;0;0;0;0;(-38.59063 -3.72328);
358333;2020-05-30 09:36:00;AVENIDA DOS EXPEDICIONARIOS, 3190;, ; 3190;;;Atropelamento;Luz do Dia;;;Meio de Quadra;;Longo da via;0;2;0;0;1;0;0;0;0;0;0;0;0;(-38.5356795 -3.746858);
356658;2020-05-30 09:30:00;AVENIDA DOS EXPEDICIONARIOS, 3214;, ; 3214;;;Atropelamento;Luz do Dia;Bom;Seca;Meio de Quadra;Não Há Controle;Longo da via;0;1;1;0;1;0;0;0;0;0;0;0;0;(-38.5356795 -3.746858);
358332;2020-05-30 07:10:00;RUA PRIMEIRO DE JANEIRO, 938;, ; 938;;;Colisão;Luz do Dia;;;Meio de Quadra;;Longo da via;0;2;0;1;1;0;0;0;0;0;0;0;0;(-38.56892 -3.78424);
358331;2020-05-30 02:00:00;AVENIDA C CJ CEARA, 1859;, ; 1859;;;Queda;;;;Meio de Quadra;;Longo da via;0;1;0;1;0;0;0;0;0;0;0;0;0;(-38.61586 -3.77484);
358330;2020-05-30 00:57:00;RUA LUCAS PINTO, ;RUA GOMES PASSOS, ; ;;;Queda;Via Iluminada;Bom;Seca;Cruz;Pare;Cruzamento;1;0;0;1;0;0;0;0;0;0;0;0;0;(-38.55819 -3.712266);
358328;2020-05-29 21:38:00;RUA BELO HORIZONTE, ;, ; ;;;Colisão;;;;Meio de Quadra;;Longo da via;0;2;0;2;0;0;0;0;0;0;0;0;0;(0 0);
358329;2020-05-29 21:38:00;RUA BELO HORIZONTE, ;RUA BENTO LOUSADO, ; ;;;Colisão;;;;Cruz;Pare;Cruzamento;0;2;0;2;0;0;0;0;0;0;0;0;0;(-38.568686 -3.765738);
358327;2020-05-29 21:05:00;AVENIDA WENEFRIDO MELO, ;, ; ;;;Atropelamento;;;;Meio de Quadra;;Longo da via;0;2;0;0;0;0;1;0;0;0;0;0;0;(0 0);
358326;2020-05-29 20:42:00;RUA TEBAS, 591;, ; 591;;;Colisão;;;;Meio de Quadra;;Longo da via;0;2;0;2;0;0;0;0;0;0;0;0;0;(-38.6202 -3.81336);
358828;2020-05-29 20:40:00;RD CE-040, ;, ; ;;;Atropelamento;;;;Meio de Quadra;;Longo da via;0;2;0;0;0;0;0;0;0;0;0;0;0;(-38.47873348 -3.809596804);
358325;2020-05-29 20:29:00;AVENIDA SANTOS DUMONT, 5071;, ; 5071;;;Queda;;;;Meio de Quadra;;Longo da via;0;1;0;1;0;0;0;0;0;0;0;0;0;(-38.486461277 -3.74007594);
358324;2020-05-29 19:58:00;RUA GAL CLARINDO DE QUEIROZ, 589;, ; 589;;;Atropelamento;;;;Meio de Quadra;;Longo da via;0;2;0;0;1;0;0;0;0;0;0;0;0;(-38.52941016 -3.732943632);
358323;2020-05-29 19:06:00;RUA JOCKEY CLUBE, 901;, ; 901;;;Queda;;;;Meio de Quadra;;Longo da via;0;1;0;1;0;0;0;0;0;0;0;0;0;(-38.583028 -3.760435);
358322;2020-05-29 18:43:00;RUA CATOLE, 2480;, ; 2480;;;Queda;;;;Meio de Quadra;;Longo da via;0;1;0;1;0;0;0;0;0;0;0;0;0;(-38.521637 -3.851575);
358321;2020-05-29 18:29:00;RUA TULIPA, 773;, ; 773;;;Colisão;Anoitecer;;;Meio de Quadra;;Longo da via;0;2;0;1;1;0;0;0;0;0;0;0;0;(-38.5805961 -3.71730316);
358320;2020-05-29 18:29:00;AVENIDA WASHINGTON SOARES, ;, ; ;;;Atropelamento;Anoitecer;;;Meio de Quadra;;Longo da via;0;2;0;0;1;0;0;0;0;0;0;0;0;(0 0);
358319;2020-05-29 18:24:00;RUA VIA LACTEA, 187;, ; 187;;;Atropelamento;Anoitecer;;;Meio de Quadra;;Longo da via;0;2;0;0;1;0;0;0;0;0;0;0;0;(-38.52934 -3.7627);
358318;2020-05-29 17:50:00;RUA VERBENA, 300;, ; 300;;;Atropelamento;Anoitecer;;;Meio de Quadra;;Longo da via;0;2;0;0;0;0;0;0;0;0;0;0;0;(-38.588059778 -3.77850137);
358317;2020-05-29 17:43:00;ESTRADA ANTIGA PARA AQUIRAZ, 1062;, ; 1062;;;Colisão;Anoitecer;;;Meio de Quadra;;Longo da via;0;2;0;2;0;0;0;0;0;0;0;0;0;(-38.48764 -3.83805);
358316;2020-05-29 17:11:00;AVENIDA LUCIANO CARNEIRO, 2500;, ; 2500;;;Colisão;Anoitecer;;;Meio de Quadra;;Longo da via;0;1;1;1;1;0;0;0;0;0;0;0;0;(-38.53827833 -3.770124);
358314;2020-05-29 16:53:00;AVENIDA DOMINGOS OLIMPIO, ;RUA DOM JERONIMO D06, ; ;;;Colisão;Luz do Dia;;;Cruz;Pare;Cruzamento;0;2;0;1;1;0;0;0;0;0;0;0;0;(-38.543457 -3.733201);
358313;2020-05-29 15:39:00;RUA JOSE FACANHA, 708;, ; 708;;;Queda;Luz do Dia;;;Meio de Quadra;;Longo da via;0;1;0;1;0;0;0;0;0;0;0;0;0;(-38.55752675 -3.751902);
358717;2020-05-29 15:37:00;AVENIDA GODOFREDO MACIEL, ;RUA NEREU RAMOS, ; ;;;Queda;Luz do Dia;;;T;Semáforo;Cruzamento;0;1;0;1;0;0;0;0;0;0;0;0;0;(-38.566802 -3.78725);
358716;2020-05-29 12:46:00;RUA FRANCISCANO, 951;, ; 951;;;Colisão;Luz do Dia;Bom;Seca;Meio de Quadra;Não Há Controle;Longo da via;0;1;0;0;1;0;0;0;0;0;0;0;0;(-38.6059 -3.8);
358715;2020-05-29 11:11:00;AVENIDA LINEU MACHADO, 246;, ; 246;;;Colisão;Luz do Dia;;;Meio de Quadra;;Longo da via;0;2;0;1;1;0;0;0;0;0;0;0;0;(-38.5752185 -3.7627065);
358751;2020-05-29 10:10:00;RD BR 116, 1000;, ; 1000;;;Engavetamento;Luz do Dia;;;Meio de Quadra;;Longo da via;0;1;4;0;3;0;0;0;1;0;0;0;0;(-38.518702 -3.762554);
358714;2020-05-29 07:22:00;AVENIDA DR SILAS MUNGUBA, 3394;, ; 3394;;;Colisão;Luz do Dia;;;Meio de Quadra;;Longo da via;0;1;1;0;1;0;0;0;0;1;0;0;0;(-38.5437143 -3.78921792);
358713;2020-05-29 06:47:00;RD BR 116, 10000;, ; 10000;;;Queda;Luz do Dia;;;Meio de Quadra;;Longo da via;0;1;0;1;0;0;0;0;0;0;0;0;0;(-38.503373 -3.834435);
358712;2020-05-28 21:29:00;RUA DES PRAXEDES, 710;, ; 710;;;Queda;;;;Meio de Quadra;;Longo da via;0;1;0;0;0;0;0;0;0;1;0;0;0;(-38.548084 -3.760091);
358711;2020-05-28 21:21:00;AVENIDA ROGACIANO LEITE, ;RUA PDE FRANCISCO PITA, ; ;;;Atropelamento;;;;Cruz;Semáforo;Cruzamento;0;2;0;0;0;0;0;0;0;0;0;0;0;(-38.501766 -3.78096);
358741;2020-05-28 20:46:00;AVENIDA DOM LUIS, 1400;, ; 1400;;;Colisão Traseira;Via Iluminada;Bom;Seca;Meio de Quadra;Semáforo;Longo da via;0;1;2;1;2;0;0;0;0;0;0;0;0;(-38.488881 -3.7358755);
356657;2020-05-28 19:38:00;RUA PEREIRA FILGUEIRAS, ;RUA SILVA PAULET, ; ;;;Colisão Lateral;Via Iluminada;Bom;Seca;Cruz;Pare;Cruzamento;0;2;0;0;2;0;0;0;0;0;0;0;0;(-38.504338 -3.731144);
358710;2020-05-28 19:18:00;RUA BARRA VERMELHA, 370;, ; 370;;;Colisão;;;;Meio de Quadra;;Longo da via;0;2;0;2;0;0;0;0;0;0;0;0;0;(-38.61227 -3.77898);
358709;2020-05-28 19:15:00;AVENIDA DOM LUIS, 1400;, ; 1400;;;Colisão;;;;Meio de Quadra;;Longo da via;0;2;0;1;1;0;0;0;0;0;0;0;0;(-38.488881 -3.7358755);
358708;2020-05-28 18:30:00;RUA DES PRAXEDES, 246;, ; 246;;;Colisão;Anoitecer;;;Meio de Quadra;;Longo da via;0;2;0;1;1;0;0;0;0;0;0;0;0;(-38.5520883 -3.75790433);
358707;2020-05-28 18:25:00;AVENIDA FRANCISCO SA, 6055;, ; 6055;;;Colisão;Anoitecer;;;Meio de Quadra;;Longo da via;0;2;0;1;1;0;0;0;0;0;0;0;0;(-38.579004 -3.70998);
358706;2020-05-28 17:14:00;AVENIDA I CJ JOSE WALTER, 570;, ; 570;;;Queda;Anoitecer;;;Meio de Quadra;;Longo da via;0;1;0;1;0;0;0;0;0;0;0;0;0;(-38.552008 -3.8293215);
356656;2020-05-28 16:38:00;RUA PAJE, 280;, ; 280;;;Colisão Frontal;Luz do Dia;Bom;Seca;Meio de Quadra;Pare;Longo da via;0;1;1;1;1;0;0;0;0;0;0;0;0;(-38.58333 -3.7032);
358826;2020-05-28 16:14:00;RUA BAR AQUIRAZ, 1300;, ; 1300;;;Colisão;Luz do Dia;;;Meio de Quadra;;Longo da via;0;1;0;0;0;0;0;0;0;0;0;0;0;(-38.486179 -3.839712);
356655;2020-05-28 15:23:00;RUA BAR AQUIRAZ, ;RUA LUIZ FCO XAVIER, ; ;;;Colisão Frontal;Luz do Dia;Bom;Seca;Duplo T;Pare;Cruzamento;0;2;1;2;1;0;0;0;0;0;0;0;0;(-38.485953 -3.839892);
358705;2020-05-28 11:20:00;RUA COLETORA A (MONDUBIM), 303;, ; 303;;;Colisão;Luz do Dia;;;Meio de Quadra;;Longo da via;0;2;0;1;1;0;0;0;0;0;0;0;0;(-38.58028 -3.81665);
358704;2020-05-28 11:17:00;RUA PAPI JUNIOR, 2270;, ; 2270;;;Atropelamento;Luz do Dia;;;Meio de Quadra;;Longo da via;0;2;0;0;1;0;0;0;0;0;0;0;0;(-38.5596705 -3.75451686);
358703;2020-05-28 10:18:00;RUA ASSUNCAO, ;AVENIDA DOMINGOS OLIMPIO, ; ;;;Colisão;Luz do Dia;;;Cruz;Semáforo;Cruzamento;0;2;0;1;1;0;0;0;0;0;0;0;0;(-38.529548 -3.737192);
358702;2020-05-28 08:12:00;RUA POMPILIO GOMES, 1966;, ; 1966;;;Atropelamento de Animal;Luz do Dia;;;Meio de Quadra;;Longo da via;0;1;0;1;0;0;0;0;0;0;0;0;0;(-38.52008 -3.81169);
358701;2020-05-28 07:54:00;RUA METON DE ALENCAR, ;AVENIDA TRISTAO GONCALVES, ; ;;;Colisão;Luz do Dia;;;Cruz;Semáforo;Cruzamento;0;2;0;1;1;0;0;0;0;0;0;0;0;(-38.534777 -3.732327);
359629;2020-05-28 05:00:00;RUA NARA LEAO, ;, ; ;;;Não informado;Amanhecer;;;Meio de Quadra;;Longo da via;1;0;0;1;0;0;0;0;0;0;0;0;0;(-38.517249 -3.85806);
358700;2020-05-28 02:37:00;RUA POMPILIO GOMES, 1210;, ; 1210;;;Atropelamento;Via Iluminada;Bom;Seca;Meio de Quadra;Não Há Controle;Longo da via;1;1;0;1;0;0;0;0;0;0;0;0;0;(-38.5211242 -3.82503014);
358699;2020-05-27 21:21:00;RUA VICENTE NOBRE MACEDO, 415;, ; 415;;;Queda;;;;Meio de Quadra;;Longo da via;0;1;0;1;0;0;0;0;0;0;0;0;0;(-38.4844798 -3.82618888);
358825;2020-05-27 19:54:00;AVENIDA OLIVEIRA PAIVA, ;, ; ;;;Colisão;;;;Meio de Quadra;;Longo da via;0;2;0;0;2;0;0;0;0;0;0;0;0;(0 0);
358698;2020-05-27 18:11:00;AVENIDA JOSE BASTOS, 5682;, ; 5682;;;Atropelamento;Anoitecer;;;Meio de Quadra;;Longo da via;0;2;0;0;1;0;0;0;0;0;0;0;0;(-38.564999 -3.761363);
358697;2020-05-27 18:09:00;AVENIDA D CJ JOSE WALTER, ;AVENIDA I CJ JOSE WALTER, ; ;;;Colisão;Anoitecer;;;Cruz;Semáforo;Cruzamento;0;2;0;2;0;0;0;0;0;0;0;0;0;(-38.552957 -3.83244);
358696;2020-05-27 17:02:00;RUA MIRTES CORDEIRO, ;, ; ;;;Colisão;Anoitecer;;;Meio de Quadra;;Longo da via;0;2;0;1;1;0;0;0;0;0;0;0;0;(0 0);
358695;2020-05-27 16:45:00;RUA JOAO VITOR, ;, ; ;;;Colisão;Luz do Dia;;;Meio de Quadra;;Longo da via;0;2;0;1;1;0;0;0;0;0;0;0;0;(0 0);
356654;2020-05-27 16:41:00;AVENIDA H CJ CEARA, 1926;, ; 1926;;;Colisão Transversal;Luz do Dia;Bom;Seca;Meio de Quadra;Não Há Controle;Longo da via;0;1;1;1;1;0;0;0;0;0;0;0;0;(-38.61537443 -3.776399071);
358694;2020-05-27 16:33:00;RUA AMADEU FURTADO, ;RUA CON PENAFORT, ; ;;;Colisão;Luz do Dia;;;;;Cruzamento;0;2;0;1;1;0;0;0;0;0;0;0;0;(-38.55975 -3.74564);
358822;2020-05-27 16:05:00;RUA PERGENTINO MAIA, 1558;, ; 1558;;;Colisão;Luz do Dia;;;Meio de Quadra;;Longo da via;0;1;0;0;0;0;0;0;0;0;0;0;0;(-38.4804745 -3.832607);
358693;2020-05-27 16:02:00;RUA WALDIR DIOGO, 621;, ; 621;;;Colisão;Luz do Dia;;;Meio de Quadra;;Longo da via;0;3;0;1;0;0;1;0;0;0;0;0;0;(-38.5834 -3.805635);
358820;2020-05-27 15:50:00;RUA NESTOR BARBOSA, 35;, ; 35;;;Colisão;Luz do Dia;;;Meio de Quadra;;Longo da via;0;2;0;0;0;1;0;0;0;0;1;0;0;(-38.5563129 -3.74421513);
358692;2020-05-27 15:38:00;AVENIDA SEN CARLOS JEREISSATI (AEROPORTO), ;, ; ;;;Queda;Luz do Dia;;;Meio de Quadra;;Longo da via;0;1;0;1;0;0;0;0;0;0;0;0;0;(0 0);
358687;2020-05-27 14:51:00;RUA PERGENTINO MAIA, ;, ; ;;;Colisão;Luz do Dia;;;Meio de Quadra;;Longo da via;0;2;0;0;2;0;0;0;0;0;0;0;0;(0 0);
358686;2020-05-27 13:50:00;AVENIDA ENG HUMBERTO MONTE, 1721;, ; 1721;;;Colisão;Luz do Dia;;;Meio de Quadra;;Longo da via;0;2;0;1;1;0;0;0;0;0;0;0;0;(-38.563177 -3.745905);
356653;2020-05-27 12:30:00;RUA PEDRO PEREIRA, ;RUA VINTE E QUATRO DE MAIO, ; ;;;Colisão Transversal;Luz do Dia;Bom;Seca;Cruz;Pare;Cruzamento;0;1;1;1;1;0;0;0;0;0;0;0;0;(-38.532486 -3.7284);
358685;2020-05-27 12:09:00;AVENIDA PRO GOMES DE MATOS, 1285;, ; 1285;;;Colisão;Luz do Dia;;;Meio de Quadra;;Longo da via;0;2;0;2;0;0;0;0;0;0;0;0;0;(-38.547809 -3.763719);
358684;2020-05-27 07:41:00;RUA MARIA LUIZA, 27;, ; 27;;;Colisão;Luz do Dia;;;Meio de Quadra;;Longo da via;0;1;0;0;0;0;0;0;0;0;0;0;0;(-38.54554 -3.71898);
358683;2020-05-26 19:35:00;RUA NORUEGA, 241;, ; 241;;;Queda;;;;Meio de Quadra;;Longo da via;0;1;0;1;0;0;0;0;0;0;0;0;0;(-38.5649 -3.79005);
358682;2020-05-26 19:20:00;RUA ARTUR DE CARVALHO, 1331;, ; 1331;;;Colisão;;;;Meio de Quadra;;Longo da via;0;1;0;0;0;0;0;0;0;0;0;0;0;(-38.6063301 -3.79468);
358681;2020-05-26 18:15:00;AVENIDA PERIMETRAL, ;, ; ;;;Colisão;Anoitecer;;;Meio de Quadra;;Longo da via;0;1;1;0;1;0;0;0;0;1;0;0;0;(0 0);
358680;2020-05-26 17:56:00;RUA MONTEIRO LOBATO, 1179;, ; 1179;;;Queda;Anoitecer;;;Meio de Quadra;;Longo da via;0;1;0;0;0;0;0;0;0;1;0;0;0;(-38.6259 -3.81598);
358679;2020-05-26 17:49:00;AVENIDA GAL OSORIO DE PAIVA, 5629;, ; 5629;;;Atropelamento;Anoitecer;;;Meio de Quadra;;Longo da via;0;2;0;0;1;0;0;0;0;0;0;0;0;(-38.6034549 -3.80612979);
358678;2020-05-26 17:44:00;RUA SAO PAULO, ;RUA SEN POMPEU, ; ;;;Colisão;Anoitecer;;;Cruz;Semáforo;Cruzamento;0;2;0;1;1;0;0;0;0;0;0;0;0;(-38.529196 -3.725486);
356652;2020-05-26 15:33:00;RUA CAP GUSTAVO, ;RUA CAP TIBURCIO DA FROTA, ; ;;;Colisão Transversal;Luz do Dia;Bom;Seca;Cruz;Pare;Cruzamento;0;2;0;1;1;0;0;0;0;0;0;0;0;(-38.516738 -3.755243);
358677;2020-05-26 15:00:00;RUA NESTOR BARBOSA, ;RUA AMADEU FURTADO, ; ;;;Colisão;Luz do Dia;;;Cruz;Pare;Cruzamento;0;2;0;1;1;0;0;0;0;0;0;0;0;(-38.562047 -3.745408);
358676;2020-05-26 13:35:00;RUA TAQUATIARA, ;, ; ;;;Colisão;Luz do Dia;;;Meio de Quadra;;Longo da via;0;2;0;1;1;0;0;0;0;0;0;0;0;(0 0);
358675;2020-05-26 12:58:00;RUA PORTO VELHO, 1424;, ; 1424;;;Colisão;Luz do Dia;;;Meio de Quadra;;Longo da via;0;2;0;1;1;0;0;0;0;0;0;0;0;(-38.59149 -3.76357);
356651;2020-05-26 12:40:00;RUA MAL BITENCOURT, 315;, ; 315;;;Colisão Lateral;Luz do Dia;Bom;Seca;Meio de Quadra;Semáforo;Longo da via;0;2;1;2;1;0;0;0;0;0;0;0;0;(-38.58852 -3.76515);
358674;2020-05-26 09:12:00;AVENIDA WASHINGTON SOARES, ;, ; ;;;Colisão;Luz do Dia;;;Meio de Quadra;;Longo da via;0;3;0;2;0;0;0;0;0;0;0;0;0;(0 0);
358819;2020-05-26 09:00:00;RUA HIS GUARINO ALVES, ;, ; ;;;Colisão;Luz do Dia;;;Meio de Quadra;;Longo da via;0;2;0;0;2;0;0;0;0;0;0;0;0;(0 0);
358673;2020-05-26 08:05:00;RUA DNA LEOPOLDINA, ;RUA PINTO MADEIRA, ; ;;;Colisão;Luz do Dia;;;Cruz;Semáforo;Cruzamento;0;2;0;1;1;0;0;0;0;0;0;0;0;(-38.519664 -3.73165);
358672;2020-05-26 06:50:00;RD QUARTO ANEL VIARIO, ;, ; ;;;Colisão;Luz do Dia;;;Meio de Quadra;;Longo da via;0;2;0;2;0;0;0;0;0;0;0;0;0;(0 0);
358671;2020-05-26 00:06:00;RUA GUILHERME PESSOA, 683;, ; 683;;;Colisão;;;;Meio de Quadra;;Longo da via;0;2;0;1;1;0;0;0;0;0;0;0;0;(-38.4891836 -3.82694925);
358670;2020-05-25 21:36:00;RUA SILVEIRA FILHO, ;RUA DES GOMES PARENTE, ; ;;;Colisão;;;;;;Cruzamento;0;2;0;2;0;0;0;0;0;0;0;0;0;(-38.57785 -3.77379);
358669;2020-05-25 20:39:00;AVENIDA DA INDEPENDENCIA, ;AVENIDA MOZART PINHEIRO DE LUCENA, ; ;;;Colisão;;;;Cruz;Semáforo;Cruzamento;0;2;0;2;0;0;0;0;0;0;0;0;0;(-38.597615 -3.724957);
358668;2020-05-25 19:48:00;AVENIDA SEN FERNANDES TAVORA, 2433;, ; 2433;;;Queda;;;;Meio de Quadra;;Longo da via;0;1;0;1;0;0;0;0;0;0;0;0;0;(-38.593889 -3.755953);
358667;2020-05-25 19:07:00;RUA LONDRINA, 518;, ; 518;;;Colisão;;;;Meio de Quadra;;Longo da via;0;2;0;1;1;0;0;0;0;0;0;0;0;(-38.5959623 -3.78307297);
359342;2020-05-25 18:08:00;AVENIDA MIN JOSE AMERICO, 395;, ; 395;;;Colisão;Anoitecer;;;Meio de Quadra;;Longo da via;0;2;0;1;1;0;0;0;0;0;0;0;0;(-38.4962638 -3.8113122);
358665;2020-05-25 18:06:00;RUA ALBERTO MAGNO, ;RUA DOM CARLOTO TAVORA, ; ;;;Colisão;Anoitecer;;;Cruz;Pare;Cruzamento;0;1;0;0;0;0;0;0;0;0;0;0;0;(-38.553495 -3.770832);
359341;2020-05-25 17:58:00;AVENIDA DOM MANUEL, ;AVENIDA SANTOS DUMONT, ; ;;;Atropelamento;Anoitecer;;;Cruz;Semáforo;Cruzamento;0;2;0;0;0;0;0;0;0;0;0;0;0;(-38.52125 -3.728774);
358815;2020-05-25 17:45:00;RUA PEREIRA DE MIRANDA, ;, ; ;;;Colisão;Anoitecer;;;Meio de Quadra;;Longo da via;0;2;0;0;1;0;0;1;0;0;0;0;0;(-38.485186 -3.738737);
358664;2020-05-25 17:07:00;RUA COSTA BARROS, ;RUA GONCALVES LEDO, ; ;;;Colisão;Anoitecer;;;Cruz;Pare;Cruzamento;0;2;0;2;0;0;0;0;0;0;0;0;0;(-38.515426 -3.729088);
358660;2020-05-25 17:03:00;RUA CON DE CASTRO, 3505;, ; 3505;;;Queda;Anoitecer;;;Meio de Quadra;;Longo da via;0;1;0;1;0;0;0;0;0;0;0;0;0;(-38.5857497 -3.79830975);
358659;2020-05-25 16:51:00;RUA VALDEMAR HOLANDA, 743;, ; 743;;;Colisão;Luz do Dia;;;Meio de Quadra;;Longo da via;0;2;0;1;1;0;0;0;0;0;0;0;0;(-38.5934655 -3.7705571);
356650;2020-05-25 14:55:00;AVENIDA PERIMETRAL, 81;, ; 81;;;Colisão Traseira;Luz do Dia;Bom;Seca;Meio de Quadra;Não Há Controle;Longo da via;0;1;1;1;0;0;0;1;0;0;0;0;0;(0 0);
358656;2020-05-25 14:16:00;AVENIDA ALM HENRIQUE SABOIA, ;, ; ;;;Queda;Luz do Dia;;;Meio de Quadra;;Longo da via;0;1;0;1;0;0;0;0;0;0;0;0;0;(0 0);
356649;2020-05-25 14:10:00;RUA OSVALDO CRUZ, 2095;, ; 2095;;;Colisão Traseira;Luz do Dia;Bom;Seca;Meio de Quadra;Não Há Controle;Longo da via;0;1;1;1;1;0;0;0;0;0;0;0;0;(-38.50227 -3.74182);
358657;2020-05-25 14:00:00;AVENIDA DR ALDY MENTOR, ;, ; ;;;Queda;Luz do Dia;;;Meio de Quadra;;Longo da via;1;0;0;1;0;0;0;0;0;0;0;0;0;(-38.445917 -3.755956);
358655;2020-05-25 12:43:00;RUA BERNARDO MANUEL, 9976;, ; 9976;;;Colisão;Luz do Dia;;;Meio de Quadra;;Longo da via;0;1;1;0;1;0;0;0;0;1;0;0;0;(-38.55321 -3.804702);
358654;2020-05-25 12:35:00;AVENIDA JOR THOMAZ COELHO, 1921;, ; 1921;;;Colisão;Luz do Dia;;;Meio de Quadra;;Longo da via;0;2;0;0;2;0;0;0;0;0;0;0;0;(-38.512474 -3.828835);
358653;2020-05-25 11:42:00;RUA DOM PEDRO II, 1717;, ; 1717;;;Colisão;Luz do Dia;;;Meio de Quadra;;Longo da via;0;3;0;2;0;0;0;0;0;0;0;0;0;(-38.56216 -3.77432);
356647;2020-05-25 11:12:00;RUA PERILIO TEIXEIRA, ;AVENIDA GENIBAU, ; ;;;Colisão Transversal;Luz do Dia;Bom;Seca;Cruz;Pare;Cruzamento;0;2;0;1;0;0;0;0;0;0;0;0;0;(-38.60205 -3.760373);
358817;2020-05-25 10:50:00;AVENIDA SEN FERNANDES TAVORA, 921;, ; 921;;;Colisão;Luz do Dia;;;Meio de Quadra;;Longo da via;0;3;0;0;3;0;0;0;0;0;0;0;0;(-38.580926 -3.762847);
356648;2020-05-25 10:44:00;AVENIDA DEP PAULINO ROCHA, 2307;, ; 2307;;;Atropelamento;Luz do Dia;Bom;Seca;Meio de Quadra;Não Há Controle;Longo da via;0;1;1;0;1;0;0;0;0;0;0;0;0;(-38.5084872 -3.8064486);
358651;2020-05-25 09:48:00;RUA VALPARAISO, 1926;, ; 1926;;;Colisão;Luz do Dia;;;Meio de Quadra;;Longo da via;0;2;0;1;1;0;0;0;0;0;0;0;0;(-38.519112 -3.846407);
358650;2020-05-25 07:32:00;AVENIDA FRANCISCO SA, ;, ; ;;;Queda;Luz do Dia;;;Meio de Quadra;;Longo da via;0;1;0;1;0;0;0;0;0;0;0;0;0;(0 0);
358649;2020-05-25 07:07:00;RUA MON SALAZAR, 722;, ; 722;;;Colisão;Luz do Dia;;;Meio de Quadra;;Longo da via;0;2;0;1;1;0;0;0;0;0;0;0;0;(-38.51318 -3.756019);
356645;2020-05-25 06:38:00;RUA 15 DE NOVEMBRO, 930;, ; 930;;;Queda;Luz do Dia;Bom;Seca;Meio de Quadra;Semáforo;Longo da via;0;1;0;1;0;0;0;0;0;0;0;0;0;(-38.55210047 -3.770297349);