COD_ACIDENTE;DATA;LOG1;LOG2;NUMERO;BAIRRO;AMC;NATUREZA;ILUMINACAO;TEMPO;SUPERFICIEPISTA;TIPOCRUZAMENTO;CONTROLETRAFEGO;USOSOLO;MORTOS;FERIDOS;ILESOS;MOTOCICLETA;AUTOMOVEL;MICROONIBUS;CAMINHAO;ONIBUS;CICLOMOTOR;BICICLETA;OUTROS;TREM;TRACAOANIMAL;COORDENADAS
358647;2020-05-25 02:43:00;RUA OLAVO DE ANDRADE, 63;, ; 63;;;Queda;;;;Meio de Quadra;;Longo da via;0;1;0;1;0;0;0;0;0;0;0;0;0;(-38.556591 -3.71317215);
359630;2020-05-25 00:30:00;RUA PDE PERDIGAO SAMPAIO, 100;, ; 100;;;Choque c/ Obstáculo Fixo;;;;Meio de Quadra;;Longo da via;1;0;0;1;0;0;0;0;0;0;0;0;0;(-38.59696 -3.73238);
358646;2020-05-25 00:28:00;RUA PRO HERIBALDO COSTA, 645;, ; 645;;;Queda;;;;Meio de Quadra;;Longo da via;0;1;0;1;0;0;0;0;0;0;0;0;0;(-38.582985 -3.75836243);
358645;2020-05-25 00:08:00;RUA DNA LUCIA PINHEIRO (QUINTINO CUNHA), 42;, ; 42;;;Colisão;;;;Meio de Quadra;;Longo da via;0;1;0;0;0;0;0;0;0;0;0;0;0;(-38.5975145 -3.7321275);
358644;2020-05-24 21:45:00;RUA DIOGO CORREIA, 462;, ; 462;;;Queda;;;;Meio de Quadra;;Longo da via;0;1;0;1;0;0;0;0;0;0;0;0;0;(-38.590479 -3.77019375);
358643;2020-05-24 20:33:00;AVENIDA GODOFREDO MACIEL, 2300;, ; 2300;;;Colisão;;;;Meio de Quadra;;Longo da via;0;2;0;2;0;0;0;0;0;0;0;0;0;(-38.5696248 -3.79554082);
358642;2020-05-24 19:03:00;RUA SEN ROBERT KENNEDY, 201;, ; 201;;;Colisão;;;;Meio de Quadra;;Longo da via;0;1;0;0;0;0;0;0;0;0;0;0;0;(-38.577846 -3.701582);
358640;2020-05-24 18:29:00;RUA BERNARDO MANUEL, 10496;, ; 10496;;;Colisão;Anoitecer;;;Meio de Quadra;;Longo da via;0;2;0;1;1;0;0;0;0;0;0;0;0;(-38.555252 -3.8111365);
358639;2020-05-24 17:33:00;AVENIDA PRS CASTELO BRANCO, ;, ; ;;;Queda;Anoitecer;;;Meio de Quadra;;Longo da via;0;1;0;0;0;0;0;0;0;1;0;0;0;(0 0);
358637;2020-05-24 15:50:00;RD BR 116, ;, ; ;;;Atropelamento;Luz do Dia;;;Meio de Quadra;;Longo da via;0;2;0;0;1;0;0;0;0;0;0;0;0;(0 0);
358638;2020-05-24 15:40:00;RD BR 116, 4000;, ; 4000;;;Colisão Lateral;Luz do Dia;;;Meio de Quadra;;Longo da via;0;2;2;1;2;0;0;0;0;0;0;0;0;(-38.503869 -3.802354);
356644;2020-05-24 15:26:00;AVENIDA LUCIANO CARNEIRO, ;AVENIDA LAURO VIEIRA CHAVES, ; ;;;Colisão Transversal;Luz do Dia;Bom;Seca;T;Pare;Cruzamento;0;0;2;0;2;0;0;0;0;0;0;0;0;(-38.538795 -3.772068);
358610;2020-05-24 15:12:00;AVENIDA CEL CARVALHO, ;, ; ;;;Colisão;Luz do Dia;;;Meio de Quadra;;Longo da via;0;2;0;1;1;0;0;0;0;0;0;0;0;(0 0);
358609;2020-05-24 14:41:00;RUA VASCO DE ATAIDE, 1126;, ; 1126;;;Colisão;Luz do Dia;;;Meio de Quadra;;Longo da via;0;2;0;2;0;0;0;0;0;0;0;0;0;(-38.4839692 -3.82440117);
358608;2020-05-24 14:19:00;AVENIDA LUCIANO CARNEIRO, ;, ; ;;;Colisão;Luz do Dia;;;Meio de Quadra;;Longo da via;0;2;0;0;2;0;0;0;0;0;0;0;0;(0 0);
358813;2020-05-24 12:45:00;RUA GAL SAMPAIO, ;RUA PEDRO PEREIRA, ; ;;;Colisão;Luz do Dia;;;Cruz;Semáforo;Cruzamento;0;2;0;1;1;0;0;0;0;0;0;0;0;(-38.531335 -3.728779);
358607;2020-05-24 12:34:00;RUA ALBERTO MAGNO, 1001;, ; 1001;;;Colisão;Luz do Dia;;;Meio de Quadra;;Longo da via;0;2;0;1;1;0;0;0;0;0;0;0;0;(-38.548491 -3.763194);
358606;2020-05-24 12:20:00;AVENIDA MR HULL, 5390;, ; 5390;;;Queda;Luz do Dia;;;Meio de Quadra;;Longo da via;0;1;0;1;0;0;0;0;0;0;0;0;0;(-38.59296 -3.739869);
358605;2020-05-24 12:06:00;RUA GAL SAMPAIO, 159;, ; 159;;;Colisão;Luz do Dia;;;Meio de Quadra;;Longo da via;0;2;0;1;1;0;0;0;0;0;0;0;0;(-38.5297263 -3.72044945);
356642;2020-05-24 09:23:00;RUA ANTONIO ROCHA, 847;, ; 847;;;Choque c/ Obstáculo Fixo;Luz do Dia;Bom;Seca;Meio de Quadra;Não Há Controle;Longo da via;0;0;1;0;1;0;0;0;0;0;0;0;0;(-38.4976 -3.7798);
356643;2020-05-24 08:45:00;RUA BOM JESUS (GRANJA LISBOA), ;, ; ;;;Choque c/ Obstáculo Fixo;Luz do Dia;Bom;Seca;Meio de Quadra;Não Há Controle;Longo da via;0;1;0;0;1;0;0;0;0;0;0;0;0;(-38.6177595 -3.789095);
358604;2020-05-24 07:54:00;AVENIDA DES FAUSTINO ALBUQUERQUE, ;RUA ANTONIO ROCHA, ; ;;;Colisão;Luz do Dia;;;T;;Cruzamento;0;2;0;1;1;0;0;0;0;0;0;0;0;(-38.49767 -3.7798);
359627;2020-05-24 07:24:00;RUA SAO PAULO, 122;, ; 122;;;Colisão;Luz do Dia;;;Meio de Quadra;;Longo da via;1;0;0;1;0;0;0;0;0;0;0;0;0;(-38.52658 -3.72631);
358603;2020-05-24 07:16:00;RUA CARNAUBAL, ;, ; ;;;Queda;Luz do Dia;;;Meio de Quadra;;Longo da via;0;1;0;1;0;0;0;0;0;0;0;0;0;(0 0);
358600;2020-05-24 02:59:00;AVENIDA ENG HUMBERTO MONTE, 1230;, ; 1230;;;Queda;;;;Meio de Quadra;;Longo da via;0;1;0;1;0;0;0;0;0;0;0;0;0;(-38.5608749 -3.74860337);
358602;2020-05-24 02:59:00;RUA GONCALVES LEDO, 1013;, ; 1013;;;Colisão;;;;Meio de Quadra;;Longo da via;0;2;0;1;1;0;0;0;0;0;0;0;0;(-38.5165933 -3.73294268);
358312;2020-05-23 23:36:00;RUA 1123 CJ CEARA, 16;, ; 16;;;Colisão;;;;Meio de Quadra;;Longo da via;0;2;0;1;1;0;0;0;0;0;0;0;0;(-38.6132974 -3.76144094);
358311;2020-05-23 22:43:00;RUA BRI TORRES, 1585;, ; 1585;;;Colisão;;;;Meio de Quadra;;Longo da via;1;1;0;1;0;0;0;0;0;0;0;0;0;(-38.58275 -3.77159);
358310;2020-05-23 22:38:00;AVENIDA GOV RAUL BARBOSA, ;, ; ;;;Colisão;;;;Meio de Quadra;;Longo da via;0;2;0;1;1;0;0;0;0;0;0;0;0;(0 0);
356641;2020-05-23 21:42:00;RUA PRO HERIBALDO COSTA, 1835;, ; 1835;;;Colisão Traseira;Via Iluminada;Bom;Seca;Meio de Quadra;Não Há Controle;Longo da via;0;0;3;0;3;0;0;0;0;0;0;0;0;(-38.5879902 -3.76788556);
356640;2020-05-23 20:34:00;RUA CON DE CASTRO, ;RUA EDUARDO PERDIGAO, ; ;;;Colisão Transversal;Via Iluminada;Bom;Seca;Cruz;Pare;Cruzamento;0;1;1;1;1;0;0;0;0;0;0;0;0;(-38.564769 -3.775579);
358309;2020-05-23 20:10:00;RUA LAURO NOGUEIRA, 975;, ; 975;;;Colisão;;;;Meio de Quadra;;Longo da via;0;1;0;0;0;0;0;0;0;0;0;0;0;(-38.47734 -3.74034);
358308;2020-05-23 18:44:00;AVENIDA ANTONIO SALES, 222;, ; 222;;;Colisão;;;;Meio de Quadra;;Longo da via;0;2;0;1;1;0;0;0;0;0;0;0;0;(-38.520316 -3.739866);
358307;2020-05-23 18:42:00;RUA NOGUEIRA ACIOLI, ;AVENIDA ANTONIO SALES, ; ;;;Colisão;;;;Cruz;Semáforo;Cruzamento;0;2;0;1;1;0;0;0;0;0;0;0;0;(-38.520316 -3.739866);
358306;2020-05-23 18:36:00;AVENIDA FRANCISCO SA, ;, ; ;;;Colisão;;;;Meio de Quadra;;Longo da via;0;1;0;0;0;0;0;0;0;0;0;0;0;(0 0);
358305;2020-05-23 17:57:00;AVENIDA MIN JOSE AMERICO, ;RUA CRISANTO M DA ROCHA, ; ;;;Colisão;Anoitecer;;;T;Semáforo;Cruzamento;0;1;0;0;0;0;0;0;0;0;0;0;0;(-38.483564 -3.810425);
358304;2020-05-23 16:34:00;RUA ALFREDO DE CASTRO, ;RUA ALBERTO MAGNO, ; ;;;Colisão;Luz do Dia;;;Cruz;Pare;Cruzamento;0;1;0;0;0;0;0;0;0;0;0;0;0;(-38.548952 -3.763729);
358303;2020-05-23 14:49:00;RUA BARBARA DE ALENCAR, 1260;, ; 1260;;;Colisão;Luz do Dia;;;Meio de Quadra;;Longo da via;0;1;0;0;0;0;0;0;0;0;0;0;0;(-38.5127995 -3.73841858);
358302;2020-05-23 13:40:00;AVENIDA PRO GOMES DE MATOS, 1727;, ; 1727;;;Colisão;Luz do Dia;;;Meio de Quadra;;Longo da via;0;2;0;2;0;0;0;0;0;0;0;0;0;(-38.5503041 -3.7666175);
358301;2020-05-23 13:29:00;AVENIDA PRS JUSCELINO KUBITSCHEK (PASSARÉ), ;, ; ;;;Colisão;Luz do Dia;;;Meio de Quadra;;Longo da via;0;2;0;1;1;0;0;0;0;0;0;0;0;(0 0);
358300;2020-05-23 11:21:00;RUA PORTO VELHO, 424;, ; 424;;;Colisão;Luz do Dia;;;Meio de Quadra;;Longo da via;0;2;0;1;1;0;0;0;0;0;0;0;0;(-38.5845863 -3.76727697);
358299;2020-05-23 09:03:00;RUA LEONARDO MOTA, ;RUA BENI DE CARVALHO, ; ;;;Colisão;Luz do Dia;;;Cruz;Semáforo;Cruzamento;0;2;0;1;1;0;0;0;0;0;0;0;0;(-38.498931 -3.744739);
358298;2020-05-23 08:04:00;AVENIDA PRO GOMES DE MATOS, ;RUA PRO COSTA MENDES, ; ;;;Queda;Luz do Dia;;;Cruz;Semáforo;Cruzamento;0;1;0;1;0;0;0;0;0;0;0;0;0;(-38.542936 -3.758035);
358297;2020-05-23 07:46:00;RUA CECILIA MEIRELES, 366;, ; 366;;;Colisão;Luz do Dia;;;Meio de Quadra;;Longo da via;0;2;0;2;0;0;0;0;0;0;0;0;0;(-38.49014 -3.8198);
358296;2020-05-23 07:11:00;AVENIDA PONTES VIEIRA, ;AVENIDA DES MOREIRA, ; ;;;Queda;Luz do Dia;;;Cruz;Semáforo;Cruzamento;0;1;0;1;0;0;0;0;0;0;0;0;0;(-38.503254 -3.751526);
358295;2020-05-23 01:40:00;AVENIDA SEN FERNANDES TAVORA, ;, ; ;;;Atropelamento;;;;Meio de Quadra;;Longo da via;0;2;0;1;0;0;0;0;0;0;0;0;0;(0 0);
358294;2020-05-23 01:15:00;RUA DR PIO SARAIVA, 236;, ; 236;;;Colisão;;;;Meio de Quadra;;Longo da via;0;3;0;1;1;0;0;0;0;0;0;0;0;(-38.5997415 -3.7361175);
358293;2020-05-22 23:26:00;AVENIDA PERIMETRAL, ;, ; ;;;Choque c/ Obstáculo Fixo;;;;Meio de Quadra;;Longo da via;0;1;0;0;1;0;0;0;0;0;0;0;0;(0 0);
356639;2020-05-22 21:22:00;RUA OLIMPIO LEITE, 649;, ; 649;;;Colisão Transversal;Via Iluminada;Nublado;Molhada;Meio de Quadra;Pare;Longo da via;0;2;1;1;1;0;0;0;0;0;0;0;0;(-38.475712 -3.79064);
358292;2020-05-22 21:16:00;AVENIDA AGUANAMBI, 332;, ; 332;;;Atropelamento;;;;Meio de Quadra;;Longo da via;0;2;0;1;0;0;0;0;0;0;0;0;0;(-38.5249295 -3.740026);
358291;2020-05-22 19:28:00;RUA VALPARAISO, 169;, ; 169;;;Colisão;;;;Meio de Quadra;;Longo da via;0;2;0;1;1;0;0;0;0;0;0;0;0;(-38.521936 -3.846227);
356638;2020-05-22 19:22:00;RUA JORGE ACURCIO, ;RUA DOMINGOS JAGUARIBE, ; ;;;Colisão Transversal;Via Iluminada;Bom;Seca;Cruz;Pare;Cruzamento;0;0;1;0;2;0;0;0;0;0;0;0;0;(-38.532402 -3.7668405);
358290;2020-05-22 19:21:00;AVENIDA JOR THOMAZ COELHO, 44;, ; 44;;;Colisão;;;;Meio de Quadra;;Longo da via;0;2;0;2;0;0;0;0;0;0;0;0;0;(-38.49893 -3.83245);
358739;2020-05-22 19:20:00;RUA ALBERTO MAGNO, ;RUA ALFREDO DE CASTRO, ; ;;;Colisão Transversal;Via Iluminada;Bom;Seca;Cruz;Pare;Cruzamento;0;2;0;0;2;0;0;0;0;0;0;0;0;(-38.548855 -3.7638347);
358288;2020-05-22 18:30:00;RUA TULIPA, 188;, ; 188;;;Colisão;Anoitecer;;;Meio de Quadra;;Longo da via;0;1;0;0;0;0;0;0;0;0;0;0;0;(-38.57877 -3.71254);
358287;2020-05-22 18:24:00;RUA IRINEU DE SOUZA, ;RUA DNA MENDINHA, ; ;;;Atropelamento;Anoitecer;;;Cruz;Pare;Cruzamento;0;2;0;1;0;0;0;0;0;0;0;0;0;(-38.570294 -3.710048);
358270;2020-05-22 18:16:00;RUA VALPARAISO, ;, ; ;;;Atropelamento;Anoitecer;;;Meio de Quadra;;Longo da via;0;3;0;0;1;0;0;0;0;0;0;0;0;(0 0);
358269;2020-05-22 18:16:00;RUA ELIEZER F GUIMARAES, 499;, ; 499;;;Atropelamento;Anoitecer;;;Meio de Quadra;;Longo da via;0;2;0;1;0;0;0;0;0;0;0;0;0;(-38.5751823 -3.7319447);
358267;2020-05-22 18:09:00;RUA JULIO VERNE, 418;, ; 418;;;Colisão;Anoitecer;;;Meio de Quadra;;Longo da via;0;2;0;2;0;0;0;0;0;0;0;0;0;(-38.5531941 -3.77531103);
358265;2020-05-22 18:05:00;ESTRADA SIQUEIRA, ;RUA ALFREDO MAMEDE, ; ;;;Queda;Anoitecer;;;;;Cruzamento;0;1;0;1;0;0;0;0;0;0;0;0;0;(-38.584762 -3.814);
358263;2020-05-22 18:00:00;RUA EST JUCA D45, ;RUA MONTEVIDEU, ; ;;;Colisão;Anoitecer;;;;;Cruzamento;0;1;0;0;0;0;0;0;0;0;0;0;0;(-38.543385 -3.787617);
358245;2020-05-22 17:59:00;RUA ANDRE CHAVES, 546;, ; 546;;;Colisão;Anoitecer;;;Meio de Quadra;;Longo da via;0;1;0;0;0;0;0;0;0;0;0;0;0;(-38.5443318 -3.75493388);
358243;2020-05-22 17:35:00;AVENIDA C CJ CEARA, 1115;, ; 1115;;;Colisão;Anoitecer;;;Meio de Quadra;;Longo da via;0;2;0;2;0;0;0;0;0;0;0;0;0;(-38.612782 -3.76839067);
358242;2020-05-22 16:41:00;RUA FRANCISCO TEIXEIRA DE ALCANTARA, 537;, ; 537;;;Atropelamento;Luz do Dia;;;Meio de Quadra;;Longo da via;0;2;0;0;1;0;0;0;0;0;0;0;0;(-38.45883 -3.73881);
358740;2020-05-22 16:15:00;AVENIDA ANTONIO SALES, ;RUA SILVA PAULET, ; ;;;Atropelamento;Luz do Dia;Nublado;Seca;Cruz;Semáforo;Cruzamento;0;1;1;0;1;0;0;0;0;0;0;0;0;(-38.508383 -3.743595);
358241;2020-05-22 16:06:00;AVENIDA ANTONIO SALES, 1777;, ; 1777;;;Atropelamento;Luz do Dia;;;Meio de Quadra;;Longo da via;0;2;0;0;1;0;0;0;0;0;0;0;0;(-38.508383 -3.743595);
358239;2020-05-22 15:52:00;RUA JULIO BRAGA, 1820;, ; 1820;;;Colisão;Luz do Dia;;;Meio de Quadra;;Longo da via;0;2;0;2;0;0;0;0;0;0;0;0;0;(-38.586487698 -3.773830907);
356636;2020-05-22 14:06:00;RUA PDE PERDIGAO SAMPAIO, ;RUA MARTINS NETO, ; ;;;Colisão Lateral;Luz do Dia;Bom;Seca;Cruz;Pare;Cruzamento;0;1;1;1;1;0;0;0;0;0;0;0;0;(-38.59442 -3.7410924);
358237;2020-05-22 12:37:00;RUA PDE PERDIGAO SAMPAIO, 435;, ; 435;;;Colisão;Luz do Dia;;;Meio de Quadra;;Longo da via;0;1;0;0;0;0;0;0;0;0;0;0;0;(-38.5955052 -3.73539929);
358236;2020-05-22 12:01:00;AVENIDA AGUANAMBI, 837;, ; 837;;;Colisão;Luz do Dia;;;Meio de Quadra;;Longo da via;0;2;0;1;1;0;0;0;0;0;0;0;0;(-38.525627 -3.744039);
358235;2020-05-22 11:01:00;AVENIDA MIGUEL DIAS, 1444;, ; 1444;;;Queda;Luz do Dia;;;Meio de Quadra;;Longo da via;0;1;0;1;0;0;0;0;0;0;0;0;0;(-38.487282 -3.769091);
356646;2020-05-22 08:20:00;AVENIDA GOV RAUL BARBOSA, 5444;, ; 5444;;;Colisão Traseira;Luz do Dia;Bom;Molhada;Meio de Quadra;Não Há Controle;Longo da via;0;1;1;1;0;0;0;1;0;0;0;0;0;(-38.50919 -3.767192);
358210;2020-05-22 00:04:00;RUA RECANTO VERDE, 530;, ; 530;;;Queda;;;;Meio de Quadra;;Longo da via;0;1;0;1;0;0;0;0;0;0;0;0;0;(-38.5111485 -3.8361995);
358812;2020-05-21 23:15:00;AVENIDA ALM HENRIQUE SABOIA, 164;, ; 164;;;Colisão;;;;Meio de Quadra;;Longo da via;0;1;0;0;0;0;0;0;0;0;0;0;0;(-38.47999366 -3.723125806);
358209;2020-05-21 22:08:00;AVENIDA ALM HENRIQUE SABOIA, 172;, ; 172;;;Atropelamento;;;;Meio de Quadra;;Longo da via;0;3;0;1;0;0;0;0;0;0;0;0;0;(-38.4801054 -3.7234177);
356635;2020-05-21 19:55:00;RUA SILVA PAULET, 1412;, ; 1412;;;Choque c/ Obstáculo Fixo;Via Iluminada;Nublado;Seca;Meio de Quadra;Não Há Controle;Longo da via;0;1;0;0;1;0;0;0;0;0;0;0;0;(-38.506093 -3.736537);
358208;2020-05-21 18:31:00;AVENIDA MAJ ASSIS, 482;, ; 482;;;Atropelamento;Anoitecer;;;Meio de Quadra;;Longo da via;0;1;1;0;1;0;0;0;0;0;0;0;0;(-38.5828049 -3.72411804);
358811;2020-05-21 18:00:00;AVENIDA PRS CASTELO BRANCO, 4201;, ; 4201;;;Colisão;Anoitecer;;;Meio de Quadra;;Longo da via;0;2;0;0;1;0;0;0;1;0;0;0;0;(-38.5701829 -3.70775815);
356634;2020-05-21 16:45:00;AVENIDA PRS COSTA E SILVA, 4201;, ; 4201;;;Colisão Transversal;Luz do Dia;Bom;Molhada;Meio de Quadra;Não Há Controle;Longo da via;0;2;0;1;1;0;0;0;0;0;0;0;0;(-38.54273999 -3.824888798);
358207;2020-05-21 16:25:00;AVENIDA DR SILAS MUNGUBA, 4956;, ; 4956;;;Colisão;Luz do Dia;;;Meio de Quadra;;Longo da via;0;2;0;1;1;0;0;0;0;0;0;0;0;(-38.531555 -3.7971718);
358206;2020-05-21 15:00:00;RUA JOAO EVANGELISTA, 7;, ; 7;;;Atropelamento;Luz do Dia;;;Meio de Quadra;;Longo da via;0;1;1;0;1;0;0;0;0;0;0;0;0;(-38.47886 -3.72801);
358205;2020-05-21 14:36:00;AVENIDA ALM HENRIQUE SABOIA, 264;, ; 264;;;Atropelamento;Luz do Dia;;;Meio de Quadra;;Longo da via;0;1;1;0;1;0;0;0;0;0;0;0;0;(-38.4804985 -3.724543);
358204;2020-05-21 12:05:00;AVENIDA PRO GOMES DE MATOS, 1065;, ; 1065;;;Colisão;Luz do Dia;;;Meio de Quadra;;Longo da via;0;2;0;1;1;0;0;0;0;0;0;0;0;(-38.546267 -3.761917);
358203;2020-05-21 11:22:00;RUA JOSE MOACIR BEZERRA, 60;, ; 60;;;Colisão;Luz do Dia;;;Meio de Quadra;;Longo da via;0;2;0;1;1;0;0;0;0;0;0;0;0;(-38.461 -3.7883);
358202;2020-05-21 10:53:00;RUA PDE VALDEVINO, ;RUA DR JOSE LOURENCO, ; ;;;Colisão;Luz do Dia;;;Cruz;Semáforo;Cruzamento;0;3;0;1;1;0;0;0;0;0;0;0;0;(-38.510048 -3.7412784);
356632;2020-05-21 09:05:00;AVENIDA CARAPINIMA, ;RUA JUVENAL GALENO, ; ;;;Colisão Traseira;Luz do Dia;Chuva;Molhada;Cruz;Gesto;Cruzamento;0;0;2;1;1;0;0;0;0;0;0;0;0;(-38.539176 -3.738998);
356631;2020-05-21 08:53:00;RUA MONICA, 65;, ; 65;;;Choque c/ Obstáculo Fixo;Luz do Dia;Nublado;Molhada;Meio de Quadra;Não Há Controle;Longo da via;0;0;1;0;1;0;0;0;0;0;0;0;0;(-38.48308 -3.73579);
356633;2020-05-21 07:45:00;AVENIDA IMPERADOR, ;RUA METON DE ALENCAR, ; ;;;Colisão Transversal;Luz do Dia;Chuva;Molhada;Cruz;Semáforo;Cruzamento;0;0;3;0;3;0;0;0;0;0;0;0;0;(-38.535869 -3.731966);
358201;2020-05-21 05:32:00;AVENIDA SANTOS DUMONT, ;RUA CARLOS VASCONCELOS, ; ;;;Colisão;Amanhecer;;;Cruz;Semáforo;Cruzamento;0;1;1;0;1;0;0;0;0;1;0;0;0;(-38.510558 -3.732252);
356630;2020-05-20 19:39:00;AVENIDA SANTOS DUMONT, ;RUA SILVA PAULET, ; ;;;Colisão Transversal;Anoitecer;Bom;Seca;Cruz;Pare;Cruzamento;0;2;0;0;2;0;0;0;0;0;0;0;0;(-38.505258 -3.733985);
358200;2020-05-20 19:38:00;AVENIDA MR HULL, ;, ; ;;;Atropelamento;;;;Meio de Quadra;;Longo da via;0;2;0;1;0;0;0;0;0;0;0;0;0;(0 0);
358199;2020-05-20 19:35:00;RUA VALPARAISO, ;, ; ;;;Colisão;;;;Meio de Quadra;;Longo da via;0;2;0;1;1;0;0;0;0;0;0;0;0;(0 0);
358198;2020-05-20 19:15:00;AVENIDA JOAO PESSOA, 3835;, ; 3835;;;Colisão;;;;Meio de Quadra;;Longo da via;0;1;0;0;0;0;0;0;0;0;0;0;0;(-38.545389 -3.747902);
358197;2020-05-20 19:07:00;RUA FABIANO DE CRISTO, 120;, ; 120;;;Queda;;;;Meio de Quadra;;Longo da via;0;1;0;1;0;0;0;0;0;0;0;0;0;(-38.5661821 -3.80423586);
358196;2020-05-20 19:01:00;RUA TULIPA NEGRA, 2111;, ; 2111;;;Colisão;;;;Meio de Quadra;;Longo da via;0;2;0;1;1;0;0;0;0;0;0;0;0;(-38.59884 -3.818603);
358750;2020-05-20 16:30:00;RD BR 020, ;, ; ;;;Outros;Luz do Dia;;;Meio de Quadra;;Longo da via;0;1;2;1;0;0;1;0;0;0;0;0;0;(0 0);
358810;2020-05-20 16:10:00;AVENIDA DIOGUINHO, ;, ; ;;;Colisão;Luz do Dia;;;Meio de Quadra;;Longo da via;0;1;0;0;0;0;0;1;0;0;0;0;0;(0 0);
358195;2020-05-20 14:59:00;AVENIDA SGT HERMINIO SAMPAIO, 330;, ; 330;;;Colisão;Luz do Dia;;;Meio de Quadra;;Longo da via;0;2;0;1;1;0;0;0;0;0;0;0;0;(-38.54669 -3.72459);
359626;2020-05-20 14:00:00;RD QUARTO ANEL VIARIO, ;, ; ;;;Choque c/ Obstáculo Fixo;Luz do Dia;;;Meio de Quadra;;Longo da via;1;0;0;0;1;0;0;0;0;0;0;0;0;(-38.546474 -3.858124);
358194;2020-05-20 13:38:00;RUA AFONSO LOPES, 814;, ; 814;;;Colisão;Luz do Dia;;;Meio de Quadra;;Longo da via;0;2;0;1;1;0;0;0;0;0;0;0;0;(-38.548805 -3.79502036);
358193;2020-05-20 12:41:00;RUA RUI MONTE, 365;, ; 365;;;Colisão;Luz do Dia;;;Meio de Quadra;;Longo da via;0;2;0;1;1;0;0;0;0;0;0;0;0;(-38.58733 -3.742326);
358192;2020-05-20 12:17:00;RUA MIGUEL ARAGAO, 1160;, ; 1160;;;Atropelamento;Luz do Dia;;;Meio de Quadra;;Longo da via;0;2;0;0;1;0;0;0;0;0;0;0;0;(-38.5898719 -3.8312744);
358191;2020-05-20 12:14:00;RUA RUI MONTE, 365;, ; 365;;;Colisão;Luz do Dia;;;Meio de Quadra;;Longo da via;0;2;0;1;1;0;0;0;0;0;0;0;0;(-38.58733 -3.742326);
358190;2020-05-20 11:50:00;RUA COS LAFAYETE, 626;, ; 626;;;Colisão;Luz do Dia;;;Meio de Quadra;;Longo da via;0;2;0;1;1;0;0;0;0;0;0;0;0;(-38.583839 -3.7178845);
358189;2020-05-20 07:45:00;RUA PRO GOMES BRASIL, 555;, ; 555;;;Queda;Luz do Dia;;;Meio de Quadra;;Longo da via;0;1;0;1;0;0;0;0;0;0;0;0;0;(-38.570328 -3.7705245);
358188;2020-05-20 06:53:00;AVENIDA ENG HUMBERTO MONTE, 1143;, ; 1143;;;Queda;Luz do Dia;;;Meio de Quadra;;Longo da via;0;1;0;1;0;0;0;0;0;0;0;0;0;(-38.5604963 -3.74905644);
358187;2020-05-20 00:22:00;RUA GONCALVES LEDO, 73;, ; 73;;;Atropelamento;;;;Meio de Quadra;;Longo da via;0;2;0;0;1;0;0;0;0;0;0;0;0;(-38.5139799 -3.72438025);
358186;2020-05-20 00:11:00;RUA EDUARDO ARAUJO, 2146;, ; 2146;;;Colisão;;;;Meio de Quadra;;Longo da via;0;2;0;1;1;0;0;0;0;0;0;0;0;(-38.59816 -3.81718);
358185;2020-05-19 17:51:00;AVENIDA MR HULL, 2914;, ; 2914;;;Colisão;Anoitecer;;;Meio de Quadra;;Longo da via;0;1;0;0;0;0;0;0;0;0;0;0;0;(-38.5705159 -3.7368);
358182;2020-05-19 17:23:00;AVENIDA CASTELO DE CASTRO, 1320;, ; 1320;;;Colisão;Anoitecer;;;Meio de Quadra;;Longo da via;0;2;0;2;0;0;0;0;0;0;0;0;0;(-38.521759 -3.840972);
358184;2020-05-19 17:18:00;AVENIDA GAL OSORIO DE PAIVA, 5421;, ; 5421;;;Colisão;Anoitecer;;;Meio de Quadra;;Longo da via;0;2;0;2;0;0;0;0;0;0;0;0;0;(-38.601772 -3.804421);
358183;2020-05-19 17:10:00;AVENIDA AUGUSTO DOS ANJOS, ;RUA ALUISIO AZEVEDO, ; ;;;Colisão;Anoitecer;;;Duplo T;Semáforo;Cruzamento;0;2;0;2;0;0;0;0;0;0;0;0;0;(-38.5731614 -3.77339);
358181;2020-05-19 17:01:00;AVENIDA AUGUSTO DOS ANJOS, 698;, ; 698;;;Atropelamento;Anoitecer;;;Meio de Quadra;;Longo da via;0;2;0;1;0;0;0;0;0;0;0;0;0;(-38.574239 -3.774615);
358807;2020-05-19 16:47:00;RUA TOBIAS CORREIA, ;, ; ;;;Colisão;Luz do Dia;;;Meio de Quadra;;Longo da via;0;2;0;0;2;0;0;0;0;0;0;0;0;(0 0);
359623;2020-05-19 16:16:00;RUA PAULO FIRMEZA, 391;, ; 391;;;Atropelamento;Luz do Dia;;;Meio de Quadra;;Longo da via;1;1;0;0;0;0;0;0;0;0;0;0;0;(-38.5160457 -3.75742132);
356629;2020-05-19 16:06:00;RUA MUCAMBINHO (MESSEJANA), ;RUA MANUEL ARRUDA, ; ;;;Colisão Transversal;Luz do Dia;Bom;Seca;Cruz;Não Há Controle;Cruzamento;0;1;2;0;2;0;0;0;0;0;0;0;0;(-38.506736 -3.828279);
358180;2020-05-19 15:36:00;RUA OSCAR ROMERO, 200;, ; 200;;;Colisão;Luz do Dia;;;Meio de Quadra;;Longo da via;0;2;0;1;1;0;0;0;0;0;0;0;0;(-38.57044 -3.83274);