COD_ACIDENTE;DATA;LOG1;LOG2;NUMERO;BAIRRO;AMC;NATUREZA;ILUMINACAO;TEMPO;SUPERFICIEPISTA;TIPOCRUZAMENTO;CONTROLETRAFEGO;USOSOLO;MORTOS;FERIDOS;ILESOS;MOTOCICLETA;AUTOMOVEL;MICROONIBUS;CAMINHAO;ONIBUS;CICLOMOTOR;BICICLETA;OUTROS;TREM;TRACAOANIMAL;COORDENADAS
358179;2020-05-19 14:49:00;RUA TULIPA, 150;, ; 150;;;Colisão;Luz do Dia;;;Meio de Quadra;;Longo da via;0;2;0;2;0;0;0;0;0;0;0;0;0;(-38.5906608 -3.8242046);
358178;2020-05-19 14:44:00;AVENIDA FRANCISCO SA, 5036;, ; 5036;;;Colisão;Luz do Dia;;;Meio de Quadra;;Longo da via;0;2;0;2;0;0;0;0;0;0;0;0;0;(-38.569705 -3.7131925);
358177;2020-05-19 11:12:00;RUA ANTONIO PEREIRA, 1491;, ; 1491;;;Colisão;Luz do Dia;;;Meio de Quadra;;Longo da via;0;2;0;1;1;0;0;0;0;0;0;0;0;(-38.57016 -3.83117);
358176;2020-05-19 10:18:00;RUA LEONARDO MOTA, ;RUA MARIA TOMASIA, ; ;;;Queda;Luz do Dia;;;Cruz;Pare;Cruzamento;0;1;0;1;0;0;0;0;0;0;0;0;0;(-38.49607 -3.735853);
358175;2020-05-19 09:17:00;AVENIDA HILDEBRANDO DE MELO, 2066;, ; 2066;;;Queda;Luz do Dia;;;Meio de Quadra;;Longo da via;0;1;0;1;0;0;0;0;0;0;0;0;0;(-38.58941 -3.72657);
358174;2020-05-19 08:31:00;AVENIDA GODOFREDO MACIEL, ;RUA JULIO ALCIDES, ; ;;;Queda;Luz do Dia;;;T;Pare;Cruzamento;0;1;0;1;0;0;0;0;0;0;0;0;0;(-38.566785 -3.787856);
358173;2020-05-19 06:39:00;RUA SAO PAULO, 1237;, ; 1237;;;Colisão;Luz do Dia;;;Meio de Quadra;;Longo da via;0;1;0;0;0;0;0;0;0;0;0;0;0;(-38.5366012 -3.72304373);
358172;2020-05-19 06:28:00;AVENIDA PRS COSTA E SILVA, ;AVENIDA PRS JUSCELINO KUBITSCHEK (PASSARÉ), ; ;;;Queda;Luz do Dia;;;T;Semáforo;Cruzamento;0;1;0;1;0;0;0;0;0;0;0;0;0;(-38.539516 -3.825648);
358171;2020-05-19 05:53:00;AVENIDA PERIMETRAL, 4545;, ; 4545;;;Colisão;Amanhecer;;;Meio de Quadra;;Longo da via;0;2;0;1;1;0;0;0;0;0;0;0;0;(0 0);
358170;2020-05-19 00:09:00;RUA 28 DE AGOSTO UI 503, 1111;, ; 1111;;;Atropelamento;;;;Meio de Quadra;;Longo da via;0;2;0;0;1;0;0;0;0;0;0;0;0;(-38.53755 -3.81637);
358169;2020-05-18 20:46:00;AVENIDA CASTELO DE CASTRO, 486;, ; 486;;;Colisão;;;;Meio de Quadra;;Longo da via;0;1;0;0;0;0;0;0;0;0;0;0;0;(-38.521507 -3.8336902);
358168;2020-05-18 20:19:00;RUA MARTINS NETO, 588;, ; 588;;;Colisão;;;;Meio de Quadra;;Longo da via;0;1;0;0;0;0;0;0;0;0;0;0;0;(-38.5907906 -3.74063698);
358137;2020-05-18 19:59:00;RUA PAULO FIRMEZA, 391;, ; 391;;;Atropelamento;Via Iluminada;Bom;Seca;Meio de Quadra;Não Há Controle;Longo da via;0;2;0;1;0;0;0;0;0;0;0;0;0;(-38.5160457 -3.75742132);
358167;2020-05-18 19:11:00;RUA RAD JOAO RAMOS (DUNAS), 2095;, ; 2095;;;Colisão;;;;Meio de Quadra;;Longo da via;0;2;0;1;0;0;1;0;0;0;0;0;0;(-38.4108826 -3.8106427);
358806;2020-05-18 17:20:00;AVENIDA GODOFREDO MACIEL, 5182;, ; 5182;;;Atropelamento;Anoitecer;;;Meio de Quadra;;Longo da via;0;2;0;1;0;0;0;0;0;0;0;0;0;(-38.5768436 -3.819400057);
358136;2020-05-18 15:49:00;AVENIDA DIOGUINHO, 521;, ; 521;;;Colisão;Luz do Dia;;;Meio de Quadra;;Longo da via;0;1;0;0;0;0;0;0;0;0;0;0;0;(-38.4344025 -3.7779055);
358135;2020-05-18 15:38:00;AVENIDA GODOFREDO MACIEL, 5177;, ; 5177;;;Colisão;Luz do Dia;;;Meio de Quadra;;Longo da via;0;2;0;1;1;0;0;0;0;0;0;0;0;(-38.577191 -3.819789);
356627;2020-05-18 15:30:00;RUA RAIMUNDO NERY, 298;, ; 298;;;Não informado;Luz do Dia;Bom;Seca;Cruz;Pare;Longo da via;0;0;1;0;0;0;0;0;0;0;0;0;0;(-38.586023 -3.79511372);
358738;2020-05-18 15:17:00;RUA SAO LUIZ DO OESTE, 524;, ; 524;;;Colisão Traseira;Luz do Dia;Bom;Seca;Meio de Quadra;Não Há Controle;Longo da via;0;3;0;0;3;0;0;0;0;0;0;0;0;(-38.61058 -3.78411);
358134;2020-05-18 14:44:00;RD BR 116, 3000;, ; 3000;;;Atropelamento;Luz do Dia;;;Meio de Quadra;;Longo da via;0;2;0;0;1;0;0;0;0;0;0;0;0;(-38.514372 -3.779838);
358133;2020-05-18 14:36:00;RUA SAO LUIZ DO OESTE, 518;, ; 518;;;Colisão;Luz do Dia;;;Meio de Quadra;;Longo da via;0;2;0;0;2;0;0;0;0;0;0;0;0;(-38.61038 -3.78289);
358132;2020-05-18 14:09:00;RUA BENTO ALBUQUERQUE, 1450;, ; 1450;;;Colisão;Luz do Dia;;;Meio de Quadra;;Longo da via;0;2;0;1;1;0;0;0;0;0;0;0;0;(-38.476403 -3.7459385);
358131;2020-05-18 11:49:00;RUA TORRES CAMARA, ;RUA JOAQUIM NABUCO, ; ;;;Queda;Luz do Dia;;;;Semáforo;Cruzamento;0;1;0;1;0;0;0;0;0;0;0;0;0;(-38.50193 -3.73726);
358130;2020-05-18 11:24:00;RUA RAIMUNDO NERY, 298;, ; 298;;;Atropelamento;Luz do Dia;;;Meio de Quadra;;Longo da via;0;2;0;0;1;0;0;0;0;0;0;0;0;(-38.586023 -3.79511372);
358128;2020-05-18 10:49:00;RUA OSCAR ARARIPE, 35;, ; 35;;;Queda;Luz do Dia;;;Meio de Quadra;;Longo da via;0;1;0;1;0;0;0;0;0;0;0;0;0;(-38.59239 -3.79349);
358127;2020-05-18 09:51:00;RUA DNA LUCIA PINHEIRO (QUINTINO CUNHA), ;RUA XXIV CIDADE OESTE, ; ;;;Queda;Luz do Dia;;;;;Cruzamento;0;1;0;1;0;0;0;0;0;0;0;0;0;(-38.60015 -3.73138);
358126;2020-05-18 09:39:00;RUA GUSTAVO SAMPAIO, 433;, ; 433;;;Colisão;Luz do Dia;;;;;Longo da via;0;2;0;2;0;0;0;0;0;0;0;0;0;(-38.54853 -3.73366);
358125;2020-05-18 08:54:00;AVENIDA GAL OSORIO DE PAIVA, 1448;, ; 1448;;;Colisão;Luz do Dia;;;Meio de Quadra;;Longo da via;0;2;0;1;1;0;0;0;0;0;0;0;0;(-38.57458264 -3.780733091);
358123;2020-05-17 21:13:00;RUA PARANAI, 1209;, ; 1209;;;Colisão;;;;Meio de Quadra;;Longo da via;0;2;0;1;1;0;0;0;0;0;0;0;0;(-38.57036 -3.76073);
358122;2020-05-17 20:57:00;RUA JOSE AVELINO, 640;, ; 640;;;Colisão;;;;Meio de Quadra;;Longo da via;0;2;0;1;1;0;0;0;0;0;0;0;0;(-38.517871 -3.72248);
358121;2020-05-17 19:35:00;AVENIDA WASHINGTON SOARES, ;, ; ;;;Colisão;;;;Meio de Quadra;;Longo da via;0;2;0;0;2;0;0;0;0;0;0;0;0;(0 0);
358120;2020-05-17 18:51:00;AVENIDA ALBERTO CRAVEIRO, 2420;, ; 2420;;;Colisão;Via Iluminada;Bom;Seca;Meio de Quadra;Semáforo;Longo da via;1;1;0;1;0;0;0;0;0;0;0;0;0;(-38.52007 -3.80118);
358118;2020-05-17 17:12:00;RUA PDE BARBOSA DE JESUS, ;RUA NAPOLEAO LAUREANO, ; ;;;Colisão;Anoitecer;;;Cruz;Pare;Cruzamento;0;2;0;2;0;0;0;0;0;0;0;0;0;(-38.52854 -3.748917);
358119;2020-05-17 17:00:00;AVENIDA WASHINGTON SOARES, 2565;, ; 2565;;;Colisão;Anoitecer;;;Meio de Quadra;;Longo da via;1;0;1;0;1;0;0;0;0;1;0;0;0;(-38.4821365 -3.8270158);
356637;2020-05-17 16:07:00;RUA FRANCISCA CLOTILDE, ;RUA DELMIRO FARIAS, ; ;;;Colisão;Luz do Dia;Bom;Seca;Cruz;Pare;Cruzamento;0;1;1;0;2;0;0;0;0;0;0;0;0;(-38.554231 -3.744217);
358805;2020-05-17 14:14:00;RUA JOAO CARVALHO, ;RUA JOSE VILAR, ; ;;;Colisão;Luz do Dia;;;Cruz;Semáforo;Cruzamento;0;2;0;0;0;0;0;0;0;0;0;0;0;(-38.505477 -3.738318);
356625;2020-05-17 13:30:00;RUA JOSE VILAR, ;RUA JOAO CARVALHO, ; ;;;Não informado;Luz do Dia;Bom;Seca;Cruz;Semáforo;Cruzamento;0;1;2;1;1;0;0;0;0;0;0;0;0;(-38.505477 -3.738318);
356626;2020-05-17 13:06:00;AVENIDA DOM MANUEL, ;RUA BARBARA DE ALENCAR, ; ;;;Colisão Transversal;Luz do Dia;Bom;Seca;Cruz;Semáforo;Cruzamento;0;1;1;1;1;0;0;0;0;0;0;0;0;(-38.523262 -3.734972);
359032;2020-05-17 10:00:00;AVENIDA SEN CARLOS JEREISSATI (AEROPORTO), ;, ; ;;;Colisão;Luz do Dia;;;Meio de Quadra;;Longo da via;0;2;0;1;1;0;0;0;0;0;0;0;0;(-38.52685 -3.783753);
358124;2020-05-17 07:15:00;RUA VALPARAISO, ;, ; ;;;Colisão;Luz do Dia;;;Meio de Quadra;;Longo da via;0;2;0;0;2;0;0;0;0;0;0;0;0;(0 0);
358737;2020-05-17 00:00:00;AVENIDA HERACLITO GRACA, 600;, ; 600;;;Colisão Transversal;Via Iluminada;Bom;Seca;Meio de Quadra;;Longo da via;0;2;0;1;1;0;0;0;0;0;0;0;0;(-38.518694 -3.735377);
358635;2020-05-16 22:42:00;AVENIDA PRS CASTELO BRANCO, 2031;, ; 2031;;;Colisão;;;;Meio de Quadra;;Longo da via;0;1;1;0;1;0;0;0;0;1;0;0;0;(-38.54595693 -3.714758714);
358634;2020-05-16 22:27:00;AVENIDA CASTELO DE CASTRO, ;, ; ;;;Queda;;;;Meio de Quadra;;Longo da via;0;1;0;1;0;0;0;0;0;0;0;0;0;(0 0);
358633;2020-05-16 21:05:00;RUA SILVINHA TELES D69, 350;, ; 350;;;Colisão;;;;Meio de Quadra;;Longo da via;0;1;0;0;0;0;0;0;0;0;0;0;0;(-38.525757 -3.849133);
358632;2020-05-16 18:53:00;AVENIDA PERIMETRAL, 1048;, ; 1048;;;Colisão;;;;Meio de Quadra;;Longo da via;0;2;1;2;0;0;0;0;0;0;0;0;0;(-38.5899449 -3.78531808);
358630;2020-05-16 18:45:00;AVENIDA DR SILAS MUNGUBA, 4880;, ; 4880;;;Colisão;;;;Meio de Quadra;;Longo da via;0;1;0;2;0;0;0;0;0;0;0;0;0;(-38.532294 -3.795794);
358629;2020-05-16 18:41:00;AVENIDA ROGACIANO LEITE, ;RUA PDE FRANCISCO PITA, ; ;;;Queda;;;;Cruz;Semáforo;Cruzamento;0;1;0;1;0;0;0;0;0;0;0;0;0;(-38.501766 -3.78096);
358628;2020-05-16 17:20:00;AVENIDA DOM MANUEL, 1197;, ; 1197;;;Queda;Anoitecer;;;Meio de Quadra;;Longo da via;0;1;0;1;0;0;0;0;0;0;0;0;0;(-38.5231178 -3.73452595);
358627;2020-05-16 16:09:00;AVENIDA SEN FERNANDES TAVORA, ;, ; ;;;Atropelamento;Luz do Dia;;;Meio de Quadra;;Longo da via;0;1;0;0;1;0;0;0;0;0;0;0;0;(0 0);
358735;2020-05-16 16:00:00;RUA CORREIA LIMA D39, ;, ; ;;;Choque c/ Obstáculo Fixo;Luz do Dia;Bom;Seca;Meio de Quadra;Outros;Longo da via;0;1;0;0;1;0;0;0;0;0;0;0;0;(0 0);
358626;2020-05-16 15:48:00;AVENIDA JOSE JATAHY, 1393;, ; 1393;;;Queda;Luz do Dia;;;Meio de Quadra;;Longo da via;0;1;0;1;0;0;0;0;0;0;0;0;0;(-38.544254 -3.73381789);
356624;2020-05-16 15:45:00;RUA PRO GOMES BRASIL, 129;, ; 129;;;Colisão Lateral;Luz do Dia;Nublado;Molhada;Meio de Quadra;Não Há Controle;Longo da via;0;2;0;1;1;0;0;0;0;0;0;0;0;(-38.56723 -3.7743402);
358625;2020-05-16 15:10:00;RUA PERILIO TEIXEIRA, 299;, ; 299;;;Colisão;Luz do Dia;;;Meio de Quadra;;Longo da via;0;1;0;1;1;0;0;0;0;0;0;0;0;(-38.4791653 -3.8168054);
356623;2020-05-16 13:52:00;RUA JOAO BRIGIDO, ;RUA ANTONIO AUGUSTO, ; ;;;Colisão Transversal;Luz do Dia;Chuva;Molhada;Cruz;Pare;Cruzamento;0;1;1;1;1;0;0;0;0;0;0;0;0;(-38.516813 -3.740279);
358624;2020-05-16 11:30:00;AVENIDA BENJAMIM BARROSO, 158;, ; 158;;;Atropelamento;Luz do Dia;;;Meio de Quadra;;Longo da via;0;1;0;1;0;0;0;0;0;0;0;0;0;(-38.5498001 -3.72595427);
356622;2020-05-16 10:05:00;RUA RAIMUNDO NERY, ;RUA ANTONIO COSTA MENDES, ; ;;;Colisão Lateral;Luz do Dia;Chuva;Molhada;Cruz;Semáforo;Cruzamento;0;1;1;1;1;0;0;0;0;0;0;0;0;(-38.5867886 -3.7932465);
358623;2020-05-16 09:06:00;AVENIDA PRS COSTA E SILVA, 510;, ; 510;;;Colisão;Luz do Dia;;;Meio de Quadra;;Longo da via;0;1;0;1;1;0;0;0;0;0;0;0;0;(-38.57126 -3.81301);
358622;2020-05-16 07:53:00;AVENIDA DOMINGOS OLIMPIO, 123;, ; 123;;;Queda;Luz do Dia;;;Meio de Quadra;;Longo da via;0;1;0;1;0;0;0;0;0;0;0;0;0;(-38.524956 -3.7385287);
358621;2020-05-16 06:47:00;AVENIDA DEP PAULINO ROCHA, 1360;, ; 1360;;;Colisão;Luz do Dia;;;Meio de Quadra;;Longo da via;0;1;0;1;1;0;0;0;0;0;0;0;0;(-38.5096568 -3.81063281);
358749;2020-05-16 05:40:00;RD BR 116, 13000;, ; 13000;;;Choque c/ Obstáculo Fixo;Amanhecer;;;Meio de Quadra;;Longo da via;0;0;1;0;1;0;0;0;0;0;0;0;0;(-38.497727 -3.86467);
358620;2020-05-16 02:58:00;AVENIDA ANTONIO SALES, ;, ; ;;;Queda;;;;Meio de Quadra;;Longo da via;0;1;0;1;0;0;0;0;0;0;0;0;0;(0 0);
358736;2020-05-16 00:00:00;RUA RAIMUNDO GOMES, ;AVENIDA CEL CARVALHO, ; ;;;Colisão Traseira;Via Iluminada;Bom;Seca;Cruz;Pare;Cruzamento;0;2;0;0;2;0;0;0;0;0;0;0;0;(-38.588617 -3.714758);
358619;2020-05-15 23:33:00;AVENIDA PONTES VIEIRA, ;, ; ;;;Queda;;;;Meio de Quadra;;Longo da via;0;1;0;1;0;0;0;0;0;0;0;0;0;(0 0);
358618;2020-05-15 22:25:00;RUA AMERICO ROCHA LIMA, 644;, ; 644;;;Queda;;;;Meio de Quadra;;Longo da via;0;1;0;0;0;0;0;0;0;1;0;0;0;(-38.58065 -3.79893);
356621;2020-05-15 21:58:00;AVENIDA JOR THOMAZ COELHO, 1661;, ; 1661;;;Colisão Traseira;Via Iluminada;Nublado;Seca;T;Semáforo;Longo da via;0;0;2;0;2;0;0;0;0;0;0;0;0;(-38.510324 -3.829639);
358617;2020-05-15 21:49:00;AVENIDA JOR THOMAZ COELHO, 1578;, ; 1578;;;Colisão;;;;Meio de Quadra;;Longo da via;0;1;0;0;2;0;0;0;0;0;0;0;0;(-38.50913561 -3.829904271);
358616;2020-05-15 21:24:00;RUA BARRA NOVA, 370;, ; 370;;;Colisão;;;;Meio de Quadra;;Longo da via;0;1;0;1;1;0;0;0;0;0;0;0;0;(-38.50531 -3.78346);
358615;2020-05-15 18:55:00;RUA PERILIO TEIXEIRA, 571;, ; 571;;;Colisão;;;;Meio de Quadra;;Longo da via;0;1;0;1;1;0;0;0;0;0;0;0;0;(-38.6018464 -3.75930604);
358614;2020-05-15 18:38:00;RUA POMPILIO GOMES, 132;, ; 132;;;Colisão;;;;Meio de Quadra;;Longo da via;0;1;0;1;1;0;0;0;0;0;0;0;0;(-38.52001 -3.81146);
358613;2020-05-15 17:47:00;RUA PRO HERIBALDO COSTA, 1730;, ; 1730;;;Colisão;Anoitecer;;;Meio de Quadra;;Longo da via;0;1;0;1;1;0;0;0;0;0;0;0;0;(-38.587495 -3.766905);
358612;2020-05-15 16:44:00;RUA VILEBALDO AGUIAR, ;RUA JULIO AZEVEDO, ; ;;;Queda;Luz do Dia;;;Cruz;Pare;Cruzamento;0;1;0;1;0;0;0;0;0;0;0;0;0;(-38.481957 -3.74244);
358611;2020-05-15 16:14:00;RUA MONTE LIBANO, 560;, ; 560;;;Colisão;Luz do Dia;;;Meio de Quadra;;Longo da via;0;1;0;1;1;0;0;0;0;0;0;0;0;(-38.56223708 -3.825100324);
356620;2020-05-15 14:26:00;RUA GAL SAMPAIO, ;RUA SEN ALENCAR, ; ;;;Colisão Transversal;Luz do Dia;Chuva;Molhada;Cruz;Semáforo;Cruzamento;0;2;0;2;0;0;0;0;0;0;0;0;0;(-38.529984 -3.724192);
358599;2020-05-15 11:54:00;AVENIDA 13 DE MAIO, 1251;, ; 1251;;;Colisão;Luz do Dia;;;Meio de Quadra;;Longo da via;0;1;0;0;0;0;0;0;0;0;0;0;0;(-38.529981 -3.748763);
358598;2020-05-15 11:30:00;RUA FRANCISCO VILELA, ;, ; ;;;Colisão;Luz do Dia;;;Meio de Quadra;;Longo da via;0;2;0;2;0;0;0;0;0;0;0;0;0;(0 0);
358597;2020-05-15 09:09:00;AVENIDA SEN FERNANDES TAVORA, 2223;, ; 2223;;;Colisão;Luz do Dia;;;Meio de Quadra;;Longo da via;0;1;0;1;1;0;0;0;0;0;0;0;0;(-38.591428 -3.757244);
356619;2020-05-15 08:11:00;RUA JOSE MARTINS, 95;, ; 95;;;Queda;Luz do Dia;Chuva;Molhada;Meio de Quadra;Não Há Controle;Longo da via;0;1;0;0;0;0;0;0;0;0;0;0;0;(-38.59232 -3.79191);
358596;2020-05-15 08:10:00;AVENIDA LUCIANO CARNEIRO, ;RUA MARIO MAMEDE, ; ;;;Colisão;Luz do Dia;;;T;Semáforo;Cruzamento;0;2;0;1;1;0;0;0;0;0;0;0;0;(-38.531828 -3.748937);
358719;2020-05-15 02:40:00;RUA PRO COSTA MENDES, ;, ; ;;;Choque c/ Obstáculo Fixo;Via Iluminada;Nublado;Molhada;Meio de Quadra;Semáforo;Longo da via;0;1;0;0;1;0;0;0;0;0;0;0;0;(0 0);
358595;2020-05-14 22:17:00;RUA CEL RAIMUNDO GUANABARA, 608;, ; 608;;;Colisão;;;;Meio de Quadra;;Longo da via;0;1;0;0;1;0;0;0;0;0;0;0;0;(-38.5686057 -3.7563186);
358594;2020-05-14 21:33:00;RUA PRO COSTA MENDES, 792;, ; 792;;;Colisão;;;;Meio de Quadra;;Longo da via;0;1;0;2;0;0;0;0;0;0;0;0;0;(-38.547377 -3.754282);
358593;2020-05-14 20:49:00;RD BR 116, 14000;, ; 14000;;;Colisão;;;;Meio de Quadra;;Longo da via;0;1;0;1;1;0;0;0;0;0;0;0;0;(-38.499242 -3.873523);
358592;2020-05-14 17:07:00;RUA 1145 CJ CEARA, 117;, ; 117;;;Colisão;Anoitecer;;;Meio de Quadra;;Longo da via;0;1;0;2;0;0;0;0;0;0;0;0;0;(-38.6093541 -3.76010405);
358591;2020-05-14 16:38:00;AVENIDA DR THEBERGE, 408;, ; 408;;;Colisão;Luz do Dia;;;Meio de Quadra;;Longo da via;0;1;0;1;1;0;0;0;0;0;0;0;0;(-38.56272 -3.707899);
358590;2020-05-14 16:11:00;RUA BENTO ALBUQUERQUE, 333;, ; 333;;;Colisão;Luz do Dia;;;Meio de Quadra;;Longo da via;0;1;0;1;1;0;0;0;0;0;0;0;0;(-38.486153 -3.7428727);
358589;2020-05-14 15:40:00;AVENIDA ENG SANTANA JUNIOR, 332;, ; 332;;;Colisão;Luz do Dia;;;Meio de Quadra;;Longo da via;0;2;0;2;0;0;0;0;0;0;0;0;0;(-38.479778 -3.731999);
358588;2020-05-14 15:29:00;RUA CESAR FONTENELE, ;RUA PRO LINO ENCARNACAO, ; ;;;Colisão;Luz do Dia;;;Cruz;Pare;Cruzamento;0;1;0;1;1;0;0;0;0;0;0;0;0;(-38.559596 -3.746359);
358587;2020-05-14 15:11:00;AVENIDA JOAO PESSOA, 4047;, ; 4047;;;Colisão;Luz do Dia;;;Meio de Quadra;;Longo da via;0;1;0;1;1;0;0;0;0;0;0;0;0;(-38.5467152 -3.74938643);
356618;2020-05-14 14:21:00;RUA CAP ARAGAO, ;RUA ASP MENDES, ; ;;;Colisão;Luz do Dia;Bom;Seca;Cruz;Pare;Cruzamento;0;1;1;1;1;0;0;0;0;0;0;0;0;(-38.514843 -3.765175);
358585;2020-05-14 14:12:00;RUA PDE VALDEVINO, 2547;, ; 2547;;;Colisão;Luz do Dia;;;Meio de Quadra;;Longo da via;0;1;0;0;0;0;0;0;0;0;0;0;0;(-38.501954 -3.743748);
356617;2020-05-14 13:18:00;AVENIDA LUCIANO CARNEIRO, ;RUA RAUL CABRAL, ; ;;;Choque c/ Obstáculo Fixo;Luz do Dia;Nublado;Seca;Cruz;Não Há Controle;Cruzamento;0;1;0;1;0;0;0;0;0;0;0;0;0;(-38.538495 -3.770842);
358584;2020-05-14 12:46:00;RUA GUSTAVO SAMPAIO, 1672;, ; 1672;;;Colisão;Luz do Dia;;;Meio de Quadra;;Longo da via;0;1;0;1;1;0;0;0;0;0;0;0;0;(-38.55928 -3.7358906);
358583;2020-05-14 12:41:00;RUA DOM JOSE LOURENCO  D27, 1672;, ; 1672;;;Colisão;Luz do Dia;;;Meio de Quadra;;Longo da via;0;1;0;1;1;0;0;0;0;0;0;0;0;(-38.557491 -3.745644);
358582;2020-05-14 10:55:00;RUA BAR RIO BRANCO, ;RUA SAO PAULO, ; ;;;Colisão;Luz do Dia;;;Cruz;Semáforo;Cruzamento;0;1;0;1;1;0;0;0;0;0;0;0;0;(-38.528071 -3.725856);
358581;2020-05-14 08:42:00;RUA TEN JOAO ALBANO, 111;, ; 111;;;Atropelamento;Luz do Dia;;;Meio de Quadra;;Longo da via;0;1;0;1;0;0;0;0;0;0;0;0;0;(-38.5154474 -3.77243438);
356616;2020-05-14 08:17:00;RUA MARIA GOMES DE SA, ;RUA CACHOEIRA ALEGRE, ; ;;;Colisão Transversal;Luz do Dia;Bom;Seca;Cruz;Pare;Cruzamento;0;1;1;1;1;0;0;0;0;0;0;0;0;(-38.58218 -3.825551);
358788;2020-05-13 22:00:00;AVENIDA FRANCISCO SA, ;AVENIDA DR THEBERGE, ; ;;;Colisão;;;;Cruz;Semáforo;Cruzamento;0;2;0;0;2;0;0;0;0;0;0;0;0;(-38.565016 -3.714822);
358580;2020-05-13 19:50:00;AVENIDA BORGES DE MELO, ;, ; ;;;Colisão;;;;Meio de Quadra;;Longo da via;0;1;0;1;1;0;0;0;0;0;0;0;0;(0 0);
358579;2020-05-13 19:37:00;AVENIDA DES MOREIRA, ;RUA PDE VALDEVINO, ; ;;;Colisão;;;;;;Cruzamento;0;1;0;2;0;0;0;0;0;0;0;0;0;(-38.500877 -3.744098);
358578;2020-05-13 19:18:00;RUA JOAO AREAS, 200;, ; 200;;;Choque c/ Obstáculo Fixo;Anoitecer;Bom;Seca;Meio de Quadra;Não Há Controle;Longo da via;0;2;0;0;1;0;0;0;0;0;0;0;0;(-38.5758638 -3.78944896);
356614;2020-05-13 19:07:00;RUA VITAL BRASIL, 1783;, ; 1783;;;Colisão Traseira;Mal Iluminada;Bom;Seca;Meio de Quadra;Não Há Controle;Longo da via;0;2;0;2;0;0;0;0;0;0;0;0;0;(-38.596775953 -3.77835821);
358577;2020-05-13 17:52:00;AVENIDA DOS EXPEDICIONARIOS, ;AVENIDA BORGES DE MELO, ; ;;;Colisão Transversal;Anoitecer;Bom;Seca;Cruz;Semáforo;Cruzamento;0;1;1;1;1;0;0;0;0;0;0;0;0;(-38.537674 -3.753391);
358576;2020-05-13 16:37:00;RUA NUBIA BARROCAS, 149;, ; 149;;;Colisão;Luz do Dia;;;Meio de Quadra;;Longo da via;0;1;0;1;1;0;0;0;0;0;0;0;0;(-38.4822095 -3.78949958);
358575;2020-05-13 16:34:00;AVENIDA FRANCISCO SA, ;RUA GRACA ARANHA, ; ;;;Colisão;Luz do Dia;;;Cruz;Pare;Cruzamento;0;1;0;1;1;0;0;0;0;0;0;0;0;(-38.574359 -3.711611);
358718;2020-05-13 15:00:00;RUA CESAR FONTENELE, ;RUA PEDRO DE QUEIROZ, ; ;;;Colisão Transversal;Luz do Dia;Bom;Seca;Cruz;Pare;Cruzamento;0;1;1;1;1;0;0;0;0;0;0;0;0;(-38.558516 -3.74612);
358574;2020-05-13 14:41:00;RUA CESAR FONTENELE, 211;, ; 211;;;Colisão;Luz do Dia;;;Meio de Quadra;;Longo da via;0;1;0;0;0;0;0;0;0;0;0;0;0;(-38.5583757 -3.74609058);
358573;2020-05-13 14:29:00;AVENIDA LINEU MACHADO, 1451;, ; 1451;;;Colisão;Luz do Dia;;;Meio de Quadra;;Longo da via;0;1;0;1;1;0;0;0;0;0;0;0;0;(-38.58027126 -3.772388681);
358572;2020-05-13 14:01:00;RUA CARLOS VASCONCELOS, 2281;, ; 2281;;;Colisão;Luz do Dia;;;Meio de Quadra;;Longo da via;0;1;0;0;2;0;0;0;0;0;0;0;0;(-38.513628 -3.741646);
358571;2020-05-13 12:19:00;AVENIDA GAL OSORIO DE PAIVA, ;, ; ;;;Colisão;Luz do Dia;;;Meio de Quadra;;Longo da via;0;1;0;1;1;0;0;0;0;0;0;0;0;(0 0);
358570;2020-05-13 11:30:00;RUA RIO GRANDE DO SUL, 1009;, ; 1009;;;Colisão;Luz do Dia;;;Meio de Quadra;;Longo da via;0;1;0;1;1;0;0;0;0;0;0;0;0;(-38.5670153 -3.75777069);
358569;2020-05-13 10:20:00;RUA DR JOSE LOURENCO, ;RUA TOMAS ACIOLI, ; ;;;Colisão;Luz do Dia;;;Cruz;Pare;Cruzamento;0;1;0;1;1;0;0;0;0;0;0;0;0;(-38.510934 -3.744447);
356613;2020-05-13 09:33:00;RUA ALUISIO AZEVEDO, 39;, ; 39;;;Choque c/ Obstáculo Fixo;Luz do Dia;Bom;Seca;Meio de Quadra;Semáforo;Longo da via;0;0;1;0;0;0;0;0;0;0;0;0;0;(-38.57346472 -3.77327212);
358568;2020-05-13 09:26:00;AVENIDA PERIMETRAL, 456;, ; 456;;;Colisão;Luz do Dia;;;Meio de Quadra;;Longo da via;0;1;0;1;1;0;0;0;0;0;0;0;0;(0 0);
356612;2020-05-13 08:16:00;RUA PINTO MADEIRA, 1414;, ; 1414;;;Colisão Lateral;Luz do Dia;Bom;Seca;;;Longo da via;0;1;1;1;1;0;0;0;0;0;0;0;0;(-38.51231 -3.73395);
358567;2020-05-13 06:30:00;RUA WALDIR DIOGO, 419;, ; 419;;;Colisão;Luz do Dia;;;Meio de Quadra;;Longo da via;0;1;0;2;0;0;0;0;0;0;0;0;0;(-38.581689 -3.806735);