COD_ACIDENTE;DATA;LOG1;LOG2;NUMERO;BAIRRO;AMC;NATUREZA;ILUMINACAO;TEMPO;SUPERFICIEPISTA;TIPOCRUZAMENTO;CONTROLETRAFEGO;USOSOLO;MORTOS;FERIDOS;ILESOS;MOTOCICLETA;AUTOMOVEL;MICROONIBUS;CAMINHAO;ONIBUS;CICLOMOTOR;BICICLETA;OUTROS;TREM;TRACAOANIMAL;COORDENADAS
358566;2020-05-12 22:45:00;RUA PORTO VELHO, 1710;, ; 1710;;;Queda;;;;Meio de Quadra;;Longo da via;0;1;0;1;0;0;0;0;0;0;0;0;0;(-38.593926 -3.762343);
358565;2020-05-12 22:01:00;AVENIDA PRS CASTELO BRANCO, 2709;, ; 2709;;;Colisão;;;;Meio de Quadra;;Longo da via;0;1;0;1;1;0;0;0;0;0;0;0;0;(-38.552027 -3.712695);
358564;2020-05-12 21:02:00;RUA EVARISTO REIS, 194;, ; 194;;;Queda;;;;Meio de Quadra;;Longo da via;0;1;0;1;0;0;0;0;0;0;0;0;0;(-38.5094324 -3.76115946);
356611;2020-05-12 20:56:00;AVENIDA OLIVEIRA PAIVA, 3034;, ; 3034;;;Não informado;Via Iluminada;Bom;Seca;Meio de Quadra;Semáforo;Longo da via;0;0;2;0;2;0;0;0;0;0;0;0;0;(-38.480023 -3.79570749);
358748;2020-05-12 20:45:00;RD BR 020, ;, ; ;;;Colisão Traseira;;;;Meio de Quadra;;Longo da via;0;2;0;2;0;0;0;0;0;0;0;0;0;(-38.524 -3.863);
358563;2020-05-12 19:47:00;AVENIDA OLIVEIRA PAIVA, ;AVENIDA WASHINGTON SOARES, ; ;;;Colisão;;;;;;Cruzamento;0;1;0;0;0;0;0;0;0;0;0;0;0;(-38.479908 -3.795695);
358562;2020-05-12 19:37:00;AVENIDA SGT HERMINIO SAMPAIO, 1213;, ; 1213;;;Colisão;;;;Meio de Quadra;;Longo da via;0;1;0;2;0;0;0;0;0;0;0;0;0;(-38.5513961 -3.72473535);
358561;2020-05-12 18:25:00;AVENIDA WASHINGTON SOARES, 11999;, ; 11999;;;Queda;Anoitecer;;;Meio de Quadra;;Longo da via;0;1;0;1;0;0;0;0;0;0;0;0;0;(0 0);
358560;2020-05-12 17:50:00;AVENIDA BENJAMIM BRASIL, ;, ; ;;;Colisão;Anoitecer;;;Meio de Quadra;;Longo da via;0;1;0;2;0;0;0;0;0;0;0;0;0;(0 0);
358559;2020-05-12 17:46:00;RUA MARTINS CARVALHO, 4559;, ; 4559;;;Colisão;Anoitecer;;;Meio de Quadra;;Longo da via;0;1;0;1;1;0;0;0;0;0;0;0;0;(-38.63166 -3.78741);
358558;2020-05-12 17:31:00;AVENIDA WASHINGTON SOARES, 11999;, ; 11999;;;Colisão;Anoitecer;;;Meio de Quadra;;Longo da via;0;1;0;1;0;0;1;0;0;0;0;0;0;(0 0);
358557;2020-05-12 16:42:00;AVENIDA ENG SANTANA JUNIOR, 5225;, ; 5225;;;Colisão;Luz do Dia;;;Meio de Quadra;;Longo da via;0;1;0;2;0;0;0;0;0;0;0;0;0;(0 0);
356610;2020-05-12 12:48:00;RUA JAIME BENEVOLO, ;RUA SALDANHA MARINHO, ; ;;;Colisão;Luz do Dia;Bom;Seca;Cruz;Semáforo;Cruzamento;0;2;0;1;1;0;0;0;0;0;0;0;0;(-38.528994 -3.743046);
358556;2020-05-12 08:15:00;AVENIDA DO PASSARE, 118;, ; 118;;;Queda;Luz do Dia;;;Meio de Quadra;;Longo da via;0;1;0;1;0;0;0;0;0;0;0;0;0;(-38.5322 -3.80304);
358555;2020-05-12 08:07:00;RUA ALBERTO MAGNO, ;RUA ANA NERY, ; ;;;Não informado;Luz do Dia;;;Cruz;Semáforo;Cruzamento;0;1;0;1;1;0;0;0;0;0;0;0;0;(-38.541115 -3.7546701);
358554;2020-05-12 07:03:00;AVENIDA PERIMETRAL, 2106;, ; 2106;;;Colisão;Luz do Dia;;;Meio de Quadra;;Longo da via;0;1;0;1;1;0;0;0;0;0;0;0;0;(0 0);
358553;2020-05-11 19:50:00;RUA PRO SILAS RIBEIRO, 740;, ; 740;;;Queda;;;;Meio de Quadra;;Longo da via;0;1;0;1;0;0;0;0;0;0;0;0;0;(-38.5770985 -3.8166471);
358537;2020-05-11 17:42:00;RUA FRE TEOBALDO, ;, ; ;;;Colisão;Anoitecer;;;Meio de Quadra;;Longo da via;0;1;0;1;1;0;0;0;0;0;0;0;0;(0 0);
358536;2020-05-11 17:07:00;AVENIDA SGT HERMINIO SAMPAIO, 1508;, ; 1508;;;Colisão;Anoitecer;;;Meio de Quadra;;Longo da via;0;1;0;0;0;0;0;0;0;0;0;0;0;(-38.5541516 -3.72520961);
358535;2020-05-11 16:25:00;AVENIDA DES MOREIRA, ;RUA GAL TERTULIANO POTYGUARA, ; ;;;Colisão;Luz do Dia;Bom;Seca;Cruz;Semáforo;Cruzamento;0;1;1;1;1;0;0;0;0;0;0;0;0;(-38.500568 -3.74313);
358534;2020-05-11 15:31:00;RUA SAO LAZARO, 605;, ; 605;;;Queda;Luz do Dia;;;Meio de Quadra;;Longo da via;0;1;0;1;0;0;0;0;0;0;0;0;0;(-38.5827352 -3.80164091);
358533;2020-05-11 14:13:00;AVENIDA IMPERADOR, ;RUA PEDRO PEREIRA, ; ;;;Colisão;Luz do Dia;;;Cruz;Semáforo;Cruzamento;0;1;0;2;0;0;0;0;0;0;0;0;0;(-38.534609 -3.727714);
358532;2020-05-11 11:10:00;RUA DOIS, 162;, ; 162;;;Atropelamento;Luz do Dia;;;Meio de Quadra;;Longo da via;0;1;0;1;0;0;0;0;0;0;0;0;0;(-38.54167 -3.79398);
358531;2020-05-11 10:46:00;AVENIDA DOS EXPEDICIONARIOS, 3656;, ; 3656;;;Queda;Luz do Dia;;;Meio de Quadra;;Longo da via;0;1;0;1;0;0;0;0;0;0;0;0;0;(-38.53688 -3.750803);
358530;2020-05-11 07:52:00;AVENIDA JOSE LEON, ;AVENIDA DES GONZAGA, ; ;;;Colisão;Luz do Dia;;;T;Pare;Cruzamento;0;1;0;1;1;0;0;0;0;0;0;0;0;(-38.504513 -3.78708);
356608;2020-05-11 07:40:00;RUA PDE PEDRO DE ALENCAR, 868;RUA CHICO FRANCA, ; 868;;;Colisão;Luz do Dia;Bom;Seca;Meio de Quadra;Semáforo;Cruzamento;0;0;2;0;1;1;0;0;0;0;0;0;0;(-38.49422 -3.8350146);
356609;2020-05-11 06:51:00;AVENIDA DOM MANUEL, ;RUA PINTO MADEIRA, ; ;;;Colisão Transversal;Luz do Dia;Chuva;Molhada;Cruz;Semáforo;Cruzamento;0;2;0;1;0;0;0;1;0;0;0;0;0;(-38.521957 -3.730964);
358691;2020-05-11 06:15:00;RUA TRES (DIAS MACEDO), ;, ; ;;;Capotamento;Luz do Dia;Nublado;Seca;Meio de Quadra;;Longo da via;1;0;0;0;1;0;0;0;0;0;0;0;0;(-38.525814 -3.78768);
358529;2020-05-11 01:30:00;RUA JOAO CORDEIRO, 2151;, ; 2151;;;Atropelamento;;;;Meio de Quadra;;Longo da via;0;1;0;0;1;0;0;0;0;0;0;0;0;(-38.5176033 -3.73906783);
356607;2020-05-11 01:09:00;RUA BAR CRATO, 1072;, ; 1072;;;Choque c/ Obstáculo Fixo;Via Iluminada;Bom;Seca;Meio de Quadra;Não Há Controle;Longo da via;0;1;0;0;1;0;0;0;0;0;0;0;0;(-38.558776474 -3.721069);
358528;2020-05-10 23:50:00;AVENIDA FRANCISCO SA, 7885;, ; 7885;;;Queda;;;;Meio de Quadra;;Longo da via;0;1;0;1;0;0;0;0;0;0;0;0;0;(-38.5890163 -3.70457662);
358527;2020-05-10 22:13:00;RUA MON SALAZAR, 700;, ; 700;;;Colisão;;;;Meio de Quadra;;Longo da via;0;1;0;1;1;0;0;0;0;0;0;0;0;(-38.5135766 -3.75606919);
358526;2020-05-10 20:57:00;RUA PRO VIRGILIO DE MORAIS, 412;, ; 412;;;Atropelamento;;;;Meio de Quadra;;Longo da via;0;2;0;1;0;0;0;0;0;0;0;0;0;(-38.5968048 -3.75204055);
358525;2020-05-10 20:38:00;RUA OSVALDO CRUZ (ALDEOTA), 2095;, ; 2095;;;Queda;;;;Meio de Quadra;;Longo da via;0;1;0;1;0;0;0;0;0;0;0;0;0;(-38.5029802 -3.74391112);
356606;2020-05-10 18:42:00;RUA PRO HERIBALDO COSTA, 680;, ; 680;;;Não informado;Via Iluminada;Bom;Seca;Cruz;Não Há Controle;Longo da via;0;1;0;1;1;0;0;0;0;0;0;0;0;(-38.5841513 -3.760524);
358524;2020-05-10 16:36:00;RUA ILDEFONSO ALBANO, 755;, ; 755;;;Colisão;Luz do Dia;;;Meio de Quadra;;Longo da via;0;1;0;1;1;0;0;0;0;0;0;0;0;(-38.511374 -3.72740547);
358523;2020-05-10 16:02:00;RUA PRO HERIBALDO COSTA, 681;, ; 681;;;Colisão;Luz do Dia;;;Meio de Quadra;;Longo da via;0;2;0;1;1;0;0;0;0;0;0;0;0;(-38.583181 -3.758725);
358522;2020-05-10 10:54:00;AVENIDA DOS EXPEDICIONARIOS, 10954;, ; 10954;;;Colisão;Luz do Dia;;;Meio de Quadra;;Longo da via;0;1;0;1;1;0;0;0;0;0;0;0;0;(0 0);
358521;2020-05-10 10:39:00;AVENIDA CASTELO DE CASTRO, 440;, ; 440;;;Colisão;Luz do Dia;;;Meio de Quadra;;Longo da via;0;1;0;1;1;0;0;0;0;0;0;0;0;(-38.521559 -3.833054);
356615;2020-05-10 10:32:00;AVENIDA PRS CASTELO BRANCO, ;RUA JACINTO MATOS, ; ;;;Choque c/ Obstáculo Fixo;Luz do Dia;Bom;Seca;T;Semáforo;Cruzamento;0;0;1;0;1;0;0;0;0;0;0;0;0;(-38.546333 -3.71463);
356605;2020-05-10 08:38:00;RUA VINTE E QUATRO DE MAIO, 321;, ; 321;;;Choque c/ Obstáculo Fixo;Luz do Dia;Bom;Seca;Meio de Quadra;Não Há Controle;Longo da via;0;0;1;0;1;0;0;0;0;0;0;0;0;(-38.5312828 -3.72467684);
358520;2020-05-10 07:59:00;AVENIDA PRS CASTELO BRANCO, ;RUA JACINTO MATOS, ; ;;;Colisão;Luz do Dia;;;T;Semáforo;Cruzamento;0;1;0;1;1;0;0;0;0;0;0;0;0;(-38.546333 -3.71463);
358519;2020-05-10 07:24:00;AVENIDA GAL OSORIO DE PAIVA, ;, ; ;;;Atropelamento;Luz do Dia;;;Meio de Quadra;;Longo da via;0;2;0;1;0;0;0;0;0;0;0;0;0;(0 0);
358518;2020-05-10 00:39:00;RUA JOAO FIRMINO, ;RUA VASCO DA GAMA, ; ;;;Colisão;;;;Cruz;Pare;Cruzamento;0;1;0;1;1;0;0;0;0;0;0;0;0;(-38.55175 -3.7599);
358690;2020-05-10 00:00:00;RUA BERNARDO MANUEL, 10921;, ; 10921;;;Colisão Traseira;Luz do Dia;Bom;Seca;Meio de Quadra;Outros;Longo da via;0;1;1;1;1;0;0;0;0;0;0;0;0;(-38.55620086 -3.814430102);
358517;2020-05-09 22:56:00;RUA DOM HENRIQUE, 161;, ; 161;;;Colisão;;;;Meio de Quadra;;Longo da via;0;1;0;1;1;0;0;0;0;0;0;0;0;(-38.579543 -3.789397);
358787;2020-05-09 22:00:00;AVENIDA MON TABOSA, ;RUA JOAO CORDEIRO, ; ;;;Colisão;;;;Cruz;Semáforo;Cruzamento;0;2;0;0;2;0;0;0;0;0;0;0;0;(-38.512635 -3.724009);
358516;2020-05-09 21:03:00;AVENIDA MAJ ASSIS, 2135;, ; 2135;;;Colisão;;;;Meio de Quadra;;Longo da via;0;1;0;1;1;0;0;0;0;0;0;0;0;(-38.599035 -3.721);
358786;2020-05-09 20:35:00;RUA STA INES D20, ;RUA STA ROSA D20/21 (JACARECANGA), ; ;;;Colisão;;;;;;Cruzamento;0;2;0;2;0;0;0;0;0;0;0;0;0;(-38.54654 -3.71248);
358515;2020-05-09 19:37:00;RUA PERNAMBUCO, 2211;, ; 2211;;;Colisão;;;;Meio de Quadra;;Longo da via;0;1;0;1;1;0;0;0;0;0;0;0;0;(-38.575552 -3.754153);
358514;2020-05-09 19:26:00;AVENIDA DR SILAS MUNGUBA, 4997;, ; 4997;;;Queda;;;;Meio de Quadra;;Longo da via;0;1;0;1;0;0;0;0;0;0;0;0;0;(-38.531678 -3.796992);
358513;2020-05-09 18:25:00;AVENIDA ROGACIANO LEITE, 2850;, ; 2850;;;Atropelamento;Anoitecer;;;Meio de Quadra;;Longo da via;0;1;0;0;1;0;0;0;0;0;0;0;0;(-38.5025 -3.783603);
358512;2020-05-09 18:22:00;AVENIDA GAL OSORIO DE PAIVA, 6132;, ; 6132;;;Colisão;Anoitecer;;;Meio de Quadra;;Longo da via;0;1;0;1;1;0;0;0;0;0;0;0;0;(-38.607132 -3.809989);
358511;2020-05-09 15:47:00;AVENIDA MIGUEL DIAS, ;RUA FIRMINO ROCHA AGUIAR, ; ;;;Colisão;Luz do Dia;;;Rotatória;Dê Preferência;Cruzamento;0;1;0;2;0;0;0;0;0;0;0;0;0;(-38.487708 -3.763517);
358510;2020-05-09 15:16:00;AVENIDA FRE CIRILO, ;AVENIDA MIN JOSE AMERICO, ; ;;;Colisão;Luz do Dia;;;Cruz;Semáforo;Cruzamento;0;1;0;1;1;0;0;0;0;0;0;0;0;(-38.4995 -3.812905);
358785;2020-05-09 15:15:00;AVENIDA MAJ ASSIS, 1026;, ; 1026;;;Colisão;Luz do Dia;;;Meio de Quadra;;Longo da via;0;2;0;0;2;0;0;0;0;0;0;0;0;(-38.58827 -3.72356);
358509;2020-05-09 13:57:00;AVENIDA ENG LEAL LIMA VERDE (SAPIRANGA/COITE), ;AVENIDA MAE LISBOA, ; ;;;Choque c/ Obstáculo Fixo;Luz do Dia;;;Cruz;Pare;Cruzamento;0;2;0;1;0;0;1;0;0;0;0;0;0;(-38.474657 -3.807871);
358508;2020-05-09 13:38:00;RUA GAL SAMPAIO, ;RUA SEN ALENCAR, ; ;;;Colisão;Luz do Dia;;;Cruz;Semáforo;Cruzamento;0;2;0;2;0;0;0;0;0;0;0;0;0;(-38.529984 -3.724192);
358507;2020-05-09 13:14:00;RUA DA LIBERDADE, 160;, ; 160;;;Colisão;Luz do Dia;;;Meio de Quadra;;Longo da via;0;1;0;2;0;0;0;0;0;0;0;0;0;(-38.59699 -3.74942);
358493;2020-05-09 12:17:00;AVENIDA 13 DE MAIO, 836;, ; 836;;;Queda;Luz do Dia;;;Meio de Quadra;;Longo da via;0;1;0;1;0;0;0;0;0;0;0;0;0;(-38.52709 -3.75115);
358492;2020-05-09 11:58:00;AVENIDA EDUARDO GIRAO, ;RUA JORGE DUMAR, ; ;;;Colisão;Luz do Dia;;;Cruz;Semáforo;Cruzamento;0;1;0;1;1;0;0;0;0;0;0;0;0;(-38.538695 -3.749691);
358491;2020-05-09 11:10:00;AVENIDA PRO GOMES DE MATOS, ;RUA CEL ALEXANDRINO, ; ;;;Colisão;Luz do Dia;;;Cruz;Semáforo Manual;Cruzamento;0;1;0;1;1;0;0;0;0;0;0;0;0;(-38.550403 -3.766732);
358490;2020-05-09 10:09:00;RUA CON DE CASTRO, 7041;, ; 7041;;;Atropelamento;Luz do Dia;;;Meio de Quadra;;Longo da via;1;0;1;1;0;0;0;0;0;0;0;0;0;(-38.6006845 -3.81717103);
358489;2020-05-09 09:04:00;AVENIDA PERIMETRAL, ;, ; ;;;Queda;Luz do Dia;;;Meio de Quadra;;Longo da via;0;1;0;1;0;0;0;0;0;0;0;0;0;(0 0);
356604;2020-05-09 08:19:00;AVENIDA I CJ JOSE WALTER, ;AVENIDA G CJ JOSE WALTER, ; ;;;Colisão Transversal;Luz do Dia;Bom;Seca;Cruz;Pare;Cruzamento;0;0;2;1;1;0;0;0;0;0;0;0;0;(-38.554956 -3.839061);
358286;2020-05-09 07:06:00;AVENIDA I CJ JOSE WALTER, ;AVENIDA G CJ JOSE WALTER, ; ;;;Colisão;Luz do Dia;;;Cruz;Pare;Cruzamento;0;1;0;1;1;0;0;0;0;0;0;0;0;(-38.554956 -3.839061);
358285;2020-05-09 06:05:00;AVENIDA RECREIO D64, 990;, ; 990;;;Queda;Luz do Dia;;;Meio de Quadra;;Longo da via;0;1;0;0;0;0;0;0;0;1;0;0;0;(-38.4498101 -3.81418967);
358284;2020-05-09 01:03:00;AVENIDA DR SILAS MUNGUBA, ;, ; ;;;Atropelamento;;;;Meio de Quadra;;Longo da via;0;1;0;0;1;0;0;0;0;0;0;0;0;(0 0);
358094;2020-05-08 21:38:00;AVENIDA DR SILAS MUNGUBA, 5700;, ; 5700;;;Atropelamento;;;;Meio de Quadra;;Longo da via;0;2;0;0;1;0;0;0;0;0;0;0;0;(-38.5274935 -3.804268);
358093;2020-05-08 20:48:00;AVENIDA DES FAUSTINO ALBUQUERQUE, 332;, ; 332;;;Queda;;;;Meio de Quadra;;Longo da via;0;2;0;1;0;0;0;0;0;0;0;0;0;(-38.4985163 -3.78257058);
358092;2020-05-08 20:23:00;AVENIDA JOSE LEON, 672;, ; 672;;;Colisão;;;;Meio de Quadra;;Longo da via;0;1;0;0;0;0;0;0;0;0;0;0;0;(-38.5055383 -3.78679392);
358091;2020-05-08 20:09:00;AVENIDA SEN VIRGILIO TAVORA, 2184;, ; 2184;;;Colisão;;;;Meio de Quadra;;Longo da via;0;2;0;1;1;0;0;0;0;0;0;0;0;(-38.4959545 -3.745556);
358090;2020-05-08 17:48:00;AVENIDA GAL OSORIO DE PAIVA, 665;, ; 665;;;Colisão;Anoitecer;;;Meio de Quadra;;Longo da via;0;1;1;0;1;0;0;0;0;1;0;0;0;(-38.5683497 -3.77679536);
358087;2020-05-08 16:15:00;AVENIDA SGT HERMINIO SAMPAIO, 1628;, ; 1628;;;Colisão;Luz do Dia;;;Meio de Quadra;;Longo da via;0;1;0;0;0;0;0;0;0;0;0;0;0;(-38.555305 -3.725391);
358086;2020-05-08 16:02:00;RUA WALDIR DIOGO, 141;, ; 141;;;Colisão;Luz do Dia;;;Meio de Quadra;;Longo da via;0;1;1;1;1;0;0;0;0;0;0;0;0;(-38.5795523 -3.80769867);
358085;2020-05-08 15:46:00;AVENIDA PERIMETRAL, ;, ; ;;;Colisão;Luz do Dia;;;;;Longo da via;0;2;0;1;1;0;0;0;0;0;0;0;0;(0 0);
358084;2020-05-08 15:13:00;AVENIDA SEN FERNANDES TAVORA, 2433;, ; 2433;;;Atropelamento;Luz do Dia;;;Meio de Quadra;;Longo da via;0;1;0;0;0;0;0;0;0;0;0;0;0;(-38.593889 -3.755953);
358083;2020-05-08 14:46:00;RUA GAL CLARINDO DE QUEIROZ, ;RUA CARIRE, ; ;;;Colisão;Luz do Dia;;;Cruz;Pare;Cruzamento;0;2;0;1;1;0;0;0;0;0;0;0;0;(-38.54201 -3.72892);
358689;2020-05-08 14:30:00;AVENIDA SEN VIRGILIO TAVORA, 3344;, ; 3344;;;Colisão Frontal;Luz do Dia;Bom;Seca;Meio de Quadra;Outros;Longo da via;0;2;0;1;1;0;0;0;0;0;0;0;0;(0 0);
358081;2020-05-08 14:27:00;AVENIDA SEN FERNANDES TAVORA, 3127;, ; 3127;;;Colisão;Luz do Dia;;;Meio de Quadra;;Longo da via;0;2;0;1;1;0;0;0;0;0;0;0;0;(-38.6005991 -3.75470325);
358987;2020-05-08 13:00:00;AVENIDA SEN CARLOS JEREISSATI (AEROPORTO), ;, ; ;;;Outros;Luz do Dia;;;Meio de Quadra;;Longo da via;0;2;0;1;1;0;0;0;0;0;0;0;0;(0 0);
358080;2020-05-08 11:24:00;AVENIDA VIS RIO BRANCO, ;AVENIDA DUQ CAXIAS, ; ;;;Queda;Luz do Dia;;;;;Cruzamento;0;1;0;1;0;0;0;0;0;0;0;0;0;(-38.524603 -3.733481);
358079;2020-05-08 10:27:00;AVENIDA ABOLICAO, 3986;, ; 3986;;;Colisão;Luz do Dia;;;Meio de Quadra;;Longo da via;0;2;0;1;1;0;0;0;0;0;0;0;0;(-38.483577 -3.725135);
358784;2020-05-08 09:00:00;RUA PDE VALDEVINO, ;RUA CARLOS VASCONCELOS, ; ;;;Colisão;Luz do Dia;;;Cruz;Semáforo;Cruzamento;0;2;0;1;0;1;0;0;0;0;0;0;0;(-38.51319 -3.740277);
358078;2020-05-08 07:23:00;RUA CARLOS VASCONCELOS, ;RUA PDE VALDEVINO, ; ;;;Colisão;Luz do Dia;Bom;;Cruz;Semáforo;Cruzamento;0;2;0;1;1;0;0;0;0;0;0;0;0;(-38.51319 -3.740277);
358077;2020-05-08 07:12:00;RUA JULIO SILVA, ;, ; ;;;Queda;Luz do Dia;;;Meio de Quadra;;Longo da via;0;1;0;1;0;0;0;0;0;0;0;0;0;(0 0);
358076;2020-05-08 06:26:00;RD BR 116, 12000;, ; 12000;;;Colisão;Luz do Dia;;;Meio de Quadra;;Longo da via;0;2;0;2;0;0;0;0;0;0;0;0;0;(-38.496066 -3.85574);
358075;2020-05-08 06:15:00;RUA STA JULIA, 153;, ; 153;;;Colisão;Luz do Dia;;;Meio de Quadra;;Longo da via;0;2;0;1;1;0;0;0;0;0;0;0;0;(-38.5686345 -3.77477633);
356603;2020-05-08 06:10:00;RUA STA JULIA, ;RUA LEONEL CHAVES, ; ;;;Colisão;Luz do Dia;Bom;Seca;Cruz;Pare;Cruzamento;0;1;1;1;1;0;0;0;0;0;0;0;0;(-38.568283 -3.774531);
358074;2020-05-08 01:00:00;AVENIDA SANTOS DUMONT, ;, ; ;;;Queda;;;;Meio de Quadra;;Longo da via;0;1;0;1;0;0;0;0;0;0;0;0;0;(0 0);
358073;2020-05-07 22:30:00;RD BR 116, 8000;, ; 8000;;;Colisão;;;;Meio de Quadra;;Longo da via;0;2;0;2;0;0;0;0;0;0;0;0;0;(-38.503269 -3.822018);
358072;2020-05-07 21:20:00;RUA CEL PERGENTINO FERREIRA, 500;, ; 500;;;Colisão;;;;Meio de Quadra;;Longo da via;0;2;0;2;0;0;0;0;0;0;0;0;0;(-38.52597 -3.74898);
358071;2020-05-07 20:55:00;RUA PRIMEIRO DE JANEIRO, 928;, ; 928;;;Atropelamento;;;;Meio de Quadra;;Longo da via;0;1;1;1;0;0;0;0;0;0;0;0;0;(-38.56713 -3.78481);
358070;2020-05-07 20:48:00;RUA MIN ALBUQUERQUE LIMA, 711;, ; 711;;;Colisão;;;;Meio de Quadra;;Longo da via;0;2;0;2;0;0;0;0;0;0;0;0;0;(-38.606368 -3.769826);
358068;2020-05-07 19:11:00;RUA JOAO CARVALHO, 517;, ; 517;;;Colisão;;;;Meio de Quadra;;Longo da via;0;2;0;2;0;0;0;0;0;0;0;0;0;(-38.5085335 -3.73732332);
358069;2020-05-07 19:00:00;RD BR 116, 12000;, ; 12000;;;Atropelamento;;;;Meio de Quadra;;Longo da via;0;1;1;0;1;0;0;0;0;0;0;0;0;(-38.496066 -3.85574);
358067;2020-05-07 18:42:00;RUA CATOLE, ;, ; ;;;Colisão;;;;Meio de Quadra;;Longo da via;0;2;0;1;1;0;0;0;0;0;0;0;0;(0 0);
358747;2020-05-07 18:35:00;RD BR 020, ;, ; ;;;Colisão Traseira;;;;Meio de Quadra;;Longo da via;0;1;1;1;1;0;0;0;0;0;0;0;0;(-38.524 -3.863);
358066;2020-05-07 17:49:00;RUA ERICO MOTA, ;RUA XAVIER DE OLIVEIRA, ; ;;;Colisão;Anoitecer;;;Cruz;Pare;Cruzamento;0;2;0;1;1;0;0;0;0;0;0;0;0;(-38.560547 -3.747288);
358065;2020-05-07 17:12:00;RUA CURITIBA, ;RUA SAO LUIS D30, ; ;;;Atropelamento de Animal;Anoitecer;;;;;Cruzamento;0;1;0;1;0;0;0;0;0;0;0;0;0;(-38.59089 -3.75623);
358064;2020-05-07 14:28:00;AVENIDA JOSE TAVARES, 1205;, ; 1205;;;Colisão;Luz do Dia;;;Meio de Quadra;;Longo da via;0;1;0;0;0;0;0;0;0;0;0;0;0;(0 0);
358063;2020-05-07 13:28:00;RUA MONTE LIBANO, 280;, ; 280;;;Colisão;Luz do Dia;;;Meio de Quadra;;Longo da via;0;2;0;1;1;0;0;0;0;0;0;0;0;(-38.560749 -3.823193);
358062;2020-05-07 12:35:00;AVENIDA CEL CARVALHO, ;RUA GUILHERME MENDES, ; ;;;Colisão;Luz do Dia;;;Cruz;Pare;Cruzamento;0;2;0;1;1;0;0;0;0;0;0;0;0;(-38.587094 -3.720651);
358783;2020-05-07 11:55:00;RUA BAR ARACATI, ;AVENIDA SORIANO ALBUQUERQUE, ; ;;;Colisão;Luz do Dia;;;Duplo T;Pare;Cruzamento;0;2;0;1;1;0;0;0;0;0;0;0;0;(-38.51703 -3.748453);
358061;2020-05-07 11:04:00;AVENIDA H CJ CEARA, ;AVENIDA C CJ CEARA, ; ;;;Colisão;Luz do Dia;;;Outros;Pare;Cruzamento;0;1;1;0;1;0;0;0;0;1;0;0;0;(-38.609547 -3.762711);
358060;2020-05-07 10:56:00;AVENIDA PRO GOMES DE MATOS, 1544;, ; 1544;;;Colisão;Luz do Dia;;;Meio de Quadra;;Longo da via;0;1;1;0;1;0;0;0;0;1;0;0;0;(-38.548948 -3.76501378);
358059;2020-05-07 09:42:00;RUA JOAQUIM FELICIO, 419;, ; 419;;;Colisão;Luz do Dia;;;Meio de Quadra;;Longo da via;0;1;1;0;1;0;0;0;0;1;0;0;0;(-38.491283 -3.83016237);
358058;2020-05-07 09:08:00;AVENIDA PRS CASTELO BRANCO, ;, ; ;;;Atropelamento;Luz do Dia;;;Meio de Quadra;;Longo da via;0;1;1;0;0;0;0;1;0;0;0;0;0;(0 0);
358057;2020-05-06 22:23:00;RUA MANUEL JESUINO, ;RUA TAVARES COUTINHO, ; ;;;Colisão;;;;Cruz;Semáforo;Cruzamento;0;1;0;0;0;0;0;0;0;0;0;0;0;(-38.484965 -3.7325);
358056;2020-05-06 21:17:00;ESTRADA SIQUEIRA, 1095;, ; 1095;;;Colisão;;;;Meio de Quadra;;Longo da via;0;1;0;0;1;0;0;1;0;0;0;0;0;(-38.5941 -3.80768);
358055;2020-05-06 20:29:00;AVENIDA SGT HERMINIO SAMPAIO, 1511;, ; 1511;;;Colisão;;;;Meio de Quadra;;Longo da via;0;2;0;2;0;0;0;0;0;0;0;0;0;(-38.55406895 -3.725194459);
358054;2020-05-06 20:07:00;AVENIDA GAL OSORIO DE PAIVA, 4450;, ; 4450;;;Colisão;;;;Meio de Quadra;;Longo da via;0;2;0;1;1;0;0;0;0;0;0;0;0;(-38.5949321 -3.79736814);
358053;2020-05-06 19:16:00;AVENIDA 13 DE MAIO, 299;, ; 299;;;Colisão;;;;Meio de Quadra;;Longo da via;0;2;0;1;1;0;0;0;0;0;0;0;0;(-38.524234 -3.753695);
358770;2020-05-06 17:50:00;RUA VITORIA, 934;, ; 934;;;Colisão;Anoitecer;;;Meio de Quadra;;Longo da via;0;2;0;0;2;0;0;0;0;0;0;0;0;(-38.60068453 -3.81717103);
358052;2020-05-06 15:59:00;RUA BERNARDO MANUEL, 9976;, ; 9976;;;Queda;Luz do Dia;;;Meio de Quadra;;Longo da via;0;1;0;1;0;0;0;0;0;0;0;0;0;(-38.55321 -3.804702);
358050;2020-05-06 15:28:00;RD BR 116, 825;, ; 825;;;Colisão;Luz do Dia;;;Meio de Quadra;;Longo da via;0;2;0;0;0;0;0;0;0;0;0;0;0;(-38.518702 -3.762554);
358049;2020-05-06 13:27:00;RUA JAIME BENEVOLO, ;RUA DEP JOAO PONTES, ; ;;;Colisão;Luz do Dia;;;Cruz;Pare;Cruzamento;0;2;0;2;0;0;0;0;0;0;0;0;0;(-38.530076 -3.74614);