COD_ACIDENTE;DATA;LOG1;LOG2;NUMERO;BAIRRO;AMC;NATUREZA;ILUMINACAO;TEMPO;SUPERFICIEPISTA;TIPOCRUZAMENTO;CONTROLETRAFEGO;USOSOLO;MORTOS;FERIDOS;ILESOS;MOTOCICLETA;AUTOMOVEL;MICROONIBUS;CAMINHAO;ONIBUS;CICLOMOTOR;BICICLETA;OUTROS;TREM;TRACAOANIMAL;COORDENADAS
358048;2020-05-06 12:50:00;AVENIDA COSTA OESTE, 547;, ; 547;;;Queda;Luz do Dia;;;Meio de Quadra;;Longo da via;0;1;0;1;0;0;0;0;0;0;0;0;0;(-38.58714 -3.80585);
358981;2020-05-06 12:47:00;AVENIDA SEN CARLOS JEREISSATI (AEROPORTO), ;, ; ;;;Colisão;Luz do Dia;;;Meio de Quadra;;Longo da via;0;2;0;0;2;0;0;0;0;0;0;0;0;(-38.535424 -3.782194);
358047;2020-05-06 10:12:00;AVENIDA WASHINGTON SOARES, 1850;, ; 1850;;;Colisão;Luz do Dia;;;Meio de Quadra;;Longo da via;0;2;0;1;1;0;0;0;0;0;0;0;0;(-38.481738 -3.774842);
358046;2020-05-06 08:56:00;RUA 7 DE SETEMBRO, ;, ; ;;;Colisão;Luz do Dia;;;Meio de Quadra;;Longo da via;0;2;0;2;0;0;0;0;0;0;0;0;0;(0 0);
358045;2020-05-05 23:45:00;AVENIDA DIOGUINHO, ;, ; ;;;Colisão;;;;Meio de Quadra;;Longo da via;0;2;0;1;0;0;1;0;0;0;0;0;0;(0 0);
358044;2020-05-05 23:41:00;RUA CEL MATOS DOURADO, 665;, ; 665;;;Queda;;;;Meio de Quadra;;Longo da via;0;1;0;1;0;0;0;0;0;0;0;0;0;(-38.584876 -3.744795);
358043;2020-05-05 22:52:00;RUA TUPI D35, 1565;, ; 1565;;;Queda;;;;Meio de Quadra;;Longo da via;0;1;0;1;0;0;0;0;0;0;0;0;0;(-38.5842634 -3.77044698);
358042;2020-05-05 21:32:00;RUA CEL FABRICIANO, ;RUA VALDEMAR PAES, ; ;;;Colisão;;;;;;Cruzamento;0;1;0;0;0;0;0;0;0;0;0;0;0;(-38.599275 -3.785186);
358041;2020-05-05 21:15:00;RUA POMPILIO GOMES, 1750;, ; 1750;;;Queda;;;;Meio de Quadra;;Longo da via;0;1;0;1;0;0;0;0;0;0;0;0;0;(-38.5212078 -3.82710915);
356601;2020-05-05 20:00:00;RUA BELISARIO TAVORA, 308;, ; 308;;;Colisão Frontal;Via Iluminada;Bom;Seca;Meio de Quadra;Pare;Longo da via;0;2;0;1;1;0;0;0;0;0;0;0;0;(-38.50561 -3.75869);
358688;2020-05-05 20:00:00;AVENIDA JOSE LEON, ;RUA VALTER DE CASTRO, ; ;;;Colisão Lateral;Mal Iluminada;Bom;Seca;Cruz;Pare;Cruzamento;0;1;1;1;1;0;0;0;0;0;0;0;0;(-38.492848 -3.789977);
356599;2020-05-05 19:30:00;AVENIDA SANTOS DUMONT, ;RUA DR JOSE LOURENCO, ; ;;;Colisão Transversal;Via Iluminada;Bom;Seca;Cruz;Pare;Cruzamento;0;2;0;1;1;0;0;0;0;0;0;0;0;(-38.50738 -3.733299);
356600;2020-05-05 19:22:00;AVENIDA ENG SANTANA JUNIOR, 2277;, ; 2277;;;Colisão;Via Iluminada;Bom;Seca;Meio de Quadra;Semáforo;Longo da via;0;2;0;2;0;0;0;0;0;0;0;0;0;(-38.486538 -3.742678);
358040;2020-05-05 17:34:00;AVENIDA LINEU MACHADO, 657;, ; 657;;;Queda;Anoitecer;;;Meio de Quadra;;Longo da via;0;1;0;0;0;0;0;0;0;1;0;0;0;(-38.577074 -3.766231);
358039;2020-05-05 17:19:00;RUA TEN BENEVOLO, 593;, ; 593;;;Colisão;Anoitecer;;;Meio de Quadra;;Longo da via;0;1;0;0;0;0;0;0;0;0;0;0;0;(-38.51582 -3.725792);
358038;2020-05-05 15:55:00;RUA METON DE ALENCAR, 161;, ; 161;;;Colisão;Luz do Dia;;;Meio de Quadra;;Longo da via;0;1;0;0;0;0;0;0;0;0;0;0;0;(-38.5256143 -3.73530192);
358037;2020-05-05 15:37:00;AVENIDA SGT HERMINIO SAMPAIO, ;, ; ;;;Atropelamento;Luz do Dia;;;Meio de Quadra;;Longo da via;0;2;0;0;1;0;0;0;0;0;0;0;0;(0 0);
358036;2020-05-05 15:10:00;RD BR 116, 12000;, ; 12000;;;Atropelamento;Luz do Dia;;;Meio de Quadra;;Longo da via;0;1;1;0;0;0;1;0;0;0;0;0;0;(-38.496066 -3.85574);
358035;2020-05-05 12:30:00;AVENIDA CARNEIRO DE MENDONCA, ;AVENIDA JOSE BASTOS, ; ;;;Colisão;Luz do Dia;;;Cruz;Semáforo;Cruzamento;0;2;0;1;1;0;0;0;0;0;0;0;0;(-38.566759 -3.764109);
358034;2020-05-05 12:09:00;RUA JOAO CARVALHO, ;RUA MON BRUNO, ; ;;;Colisão;Luz do Dia;;;Cruz;Pare;Cruzamento;0;2;0;1;1;0;0;0;0;0;0;0;0;(-38.510792 -3.736585);
358033;2020-05-05 12:03:00;AVENIDA ABOLICAO, 4653;, ; 4653;;;Colisão;Luz do Dia;;;Meio de Quadra;;Longo da via;0;1;1;0;1;0;0;0;0;1;0;0;0;(-38.479798 -3.722615);
358032;2020-05-05 10:43:00;RUA PRO HERACLITO, ;, ; ;;;Colisão;Luz do Dia;;;Meio de Quadra;;Longo da via;0;2;0;1;1;0;0;0;0;0;0;0;0;(0 0);
358031;2020-05-05 10:12:00;TRAVESSA CLARA NUNES, 66;, ; 66;;;Queda;Luz do Dia;;;Meio de Quadra;;Longo da via;0;1;0;1;0;0;0;0;0;0;0;0;0;(-38.47618 -3.84706);
359620;2020-05-05 09:00:00;AVENIDA DEP PAULINO ROCHA, ;, ; ;;;Colisão;Luz do Dia;;;Meio de Quadra;;Longo da via;1;0;0;1;1;0;0;0;0;0;0;0;0;(-38.519976 -3.810033);
358030;2020-05-05 08:09:00;AVENIDA CARAPINIMA, 2415;, ; 2415;;;Colisão;Luz do Dia;;;Meio de Quadra;;Longo da via;0;2;0;1;1;0;0;0;0;0;0;0;0;(-38.54087518 -3.740639235);
358029;2020-05-05 03:09:00;AVENIDA A CJ CEARA, 1514;, ; 1514;;;Queda;;;;Meio de Quadra;;Longo da via;0;1;0;1;0;0;0;0;0;0;0;0;0;(-38.605843 -3.7747476);
358028;2020-05-04 21:27:00;AVENIDA ENG HUMBERTO MONTE, 531;, ; 531;;;Colisão;;;;Meio de Quadra;;Longo da via;0;2;0;1;1;0;0;0;0;0;0;0;0;(-38.55694 -3.753384);
356597;2020-05-04 19:23:00;AVENIDA ABOLICAO, 4001;, ; 4001;;;Colisão Lateral;Luz do Dia;Bom;Seca;Meio de Quadra;Não Há Controle;Longo da via;0;2;0;1;1;0;0;0;0;0;0;0;0;(-38.483388 -3.725056);
358027;2020-05-04 19:15:00;RUA PEDRO MARTINS, 724;, ; 724;;;Colisão;;;;Meio de Quadra;;Longo da via;0;2;0;2;0;0;0;0;0;0;0;0;0;(-38.604607 -3.798062);
356598;2020-05-04 19:01:00;AVENIDA PDE ANTONIO TOMAS, ;AVENIDA SEN VIRGILIO TAVORA, ; ;;;Colisão Transversal;Via Iluminada;Bom;Molhada;Cruz;Gesto;Cruzamento;0;2;0;1;1;0;0;0;0;0;0;0;0;(-38.494749 -3.74176);
358026;2020-05-04 18:27:00;AVENIDA 13 DE MAIO, ;, ; ;;;Colisão;Anoitecer;;;Meio de Quadra;;Longo da via;0;1;0;0;0;0;0;0;0;0;0;0;0;(0 0);
358025;2020-05-04 18:22:00;RUA PDE NOBREGA, ;RUA PERU, ; ;;;Colisão;Anoitecer;;;Cruz;Não Há Controle;Cruzamento;0;2;0;1;1;0;0;0;0;0;0;0;0;(-38.55406 -3.7818);
358769;2020-05-04 18:05:00;RUA CAP CLOVIS MAIA, 3401;, ; 3401;;;Colisão;Anoitecer;;;Meio de Quadra;;Longo da via;0;1;1;1;0;0;0;0;0;0;0;0;0;(-38.4592904 -3.7278426);
358968;2020-05-04 17:00:00;RD CE-040, ;, ; ;;;Colisão;Anoitecer;;;Meio de Quadra;;Longo da via;0;2;0;0;1;0;0;1;0;0;0;0;0;(-38.48258304 -3.764650449);
358024;2020-05-04 16:34:00;RUA BELO HORIZONTE, ;RUA BENTO LOUSADO, ; ;;;Colisão;Luz do Dia;;;Cruz;Pare;Cruzamento;0;2;0;1;1;0;0;0;0;0;0;0;0;(-38.568686 -3.765738);
358023;2020-05-04 16:18:00;AVENIDA ROGACIANO LEITE, 2450;, ; 2450;;;Colisão;Luz do Dia;;;Meio de Quadra;;Longo da via;0;1;0;0;0;0;0;0;0;0;0;0;0;(-38.500776 -3.777456);
358022;2020-05-04 16:16:00;RUA ESV PINHEIRO, ;RUA ANA GONCALVES, ; ;;;Atropelamento;Luz do Dia;;;Cruz;Pare;Cruzamento;0;2;0;0;1;0;0;0;0;0;0;0;0;(-38.507866 -3.7591555);
358021;2020-05-04 14:46:00;RUA CON DE CASTRO, 4266;, ; 4266;;;Colisão;Luz do Dia;;;Meio de Quadra;;Longo da via;0;2;0;1;1;0;0;0;0;0;0;0;0;(-38.590325154 -3.803187846);
358020;2020-05-04 13:36:00;RUA CHILE, 685;, ; 685;;;Atropelamento;Luz do Dia;;;Meio de Quadra;;Longo da via;0;2;0;1;0;0;0;0;0;0;0;0;0;(-38.5674801 -3.74819208);
358019;2020-05-04 12:35:00;AVENIDA DR SILAS MUNGUBA, 2261;, ; 2261;;;Atropelamento;Luz do Dia;;;Meio de Quadra;;Longo da via;0;2;0;1;0;0;0;0;0;0;0;0;0;(-38.551242 -3.785833);
358018;2020-05-04 11:26:00;AVENIDA RAD JOSE LIMA VERDE, 807;, ; 807;;;Colisão;Luz do Dia;;;Meio de Quadra;;Longo da via;0;2;0;1;1;0;0;0;0;0;0;0;0;(-38.58801073 -3.699653182);
358017;2020-05-04 11:16:00;AVENIDA DR SILAS MUNGUBA, ;, ; ;;;Atropelamento;Luz do Dia;;;Meio de Quadra;;Longo da via;0;2;0;1;0;0;0;0;0;0;0;0;0;(0 0);
358746;2020-05-04 10:50:00;RD BR 116, 14000;, ; 14000;;;Tombamento;Luz do Dia;;;Meio de Quadra;;Longo da via;0;0;1;0;0;0;1;0;0;0;0;0;0;(-38.499242 -3.873523);
356596;2020-05-04 10:00:00;RUA COSTA BARROS, ;RUA JOAO CORDEIRO, ; ;;;Colisão;Luz do Dia;Bom;Seca;Cruz;Semáforo;Cruzamento;0;2;0;1;1;0;0;0;0;0;0;0;0;(-38.514331 -3.729449);
358016;2020-05-04 08:14:00;RUA JOSE VILAR, ;RUA DEP MOREIRA DA ROCHA, ; ;;;Colisão;Luz do Dia;;;Cruz;Pare;Cruzamento;0;2;0;1;1;0;0;0;0;0;0;0;0;(-38.502113 -3.727832);
358015;2020-05-04 06:50:00;AVENIDA DA INDEPENDENCIA, 894;, ; 894;;;Queda;Luz do Dia;;;Meio de Quadra;;Longo da via;0;1;0;0;0;0;0;0;0;1;0;0;0;(-38.588753 -3.727545);
358014;2020-05-04 06:34:00;AVENIDA C CJ CEARA, 1084;, ; 1084;;;Colisão;Luz do Dia;;;Meio de Quadra;;Longo da via;0;2;0;1;1;0;0;0;0;0;0;0;0;(-38.4675829 -3.7840279);
356595;2020-05-04 01:25:00;RUA PEREIRA FILGUEIRAS, ;RUA SILVA PAULET, ; ;;;Colisão;Via Iluminada;Bom;Seca;Cruz;Pare;Cruzamento;0;2;0;1;1;0;0;0;0;0;0;0;0;(-38.504338 -3.731144);
358013;2020-05-04 01:03:00;AVENIDA PERIMETRAL, 3078;, ; 3078;;;Queda;;;;Meio de Quadra;;Longo da via;0;1;0;1;0;0;0;0;0;0;0;0;0;(0 0);
358012;2020-05-03 23:52:00;RUA PEREIRA FILGUEIRAS, 705;, ; 705;;;Colisão;;;;Meio de Quadra;;Longo da via;0;1;0;0;0;0;0;0;0;0;0;0;0;(-38.5162188 -3.72727373);
356594;2020-05-03 22:10:00;RUA FRE JOSE MAURICIO, 479;, ; 479;;;Choque c/ Obstáculo Fixo;Anoitecer;Bom;Seca;Meio de Quadra;Não Há Controle;Longo da via;0;0;1;0;1;0;0;0;0;0;0;0;0;(-38.61158 -3.80635);
358011;2020-05-03 20:02:00;RUA TEODOMIRO DE CASTRO, 466;, ; 466;;;Colisão;;;;Meio de Quadra;;Longo da via;0;2;0;1;1;0;0;0;0;0;0;0;0;(-38.56894 -3.72032);
358010;2020-05-03 19:12:00;AVENIDA GENIBAU, 174;, ; 174;;;Atropelamento de Animal;;;;Meio de Quadra;;Longo da via;0;1;0;1;0;0;0;0;0;0;0;0;0;(-38.5968813 -3.76141707);
358009;2020-05-03 18:48:00;AVENIDA SANTOS DUMONT, 4000;, ; 4000;;;Colisão Transversal;Anoitecer;Bom;Seca;Meio de Quadra;Outros;Longo da via;0;3;0;1;0;0;0;0;0;1;0;0;0;(-38.488638 -3.739368);
358008;2020-05-03 17:45:00;RUA BOM JESUS (GRANJA LISBOA), ;RUA FRANCISCO PAIVA, ; ;;;Colisão;Anoitecer;;;Cruz;Pare;Cruzamento;0;2;0;2;0;0;0;0;0;0;0;0;0;(-38.614088 -3.790241);
358007;2020-05-03 17:20:00;AVENIDA GODOFREDO MACIEL, ;RUA ROQUET PINTO, ; ;;;Atropelamento;Anoitecer;;;T;Pare;Cruzamento;0;2;0;0;1;0;0;0;0;0;0;0;0;(-38.566182 -3.784418);
358006;2020-05-03 17:06:00;RUA VALPARAISO, 1190;, ; 1190;;;Queda;Anoitecer;;;Meio de Quadra;;Longo da via;0;1;0;1;0;0;0;0;0;0;0;0;0;(-38.52928725 -3.841340954);
358768;2020-05-03 16:00:00;RUA METON DE ALENCAR, ;RUA BAR RIO BRANCO, ; ;;;Colisão;Luz do Dia;;;Cruz;Semáforo;Cruzamento;0;0;2;0;2;0;0;0;0;0;0;0;0;(-38.530563 -3.733701);
358005;2020-05-03 15:57:00;RUA CON DE CASTRO, 1328;, ; 1328;;;Colisão;Luz do Dia;;;Meio de Quadra;;Longo da via;0;1;0;0;0;0;0;0;0;0;0;0;0;(-38.5725345 -3.784019);
358004;2020-05-03 15:37:00;AVENIDA CONTORNO SUL, ;, ; ;;;Colisão;Luz do Dia;;;Meio de Quadra;;Longo da via;0;2;0;1;1;0;0;0;0;0;0;0;0;(0 0);
358003;2020-05-03 14:46:00;RUA JOSE HIPOLITO, ;RUA BAR AQUIRAZ, ; ;;;Colisão;Luz do Dia;;;Cruz;Semáforo;Cruzamento;0;2;0;1;1;0;0;0;0;0;0;0;0;(-38.489933 -3.833725);
356593;2020-05-03 13:26:00;AVENIDA PRO JOSE ARTHUR CARVALHO, 1802;, ; 1802;;;Choque c/ Obstáculo Fixo;Luz do Dia;Bom;Seca;Meio de Quadra;Não Há Controle;Longo da via;0;1;0;0;1;0;0;0;0;0;0;0;0;(-38.4638075 -3.8258585);
358745;2020-05-03 13:24:00;AVENIDA ALBERTO CRAVEIRO, ;, ; ;;;Colisão;Luz do Dia;;;Meio de Quadra;;Longo da via;0;1;1;0;1;0;0;0;0;0;0;0;0;(0 0);
358002;2020-05-03 13:06:00;AVENIDA ALBERTO CRAVEIRO, 2780;, ; 2780;;;Atropelamento;Luz do Dia;;;Meio de Quadra;;Longo da via;0;2;0;0;1;0;0;0;0;0;0;0;0;(-38.52347 -3.8056165);
358001;2020-05-03 07:17:00;AVENIDA CARNEIRO DE MENDONCA, ;, ; ;;;Atropelamento;Luz do Dia;;;Meio de Quadra;;Longo da via;0;2;0;1;0;0;0;0;0;0;0;0;0;(0 0);
358000;2020-05-03 02:45:00;AVENIDA MAJ ASSIS, 1418;, ; 1418;;;Queda;;;;Meio de Quadra;;Longo da via;1;0;0;1;0;0;0;0;0;0;0;0;0;(-38.5919858 -3.7227892);
358767;2020-05-03 00:50:00;RUA ALBERTO MAGNO, 1658;, ; 1658;;;Colisão;;;;Meio de Quadra;;Longo da via;0;0;2;0;2;0;0;0;0;0;0;0;0;(-38.5525365 -3.76824);
357999;2020-05-02 23:24:00;RUA CEL MATOS DOURADO, 540;, ; 540;;;Atropelamento;;;;Meio de Quadra;;Longo da via;0;1;0;0;0;0;0;0;0;0;0;0;0;(-38.58501966 -3.743403169);
357998;2020-05-02 21:24:00;AVENIDA DR SILAS MUNGUBA, 4956;, ; 4956;;;Queda;;;;Meio de Quadra;;Longo da via;0;1;0;0;0;0;0;0;0;1;0;0;0;(-38.531555 -3.7971718);
357997;2020-05-02 21:23:00;RUA ANA BRITO, 1225;, ; 1225;;;Colisão;;;;Meio de Quadra;;Longo da via;0;2;0;1;1;0;0;0;0;0;0;0;0;(-38.58921 -3.82765);
357996;2020-05-02 20:17:00;RUA STA ELISA D21, 1203;, ; 1203;;;Colisão;;;;Meio de Quadra;;Longo da via;0;2;0;1;1;0;0;0;0;0;0;0;0;(-38.5644468 -3.7045345);
357995;2020-05-02 19:31:00;AVENIDA SGT HERMINIO SAMPAIO, ;RUA MOZART PINTO, ; ;;;Colisão;;;;T;Pare;Cruzamento;0;2;0;0;1;0;0;0;0;1;0;0;0;(-38.551753 -3.724783);
356592;2020-05-02 19:07:00;RUA SGT NERI, 756;, ; 756;;;Capotamento;Via Iluminada;Bom;Seca;Meio de Quadra;Não Há Controle;Longo da via;0;0;2;0;2;0;0;0;0;0;0;0;0;(-38.58092 -3.82807);
357994;2020-05-02 18:28:00;AVENIDA MAE LISBOA, 2879;, ; 2879;;;Colisão;Anoitecer;;;Meio de Quadra;;Longo da via;0;2;0;0;1;0;0;0;0;1;0;0;0;(-38.4533321 -3.80603826);
357993;2020-05-02 18:18:00;RUA MARIA GOMES DE SA, ;, ; ;;;Colisão;Anoitecer;;;Meio de Quadra;;Longo da via;0;1;0;0;0;0;0;0;0;0;0;0;0;(0 0);
357992;2020-05-02 18:07:00;AVENIDA ALBERTO CRAVEIRO, 2333;, ; 2333;;;Colisão;Anoitecer;;;Meio de Quadra;;Longo da via;0;2;0;1;1;0;0;0;0;0;0;0;0;(-38.520248 -3.801569);
358743;2020-05-02 16:00:00;AVENIDA BEZERRA DE MENEZES, 2597;, ; 2597;;;Colisão;Luz do Dia;;;Meio de Quadra;;Longo da via;0;0;2;0;2;0;0;0;0;0;0;0;0;(-38.5676406 -3.73633429);
358744;2020-05-02 15:00:00;RUA RIO GRANDE DO SUL, ;RUA ALAGOAS, ; ;;;Colisão;Luz do Dia;;;Cruz;Não Há Controle;Cruzamento;0;0;2;0;2;0;0;0;0;0;0;0;0;(-38.568934 -3.760762);
358641;2020-05-02 15:00:00;AVENIDA BEZERRA DE MENEZES, 2630;, ; 2630;;;Colisão Traseira;Luz do Dia;Bom;Seca;Meio de Quadra;Outros;Longo da via;0;3;0;0;3;0;0;0;0;0;0;0;0;(-38.567757 -3.736317);
356590;2020-05-02 14:56:00;AVENIDA IMPERADOR, ;RUA PEDRO PEREIRA, ; ;;;Colisão Transversal;Luz do Dia;Bom;Seca;Cruz;Semáforo;Cruzamento;0;0;2;0;2;0;0;0;0;0;0;0;0;(-38.534609 -3.727714);
357991;2020-05-02 14:33:00;AVENIDA BEZERRA DE MENEZES, 2229;, ; 2229;;;Colisão;Luz do Dia;;;Meio de Quadra;;Longo da via;0;2;0;0;2;0;0;0;0;0;0;0;0;(-38.5646698 -3.73571692);
357990;2020-05-02 14:29:00;AVENIDA BORGES DE MELO, ;, ; ;;;Queda;Luz do Dia;;;Meio de Quadra;;Longo da via;0;1;0;1;0;0;0;0;0;0;0;0;0;(0 0);
357989;2020-05-02 13:36:00;RUA VALPARAISO, 300;, ; 300;;;Colisão;Luz do Dia;;;Meio de Quadra;;Longo da via;0;2;0;2;0;0;0;0;0;0;0;0;0;(-38.5231621 -3.84594);
357988;2020-05-02 13:32:00;AVENIDA SGT HERMINIO SAMPAIO, 62;, ; 62;;;Colisão;Luz do Dia;;;Meio de Quadra;;Longo da via;0;2;0;1;1;0;0;0;0;0;0;0;0;(-38.5465 -3.7246);
357981;2020-05-02 13:24:00;AVENIDA D CJ JOSE WALTER, 300;, ; 300;;;Colisão;Luz do Dia;;;Meio de Quadra;;Longo da via;0;2;0;2;0;0;0;0;0;0;0;0;0;(-38.55587 -3.83149);
357980;2020-05-02 12:53:00;AVENIDA GOV RAUL BARBOSA, 7146;, ; 7146;;;Colisão;Luz do Dia;;;Meio de Quadra;;Longo da via;0;2;0;2;0;0;0;0;0;0;0;0;0;(-38.5129887 -3.77522018);
357978;2020-05-02 12:52:00;AVENIDA DIOGUINHO, 977;, ; 977;;;Queda;Luz do Dia;;;Meio de Quadra;;Longo da via;0;1;0;1;0;0;0;0;0;0;0;0;0;(-38.46055 -3.72826);
358652;2020-05-02 12:52:00;AVENIDA JOSE SABOIA, 905;, ; 905;;;Queda;Luz do Dia;Bom;Seca;Meio de Quadra;;Longo da via;1;0;0;1;0;0;0;0;0;0;0;0;0;(-38.4654628 -3.7183235);
357977;2020-05-02 12:29:00;RUA CEL VIRGILIO NOGUEIRA (BOM JARDIM), 1113;, ; 1113;;;Atropelamento;Luz do Dia;;;Meio de Quadra;;Longo da via;0;2;0;1;0;0;0;0;0;0;0;0;0;(-38.60981 -3.79224);
357976;2020-05-02 12:22:00;RUA LUIS VIEIRA, 382;, ; 382;;;Queda;Luz do Dia;;;Meio de Quadra;;Longo da via;0;1;0;1;0;0;0;0;0;0;0;0;0;(-38.5870266 -3.7949441);
357975;2020-05-02 11:37:00;AVENIDA OLAVO BILAC, ;RUA BAR CRATO, ; ;;;Queda;Luz do Dia;;;Cruz;Semáforo;Cruzamento;0;1;0;1;0;0;0;0;0;0;0;0;0;(-38.56637 -3.723036);
357974;2020-05-02 10:41:00;RUA STA LUCRECIA, 1319;, ; 1319;;;Queda;Luz do Dia;;;Meio de Quadra;;Longo da via;0;1;0;0;0;0;0;0;0;1;0;0;0;(-38.48545 -3.85013);
357973;2020-05-02 09:58:00;RUA VITAL BRASIL, ;RUA BRAGANCA, ; ;;;Colisão;Luz do Dia;;;Com Via Férrea;Pare;Cruzamento;0;2;0;2;0;0;0;0;0;0;0;0;0;(-38.595995 -3.77858);
357969;2020-05-02 07:31:00;RUA CURITIBA, ;RUA PRO HERIBALDO COSTA, ; ;;;Colisão;Luz do Dia;;;Cruz;Pare;Cruzamento;0;2;0;1;1;0;0;0;0;0;0;0;0;(-38.583853 -3.759992);
357968;2020-05-02 06:51:00;AVENIDA MR HULL, 4083;, ; 4083;;;Queda;Luz do Dia;;;Meio de Quadra;;Longo da via;0;1;0;1;0;0;0;0;0;0;0;0;0;(-38.581165 -3.738137);
356591;2020-05-02 06:47:00;AVENIDA AUGUSTO DOS ANJOS, 2250;, ; 2250;;;Colisão Frontal;Luz do Dia;Bom;Seca;Meio de Quadra;;Longo da via;0;1;2;1;2;0;0;0;0;0;0;0;0;(-38.584272 -3.786273);
357967;2020-05-02 05:34:00;AVENIDA GAL OSORIO DE PAIVA, ;, ; ;;;Colisão;Amanhecer;;;Meio de Quadra;;Longo da via;0;2;0;1;1;0;0;0;0;0;0;0;0;(0 0);
357966;2020-05-02 01:46:00;RUA RECANTO VERDE, 2191;, ; 2191;;;Colisão;;;;Meio de Quadra;;Longo da via;0;1;0;0;0;0;0;0;0;0;0;0;0;(-38.5149743 -3.84695371);
357965;2020-05-02 01:19:00;AVENIDA ODILON GUIMARAES, 1910;, ; 1910;;;Colisão;;;;Meio de Quadra;;Longo da via;0;2;0;2;0;0;0;0;0;0;0;0;0;(-38.476548 -3.821504);
357964;2020-05-01 22:54:00;AVENIDA TEN LISBOA, ;RUA HENRIQUE ELERY, ; ;;;Colisão;;;;;;Cruzamento;0;1;0;0;0;0;0;0;0;0;0;0;0;(-38.561537 -3.719497);
357963;2020-05-01 22:36:00;AVENIDA DOS JANGADEIROS, 104;, ; 104;;;Queda;;;;Meio de Quadra;;Longo da via;0;1;0;1;0;0;0;0;0;0;0;0;0;(-38.47624 -3.72222);
358742;2020-05-01 21:19:00;RUA JERONIMO ALBUQUERQUE, 625;, ; 625;;;Colisão;;;;Meio de Quadra;;Longo da via;0;1;1;1;1;0;0;0;0;0;0;0;0;(-38.5767 -3.70792);
357962;2020-05-01 20:51:00;AVENIDA GAL OSORIO DE PAIVA, 6391;, ; 6391;;;Colisão;;;;Meio de Quadra;;Longo da via;0;2;0;1;1;0;0;0;0;0;0;0;0;(-38.60811 -3.8110473);
357961;2020-05-01 20:30:00;TRAVESSA ISAURA, 55;, ; 55;;;Atropelamento;;;;Meio de Quadra;;Longo da via;0;2;0;0;1;0;0;0;0;0;0;0;0;(-38.54763 -3.72411);
357960;2020-05-01 19:36:00;RUA CHILE, ;RUA VIRIATO RIBEIRO, ; ;;;Colisão;;;;Cruz;Pare;Cruzamento;0;1;0;0;0;0;0;0;0;0;0;0;0;(-38.565276 -3.746178);
356589;2020-05-01 19:23:00;RUA VITAL BRASIL, ;RUA ANSELMO NOGUEIRA, ; ;;;Capotamento;Via Iluminada;Bom;Seca;Cruz;Semáforo;Cruzamento;0;2;0;1;1;0;0;0;0;0;0;0;0;(-38.587181 -3.781072);
357959;2020-05-01 17:54:00;RUA DNA LEOPOLDINA, ;RUA PINTO MADEIRA, ; ;;;Colisão;Anoitecer;;;Cruz;Semáforo;Cruzamento;0;2;0;1;1;0;0;0;0;0;0;0;0;(-38.519664 -3.73165);
357958;2020-05-01 17:45:00;RD BR 116, 3000;, ; 3000;;;Atropelamento;Anoitecer;;;Meio de Quadra;;Longo da via;0;2;0;1;0;0;0;0;0;0;0;0;0;(-38.514372 -3.779838);
358636;2020-05-01 14:30:00;RUA DELMIRO FARIAS, 163;, ; 163;;;Colisão Lateral;Luz do Dia;Bom;Seca;Meio de Quadra;Outros;Longo da via;0;2;0;0;2;0;0;0;0;0;0;0;0;(-38.5423438 -3.75482589);
357950;2020-05-01 09:49:00;RUA MAL BITENCOURT, 160;, ; 160;;;Colisão;Luz do Dia;;;Meio de Quadra;;Longo da via;0;2;0;1;1;0;0;0;0;0;0;0;0;(-38.5284857 -3.78647614);
357940;2020-05-01 09:20:00;RUA VALPARAISO, ;, ; ;;;Queda;Luz do Dia;;;Meio de Quadra;;Longo da via;0;1;0;1;0;0;0;0;0;0;0;0;0;(0 0);
357939;2020-05-01 08:09:00;AVENIDA WASHINGTON SOARES, 611;, ; 611;;;Atropelamento;Luz do Dia;;;Meio de Quadra;;Longo da via;0;1;1;0;0;0;0;0;0;1;0;0;0;(-38.485713 -3.758401);
358910;2020-04-30 20:30:00;RUA CARLOS RIBEIRO, ;, ; ;;;Colisão;;;;Meio de Quadra;;Longo da via;0;1;0;1;0;0;0;0;0;0;0;0;0;(0 0);
356502;2020-04-30 19:10:00;AVENIDA SEN CARLOS JEREISSATI (AEROPORTO), ;, ; ;;;Choque c/ Obstáculo Fixo;;;Material Derrapante;Meio de Quadra;;Longo da via;0;1;0;1;0;0;0;0;0;0;0;0;0;(-38.52685 -3.783753);
357931;2020-04-30 19:06:00;AVENIDA SEN CARLOS JEREISSATI (AEROPORTO), ;, ; ;;;Queda;;;;Meio de Quadra;;Longo da via;0;1;0;1;0;0;0;0;0;0;0;0;0;(0 0);
357930;2020-04-30 18:00:00;RD BR 116, ;, ; ;;;Queda;Anoitecer;;;Meio de Quadra;;Longo da via;0;1;0;1;0;0;0;0;0;0;0;0;0;(0 0);
357929;2020-04-30 16:49:00;RUA PRO ALVARO COSTA, 399;, ; 399;;;Colisão;Luz do Dia;;;Meio de Quadra;;Longo da via;0;2;0;2;0;0;0;0;0;0;0;0;0;(-38.46608 -3.72383);
357928;2020-04-30 16:43:00;RUA ELESBAO VELOSO, ;RUA COS ARAUJO LIMA, ; ;;;Colisão;Luz do Dia;;;;;Cruzamento;0;1;0;1;1;0;0;0;0;0;0;0;0;(-38.591361 -3.749403);