COD_ACIDENTE;DATA;LOG1;LOG2;NUMERO;BAIRRO;AMC;NATUREZA;ILUMINACAO;TEMPO;SUPERFICIEPISTA;TIPOCRUZAMENTO;CONTROLETRAFEGO;USOSOLO;MORTOS;FERIDOS;ILESOS;MOTOCICLETA;AUTOMOVEL;MICROONIBUS;CAMINHAO;ONIBUS;CICLOMOTOR;BICICLETA;OUTROS;TREM;TRACAOANIMAL;COORDENADAS
357927;2020-04-30 12:42:00;RUA CARLOS JUACABA, 1462;, ; 1462;;;Colisão;Luz do Dia;;;Meio de Quadra;;Longo da via;0;1;0;1;1;0;0;0;0;0;0;0;0;(-38.56323 -3.79464);
356602;2020-04-30 11:00:00;RUA JOSE FACANHA, 336;, ; 336;;;Colisão Traseira;Luz do Dia;Bom;Seca;Meio de Quadra;Não Há Controle;Longo da via;0;0;2;0;2;0;0;0;0;0;0;0;0;(-38.555003 -3.754201);
357926;2020-04-30 10:34:00;RUA VALPARAISO, 1328;, ; 1328;;;Colisão;Luz do Dia;;;Meio de Quadra;;Longo da via;0;1;0;1;1;0;0;0;0;0;0;0;0;(-38.53024913 -3.84054357);
357925;2020-04-30 08:44:00;RD BR 116, 10000;, ; 10000;;;Queda;Luz do Dia;;;Meio de Quadra;;Longo da via;0;1;0;1;0;0;0;0;0;0;0;0;0;(-38.503373 -3.834435);
356722;2020-04-30 08:30:00;RD BR 116, 10000;, ; 10000;;;Choque c/ Obstáculo Fixo;Luz do Dia;Bom;Seca;Meio de Quadra;;Longo da via;0;1;0;1;0;0;0;0;0;0;0;0;0;(-38.503373 -3.834435);
357924;2020-04-30 08:13:00;RUA MARIA JULIA, ;RUA BOM JESUS (GRANJA LISBOA), ; ;;;Colisão;Luz do Dia;;;Cruz;Pare;Cruzamento;0;1;0;2;0;0;0;0;0;0;0;0;0;(-38.600603 -3.79464);
356500;2020-04-30 08:10:00;AVENIDA SEN CARLOS JEREISSATI (AEROPORTO), 5;, ; 5;;;Colisão;Luz do Dia;;Seca;Meio de Quadra;;Longo da via;0;3;0;0;2;0;0;1;0;0;0;0;0;(0 0);
357923;2020-04-30 07:34:00;AVENIDA MR HULL, ;, ; ;;;Colisão;Luz do Dia;;;Meio de Quadra;;Longo da via;0;1;0;0;0;0;0;0;0;0;1;0;0;(0 0);
357922;2020-04-29 21:22:00;AVENIDA SANTOS DUMONT, 6905;, ; 6905;;;Queda;;;;Meio de Quadra;;Longo da via;0;1;0;1;0;0;0;0;0;0;0;0;0;(-38.471503 -3.744896);
357921;2020-04-29 21:05:00;RUA DOM XISTO ALBANO, 961;, ; 961;;;Colisão;;;;Meio de Quadra;;Longo da via;0;1;0;2;0;0;0;0;0;0;0;0;0;(-38.58176 -3.79286);
357920;2020-04-29 20:00:00;RUA 15 DE NOVEMBRO, 911;, ; 911;;;Colisão;;;;Meio de Quadra;;Longo da via;0;1;0;0;0;0;0;0;0;0;1;0;0;(-38.552228 -3.770252);
357919;2020-04-29 18:51:00;AVENIDA VIS RIO BRANCO, ;, ; ;;;Colisão;;;;Meio de Quadra;;Longo da via;0;1;0;2;0;0;0;0;0;0;0;0;0;(0 0);
357918;2020-04-29 18:02:00;AVENIDA GAL MURILO BORGES, ;, ; ;;;Colisão;Anoitecer;;;Meio de Quadra;;Longo da via;0;1;0;0;0;0;0;0;0;0;0;0;0;(0 0);
357917;2020-04-29 17:57:00;AVENIDA LINEU MACHADO, 776;, ; 776;;;Colisão;Anoitecer;;;Meio de Quadra;;Longo da via;0;1;0;0;1;0;0;0;0;1;0;0;0;(-38.5775307 -3.767113);
357916;2020-04-29 17:21:00;RD BR 116, 5379;, ; 5379;;;Colisão;Anoitecer;;;Meio de Quadra;;Longo da via;0;1;0;1;1;0;0;0;0;0;0;0;0;(-38.506787 -3.796502);
356721;2020-04-29 17:15:00;RD BR 116, ;, ; ;;;Colisão Traseira;Anoitecer;Bom;Seca;Meio de Quadra;;Longo da via;0;2;0;2;0;0;0;0;0;0;0;0;0;(-38.499242 -3.873523);
358909;2020-04-29 15:28:00;AVENIDA JOAO PESSOA, 5083;, ; 5083;;;Colisão;Luz do Dia;;;Meio de Quadra;;Longo da via;0;2;0;1;1;0;0;0;0;0;0;0;0;(-38.5528648 -3.75617274);
357915;2020-04-29 15:23:00;AVENIDA PERIMETRAL, 3451;, ; 3451;;;Colisão;Luz do Dia;;;Meio de Quadra;;Longo da via;0;2;0;1;1;0;0;0;0;0;0;0;0;(0 0);
357913;2020-04-29 13:58:00;RUA TOMAS ACIOLI, ;RUA ILDEFONSO ALBANO, ; ;;;Colisão;Luz do Dia;;;T;Pare;Cruzamento;0;1;0;1;1;0;0;0;0;0;0;0;0;(-38.516391 -3.742685);
357912;2020-04-29 13:23:00;AVENIDA SAUDADE D68, ;AVENIDA PAROARAS, ; ;;;Colisão;Luz do Dia;;;Cruz;Não Há Controle;Cruzamento;0;2;0;1;1;0;0;0;0;0;0;0;0;(-38.534257 -3.814399);
357911;2020-04-29 11:36:00;RUA ENG LUIS MONTENEGRO, 599;, ; 599;;;Queda;Luz do Dia;;;Meio de Quadra;;Longo da via;0;1;0;1;0;0;0;0;0;0;0;0;0;(-38.61806 -3.8143);
357910;2020-04-29 10:10:00;RD BR 116, 5000;, ; 5000;;;Atropelamento;Luz do Dia;;;Meio de Quadra;;Longo da via;0;1;0;0;0;0;0;1;0;0;0;0;0;(-38.506787 -3.796502);
356720;2020-04-29 09:15:00;RD BR 116, 3000;, ; 3000;;;Atropelamento;Luz do Dia;Bom;Seca;Meio de Quadra;;Longo da via;0;1;1;0;0;0;0;1;0;0;0;0;0;(-38.514372 -3.779838);
357909;2020-04-29 08:40:00;RUA DES LEITE ALBUQUERQUE, ;AVENIDA DES MOREIRA, ; ;;;Colisão;Luz do Dia;;;Cruz;Semáforo;Cruzamento;0;1;0;1;1;0;0;0;0;0;0;0;0;(-38.498678 -3.73722);
357908;2020-04-29 08:38:00;RUA JORGE DUMAR, 2067;, ; 2067;;;Queda;Luz do Dia;;;Meio de Quadra;;Longo da via;0;1;0;1;0;0;0;0;0;0;0;0;0;(-38.539585 -3.7537642);
357907;2020-04-29 08:15:00;AVENIDA PASTEUR, 778;, ; 778;;;Colisão;Luz do Dia;;;Meio de Quadra;;Longo da via;0;1;0;1;1;0;0;0;0;0;0;0;0;(-38.5593886 -3.712847);
356732;2020-04-29 08:00:00;AVENIDA MOZART PINHEIRO DE LUCENA, 527;, ; 527;;;Choque c/ Obstáculo Fixo;Luz do Dia;Bom;Seca;Meio de Quadra;Não Há Controle;Longo da via;0;0;1;0;0;0;1;0;0;0;0;0;0;(-38.592369 -3.706848);
357906;2020-04-29 07:48:00;AVENIDA MON TABOSA, ;RUA BAR ARACATI, ; ;;;Colisão;Luz do Dia;;;Cruz;Semáforo;Cruzamento;0;1;0;1;1;0;0;0;0;0;0;0;0;(-38.509158 -3.724226);
357905;2020-04-29 00:00:00;AVENIDA BEZERRA DE MENEZES, 9;, ; 9;;;Atropelamento;;;;Meio de Quadra;;Longo da via;0;1;0;0;1;0;0;0;0;0;0;0;0;(-38.54485 -3.73195);
357904;2020-04-28 23:47:00;AVENIDA COLOMBO DE SOUZA, 2699;, ; 2699;;;Atropelamento;;;;Meio de Quadra;;Longo da via;0;1;0;0;0;0;0;0;0;0;0;0;0;(0 0);
357903;2020-04-28 23:27:00;AVENIDA DIOGUINHO, 1705;, ; 1705;;;Colisão;;;;Meio de Quadra;;Longo da via;0;1;0;0;1;0;0;0;0;0;0;0;0;(-38.45836 -3.732395);
357902;2020-04-28 21:59:00;RUA AUDISIO PINHEIRO, 364;, ; 364;;;Colisão;;;;Meio de Quadra;;Longo da via;0;2;0;2;0;0;0;0;0;0;0;0;0;(-38.5873629 -3.75571475);
357901;2020-04-28 20:44:00;RD BR 116, 100;, ; 100;;;Queda;;;;Meio de Quadra;;Longo da via;0;1;0;1;0;0;0;0;0;0;0;0;0;(-38.518702 -3.762554);
356628;2020-04-28 20:21:00;RUA JAIME BENEVOLO, ;RUA ANTONIO POMPEU, ; ;;;Colisão Transversal;Via Iluminada;Bom;Seca;Cruz;Semáforo;Cruzamento;0;2;0;2;0;0;0;0;0;0;0;0;0;(-38.526664 -3.736033);
358907;2020-04-28 20:10:00;AVENIDA CASTELO DE CASTRO, 997;, ; 997;;;Colisão;;;;Meio de Quadra;;Longo da via;0;1;0;0;0;0;0;0;0;0;0;0;0;(-38.52161 -3.83833);
357900;2020-04-28 18:14:00;RUA 15 CJ JOSE WALTER, ;, ; ;;;Colisão;Anoitecer;;;Meio de Quadra;;Longo da via;0;1;0;1;1;0;0;0;0;0;0;0;0;(0 0);
357899;2020-04-28 16:57:00;AVENIDA AGUANAMBI, ;, ; ;;;Colisão;Luz do Dia;;;Meio de Quadra;;Longo da via;0;1;0;1;1;0;0;0;0;0;0;0;0;(0 0);
357898;2020-04-28 16:22:00;RUA DES CARVALHO LIMA D56, 183;, ; 183;;;Queda;Luz do Dia;;;Meio de Quadra;;Longo da via;0;1;0;1;0;0;0;0;0;0;0;0;0;(-38.500252 -3.780854);
357897;2020-04-28 15:25:00;RUA CRISANTO M DA ROCHA, 1520;, ; 1520;;;Colisão;Luz do Dia;;;Meio de Quadra;;Longo da via;0;1;0;1;1;0;0;0;0;0;0;0;0;(-38.481387 -3.801567);
358908;2020-04-28 12:30:00;RUA EDMUNDO FALCAO, 235;, ; 235;;;Colisão;Luz do Dia;;;Meio de Quadra;;Longo da via;0;2;0;0;1;0;1;0;0;0;0;0;0;(-38.45003 -3.74948);
357896;2020-04-28 10:54:00;AVENIDA CONTORNO NORTE D71, 1580;, ; 1580;;;Atropelamento;Luz do Dia;;;Meio de Quadra;;Longo da via;0;1;0;1;0;0;0;0;0;0;0;0;0;(-38.590277 -3.81084);
357895;2020-04-28 09:25:00;RUA DEMETRIO MENEZES, 3640;, ; 3640;;;Colisão;Luz do Dia;;;Meio de Quadra;;Longo da via;0;1;0;1;1;0;0;0;0;0;0;0;0;(-38.58425 -3.73545);
357894;2020-04-28 08:59:00;RUA MONTE LIBANO, 1023;, ; 1023;;;Queda;Luz do Dia;;;Meio de Quadra;;Longo da via;0;1;0;1;0;0;0;0;0;0;0;0;0;(-38.5651834 -3.82892528);
357893;2020-04-28 08:55:00;AVENIDA JOSE BASTOS, 2330;, ; 2330;;;Acidente Pessoal;Luz do Dia;;;Meio de Quadra;;Longo da via;0;1;0;1;0;0;0;0;0;0;0;0;0;(-38.5432 -3.74266);
357892;2020-04-28 08:50:00;AVENIDA A CJ JOSE WALTER, 170;, ; 170;;;Colisão;Luz do Dia;;;Meio de Quadra;;Longo da via;0;1;0;1;1;0;0;0;0;0;0;0;0;(-38.552267 -3.825431);
357891;2020-04-28 07:55:00;RUA RAUL CABRAL, 1921;, ; 1921;;;Colisão;Luz do Dia;;;Meio de Quadra;;Longo da via;0;1;0;1;1;0;0;0;0;0;0;0;0;(0 0);
356587;2020-04-28 07:30:00;RUA ANTONIO FIUZA, ;RUA TRES MARIAS, ; ;;;Não informado;Luz do Dia;Nublado;Seca;Cruz;Semáforo;Cruzamento;0;1;0;1;1;0;0;0;0;0;0;0;0;(-38.55259 -3.77116);
357890;2020-04-28 07:24:00;RUA VALPARAISO, 8;, ; 8;;;Colisão;Luz do Dia;;;Meio de Quadra;;Longo da via;0;1;0;1;1;0;0;0;0;0;0;0;0;(-38.5203 -3.84632);
357889;2020-04-28 06:45:00;AVENIDA DUQ CAXIAS, ;, ; ;;;Atropelamento;Luz do Dia;;;Meio de Quadra;;Longo da via;0;1;0;0;1;0;0;0;0;0;0;0;0;(0 0);
357888;2020-04-28 01:07:00;RUA 418 CJ SAO CRISTOVAO, 212;, ; 212;;;Queda;;;;Meio de Quadra;;Longo da via;0;1;0;1;0;0;0;0;0;0;0;0;0;(-38.5387201 -3.8225191);
357887;2020-04-28 00:58:00;AVENIDA PRS JUSCELINO KUBITSCHEK (PASSARÉ), 3595;, ; 3595;;;Atropelamento;;;;Meio de Quadra;;Longo da via;0;1;0;0;1;0;0;0;0;0;0;0;0;(-38.52957 -3.81366);
357886;2020-04-27 21:09:00;RUA OSCAR FRANCA, ;AVENIDA GAL OSORIO DE PAIVA, ; ;;;Colisão;;;;T;Semáforo;Cruzamento;0;1;0;0;0;0;0;0;0;0;0;0;0;(-38.592113 -3.794473);
356586;2020-04-27 20:00:00;RUA PDE VALDEVINO, ;AVENIDA BAR STUDART, ; ;;;Colisão Transversal;Via Iluminada;Bom;Molhada;Cruz;Gesto;Cruzamento;0;1;0;0;1;0;0;0;0;1;0;0;0;(-38.508855 -3.741641);
357885;2020-04-27 19:23:00;AVENIDA BAR STUDART, ;, ; ;;;Colisão;;;;Meio de Quadra;;Longo da via;0;1;0;0;1;0;0;0;0;1;0;0;0;(0 0);
357884;2020-04-27 19:14:00;AVENIDA MOZART PINHEIRO DE LUCENA, ;RUA CARLOS WALRAVEN, ; ;;;Colisão;;;;Cruz;Pare;Cruzamento;0;1;0;1;1;0;0;0;0;0;0;0;0;(-38.595801 -3.718701);
357883;2020-04-27 17:25:00;AVENIDA PRS CASTELO BRANCO, 240;, ; 240;;;Atropelamento;Anoitecer;;;Meio de Quadra;;Longo da via;0;1;0;0;1;0;0;0;0;0;0;0;0;(-38.5271 -3.7213);
357878;2020-04-27 10:40:00;RUA DR JOSE LINO, ;RUA MANUEL JESUINO, ; ;;;Colisão;Luz do Dia;;;Cruz;Semáforo;Cruzamento;0;1;0;0;0;0;0;0;0;0;0;0;0;(-38.485123 -3.7299106);
357877;2020-04-27 09:21:00;AVENIDA GAL OSORIO DE PAIVA, 929;, ; 929;;;Queda;Luz do Dia;;;Meio de Quadra;;Longo da via;0;1;0;1;0;0;0;0;0;0;0;0;0;(-38.57036 -3.778061);
356588;2020-04-27 08:53:00;AVENIDA PRS COSTA E SILVA, ;, ; ;;;Colisão Traseira;Luz do Dia;Chuva;Molhada;Meio de Quadra;Não Há Controle;Longo da via;0;0;2;0;1;0;0;0;0;0;0;0;0;(-38.568455 -3.8157606);
357876;2020-04-27 08:15:00;RUA BARBARA DE ALENCAR, ;RUA JOAO CORDEIRO, ; ;;;Colisão;Luz do Dia;;;Cruz;Pare;Cruzamento;0;2;0;2;0;0;0;0;0;0;0;0;0;(-38.516987 -3.737041);
359612;2020-04-27 04:33:00;RUA POMPILIO GOMES, 1590;, ; 1590;;;Atropelamento;;;;Meio de Quadra;;Longo da via;1;1;0;0;0;0;0;0;0;0;0;0;0;(-38.52115445 -3.825699848);
357874;2020-04-27 01:58:00;AVENIDA DOM MANUEL, 445;, ; 445;;;Colisão;;;;Meio de Quadra;;Longo da via;0;2;0;0;0;0;0;0;0;0;0;0;0;(-38.5210249 -3.7280879);
356584;2020-04-27 00:30:00;RUA PEDRO MARTINS, ;RUA GUAIRA D50, ; ;;;Colisão Lateral;Via Iluminada;Chuva;Molhada;Cruz;Pare;Cruzamento;0;2;0;0;2;0;0;0;0;0;0;0;0;(-38.60204 -3.79921);
357872;2020-04-26 19:11:00;RUA TIBURCIO CAVALCANTE, 2682;, ; 2682;;;Não informado;;;;Meio de Quadra;;Longo da via;0;1;0;1;0;0;0;0;0;0;0;0;0;(-38.50651 -3.74833);
357873;2020-04-26 19:11:00;RUA RIO GRANDE DO SUL, 369;, ; 369;;;Queda;;;;Meio de Quadra;;Longo da via;0;1;0;0;0;0;0;0;0;1;0;0;0;(-38.5636479 -3.75251189);
356583;2020-04-26 18:51:00;AVENIDA CARNEIRO DE MENDONCA, 1600;, ; 1600;;;Colisão Traseira;Via Iluminada;Chuva;Molhada;Meio de Quadra;Não Há Controle;Longo da via;0;2;0;0;2;0;0;0;0;0;0;0;0;(-38.5732055 -3.760751);
357871;2020-04-26 18:20:00;RUA POMPILIO GOMES, 1590;, ; 1590;;;Atropelamento;Anoitecer;;;Meio de Quadra;;Longo da via;0;1;0;0;1;0;0;0;0;0;0;0;0;(-38.52115445 -3.825699848);
357870;2020-04-26 18:07:00;RUA CHASTINET GUIMARAES, 291;, ; 291;;;Queda;Anoitecer;;;Meio de Quadra;;Longo da via;0;1;0;0;0;0;0;0;0;1;0;0;0;(-38.5657296 -3.72330511);
356582;2020-04-26 17:34:00;RUA PEREIRA DE MIRANDA, 1155;, ; 1155;;;Colisão Frontal;Anoitecer;Bom;Seca;Meio de Quadra;Não Há Controle;Longo da via;0;1;1;0;1;0;0;0;0;1;0;0;0;(-38.474647 -3.742111);
357868;2020-04-26 17:04:00;RUA RIO VENTURA, 8;, ; 8;;;Outros;Anoitecer;;;Meio de Quadra;;Longo da via;0;1;0;0;0;0;0;0;0;1;0;0;0;(-38.59915 -3.74627);
357867;2020-04-26 15:51:00;RUA ANTONIO BANDEIRA D41, 120;, ; 120;;;Queda;Luz do Dia;;;Meio de Quadra;;Longo da via;0;1;0;1;0;0;0;0;0;0;0;0;0;(-38.564834 -3.783595);
356581;2020-04-26 15:44:00;AVENIDA 13 DE MAIO, ;RUA MARTINHO RODRIGUES, ; ;;;Colisão Transversal;Luz do Dia;Bom;Seca;Cruz;Semáforo;Cruzamento;0;1;1;1;1;0;0;0;0;0;0;0;0;(-38.525221 -3.752832);
357865;2020-04-26 14:37:00;RUA CEL MATOS DOURADO, 2000;, ; 2000;;;Queda;Luz do Dia;;;Meio de Quadra;;Longo da via;0;1;0;1;0;0;0;0;0;0;0;0;0;(-38.5852583 -3.7589423);
357863;2020-04-26 14:18:00;AVENIDA DR SILAS MUNGUBA, 4956;, ; 4956;;;Queda;Luz do Dia;;;Meio de Quadra;;Longo da via;0;1;0;1;0;0;0;0;0;0;0;0;0;(-38.531555 -3.7971718);
357862;2020-04-26 11:16:00;RUA VITAL BRASIL, 2100;, ; 2100;;;Colisão;Luz do Dia;;;Meio de Quadra;;Longo da via;1;0;1;1;1;0;0;0;0;0;0;0;0;(-38.5995925 -3.77756788);
357861;2020-04-26 08:38:00;AVENIDA ABOLICAO, 4917;, ; 4917;;;Queda;Luz do Dia;;;Meio de Quadra;;Longo da via;0;1;0;1;0;0;0;0;0;0;0;0;0;(0 0);
357835;2020-04-26 08:02:00;AVENIDA DUQ CAXIAS, ;RUA VINTE E QUATRO DE MAIO, ; ;;;Atropelamento;Luz do Dia;;;Cruz;Semáforo;Cruzamento;0;1;0;0;1;0;0;0;0;0;0;0;0;(-38.53323 -3.730708);
357834;2020-04-26 07:23:00;RUA JATAI D71, 300;, ; 300;;;Tombamento;Luz do Dia;;;Meio de Quadra;;Longo da via;0;1;0;0;0;0;0;0;0;0;0;0;0;(-38.58261 -3.83075);
357833;2020-04-26 05:37:00;AVENIDA LINEU MACHADO, ;, ; ;;;Colisão;Amanhecer;;;Meio de Quadra;;Longo da via;0;1;0;1;1;0;0;0;0;0;0;0;0;(0 0);
357832;2020-04-26 03:58:00;RUA BENEDITO MACEDO, ;, ; ;;;Colisão;;;;Meio de Quadra;;Longo da via;0;1;0;0;0;0;0;0;0;0;0;0;0;(0 0);
357831;2020-04-26 02:18:00;RUA DOM XISTO ALBANO, 1150;, ; 1150;;;Queda;;;;Meio de Quadra;;Longo da via;0;1;0;1;0;0;0;0;0;0;0;0;0;(-38.5833957 -3.79464465);
357830;2020-04-26 00:43:00;RUA 13 UI 308, 133;, ; 133;;;Colisão;;;;Meio de Quadra;;Longo da via;0;1;0;0;1;0;1;0;0;0;0;0;0;(-38.5016679 -3.78461772);
357829;2020-04-25 23:10:00;AVENIDA OLIVEIRA PAIVA, 1205;, ; 1205;;;Queda;;;;Meio de Quadra;;Longo da via;0;1;0;1;0;0;0;0;0;0;0;0;0;(-38.495884 -3.795441);
357828;2020-04-25 22:26:00;RUA MACEIO, 1715;, ; 1715;;;Colisão;;;;Meio de Quadra;;Longo da via;0;1;0;0;0;0;0;0;0;0;0;0;0;(-38.59201 -3.76663);
357827;2020-04-25 20:16:00;AVENIDA WASHINGTON SOARES, ;RUA GUILHERME PESSOA, ; ;;;Atropelamento;;;;;;Cruzamento;1;0;1;0;1;0;0;0;0;0;0;0;0;(-38.48221 -3.82781);
357826;2020-04-25 17:16:00;RUA DIOGO CORREIA, 491;, ; 491;;;Queda;Anoitecer;;;Meio de Quadra;;Longo da via;0;1;0;1;0;0;0;0;0;0;0;0;0;(-38.590518 -3.770113);
357825;2020-04-25 13:59:00;RUA CEL ABELARDO RODRIGUES, ;, ; ;;;Colisão;Luz do Dia;;;Meio de Quadra;;Longo da via;0;1;1;1;1;0;0;0;0;0;0;0;0;(0 0);
357824;2020-04-25 13:58:00;AVENIDA CEL CARVALHO, 1146;, ; 1146;;;Colisão;Luz do Dia;;;Meio de Quadra;;Longo da via;0;1;0;1;1;0;0;0;0;0;0;0;0;(-38.58921 -3.7123623);
357823;2020-04-25 13:51:00;RUA PRO OTAVIO LOBO, ;RUA BENTO ALBUQUERQUE, ; ;;;Colisão;Luz do Dia;;;Cruz;Semáforo;Cruzamento;0;1;0;1;1;0;0;0;0;0;0;0;0;(-38.479196 -3.745035);
357822;2020-04-25 13:26:00;RUA C (LOT PRQ ARACAPE), 1125;, ; 1125;;;Queda;Luz do Dia;;;Meio de Quadra;;Longo da via;0;1;0;1;0;0;0;0;0;0;0;0;0;(-38.5559611 -3.8202947);
357821;2020-04-25 11:44:00;RUA JOAO CORDEIRO, ;RUA COSTA BARROS, ; ;;;Colisão;Luz do Dia;;;Cruz;Semáforo;Cruzamento;0;1;0;0;2;0;0;0;0;0;0;0;0;(-38.514331 -3.729449);
357820;2020-04-25 11:29:00;AVENIDA GAL OSORIO DE PAIVA, ;, ; ;;;Queda;Luz do Dia;;;Meio de Quadra;;Longo da via;0;1;0;1;0;0;0;0;0;0;0;0;0;(0 0);
357819;2020-04-25 10:46:00;RUA VALPARAISO, 402;, ; 402;;;Colisão;Luz do Dia;;;Meio de Quadra;;Longo da via;0;1;0;0;1;0;0;0;0;1;0;0;0;(-38.50843 -3.85016);
357818;2020-04-25 09:24:00;AVENIDA PERIMETRAL, 5301;, ; 5301;;;Colisão;Luz do Dia;;;Meio de Quadra;;Longo da via;0;1;0;1;1;0;0;0;0;0;0;0;0;(0 0);
356580;2020-04-25 09:17:00;AVENIDA CARNEIRO DE MENDONCA, ;AVENIDA JOAO PESSOA, ; ;;;Colisão Traseira;Luz do Dia;Chuva;Molhada;T;Semáforo;Cruzamento;0;0;2;0;2;0;0;0;0;0;0;0;0;(-38.559808 -3.767222);
357817;2020-04-25 08:29:00;RUA MARIO FILHO, 983;, ; 983;;;Choque c/ Obstáculo Fixo;Luz do Dia;;;Meio de Quadra;;Longo da via;0;1;0;0;0;0;0;0;0;0;0;0;0;(-38.58801 -3.80524);
357816;2020-04-25 04:19:00;RUA PERGENTINO MAIA, 5301;, ; 5301;;;Atropelamento;;;;Meio de Quadra;;Longo da via;0;1;0;0;1;0;0;0;0;0;0;0;0;(-38.483023 -3.8322414);
357815;2020-04-25 04:06:00;AVENIDA WASHINGTON SOARES, ;, ; ;;;Colisão;;;;Meio de Quadra;;Longo da via;0;1;0;1;1;0;0;0;0;0;0;0;0;(0 0);
357814;2020-04-25 02:37:00;AVENIDA MR HULL, 4000;, ; 4000;;;Colisão;;;;Meio de Quadra;;Longo da via;0;1;0;0;1;0;0;0;0;1;0;0;0;(-38.579783 -3.737912);
357812;2020-04-25 01:46:00;AVENIDA ENG SANTANA JUNIOR, ;, ; ;;;Acidente Pessoal;;;;Meio de Quadra;;Longo da via;0;1;0;1;0;0;0;0;0;0;0;0;0;(0 0);
357811;2020-04-25 01:35:00;RUA ISRAEL BEZERRA, 1155;, ; 1155;;;Queda;;;;Meio de Quadra;;Longo da via;0;1;0;1;0;0;0;0;0;0;0;0;0;(-38.49103 -3.75122);
357810;2020-04-25 00:55:00;RD BR 116, 14000;, ; 14000;;;Queda;;;;Meio de Quadra;;Longo da via;0;1;0;1;0;0;0;0;0;0;0;0;0;(-38.499242 -3.873523);
357809;2020-04-25 00:22:00;RUA PRO HERIBALDO COSTA, 1559;, ; 1559;;;Queda;;;;Meio de Quadra;;Longo da via;0;1;0;1;0;0;0;0;0;0;0;0;0;(-38.5867425 -3.7654675);
357808;2020-04-24 23:50:00;RUA CON DE CASTRO, ;RUA STA LIDUINA D42, ; ;;;Choque c/ Obstáculo Fixo;;;;Cruz;Semáforo;Cruzamento;2;3;0;0;1;0;0;0;0;0;0;0;0;(-38.584986 -3.797482);
357807;2020-04-24 23:07:00;RUA OSCAR ARARIPE, 347;, ; 347;;;Colisão;;;;Meio de Quadra;;Longo da via;0;1;0;1;1;0;0;0;0;0;0;0;0;(-38.5946 -3.792701);
357804;2020-04-24 22:25:00;RUA SAO FRANCISCO D34, 219;, ; 219;;;Queda;;;;Meio de Quadra;;Longo da via;0;1;0;1;0;0;0;0;0;0;0;0;0;(-38.5883086 -3.78431667);
357803;2020-04-24 22:25:00;AVENIDA GOV RAUL BARBOSA, 6706;, ; 6706;;;Queda;;;;Meio de Quadra;;Longo da via;0;1;0;1;0;0;0;0;0;0;0;0;0;(-38.5125076 -3.77282021);
357800;2020-04-24 20:33:00;RD BR 116, 11000;, ; 11000;;;Atropelamento;;;;Meio de Quadra;;Longo da via;0;1;0;1;0;0;0;0;0;0;0;0;0;(-38.497176 -3.84716);
357795;2020-04-24 18:42:00;AVENIDA JOSE LEON, 929;, ; 929;;;Colisão;;;;Meio de Quadra;;Longo da via;0;1;0;0;0;0;0;0;0;0;0;0;0;(-38.50138 -3.78785);
357794;2020-04-24 18:01:00;AVENIDA MR HULL, 6570;, ; 6570;;;Atropelamento;Anoitecer;;;Meio de Quadra;;Longo da via;0;1;0;1;0;0;0;0;0;0;0;0;0;(0 0);
357792;2020-04-24 17:15:00;AVENIDA SANTOS DUMONT, 4000;, ; 4000;;;Colisão;Anoitecer;;;Meio de Quadra;;Longo da via;0;1;0;1;1;0;0;0;0;0;0;0;0;(-38.488638 -3.739368);
357790;2020-04-24 16:43:00;RUA ADOLFO B DE MENEZES, ;, ; ;;;Colisão;Luz do Dia;;;Meio de Quadra;;Longo da via;0;1;0;0;0;0;0;0;0;0;0;0;0;(0 0);
356499;2020-04-24 15:30:00;RD CE-040, ;, ; ;;;Colisão;Luz do Dia;;Seca;Meio de Quadra;;Longo da via;0;2;0;0;2;0;0;0;0;0;0;0;0;(-38.4810839 -3.782614325);
357789;2020-04-24 11:37:00;RUA MONTE LIBANO, 833;, ; 833;;;Colisão;Luz do Dia;;;Meio de Quadra;;Longo da via;0;1;0;1;1;0;0;0;0;0;0;0;0;(-38.563505 -3.826718);
357788;2020-04-24 10:39:00;RUA MANUEL GALDINO, 1936;, ; 1936;;;Queda;Luz do Dia;;;Meio de Quadra;;Longo da via;0;1;0;1;0;0;0;0;0;0;0;0;0;(-38.61093 -3.79436);
357787;2020-04-24 10:07:00;RUA METON DE ALENCAR, ;, ; ;;;Queda;Luz do Dia;;;Meio de Quadra;;Longo da via;0;1;0;1;0;0;0;0;0;0;0;0;0;(0 0);
356579;2020-04-24 09:32:00;RUA FRANCISCO HOLANDA, ;RUA VIS MAUA, ; ;;;Tombamento;Luz do Dia;Chuva;Molhada;Cruz;Pare;Cruzamento;0;0;1;0;0;0;0;0;0;0;0;0;0;(-38.503561 -3.749029);
356578;2020-04-24 08:56:00;RUA ANTONIO FIUZA, ;RUA ELCIAS LOPES, ; ;;;Colisão;Luz do Dia;Chuva;Molhada;Cruz;Pare;Cruzamento;0;1;0;1;1;0;0;0;0;0;0;0;0;(-38.552914 -3.77209);
357786;2020-04-24 08:44:00;RUA ELCIAS LOPES, 840;, ; 840;;;Colisão;Luz do Dia;;;Meio de Quadra;;Longo da via;0;1;0;0;1;0;1;0;0;0;0;0;0;(-38.552914 -3.77209);