COD_ACIDENTE;DATA;LOG1;LOG2;NUMERO;BAIRRO;AMC;NATUREZA;ILUMINACAO;TEMPO;SUPERFICIEPISTA;TIPOCRUZAMENTO;CONTROLETRAFEGO;USOSOLO;MORTOS;FERIDOS;ILESOS;MOTOCICLETA;AUTOMOVEL;MICROONIBUS;CAMINHAO;ONIBUS;CICLOMOTOR;BICICLETA;OUTROS;TREM;TRACAOANIMAL;COORDENADAS
357785;2020-04-24 08:40:00;AVENIDA AUGUSTO DOS ANJOS, 500;, ; 500;;;Queda;Luz do Dia;;;Meio de Quadra;;Longo da via;0;1;0;1;0;0;0;0;0;0;0;0;0;(-38.5728658 -3.77312536);
357784;2020-04-24 06:56:00;AVENIDA JOR THOMAZ COELHO, ;, ; ;;;Atropelamento;Luz do Dia;;;Meio de Quadra;;Longo da via;0;1;0;0;0;0;0;1;0;0;0;0;0;(0 0);
357858;2020-04-23 21:58:00;RUA CARLOS VASCONCELOS, 170;, ; 170;;;Queda;;;;Meio de Quadra;;Longo da via;0;1;0;0;0;0;0;0;0;1;0;0;0;(-38.507765 -3.723623);
357857;2020-04-23 20:07:00;AVENIDA DOMINGOS OLIMPIO, 2225;, ; 2225;;;Queda;;;;Meio de Quadra;;Longo da via;0;1;0;1;0;0;0;0;0;0;0;0;0;(-38.5433297 -3.7331599);
357856;2020-04-23 20:03:00;AVENIDA ROGACIANO LEITE, 1088;, ; 1088;;;Colisão;;;;Meio de Quadra;;Longo da via;0;2;0;2;0;0;0;0;0;0;0;0;0;(-38.49688 -3.76732);
357855;2020-04-23 19:43:00;AVENIDA PRS CASTELO BRANCO, ;, ; ;;;Queda;;;;Meio de Quadra;;Longo da via;0;1;0;1;0;0;0;0;0;0;0;0;0;(0 0);
357854;2020-04-23 19:37:00;AVENIDA JOR THOMAZ COELHO, 1891;, ; 1891;;;Colisão;;;;Meio de Quadra;;Longo da via;0;2;0;1;1;0;0;0;0;0;0;0;0;(-38.512038 -3.828997);
357853;2020-04-23 18:37:00;RUA JOAO FAUSTINO RIBEIR, 59;, ; 59;;;Queda;;;;Meio de Quadra;;Longo da via;0;1;0;1;0;0;0;0;0;0;0;0;0;(-38.59844 -3.80176);
357852;2020-04-23 18:35:00;AVENIDA GODOFREDO MACIEL, ;, ; ;;;Colisão;;;;Meio de Quadra;;Longo da via;0;2;0;1;1;0;0;0;0;0;0;0;0;(0 0);
357851;2020-04-23 16:49:00;RUA MON HIPOLITO BRASIL, ;RUA ERNESTO PEDRO SANTOS, ; ;;;Colisão;Luz do Dia;;;Cruz;Pare;Cruzamento;0;2;0;1;1;0;0;0;0;0;0;0;0;(-38.575314 -3.760775);
357850;2020-04-23 15:48:00;AVENIDA PASTEUR, 524;, ; 524;;;Colisão;Luz do Dia;;;Meio de Quadra;;Longo da via;0;2;0;2;0;0;0;0;0;0;0;0;0;(-38.5586534 -3.71050171);
357849;2020-04-23 15:05:00;RUA SILVA PAULET, ;RUA PEREIRA FILGUEIRAS, ; ;;;Colisão;Luz do Dia;;;Cruz;Pare;Cruzamento;0;2;0;1;1;0;0;0;0;0;0;0;0;(-38.50435 -3.731254);
357848;2020-04-23 11:56:00;AVENIDA FRE CIRILO, ;RUA HOMEM DE MELO, ; ;;;Colisão;Luz do Dia;;;Duplo T;Pare;Cruzamento;0;2;0;1;1;0;0;0;0;0;0;0;0;(-38.497528 -3.817039);
357847;2020-04-23 11:17:00;RUA VITAL BRASIL, 867;, ; 867;;;Colisão;Luz do Dia;;;Meio de Quadra;;Longo da via;0;2;0;2;0;0;0;0;0;0;0;0;0;(-38.58865 -3.780666);
357846;2020-04-23 10:44:00;AVENIDA JOSE JATAHY, ;, ; ;;;Queda;Luz do Dia;;;Meio de Quadra;;Longo da via;0;1;0;1;0;0;0;0;0;0;0;0;0;(0 0);
357845;2020-04-23 10:30:00;RD QUARTO ANEL VIARIO, ;, ; ;;;Colisão;Luz do Dia;;;Meio de Quadra;;Longo da via;0;2;0;1;1;0;0;0;0;0;0;0;0;(0 0);
357844;2020-04-23 08:59:00;RUA RAUL CABRAL, 630;, ; 630;;;Colisão;Luz do Dia;;;Meio de Quadra;;Longo da via;0;1;0;0;0;0;0;0;0;0;0;0;0;(-38.5441124 -3.76913207);
357843;2020-04-23 07:09:00;RD BR 116, ;, ; ;;;Colisão;Luz do Dia;;;Meio de Quadra;;Longo da via;0;1;0;0;0;0;0;0;0;0;0;0;0;(0 0);
357842;2020-04-23 06:50:00;RUA MANUEL SATIRO, 1150;, ; 1150;;;Queda;Luz do Dia;;;Meio de Quadra;;Longo da via;0;1;0;1;0;0;0;0;0;0;0;0;0;(-38.578192 -3.807939);
357841;2020-04-22 22:28:00;RUA MIGUEL COUTO, 414;, ; 414;;;Queda;;;;Meio de Quadra;;Longo da via;0;1;0;1;0;0;0;0;0;0;0;0;0;(-38.48989 -3.83877);
357840;2020-04-22 21:41:00;AVENIDA SGT HERMINIO SAMPAIO, 73;, ; 73;;;Queda;;;;Meio de Quadra;;Longo da via;0;1;0;1;0;0;0;0;0;0;0;0;0;(-38.589884 -3.734095);
357839;2020-04-22 19:12:00;RUA MAJ MONTENEGRO, 687;, ; 687;;;Colisão;;;;Meio de Quadra;;Longo da via;0;2;0;1;1;0;0;0;0;0;0;0;0;(-38.5806268 -3.7986009);
356574;2020-04-22 18:25:00;AVENIDA DIOGUINHO, ;RUA LIV POLARY MAIA, ; ;;;Colisão Lateral;Anoitecer;Nublado;Seca;Cruz;Pare;Cruzamento;0;2;1;1;0;0;0;1;0;0;0;0;0;(-38.440308 -3.7669683);
357837;2020-04-22 18:24:00;AVENIDA MR HULL, ;, ; ;;;Atropelamento;Anoitecer;;;Meio de Quadra;;Longo da via;0;2;0;1;0;0;0;0;0;0;0;0;0;(0 0);
357836;2020-04-22 17:00:00;AVENIDA PERIMETRAL, 900;, ; 900;;;Colisão;Anoitecer;;;Meio de Quadra;;Longo da via;0;2;0;1;0;0;1;0;0;0;0;0;0;(0 0);
357774;2020-04-22 16:59:00;RUA PORTO VELHO, ;RUA GUARANI D35 (JOAO XXIII), ; ;;;Colisão;Luz do Dia;;;Cruz;Pare;Cruzamento;0;2;0;1;1;0;0;0;0;0;0;0;0;(-38.582396 -3.768441);
357773;2020-04-22 15:25:00;RUA UM (MONDUBIM), 4025;, ; 4025;;;Colisão;Luz do Dia;;;Meio de Quadra;;Longo da via;0;2;0;1;1;0;0;0;0;0;0;0;0;(-38.5810216 -3.832214);
357772;2020-04-22 15:18:00;RD BR 116, ;, ; ;;;Queda;Luz do Dia;;;Meio de Quadra;;Longo da via;0;1;0;1;0;0;0;0;0;0;0;0;0;(0 0);
356573;2020-04-22 14:00:00;RUA ERICO MOTA, ;RUA GUSTAVO SAMPAIO, ; ;;;Colisão Transversal;Luz do Dia;Nublado;Seca;Cruz;Semáforo;Cruzamento;0;2;0;1;1;0;0;0;0;0;0;0;0;(-38.562603 -3.7365224);
357770;2020-04-22 13:50:00;AVENIDA H CJ CEARA, 2400;, ; 2400;;;Colisão;Luz do Dia;;;Meio de Quadra;;Longo da via;0;2;0;1;1;0;0;0;0;0;0;0;0;(-38.6200665 -3.77687);
356572;2020-04-22 13:10:00;RUA ERETIDES MARTINS, 1667;, ; 1667;;;Colisão;Luz do Dia;Bom;Seca;Meio de Quadra;;Longo da via;0;1;1;1;1;0;0;0;0;0;0;0;0;(-38.557595 -3.734154);
357768;2020-04-22 13:08:00;AVENIDA GODOFREDO MACIEL, ;, ; ;;;Colisão;Luz do Dia;;;Meio de Quadra;;Longo da via;0;2;0;0;2;0;0;0;0;0;0;0;0;(0 0);
357767;2020-04-22 12:22:00;RUA PERILIO TEIXEIRA, 790;, ; 790;;;Colisão;Luz do Dia;;;Meio de Quadra;;Longo da via;0;2;0;1;1;0;0;0;0;0;0;0;0;(-38.6015323 -3.757668);
356571;2020-04-22 09:25:00;AVENIDA CONTORNO (CASTELÃO), 41;, ; 41;;;Colisão Lateral;Luz do Dia;Bom;Seca;T;Pare;Longo da via;0;2;1;1;0;0;0;1;0;0;0;0;0;(-38.58524 -3.84209);
357765;2020-04-22 07:26:00;RUA PORTO VELHO, 270;, ; 270;;;Queda;Luz do Dia;;;Meio de Quadra;;Longo da via;0;1;0;1;0;0;0;0;0;0;0;0;0;(-38.5833262 -3.76795391);
356570;2020-04-22 07:19:00;AVENIDA PRS JUSCELINO KUBITSCHEK (PASSARÉ), ;, ; ;;;Colisão Traseira;Luz do Dia;Bom;Seca;Rotatória;Dê Preferência;Longo da via;0;1;1;0;2;0;0;0;0;0;0;0;0;(-38.5360485 -3.8223655);
356569;2020-04-22 06:42:00;RUA TEN MOACIR MATOS, ;RUA ZACARIAS GONDIM, ; ;;;Colisão;Luz do Dia;Nublado;Molhada;Outros;Pare;Cruzamento;0;2;0;0;2;0;0;0;0;0;0;0;0;(-38.556819 -3.764447);
356568;2020-04-21 21:13:00;RUA ANA GONCALVES, ;RUA HERMINIO BARROSO, ; ;;;Colisão;Via Iluminada;Chuva;Molhada;Cruz;Pare;Cruzamento;0;2;0;1;1;0;0;0;0;0;0;0;0;(-38.51071 -3.75937);
357764;2020-04-21 19:23:00;AVENIDA HERACLITO GRACA, 100;, ; 100;;;Colisão;;;;Meio de Quadra;;Longo da via;0;2;0;1;1;0;0;0;0;0;0;0;0;(-38.523905 -3.733706);
357763;2020-04-21 18:05:00;AVENIDA GAL MURILO BORGES, ;, ; ;;;Colisão;Anoitecer;;;Meio de Quadra;;Longo da via;0;2;0;1;1;0;0;0;0;0;0;0;0;(0 0);
358901;2020-04-21 17:30:00;AVENIDA DES MOREIRA, ;RUA GAL TERTULIANO POTYGUARA, ; ;;;Colisão;Anoitecer;;;Cruz;Semáforo;Cruzamento;0;2;0;1;1;0;0;0;0;0;0;0;0;(-38.500568 -3.74313);
356577;2020-04-21 17:30:00;AVENIDA DES MOREIRA, ;RUA GAL POTIGUARA, ; ;;;Colisão Transversal;Luz do Dia;Nublado;Seca;;;Cruzamento;0;2;0;1;1;0;0;0;0;0;0;0;0;(-38.500553 -3.743174);
356567;2020-04-21 16:09:00;AVENIDA GOV RAUL BARBOSA, ;RUA ISAC AMARAL, ; ;;;Colisão;Luz do Dia;Nublado;Seca;Cruz;Semáforo;Cruzamento;0;1;1;1;1;0;0;0;0;0;0;0;0;(-38.503726 -3.753019);
357762;2020-04-21 15:06:00;RUA FLORIANO PEIXOTO, 1716;, ; 1716;;;Atropelamento;Luz do Dia;;;Meio de Quadra;;Longo da via;0;2;0;0;1;0;0;0;0;0;0;0;0;(-38.5303937 -3.73721703);
356585;2020-04-21 13:58:00;RUA DEMETRIO MENEZES, ;, ; ;;;Queda;Luz do Dia;Nublado;Seca;Outros;Não Há Controle;Longo da via;0;1;0;1;0;0;0;0;0;0;0;0;0;(-38.585228 -3.7403328);
357760;2020-04-21 12:16:00;RUA PDE PEDRO DE ALENCAR, ;, ; ;;;Atropelamento;Luz do Dia;;;Meio de Quadra;;Longo da via;0;2;0;0;1;0;0;0;0;0;0;0;0;(0 0);
356566;2020-04-21 08:28:00;RUA CEL ALVES TEIXEIRA, 1064;, ; 1064;;;Choque c/ Obstáculo Fixo;Luz do Dia;Nublado;Molhada;Meio de Quadra;Não Há Controle;Longo da via;0;1;0;0;1;0;0;0;0;0;0;0;0;(-38.5117971 -3.74621949);
357759;2020-04-21 08:19:00;RUA GUSTAVO SAMPAIO, ;RUA PRO RAIMUNDO ARRUDA, ; ;;;Queda;Luz do Dia;;;Cruz;Pare;Cruzamento;0;1;0;1;0;0;0;0;0;0;0;0;0;(-38.551915 -3.734328);
356576;2020-04-21 07:00:00;AVENIDA CHANC EDSON QUEIROZ, ;, ; ;;;Colisão Transversal;Luz do Dia;Nublado;Molhada;Meio de Quadra;Não Há Controle;Longo da via;0;0;2;0;2;0;0;0;0;0;0;0;0;(-38.49343 -3.7648532);
357750;2020-04-21 06:49:00;AVENIDA ANTONIO SALES, ;AVENIDA VIS RIO BRANCO, ; ;;;Colisão;Luz do Dia;;;Outros;Semáforo;Cruzamento;0;2;0;1;1;0;0;0;0;0;0;0;0;(-38.523589 -3.738574);
357749;2020-04-20 21:18:00;AVENIDA PERIMETRAL, ;, ; ;;;Atropelamento;;;;Meio de Quadra;;Longo da via;0;2;0;0;1;0;0;0;0;0;0;0;0;(0 0);
356565;2020-04-20 20:30:00;RUA LEONARDO MOTA, 1200;, ; 1200;;;Choque c/ Obstáculo Fixo;Via Iluminada;Bom;Seca;Meio de Quadra;Não Há Controle;Longo da via;0;0;1;0;1;0;0;0;0;0;0;0;0;(-38.496301 -3.736572);
357748;2020-04-20 18:36:00;AVENIDA ROGACIANO LEITE, ;RUA RICARDO A BRAGA, ; ;;;Queda;;;;Cruz;Pare;Cruzamento;0;1;0;1;0;0;0;0;0;0;0;0;0;(-38.503315 -3.786671);
357747;2020-04-20 14:45:00;RUA AFONSO LOPES, 665;, ; 665;;;Queda;Luz do Dia;;;Meio de Quadra;;Longo da via;0;1;0;1;0;0;0;0;0;0;0;0;0;(-38.54833 -3.79357);
357746;2020-04-20 13:58:00;AVENIDA VIS RIO BRANCO, ;AVENIDA DUQ CAXIAS, ; ;;;Colisão;Luz do Dia;;;;;Cruzamento;0;2;0;1;1;0;0;0;0;0;0;0;0;(-38.524603 -3.733481);
357745;2020-04-20 12:46:00;RUA EMILIO DE MENESES, 2095;, ; 2095;;;Colisão;Luz do Dia;;;Meio de Quadra;;Longo da via;0;2;0;1;1;0;0;0;0;0;0;0;0;(-38.600125 -3.778182);
357744;2020-04-20 11:07:00;RUA IRM BAZET, 314;, ; 314;;;Colisão;Luz do Dia;;;Meio de Quadra;;Longo da via;0;2;0;1;1;0;0;0;0;0;0;0;0;(-38.5546516 -3.76243791);
357743;2020-04-20 09:22:00;RD BR 116, ;, ; ;;;Queda;Luz do Dia;;;Meio de Quadra;;Longo da via;0;1;0;1;0;0;0;0;0;0;0;0;0;(0 0);
356564;2020-04-20 08:50:00;RUA LEONARDO MOTA, ;RUA PRO FRANCISCO GONCALVES, ; ;;;Colisão Transversal;Luz do Dia;Bom;Seca;Cruz;Pare;Cruzamento;0;0;2;0;2;0;0;0;0;0;0;0;0;(-38.499748 -3.747308);
357741;2020-04-20 07:35:00;AVENIDA JOR THOMAZ COELHO, 3002;, ; 3002;;;Colisão;Luz do Dia;;;Meio de Quadra;;Longo da via;0;2;0;1;1;0;0;0;0;0;0;0;0;(-38.5219688 -3.82881086);
357740;2020-04-20 06:46:00;AVENIDA GAL OSORIO DE PAIVA, 6132;, ; 6132;;;Queda;Luz do Dia;;;Meio de Quadra;;Longo da via;0;1;0;1;0;0;0;0;0;0;0;0;0;(-38.607132 -3.809989);
357739;2020-04-20 02:03:00;RUA E CJ VILA VELHA, 21;, ; 21;;;Queda;;;;Meio de Quadra;;Longo da via;0;1;0;1;0;0;0;0;0;0;0;0;0;(-38.60111 -3.7115);
356563;2020-04-19 21:53:00;AVENIDA PRS COSTA E SILVA, 2382;, ; 2382;;;Colisão Traseira;Mal Iluminada;Bom;Seca;Meio de Quadra;Gesto;Longo da via;0;3;0;1;0;0;0;0;0;0;0;0;0;(-38.56053891 -3.8200684);
357737;2020-04-19 21:22:00;RD BR 116, 11000;, ; 11000;;;Atropelamento;;;;Meio de Quadra;;Longo da via;0;2;0;0;1;0;0;0;0;0;0;0;0;(-38.497176 -3.84716);
357736;2020-04-19 18:54:00;RUA JULIO SILVA, ;, ; ;;;Queda;;;;Meio de Quadra;;Longo da via;0;1;0;0;0;0;0;0;0;1;0;0;0;(0 0);
357735;2020-04-19 18:28:00;AVENIDA JOSE JATAHY, 1350;, ; 1350;;;Colisão;Anoitecer;;;Meio de Quadra;;Longo da via;0;1;0;0;0;0;0;0;0;0;0;0;0;(-38.5443074 -3.73347245);
357734;2020-04-19 17:38:00;RUA DR JOSE ROBERTO SALES, 117;, ; 117;;;Capotamento;Anoitecer;;;Meio de Quadra;;Longo da via;0;1;0;0;1;0;0;0;0;0;0;0;0;(-38.57747 -3.69752);
357733;2020-04-19 16:09:00;RUA JOSE MONTEIRO DOS SANTOS, 1290;, ; 1290;;;Atropelamento;Luz do Dia;;;Meio de Quadra;;Longo da via;0;2;0;0;1;0;0;0;0;0;0;0;0;(-38.5502 -3.75062);
357732;2020-04-19 15:32:00;AVENIDA VIENA WEYNE, 310;, ; 310;;;Colisão;Luz do Dia;;;Meio de Quadra;;Longo da via;0;2;0;1;1;0;0;0;0;0;0;0;0;(-38.4901175 -3.801115);
357731;2020-04-19 14:50:00;RUA SOBREIRA FILHO, 224;, ; 224;;;Colisão;Luz do Dia;;;Meio de Quadra;;Longo da via;0;2;0;2;0;0;0;0;0;0;0;0;0;(-38.5818181 -3.77951771);
357730;2020-04-19 13:46:00;RUA OSVALDO CRUZ (ALDEOTA), 1400;, ; 1400;;;Colisão;Luz do Dia;;;Meio de Quadra;;Longo da via;0;2;0;1;1;0;0;0;0;0;0;0;0;(-38.501015 -3.737764);
357729;2020-04-19 13:30:00;RUA BAR SOBRAL, ;RUA ALBERTO MAGNO, ; ;;;Colisão;Luz do Dia;;;Cruz;Semáforo;Cruzamento;0;2;0;1;1;0;0;0;0;0;0;0;0;(-38.552417 -3.767991);
357728;2020-04-19 13:22:00;AVENIDA A CJ CEARA, 946;, ; 946;;;Queda;Luz do Dia;;;Meio de Quadra;;Longo da via;0;1;0;1;0;0;0;0;0;0;0;0;0;(-38.604044 -3.76857);
357727;2020-04-19 10:58:00;AVENIDA JOAO DE ARAUJO LIMA, 2381;, ; 2381;;;Atropelamento;Luz do Dia;;;Meio de Quadra;;Longo da via;0;2;0;0;1;0;0;0;0;0;0;0;0;(-38.56293 -3.84301);
356719;2020-04-19 09:50:00;RD BR 116, ;, ; ;;;Queda;Luz do Dia;Bom;Seca;Meio de Quadra;;Longo da via;0;2;0;1;0;0;0;0;0;0;0;0;0;(-38.497727 -3.86467);
357726;2020-04-19 07:48:00;AVENIDA ALBERTO CRAVEIRO, 1083;, ; 1083;;;Colisão;Luz do Dia;;;Meio de Quadra;;Longo da via;0;1;1;1;1;0;0;0;0;0;0;0;0;(-38.51692 -3.78933);
356561;2020-04-19 07:01:00;RUA RAIMUNDO NERY, ;RUA ANTONIO COSTA MENDES (PQ SÃO JOSÉ), ; ;;;Não informado;Amanhecer;Bom;Seca;Cruz;Semáforo;Cruzamento;0;1;0;1;0;0;0;1;0;0;0;0;0;(-38.5867886 -3.7932465);
356562;2020-04-19 06:57:00;AVENIDA CONTORNO OESTE D71, 175;, ; 175;;;Colisão Lateral;Amanhecer;Bom;Seca;Meio de Quadra;Não Há Controle;Longo da via;0;0;2;0;2;0;0;0;0;0;0;0;0;(-38.593096 -3.81023423);
356560;2020-04-19 06:38:00;RUA GAL CAIADO DE CASTRO, 84;, ; 84;;;Choque c/ Obstáculo Fixo;Via Iluminada;Bom;Seca;Meio de Quadra;Não Há Controle;Longo da via;0;1;0;0;1;0;0;0;0;0;0;0;0;(-38.488587 -3.784077);
357725;2020-04-19 05:11:00;AVENIDA PERIMETRAL, 531;, ; 531;;;Colisão;Amanhecer;;;Meio de Quadra;;Longo da via;0;1;0;0;0;0;0;0;0;0;0;0;0;(0 0);
357723;2020-04-19 03:53:00;TRAVESSA VIA FERREA SOBRAL, 147;, ; 147;;;Queda;;;;Meio de Quadra;;Longo da via;0;1;0;1;0;0;0;0;0;0;0;0;0;(-38.5705806 -3.7238622);
357722;2020-04-19 02:54:00;AVENIDA FELINO BARROSO, 150;, ; 150;;;Colisão;;;;Meio de Quadra;;Longo da via;0;2;0;1;1;0;0;0;0;0;0;0;0;(-38.5284008 -3.74532816);
356558;2020-04-19 02:27:00;AVENIDA BEIRA MAR, 840;, ; 840;;;Colisão;Via Iluminada;Bom;Seca;Meio de Quadra;Não Há Controle;Longo da via;0;1;1;2;0;0;0;0;0;0;0;0;0;(-38.511603 -3.720222);
356559;2020-04-19 02:24:00;AVENIDA ALBERTO CRAVEIRO, 1240;, ; 1240;;;Colisão Traseira;Via Iluminada;Bom;Seca;Outros;Semáforo;Longo da via;0;0;2;0;2;0;0;0;0;0;0;0;0;(-38.51727317 -3.791548833);
356718;2020-04-19 00:40:00;RD BR 222, ;, ; ;;;Choque c/ Obstáculo Fixo;;Bom;Seca;Meio de Quadra;;Longo da via;0;1;0;0;1;0;0;0;0;0;0;0;0;(-38.57814693 -3.737698444);
357721;2020-04-18 23:29:00;RUA VITORIA, 1735;, ; 1735;;;Atropelamento;;;;Meio de Quadra;;Longo da via;0;2;0;1;0;0;0;0;0;0;0;0;0;(-38.58999 -3.76804);
357720;2020-04-18 20:42:00;AVENIDA WASHINGTON LUIS, 1042;, ; 1042;;;Colisão;;;;Meio de Quadra;;Longo da via;0;2;0;1;1;0;0;0;0;0;0;0;0;(-38.5945781 -3.7160253);
357719;2020-04-18 20:14:00;RUA JULIO SILVA, ;, ; ;;;Queda;;;;Meio de Quadra;;Longo da via;0;1;0;0;0;0;0;0;0;1;0;0;0;(0 0);
356498;2020-04-18 20:00:00;RD CE-025, ;, ; ;;;Choque c/ Obstáculo Fixo;;;Seca;Meio de Quadra;;Longo da via;0;1;0;1;0;0;0;0;0;0;0;0;0;(-38.45224656 -3.805889179);
357718;2020-04-18 18:53:00;RUA CAP AFRANIO, 13;, ; 13;;;Atropelamento;;;;Meio de Quadra;;Longo da via;0;1;0;0;0;0;0;0;0;0;0;0;0;(-38.4946975 -3.82920177);
357717;2020-04-18 18:47:00;AVENIDA GAL OSORIO DE PAIVA, 7840;, ; 7840;;;Colisão;;;;Meio de Quadra;;Longo da via;0;1;0;0;0;0;0;0;0;0;0;0;0;(-38.6174663 -3.82060903);
357716;2020-04-18 18:39:00;TRAVESSA DA AMIZADE, 159;, ; 159;;;Colisão;;;;Meio de Quadra;;Longo da via;0;1;0;0;0;0;0;0;0;0;0;0;0;(0 0);
357715;2020-04-18 17:49:00;AVENIDA PRS COSTA E SILVA, ;, ; ;;;Queda;Anoitecer;;;Meio de Quadra;;Longo da via;0;1;0;1;0;0;0;0;0;0;0;0;0;(0 0);
357714;2020-04-18 17:41:00;AVENIDA ZEZE DIOGO, 914;, ; 914;;;Queda;Anoitecer;;;Meio de Quadra;;Longo da via;0;1;0;1;0;0;0;0;0;0;0;0;0;(-38.4657595 -3.7147035);
357713;2020-04-18 17:36:00;ESTRADA DO FIO (MESSEJANA), ;, ; ;;;Colisão;Anoitecer;;;Meio de Quadra;;Longo da via;0;2;0;2;0;0;0;0;0;0;0;0;0;(0 0);
357712;2020-04-18 16:37:00;AVENIDA G CJ JOSE WALTER, ;AVENIDA I CJ JOSE WALTER, ; ;;;Queda;Luz do Dia;;;Cruz;Pare;Cruzamento;0;1;0;0;0;0;0;0;0;1;0;0;0;(-38.554956 -3.839061);
357711;2020-04-18 16:03:00;RUA SOUSA CARVALHO, ;RUA SAO LUIZ DO OESTE, ; ;;;Colisão;Luz do Dia;;;Cruz;Não Há Controle;Cruzamento;0;2;0;2;0;0;0;0;0;0;0;0;0;(-38.608923 -3.777927);
357710;2020-04-18 15:33:00;RUA TORRES CAMARA, ;AVENIDA RUI BARBOSA, ; ;;;Capotamento;Luz do Dia;;;Cruz;Semáforo;Cruzamento;0;1;0;0;1;0;0;0;0;0;0;0;0;(-38.509076 -3.734947);
356556;2020-04-18 15:30:00;RUA PDE ANCHIETA, ;RUA JOSE MARROCOS, ; ;;;Colisão Transversal;Luz do Dia;Bom;Seca;Cruz;Pare;Cruzamento;0;3;0;1;1;0;0;0;0;0;0;0;0;(-38.55203 -3.73094);
357709;2020-04-18 15:14:00;AVENIDA PERIMETRAL, ;, ; ;;;Colisão;Luz do Dia;;;Meio de Quadra;;Longo da via;0;2;0;1;1;0;0;0;0;0;0;0;0;(0 0);
356555;2020-04-18 15:10:00;AVENIDA RUI BARBOSA, ;RUA TORRES CAMARA, ; ;;;Colisão Transversal;Luz do Dia;Bom;Seca;Cruz;Semáforo;Cruzamento;0;2;0;0;2;0;0;0;0;0;0;0;0;(-38.509076 -3.734947);
356554;2020-04-18 14:17:00;RUA EDUARDO ANGELIM, 1260;, ; 1260;;;Choque c/ Obstáculo Fixo;Luz do Dia;Bom;Seca;Meio de Quadra;Não Há Controle;Longo da via;0;0;1;0;2;0;0;0;0;0;0;0;0;(-38.5442306 -3.769323);
357708;2020-04-18 12:05:00;RUA SABIA, 213;, ; 213;;;Colisão;Luz do Dia;;;Meio de Quadra;;Longo da via;0;2;0;1;1;0;0;0;0;0;0;0;0;(-38.5779747 -3.77534311);
357707;2020-04-18 11:27:00;AVENIDA GAL OSORIO DE PAIVA, ;RUA OSCAR ARARIPE, ; ;;;Colisão;Luz do Dia;;;Outros;Não Há Controle;Cruzamento;0;2;0;1;1;0;0;0;0;0;0;0;0;(-38.591823 -3.794165);
356553;2020-04-18 10:52:00;RUA RIO GRANDE DO SUL, ;RUA DIAMANTINA, ; ;;;Colisão Transversal;Luz do Dia;Chuva;Molhada;Cruz;Semáforo;Cruzamento;0;1;1;1;1;0;0;0;0;0;0;0;0;(-38.570499 -3.763342);
356557;2020-04-18 10:10:00;AVENIDA DUQ CAXIAS, 1897;, ; 1897;;;Choque c/ Obstáculo Fixo;Luz do Dia;Chuva;Molhada;Meio de Quadra;Pare;Longo da via;0;1;0;0;1;0;0;0;0;0;0;0;0;(-38.5412289 -3.72811869);
357706;2020-04-18 07:49:00;RD QUARTO ANEL VIARIO, 2415;, ; 2415;;;Colisão;Luz do Dia;;;Meio de Quadra;;Longo da via;0;2;0;2;0;0;0;0;0;0;0;0;0;(-38.621488 -3.829337);
356717;2020-04-18 07:00:00;RD BR 116, ;, ; ;;;Tombamento;Luz do Dia;Bom;Seca;Meio de Quadra;;Longo da via;0;1;0;1;0;0;0;0;0;0;0;0;0;(-38.51678 -3.771391);
357704;2020-04-17 21:54:00;AVENIDA PINTO BANDEIRA D56, ;, ; ;;;Colisão;;;;Meio de Quadra;;Longo da via;0;2;0;2;0;0;0;0;0;0;0;0;0;(0 0);
357703;2020-04-17 21:26:00;RUA MARIA QUINTELA, 425;, ; 425;;;Queda;;;;Meio de Quadra;;Longo da via;0;1;0;1;0;0;0;0;0;0;0;0;0;(-38.58595 -3.77604);
357702;2020-04-17 21:18:00;RUA FRANCISCO DE SALES, 298;, ; 298;;;Queda;;;;Meio de Quadra;;Longo da via;0;1;0;1;0;0;0;0;0;0;0;0;0;(-38.5840227 -3.77599981);
357634;2020-04-17 20:55:00;RUA CON DE CASTRO, 5951;, ; 5951;;;Colisão;;;;Meio de Quadra;;Longo da via;0;1;0;0;0;0;0;0;0;0;0;0;0;(-38.59897963 -3.814828304);
357633;2020-04-17 20:26:00;AVENIDA JOSE JATAHY, 1302;, ; 1302;;;Colisão;;;;Meio de Quadra;;Longo da via;0;1;0;0;0;0;0;0;0;0;0;0;0;(-38.544651 -3.73286586);
357631;2020-04-17 19:17:00;RUA DOM BOSCO, 30;, ; 30;;;Queda;;;;Meio de Quadra;;Longo da via;0;1;0;0;0;0;0;0;0;1;0;0;0;(-38.5240398 -3.7377756);
356551;2020-04-17 18:50:00;RUA PRO HERIBALDO COSTA, ;AVENIDA SEN FERNANDES TAVORA, ; ;;;Choque c/ Obstáculo Fixo;Via Iluminada;Bom;Seca;Cruz;Semáforo;Cruzamento;0;1;1;0;1;0;0;0;0;1;0;0;0;(-38.584384 -3.761006);
356716;2020-04-17 17:00:00;RD BR 116, 9000;, ; 9000;;;Colisão Lateral;Anoitecer;;Seca;Meio de Quadra;;Longo da via;0;2;1;1;1;0;0;0;0;0;0;0;0;(-38.504865 -3.830837);