COD_ACIDENTE;DATA;LOG1;LOG2;NUMERO;BAIRRO;AMC;NATUREZA;ILUMINACAO;TEMPO;SUPERFICIEPISTA;TIPOCRUZAMENTO;CONTROLETRAFEGO;USOSOLO;MORTOS;FERIDOS;ILESOS;MOTOCICLETA;AUTOMOVEL;MICROONIBUS;CAMINHAO;ONIBUS;CICLOMOTOR;BICICLETA;OUTROS;TREM;TRACAOANIMAL;COORDENADAS
357630;2020-04-17 15:00:00;RUA CEREJEIRAS, 511;, ; 511;;;Colisão;Luz do Dia;;;Meio de Quadra;;Longo da via;0;2;0;2;0;0;0;0;0;0;0;0;0;(-38.5952671 -3.8161967);
357629;2020-04-17 14:48:00;AVENIDA DR SILAS MUNGUBA, ;AVENIDA DOS EXPEDICIONARIOS, ; ;;;Atropelamento;Luz do Dia;;;Cruz;Cancela;Cruzamento;0;2;0;0;0;0;1;0;0;0;0;0;0;(-38.54789 -3.78754);
357628;2020-04-17 14:00:00;AVENIDA DR SILAS MUNGUBA, 393;, ; 393;;;Colisão;Luz do Dia;;;Meio de Quadra;;Longo da via;0;2;0;1;1;0;0;0;0;0;0;0;0;(-38.5616962 -3.77775623);
357627;2020-04-17 12:34:00;RUA BERNARDO MANUEL, 9976;, ; 9976;;;Colisão;Luz do Dia;;;Meio de Quadra;;Longo da via;0;2;0;1;1;0;0;0;0;0;0;0;0;(-38.55321 -3.804702);
356575;2020-04-17 11:25:00;AVENIDA AMERICO BARREIRA, ;RUA DIAMANTINA, ; ;;;Colisão Transversal;Luz do Dia;Nublado;Molhada;Cruz;Semáforo;Cruzamento;0;1;1;1;1;0;0;0;0;0;0;0;0;(-38.567364 -3.7650201);
357626;2020-04-17 11:23:00;AVENIDA ABOLICAO, 4521;, ; 4521;;;Colisão;Luz do Dia;;;Meio de Quadra;;Longo da via;0;2;0;1;1;0;0;0;0;0;0;0;0;(-38.481022 -3.7235213);
356550;2020-04-17 08:19:00;AVENIDA JOAO PESSOA, ;RUA ALEXANDRE BARAUNA, ; ;;;Colisão Transversal;Luz do Dia;Chuva;Molhada;Cruz;Semáforo;Cruzamento;0;2;0;1;1;0;0;0;0;0;0;0;0;(-38.548267 -3.751089);
357625;2020-04-17 07:45:00;AVENIDA JOSE BASTOS, ;, ; ;;;Queda;Luz do Dia;;;Meio de Quadra;;Longo da via;0;1;0;1;0;0;0;0;0;0;0;0;0;(0 0);
357608;2020-04-17 07:16:00;AVENIDA BEIRA MAR, 2200;, ; 2200;;;Atropelamento;Luz do Dia;;;Meio de Quadra;;Longo da via;0;2;0;0;0;0;0;0;0;1;0;0;0;(-38.500926 -3.724642);
357607;2020-04-17 06:45:00;AVENIDA 13 DE MAIO, 1383;, ; 1383;;;Queda;Luz do Dia;;;Meio de Quadra;;Longo da via;0;1;0;1;0;0;0;0;0;0;0;0;0;(-38.5309225 -3.747966);
357606;2020-04-17 06:25:00;AVENIDA JOAO DE ARAUJO LIMA, ;, ; ;;;Colisão;Luz do Dia;;;Meio de Quadra;;Longo da via;0;2;0;0;1;0;0;0;0;1;0;0;0;(0 0);
357605;2020-04-17 01:54:00;RUA TAQUARA D72, 126;, ; 126;;;Queda;;;;Meio de Quadra;;Longo da via;0;1;0;1;0;0;0;0;0;0;0;0;0;(-38.56274358 -3.839241504);
359013;2020-04-16 22:03:00;RUA MANUEL CASTELO BRANCO, 535;, ; 535;;;Colisão;;;;Meio de Quadra;;Longo da via;0;1;0;1;1;0;0;0;0;0;0;0;0;(-38.4903985 -3.83235593);
359010;2020-04-16 21:39:00;RUA NS 04 RES CAJAZEIRAS, 50;, ; 50;;;Queda;;;;Meio de Quadra;;Longo da via;0;1;0;0;0;0;0;0;0;1;0;0;0;(-38.4987756 -3.8029818);
358893;2020-04-16 20:00:00;AVENIDA WASHINGTON SOARES, 2650;, ; 2650;;;Colisão;;;;Meio de Quadra;;Longo da via;0;2;0;0;2;0;0;0;0;0;0;0;0;(-38.4810685 -3.78251988);
359008;2020-04-16 19:26:00;AVENIDA RAD JOSE LIMA VERDE, 711;, ; 711;;;Queda;;;;Meio de Quadra;;Longo da via;0;1;0;1;0;0;0;0;0;0;0;0;0;(-38.5870245 -3.69827864);
359007;2020-04-16 19:16:00;AVENIDA WENEFRIDO MELO, ;, ; ;;;Colisão;;;;Meio de Quadra;;Longo da via;0;2;0;1;1;0;0;0;0;0;0;0;0;(0 0);
356549;2020-04-16 19:07:00;RUA SALDANHA MARINHO, 730;, ; 730;;;Colisão Transversal;Via Iluminada;Bom;Seca;Meio de Quadra;Semáforo;Longo da via;0;2;0;1;1;0;0;0;0;0;0;0;0;(-38.5305963 -3.74252938);
356497;2020-04-16 18:50:00;RD CE-040, ;, ; ;;;Colisão;;;Seca;Meio de Quadra;;Longo da via;0;2;0;1;1;0;0;0;0;0;0;0;0;(-38.48088284 -3.84257666);
359005;2020-04-16 17:49:00;AVENIDA JOSE BASTOS, 3778;, ; 3778;;;Colisão;Anoitecer;;;Meio de Quadra;;Longo da via;0;1;0;1;1;0;0;0;0;0;0;0;0;(-38.551618 -3.7511595);
358892;2020-04-16 17:30:00;RUA INACIO ORIA, ;RUA DR JOAQUIM BENTO, ; ;;;Colisão;Anoitecer;;;Duplo T;Pare;Cruzamento;0;1;0;0;0;0;0;0;1;0;0;0;0;(-38.483923 -3.828302);
359003;2020-04-16 16:20:00;AVENIDA DOS EXPEDICIONARIOS, ;RUA ANDRE CHAVES, ; ;;;Colisão;Luz do Dia;;;Cruz;Semáforo;Cruzamento;0;1;0;1;1;0;0;0;0;0;0;0;0;(-38.538903 -3.757345);
356548;2020-04-16 15:17:00;RUA JOSE MENDONCA, 892;, ; 892;;;Atropelamento;Luz do Dia;Nublado;Molhada;Meio de Quadra;Pare;Longo da via;0;2;0;1;0;0;0;0;0;0;0;0;0;(-38.6019093 -3.75562031);
359000;2020-04-16 14:29:00;RUA 20 DE JANEIRO, 1825;, ; 1825;;;Colisão;Luz do Dia;;;Meio de Quadra;;Longo da via;0;1;0;0;0;0;0;0;0;0;1;0;0;(0 0);
358998;2020-04-16 14:08:00;RUA PEDRO SAMPAIO, 139;, ; 139;;;Colisão;Luz do Dia;;;Meio de Quadra;;Longo da via;0;1;0;1;1;0;0;0;0;0;0;0;0;(-38.59046 -3.72556);
358997;2020-04-16 13:58:00;AVENIDA SEN FERNANDES TAVORA, 2433;, ; 2433;;;Atropelamento;Luz do Dia;;;Meio de Quadra;;Longo da via;0;1;0;0;1;0;0;0;0;0;0;0;0;(-38.593889 -3.755953);
356547;2020-04-16 10:26:00;RUA POMPILIO GOMES, ;RUA N ESPLANADA CASTELAO, ; ;;;Colisão Transversal;Luz do Dia;Bom;Seca;Meio de Quadra;Não Há Controle;Cruzamento;0;1;1;1;0;0;0;0;0;0;0;0;0;(-38.5212 -3.82559);
358992;2020-04-16 10:06:00;AVENIDA BEZERRA DE MENEZES, 1052;, ; 1052;;;Colisão;Luz do Dia;;;Meio de Quadra;;Longo da via;0;1;0;1;1;0;0;0;0;0;0;0;0;(-38.55413408 -3.733530649);
356496;2020-04-16 08:00:00;RD CE-040, ;, ; ;;;Colisão;Luz do Dia;;Seca;Meio de Quadra;;Longo da via;0;1;0;1;0;0;0;0;0;0;0;0;0;(-38.48303286 -3.817159445);
356546;2020-04-16 07:40:00;AVENIDA FRANCISCO SA, 2767;, ; 2767;;;Colisão Lateral;Luz do Dia;Bom;Seca;Meio de Quadra;Não Há Controle;Longo da via;0;1;1;1;1;0;0;0;0;0;0;0;0;(-38.5503405 -3.719731333);
358991;2020-04-15 23:27:00;AVENIDA JOVITA FEITOSA, 2863;, ; 2863;;;Queda;;;;Meio de Quadra;;Longo da via;0;1;0;0;0;0;0;0;0;1;0;0;0;(-38.5633224 -3.74125744);
358990;2020-04-15 20:50:00;AVENIDA PRS JUSCELINO KUBITSCHEK (PASSARÉ), ;RUA ELDORADO, ; ;;;Queda;;;;Cruz;Semáforo;Cruzamento;0;1;0;1;0;0;0;0;0;0;0;0;0;(-38.53159 -3.81634);
358989;2020-04-15 20:29:00;RUA PIN ANTONIO BANDEIRA, ;RUA PRO ALVARO COSTA, ; ;;;Colisão;;;;;;Cruzamento;0;1;0;1;1;0;0;0;0;0;0;0;0;(-38.46459 -3.72305);
358988;2020-04-15 19:31:00;AVENIDA CEL CARVALHO, 358;, ; 358;;;Colisão;;;;Meio de Quadra;;Longo da via;0;1;0;1;1;0;0;0;0;0;0;0;0;(-38.5908655 -3.7060995);
358984;2020-04-15 18:59:00;AVENIDA AUGUSTO DOS ANJOS, 489;, ; 489;;;Queda;;;;Meio de Quadra;;Longo da via;0;1;0;1;0;0;0;0;0;0;0;0;0;(-38.5727921 -3.773047);
358980;2020-04-15 17:48:00;RUA ROSINHA SAMPAIO, 904;, ; 904;;;Colisão;Anoitecer;;;Meio de Quadra;;Longo da via;0;1;0;1;1;0;0;0;0;0;0;0;0;(-38.58667275 -3.72682025);
358979;2020-04-15 17:36:00;RUA MISERICORDIA, 268;, ; 268;;;Colisão;Anoitecer;;;Meio de Quadra;;Longo da via;0;1;0;2;0;0;0;0;0;0;0;0;0;(-38.58518 -3.71981);
356545;2020-04-15 15:49:00;RUA OSVALDO CRUZ, ;RUA DES LEITE ALBUQUERQUE, ; ;;;Colisão Transversal;Luz do Dia;Bom;Seca;Meio de Quadra;Pare;Cruzamento;0;2;1;1;1;0;0;0;0;0;0;0;0;(-38.5006337 -3.7366184);
358977;2020-04-15 15:45:00;RUA SOLON PINHEIRO, 1040;, ; 1040;;;Colisão;Luz do Dia;;;Meio de Quadra;;Longo da via;0;2;0;0;0;0;0;0;0;0;1;0;0;(-38.529352 -3.73949);
358975;2020-04-15 13:48:00;RUA MANUEL CASTELO BRANCO, 248;, ; 248;;;Colisão;Luz do Dia;;;Meio de Quadra;;Longo da via;0;1;0;0;0;0;0;0;0;0;1;0;0;(-38.49185 -3.83197);
358974;2020-04-15 13:31:00;RUA 15 DE NOVEMBRO, 68;, ; 68;;;Colisão;Luz do Dia;;;Meio de Quadra;;Longo da via;0;1;0;0;0;0;0;0;0;0;1;0;0;(-38.55947 -3.767625);
358973;2020-04-15 10:52:00;RUA DEP OSWALDO STUDART, ;RUA MARIO MAMEDE, ; ;;;Colisão;Luz do Dia;;;Duplo T;Semáforo;Cruzamento;0;1;0;1;1;0;0;0;0;0;0;0;0;(-38.527367 -3.752752);
358872;2020-04-15 10:40:00;AVENIDA MON TABOSA, ;RUA JOAO CORDEIRO, ; ;;;Colisão;Luz do Dia;;;Cruz;Semáforo;Cruzamento;0;1;0;0;1;0;0;0;0;0;0;0;0;(-38.512635 -3.724009);
356544;2020-04-15 10:30:00;AVENIDA MAJ ASSIS, 995;, ; 995;;;Atropelamento;Luz do Dia;Bom;Seca;Meio de Quadra;Não Há Controle;Longo da via;0;1;1;0;1;0;0;0;0;0;0;0;0;(-38.5878738 -3.72365495);
358972;2020-04-15 10:26:00;AVENIDA MAJ ASSIS, 995;, ; 995;;;Atropelamento;Luz do Dia;;;Meio de Quadra;;Longo da via;0;1;0;0;1;0;0;0;0;0;0;0;0;(-38.5878738 -3.72365495);
358971;2020-04-15 09:17:00;AVENIDA GODOFREDO MACIEL, 2900;, ; 2900;;;Queda;Luz do Dia;;;Meio de Quadra;;Longo da via;0;1;0;1;0;0;0;0;0;0;0;0;0;(-38.57081 -3.799374);
358962;2020-04-15 09:15:00;AVENIDA JOAO PESSOA, 5702;, ; 5702;;;Queda;Luz do Dia;;;Meio de Quadra;;Longo da via;0;1;0;1;0;0;0;0;0;0;0;0;0;(-38.5564945 -3.7602895);
358961;2020-04-15 09:02:00;AVENIDA ALM MAXIMIANO DA FONSECA, ;RUA MARIA ALICE FERRAZ, ; ;;;Queda;Luz do Dia;;;Cruz;Pare;Cruzamento;0;1;0;1;0;0;0;0;0;0;0;0;0;(-38.489581 -3.770381);
358953;2020-04-15 08:22:00;AVENIDA TRISTAO GONCALVES, ;RUA PEDRO I, ; ;;;Queda;Luz do Dia;;;Cruz;Semáforo;Cruzamento;0;1;0;1;0;0;0;0;0;0;0;0;0;(-38.533927 -3.729523);
358951;2020-04-15 07:28:00;AVENIDA FRE CIRILO, 4186;, ; 4186;;;Colisão;Luz do Dia;;;Meio de Quadra;;Longo da via;0;2;0;1;1;0;0;0;0;0;0;0;0;(-38.495969667 -3.820634083);
358950;2020-04-15 06:54:00;RD QUARTO ANEL VIARIO, ;, ; ;;;Queda;Luz do Dia;;;Meio de Quadra;;Longo da via;0;1;0;1;0;0;0;0;0;0;0;0;0;(0 0);
358948;2020-04-15 06:35:00;AVENIDA MR HULL, ;, ; ;;;Atropelamento;Luz do Dia;;;Meio de Quadra;;Longo da via;0;1;0;0;1;0;0;0;0;0;0;0;0;(0 0);
356715;2020-04-15 06:30:00;RD BR 222, ;, ; ;;;Atropelamento;Luz do Dia;Bom;Seca;Meio de Quadra;;Longo da via;1;0;1;0;1;0;0;0;0;0;0;0;0;(-38.57814693 -3.737698444);
358946;2020-04-15 02:57:00;RUA SABIAGUABA, 1421;, ; 1421;;;Queda;;;;Meio de Quadra;;Longo da via;0;1;0;1;0;0;0;0;0;0;0;0;0;(-38.43701 -3.78232);
358943;2020-04-14 22:21:00;AVENIDA HIS RAIMUNDO GIRAO, ;RUA ILDEFONSO ALBANO, ; ;;;Colisão;;;;Cruz;Gesto;Cruzamento;0;2;0;1;1;0;0;0;0;0;0;0;0;(-38.509542 -3.721603);
358942;2020-04-14 21:28:00;RUA ANTONIO ARRUDA, 1456;, ; 1456;;;Colisão;;;;Meio de Quadra;;Longo da via;0;1;0;1;1;0;0;0;0;0;0;0;0;(-38.594151 -3.720645);
358870;2020-04-14 20:15:00;RD BR 116, 1000;, ; 1000;;;Colisão;;;;Meio de Quadra;;Longo da via;0;2;0;1;1;0;0;0;0;0;0;0;0;(-38.518702 -3.762554);
358940;2020-04-14 19:56:00;AVENIDA CEL CARVALHO, 917;, ; 917;;;Colisão;;;;Meio de Quadra;;Longo da via;0;1;0;2;0;0;0;0;0;0;0;0;0;(-38.589676 -3.710546);
358937;2020-04-14 19:26:00;RD BR 116, 1000;, ; 1000;;;Atropelamento;;;;Meio de Quadra;;Longo da via;0;1;0;0;0;0;0;1;0;0;0;0;0;(-38.518702 -3.762554);
358934;2020-04-14 17:37:00;RUA CARLOS VASCONCELOS, 146;, ; 146;;;Queda;Anoitecer;;;Meio de Quadra;;Longo da via;0;1;0;0;0;0;0;0;0;1;0;0;0;(-38.5076428 -3.72324417);
358931;2020-04-14 16:21:00;AVENIDA WASHINGTON SOARES, 3000;, ; 3000;;;Queda;Luz do Dia;;;Meio de Quadra;;Longo da via;0;1;0;0;0;0;0;0;0;1;0;0;0;(-38.480996 -3.783406);
358927;2020-04-14 16:20:00;AVENIDA MAJ ASSIS, 1472;, ; 1472;;;Colisão;Luz do Dia;;;Meio de Quadra;;Longo da via;0;1;0;1;1;0;0;0;0;0;0;0;0;(-38.592541 -3.722625);
356543;2020-04-14 16:00:00;RUA CURITIBA, ;RUA ARACAJU, ; ;;;Colisão Transversal;Luz do Dia;Bom;Seca;Cruz;Pare;Cruzamento;0;2;0;0;2;0;0;0;0;0;0;0;0;(-38.58685 -3.7584);
358926;2020-04-14 15:02:00;RUA DR HUGO ROCHA, ;RUA TEODOMIRO DE CASTRO, ; ;;;Queda;Luz do Dia;;;Cruz;Pare;Cruzamento;0;1;0;1;0;0;0;0;0;0;0;0;0;(-38.5689 -3.72037);
356714;2020-04-14 14:25:00;RD BR 222, ;, ; ;;;Tombamento;Luz do Dia;Nublado;Seca;Meio de Quadra;;Longo da via;0;2;0;1;0;0;0;0;0;0;0;0;0;(-38.5969961 -3.7403624);
358925;2020-04-14 13:33:00;RUA JOAO CARVALHO, ;RUA JOSE VILAR, ; ;;;Colisão;Luz do Dia;;;Cruz;Semáforo;Cruzamento;0;1;0;0;2;0;0;0;0;0;0;0;0;(-38.505477 -3.738318);
358871;2020-04-14 13:30:00;AVENIDA AGUANAMBI, 421;, ; 421;;;Colisão;Luz do Dia;;;Meio de Quadra;;Longo da via;0;1;0;0;1;0;0;0;0;0;0;0;0;(-38.525059 -3.740523);
358922;2020-04-14 13:27:00;RUA DR JOAQUIM BENTO, 640;, ; 640;;;Colisão;Luz do Dia;;;Meio de Quadra;;Longo da via;0;1;0;1;1;0;0;0;0;0;0;0;0;(-38.4859336 -3.82828708);
358921;2020-04-14 13:10:00;RUA JOSE DANTAS VIEIRA, ;, ; ;;;Colisão;Luz do Dia;;;Meio de Quadra;;Longo da via;0;1;0;1;1;0;0;0;0;0;0;0;0;(0 0);
358920;2020-04-14 12:39:00;AVENIDA PERIMETRAL, ;, ; ;;;Queda;Luz do Dia;;;Meio de Quadra;;Longo da via;0;2;0;1;0;0;0;0;0;0;0;0;0;(0 0);
358919;2020-04-14 11:44:00;AVENIDA JOVITA FEITOSA, 768;, ; 768;;;Colisão;Luz do Dia;;;Meio de Quadra;;Longo da via;0;1;0;1;1;0;0;0;0;0;0;0;0;(-38.5508996 -3.73872073);
358918;2020-04-14 11:30:00;RUA ISAC AMARAL, 44;, ; 44;;;Colisão;Luz do Dia;;;Meio de Quadra;;Longo da via;0;1;0;1;1;0;0;0;0;0;0;0;0;(-38.5093851 -3.75137565);
356542;2020-04-14 10:51:00;RUA PEREIRA FILGUEIRAS, ;RUA DR JOSE LOURENCO, ; ;;;Colisão;Luz do Dia;Bom;Seca;Cruz;Pare;Cruzamento;0;1;1;1;1;0;0;0;0;0;0;0;0;(-38.50647 -3.730449);
358917;2020-04-14 10:40:00;RUA CON DE CASTRO, 8312;, ; 8312;;;Colisão;Luz do Dia;;;Meio de Quadra;;Longo da via;0;1;0;1;1;0;0;0;0;0;0;0;0;(0 0);
358916;2020-04-14 08:03:00;RUA DEP MOREIRA DA ROCHA, ;RUA CARLOS VASCONCELOS, ; ;;;Colisão;Luz do Dia;;;Cruz;Semáforo;Cruzamento;0;2;0;0;0;0;0;0;0;0;1;0;0;(-38.508724 -3.72656);
358915;2020-04-13 21:30:00;RUA EDUARDO BEZERRA, ;RUA TIBURCIO CAVALCANTE, ; ;;;Queda;;;;Cruz;Pare;Cruzamento;0;1;0;1;0;0;0;0;0;0;0;0;0;(-38.508145 -3.753329);
358914;2020-04-13 21:11:00;AVENIDA 13 DE MAIO, ;RUA MAL DEODORO, ; ;;;Colisão;;;;Cruz;Semáforo;Cruzamento;0;1;0;1;1;0;0;0;0;0;0;0;0;(-38.536588 -3.743122);
358913;2020-04-13 20:44:00;RUA FRANCISCO PAIVA, 274;, ; 274;;;Queda;;;;Meio de Quadra;;Longo da via;0;1;0;1;0;0;0;0;0;0;0;0;0;(-38.61191 -3.7839);
358912;2020-04-13 19:51:00;AVENIDA PRO GOMES DE MATOS, 1712;, ; 1712;;;Colisão;;;;Meio de Quadra;;Longo da via;0;2;0;1;1;0;0;0;0;0;0;0;0;(-38.5501604 -3.76645095);
358911;2020-04-13 18:53:00;AVENIDA ALBERTO CRAVEIRO, ;, ; ;;;Colisão;;;;Meio de Quadra;;Longo da via;0;1;0;1;1;0;0;0;0;0;0;0;0;(0 0);
358906;2020-04-13 18:14:00;RUA DA SAPUCAIA, 125;, ; 125;;;Queda;Anoitecer;;;Meio de Quadra;;Longo da via;0;1;0;1;0;0;0;0;0;0;0;0;0;(-38.5091573 -3.78169247);
358905;2020-04-13 18:01:00;RUA PRA STELLA COCHRANE, 4500;, ; 4500;;;Colisão;Anoitecer;;;Meio de Quadra;;Longo da via;0;1;0;1;1;0;0;0;0;0;0;0;0;(0 0);
358904;2020-04-13 17:54:00;AVENIDA CARNEIRO DE MENDONCA, 2264;, ; 2264;;;Queda;Anoitecer;;;Meio de Quadra;;Longo da via;0;1;0;0;0;0;0;0;0;1;0;0;0;(-38.578125 -3.758343);
358902;2020-04-13 17:11:00;AVENIDA AUGUSTO DOS ANJOS, 1747;, ; 1747;;;Atropelamento;Anoitecer;;;Meio de Quadra;;Longo da via;0;1;0;0;1;0;0;0;0;0;0;0;0;(-38.580203 -3.781366);
356541;2020-04-13 16:23:00;AVENIDA EDILSON B SOARES, ;RUA FIRMO A CARDOSO, ; ;;;Colisão Transversal;Luz do Dia;Bom;Seca;Meio de Quadra;Pare;Cruzamento;0;1;0;1;0;0;0;0;0;0;0;0;0;(-38.46606 -3.78818);
358900;2020-04-13 14:21:00;RD BR 116, ;, ; ;;;Atropelamento;Luz do Dia;;;Meio de Quadra;;Longo da via;0;1;0;0;1;0;0;0;0;0;0;0;0;(0 0);
358899;2020-04-13 13:04:00;RUA TERRA DAS FLORES, 899;, ; 899;;;Queda;Luz do Dia;;;Meio de Quadra;;Longo da via;0;1;0;1;0;0;0;0;0;0;0;0;0;(-38.43067 -3.809);
358898;2020-04-13 12:19:00;RUA ALVES DE SOUZA, 1070;, ; 1070;;;Colisão;Luz do Dia;;;Meio de Quadra;;Longo da via;0;2;0;1;0;0;0;0;0;0;0;0;0;(-38.5943682 -3.8022539);
358895;2020-04-13 11:28:00;RUA GUILHERME ROCHA, ;AVENIDA TRISTAO GONCALVES, ; ;;;Atropelamento;Luz do Dia;;;T;Semáforo;Cruzamento;0;2;0;0;0;0;0;0;0;1;0;0;0;(-38.53249 -3.7254865);
358894;2020-04-13 09:19:00;RUA CON DE CASTRO, 3505;, ; 3505;;;Colisão;Luz do Dia;;;Meio de Quadra;;Longo da via;0;1;0;1;1;0;0;0;0;0;0;0;0;(-38.5857497 -3.79830975);
358868;2020-04-13 08:50:00;AVENIDA AUGUSTO DOS ANJOS, ;, ; ;;;Colisão;Luz do Dia;;;Meio de Quadra;;Longo da via;0;2;0;1;1;0;0;0;0;0;0;0;0;(0 0);
358888;2020-04-13 08:14:00;RUA CEL JOAQUIM FRANKLIN, 114;, ; 114;;;Colisão;Luz do Dia;;;Meio de Quadra;;Longo da via;0;1;0;1;0;0;1;0;0;0;0;0;0;(-38.5861948 -3.74217579);
356540;2020-04-13 07:26:00;AVENIDA AUGUSTO DOS ANJOS, ;RUA THEOGENES GONDIM, ; ;;;Colisão Lateral;Luz do Dia;Bom;Seca;Meio de Quadra;Não Há Controle;Cruzamento;0;1;1;1;1;0;0;0;0;0;0;0;0;(-38.578823 -3.779665);
358887;2020-04-13 07:13:00;AVENIDA ALM HENRIQUE SABOIA, ;, ; ;;;Queda;Luz do Dia;;;Meio de Quadra;;Longo da via;0;2;0;1;0;0;0;0;0;0;0;0;0;(0 0);
358886;2020-04-13 05:48:00;AVENIDA PRS COSTA E SILVA, 5567;, ; 5567;;;Queda;Amanhecer;;;Meio de Quadra;;Longo da via;0;1;0;1;0;0;0;0;0;0;0;0;0;(-38.5316 -3.82832);
358885;2020-04-13 05:09:00;AVENIDA JOR THOMAZ COELHO, 1578;, ; 1578;;;Colisão;Amanhecer;;;Meio de Quadra;;Longo da via;0;1;0;2;0;0;0;0;0;0;0;0;0;(-38.50913561 -3.829904271);
356538;2020-04-13 01:52:00;RUA POMPILIO GOMES, 1761;, ; 1761;;;Colisão Traseira;Via Iluminada;Bom;Seca;Meio de Quadra;Não Há Controle;Longo da via;0;1;1;0;0;0;0;1;0;0;0;0;0;(-38.5212119 -3.82721905);
358884;2020-04-12 22:21:00;RUA POMPILIO GOMES, 1732;, ; 1732;;;Colisão;;;;Meio de Quadra;;Longo da via;0;1;0;1;0;0;0;1;0;0;0;0;0;(-38.5212017 -3.82694429);
358883;2020-04-12 21:42:00;RUA ISRAEL BEZERRA, 1010;, ; 1010;;;Queda;;;;Meio de Quadra;;Longo da via;0;1;0;1;0;0;0;0;0;0;0;0;0;(-38.4925465 -3.7507695);
358865;2020-04-12 21:30:00;RUA CEL VIRGILIO NOGUEIRA (BOM JARDIM), ;, ; ;;;Colisão;;;;Meio de Quadra;;Longo da via;0;1;1;0;1;0;0;0;0;1;0;0;0;(0 0);
358882;2020-04-12 21:13:00;AVENIDA C CJ CEARA, 1425;, ; 1425;;;Colisão;;;;Meio de Quadra;;Longo da via;0;1;0;1;1;0;0;0;0;0;0;0;0;(-38.614034 -3.771117);
358881;2020-04-12 20:40:00;RUA PEREIRA, 1435;, ; 1435;;;Queda;;;;Meio de Quadra;;Longo da via;0;1;0;0;0;0;0;0;0;1;0;0;0;(-38.5702282 -3.7178882);
358880;2020-04-12 19:12:00;RUA CEL VIRGILIO NOGUEIRA (BOM JARDIM), ;RUA GERALDO BARBOSA, ; ;;;Colisão;;;;Cruz;Pare;Cruzamento;0;2;0;0;1;0;0;0;0;1;0;0;0;(-38.608994 -3.7896898);
358879;2020-04-12 15:34:00;RD BR 116, ;, ; ;;;Queda;Luz do Dia;;;Meio de Quadra;;Longo da via;0;1;0;1;0;0;0;0;0;0;0;0;0;(0 0);
358878;2020-04-12 13:37:00;RUA PEREIRA VALENTE, ;RUA PRO DIAS DA ROCHA, ; ;;;Colisão;Luz do Dia;;;Cruz;Pare;Cruzamento;0;1;0;2;0;0;0;0;0;0;0;0;0;(-38.491243 -3.734132);
358877;2020-04-12 13:34:00;AVENIDA GOV RAUL BARBOSA, 7239;, ; 7239;;;Colisão;Luz do Dia;;;Meio de Quadra;;Longo da via;0;1;0;1;1;0;0;0;0;0;0;0;0;(-38.513037 -3.775580667);
358873;2020-04-12 13:28:00;AVENIDA PRS CASTELO BRANCO, ;, ; ;;;Colisão;Luz do Dia;;;Meio de Quadra;;Longo da via;0;1;0;1;1;0;0;0;0;0;0;0;0;(0 0);
358869;2020-04-12 12:33:00;AVENIDA MR HULL, 5000;, ; 5000;;;Atropelamento;Luz do Dia;;;Meio de Quadra;;Longo da via;0;1;0;1;0;0;0;0;0;0;0;0;0;(-38.5886706 -3.739210614);
358866;2020-04-12 11:55:00;RUA J LT PARAISO VERDE, 265;, ; 265;;;Queda;Luz do Dia;;;Meio de Quadra;;Longo da via;0;1;0;1;0;0;0;0;0;0;0;0;0;(-38.6231021 -3.8118346);
358862;2020-04-12 11:53:00;RUA DOS HOLANDESES, ;, ; ;;;Colisão;Luz do Dia;;;;;Longo da via;0;1;0;1;1;0;0;0;0;0;0;0;0;(0 0);
356537;2020-04-12 10:25:00;AVENIDA LUCIANO CARNEIRO, ;RUA ALM RUFINO, ; ;;;Colisão Transversal;Luz do Dia;Bom;Seca;Cruz;Semáforo;Cruzamento;0;1;1;1;1;0;0;0;0;0;0;0;0;(-38.537195 -3.76658);
358859;2020-04-12 09:37:00;RUA GUARANI D35 (JOAO XXIII), 1853;, ; 1853;;;Queda;Luz do Dia;;;Meio de Quadra;;Longo da via;0;1;0;0;0;0;0;0;0;1;0;0;0;(-38.5851819 -3.77331609);
358858;2020-04-12 07:51:00;RUA PRO GOMES BRASIL, ;, ; ;;;Colisão;Luz do Dia;;;Meio de Quadra;;Longo da via;0;2;0;2;0;0;0;0;0;0;0;0;0;(0 0);
356536;2020-04-12 07:26:00;RUA FREDERICO ANDRADE, 422;, ; 422;;;Não informado;Luz do Dia;Nublado;Molhada;Meio de Quadra;Não Há Controle;Longo da via;0;0;1;0;1;0;0;0;0;0;0;0;0;(-38.56527 -3.7162);
358857;2020-04-12 05:16:00;AVENIDA MR HULL, ;, ; ;;;Atropelamento;Amanhecer;;;Meio de Quadra;;Longo da via;0;1;0;0;1;0;0;0;0;0;0;0;0;(0 0);
358856;2020-04-12 02:47:00;RUA 6, 346;, ; 346;;;Queda;;;;Meio de Quadra;;Longo da via;0;1;0;1;0;0;0;0;0;0;0;0;0;(-38.5672595 -3.8220307);
358855;2020-04-12 02:43:00;AVENIDA JOSE LEON, 2041;, ; 2041;;;Colisão;;;;Meio de Quadra;;Longo da via;0;1;0;0;0;0;0;0;0;0;1;0;0;(-38.4938587 -3.7897655);
358854;2020-04-11 23:50:00;AVENIDA GOV LEONEL BRIZOLA, 555;, ; 555;;;Queda;;;;Meio de Quadra;;Longo da via;0;1;0;1;0;0;0;0;0;0;0;0;0;(-38.52215 -3.83167);