COD_ACIDENTE;DATA;LOG1;LOG2;NUMERO;BAIRRO;AMC;NATUREZA;ILUMINACAO;TEMPO;SUPERFICIEPISTA;TIPOCRUZAMENTO;CONTROLETRAFEGO;USOSOLO;MORTOS;FERIDOS;ILESOS;MOTOCICLETA;AUTOMOVEL;MICROONIBUS;CAMINHAO;ONIBUS;CICLOMOTOR;BICICLETA;OUTROS;TREM;TRACAOANIMAL;COORDENADAS
358853;2020-04-11 23:30:00;AVENIDA CONTORNO NORTE (SAO CRSITOVAO), 55;, ; 55;;;Colisão;;;;Meio de Quadra;;Longo da via;0;1;0;1;1;0;0;0;0;0;0;0;0;(-38.58482 -3.81547);
358852;2020-04-11 22:51:00;AVENIDA RUI BARBOSA, 671;, ; 671;;;Colisão;;;;Meio de Quadra;;Longo da via;0;1;0;1;1;0;0;0;0;0;0;0;0;(-38.507048 -3.728685);
358851;2020-04-11 22:48:00;AVENIDA DR THEBERGE, 599;, ; 599;;;Queda;;;;Meio de Quadra;;Longo da via;0;1;0;1;0;0;0;0;0;0;0;0;0;(-38.563147 -3.709175);
358850;2020-04-11 21:07:00;RUA MAJ TELESFORO, 480;, ; 480;;;Colisão;;;;Meio de Quadra;;Longo da via;0;1;0;2;0;0;0;0;0;0;0;0;0;(-38.5503816 -3.79833058);
356535;2020-04-11 19:25:00;RUA GUSTAVO SAMPAIO, ;RUA AMADEU FURTADO, ; ;;;Colisão;Mal Iluminada;Bom;Seca;Cruz;Pare;Cruzamento;0;1;1;1;1;0;0;0;0;0;0;0;0;(-38.563828 -3.736786);
358847;2020-04-11 18:44:00;RUA VITORIA (AV. PERIMETRAL), ;RUA BOA VISTA, ; ;;;Colisão;;;;;Não Há Controle;Cruzamento;0;1;0;1;1;0;0;0;0;0;0;0;0;(-38.589601 -3.767142);
358843;2020-04-11 18:40:00;AVENIDA C CJ CEARA, ;RUA 313 CJ CEARA, ; ;;;Colisão;;;;Cruz;Não Há Controle;Cruzamento;0;1;0;1;1;0;0;0;0;0;0;0;0;(-38.51835 -3.85636);
358839;2020-04-11 14:41:00;RUA JOAO CORDEIRO, ;AVENIDA SANTOS DUMONT, ; ;;;Colisão;Luz do Dia;;;Cruz;Semáforo;Cruzamento;0;2;0;2;0;0;0;0;0;0;0;0;0;(-38.514781 -3.730878);
356493;2020-04-11 13:50:00;RD CE-040, ;, ; ;;;Engavetamento;Luz do Dia;;Seca;Meio de Quadra;;Longo da via;0;3;0;1;2;0;0;0;0;0;0;0;0;(-38.48303286 -3.817159445);
358838;2020-04-11 12:51:00;RUA CEL MOZART GONDIM, 1520;, ; 1520;;;Atropelamento;Luz do Dia;;;Meio de Quadra;;Longo da via;0;1;0;0;1;0;0;0;0;0;0;0;0;(-38.5588755 -3.7338795);
358541;2020-04-11 12:38:00;RUA OSCAR ARARIPE, 3747;, ; 3747;;;Colisão;Luz do Dia;;;Meio de Quadra;;Longo da via;0;2;0;1;1;0;0;0;0;0;0;0;0;(-38.6235086 -3.7837136);
358540;2020-04-11 10:30:00;RUA MIGUEL GURGEL, ;, ; ;;;Colisão;Luz do Dia;;;Meio de Quadra;;Longo da via;0;1;0;0;1;0;0;0;0;0;0;0;0;(0 0);
358539;2020-04-11 09:04:00;RUA MARIA ALMEIDA, 760;, ; 760;;;Colisão;Luz do Dia;;;Meio de Quadra;;Longo da via;0;1;0;0;0;0;0;0;0;0;1;0;0;(-38.48464 -3.83985);
358538;2020-04-11 08:34:00;AVENIDA JOSE BASTOS, ;, ; ;;;Colisão;Luz do Dia;;;Meio de Quadra;;Longo da via;0;1;0;0;1;0;0;0;0;0;0;0;0;(0 0);
358138;2020-04-11 06:30:00;RUA BENI DE CARVALHO, ;RUA MON CATAO, ; ;;;Queda;Luz do Dia;;;Cruz;Pare;Cruzamento;0;1;0;1;0;0;0;0;0;0;0;0;0;(-38.493113 -3.746618);
358129;2020-04-11 05:11:00;RD QUARTO ANEL VIARIO, ;, ; ;;;Queda;Amanhecer;;;Meio de Quadra;;Longo da via;0;2;0;1;0;0;0;0;0;0;0;0;0;(0 0);
358117;2020-04-11 04:28:00;RUA DR PIO SARAIVA, 232;, ; 232;;;Queda;;;;Meio de Quadra;;Longo da via;0;1;0;1;0;0;0;0;0;0;0;0;0;(-38.5997415 -3.7361175);
358116;2020-04-11 01:17:00;RUA RAIMUNDO MAIA, 710;, ; 710;;;Queda;;;;Meio de Quadra;;Longo da via;0;1;0;1;0;0;0;0;0;0;0;0;0;(-38.56432 -3.81389);
358115;2020-04-10 23:22:00;AVENIDA JOAO PESSOA, ;, ; ;;;Queda;;;;Meio de Quadra;;Longo da via;0;1;0;1;0;0;0;0;0;0;0;0;0;(0 0);
358114;2020-04-10 23:12:00;RUA PDE PEDRO DE ALENCAR, 1720;, ; 1720;;;Colisão;;;;Meio de Quadra;;Longo da via;0;1;0;2;0;0;0;0;0;0;0;0;0;(-38.49435997 -3.843234544);
358113;2020-04-10 22:56:00;RUA SGT JOAO PINHEIRO, ;, ; ;;;Queda;;;;Meio de Quadra;;Longo da via;0;1;0;1;0;0;0;0;0;0;0;0;0;(0 0);
358112;2020-04-10 21:33:00;AVENIDA PERIMETRAL, ;, ; ;;;Atropelamento;;;;Meio de Quadra;;Longo da via;0;1;0;0;1;0;0;0;0;0;0;0;0;(0 0);
358111;2020-04-10 21:18:00;RUA VALDETARIO MOTA, 931;, ; 931;;;Colisão;;;;Meio de Quadra;;Longo da via;0;1;0;2;0;0;0;0;0;0;0;0;0;(-38.48121 -3.73782);
358110;2020-04-10 20:54:00;AVENIDA ALBERTO CRAVEIRO, ;, ; ;;;Colisão;;;;Meio de Quadra;;Longo da via;0;1;0;0;0;0;0;0;0;0;1;0;0;(0 0);
358109;2020-04-10 20:16:00;AVENIDA SEN CARLOS JEREISSATI (AEROPORTO), 452;, ; 452;;;Colisão;;;;Meio de Quadra;;Longo da via;0;2;0;2;0;0;0;0;0;0;0;0;0;(-38.52266 -3.78334);
358108;2020-04-10 20:05:00;RUA ANTONIO NOGUEIRA, 830;, ; 830;;;Colisão;;;;Meio de Quadra;;Longo da via;0;1;0;0;0;0;0;0;0;0;1;0;0;(-38.4544052 -3.79616889);
358107;2020-04-10 20:03:00;RUA DIADEMA, 141;, ; 141;;;Colisão;;;;Meio de Quadra;;Longo da via;0;1;0;1;1;0;0;0;0;0;0;0;0;(-38.5225 -3.84482);
358106;2020-04-10 19:26:00;AVENIDA DOM LUIS, ;RUA BARBOSA DE FREITAS, ; ;;;Colisão;;;;Cruz;Semáforo;Cruzamento;0;1;0;1;1;0;0;0;0;0;0;0;0;(-38.496396 -3.733564);
358105;2020-04-10 19:21:00;RUA RIO TOCANTINS, 1056;, ; 1056;;;Colisão;;;;Meio de Quadra;;Longo da via;0;1;0;0;1;0;0;0;0;1;0;0;0;(-38.5813411 -3.72494269);
356491;2020-04-10 17:40:00;RD CE-040, ;, ; ;;;Colisão;Anoitecer;;Seca;Meio de Quadra;;Longo da via;0;2;0;1;1;0;0;0;0;0;0;0;0;(-38.48246582 -3.834450897);
358104;2020-04-10 16:42:00;AVENIDA DR ALDY MENTOR, ;, ; ;;;Queda;Luz do Dia;;;Meio de Quadra;;Longo da via;0;1;0;1;0;0;0;0;0;0;0;0;0;(0 0);
358103;2020-04-10 13:13:00;AVENIDA PRS CASTELO BRANCO, ;, ; ;;;Atropelamento;Luz do Dia;;;Meio de Quadra;;Longo da via;0;1;0;0;0;0;0;0;0;0;1;0;0;(0 0);
358102;2020-04-10 11:48:00;RUA PORTO VELHO, ;RUA NOEL ROSA, ; ;;;Queda;Luz do Dia;;;Cruz;Não Há Controle;Cruzamento;0;1;0;1;0;0;0;0;0;0;0;0;0;(-38.58553 -3.76674);
358101;2020-04-10 09:37:00;AVENIDA BULEVAR I, ;AVENIDA CASTELO DE CASTRO, ; ;;;Colisão;Luz do Dia;;;Cruz;Pare;Cruzamento;0;1;0;1;1;0;0;0;0;0;0;0;0;(-38.521582 -3.833689);
358100;2020-04-10 07:45:00;AVENIDA JOSE JATAHY, 499;, ; 499;;;Queda;Luz do Dia;;;Meio de Quadra;;Longo da via;0;1;0;1;0;0;0;0;0;0;0;0;0;(-38.54573 -3.72564);
358099;2020-04-10 06:38:00;AVENIDA ENG HUMBERTO MONTE, ;RUA RIO GRANDE DO SUL, ; ;;;Queda;Luz do Dia;;;T;Não Há Controle;Cruzamento;0;1;0;1;0;0;0;0;0;0;0;0;0;(-38.560374 -3.749204);
358864;2020-04-10 03:40:00;RUA JOSE TORRES, 2870;, ; 2870;;;Colisão;;;;Meio de Quadra;;Longo da via;0;1;0;0;0;0;0;0;0;0;0;0;0;(0 0);
358098;2020-04-10 00:12:00;AVENIDA DA INDEPENDENCIA, 2205;, ; 2205;;;Queda;;;;Meio de Quadra;;Longo da via;0;1;0;1;0;0;0;0;0;0;0;0;0;(-38.599625 -3.724361);
358097;2020-04-09 22:07:00;AVENIDA AUGUSTO DOS ANJOS, 812;, ; 812;;;Colisão;;;;Meio de Quadra;;Longo da via;0;2;0;2;0;0;0;0;0;0;0;0;0;(-38.57468871 -3.775105237);
358096;2020-04-09 20:16:00;RD QUARTO ANEL VIARIO, 900;, ; 900;;;Atropelamento;;;;Meio de Quadra;;Longo da via;0;1;0;0;1;0;0;0;0;0;0;0;0;(-38.531624 -3.861699);
358095;2020-04-09 19:57:00;RUA SAMUEL UCHOA, ;AVENIDA PRO GOMES DE MATOS, ; ;;;Colisão;;;;Cruz;Semáforo;Cruzamento;0;1;0;1;1;0;0;0;0;0;0;0;0;(-38.542215 -3.757193);
357986;2020-04-09 19:45:00;RUA OSCAR ARARIPE, 4542;, ; 4542;;;Colisão;;;;Meio de Quadra;;Longo da via;0;1;0;2;0;0;0;0;0;0;0;0;0;(0 0);
357987;2020-04-09 19:30:00;AVENIDA GAL OSORIO DE PAIVA, 4642;, ; 4642;;;Colisão;;;;Meio de Quadra;;Longo da via;1;2;0;1;1;0;0;0;0;0;0;0;0;(-38.596802692 -3.799293539);
357985;2020-04-09 19:14:00;AVENIDA PERIMETRAL, 3349;, ; 3349;;;Queda;;;;Meio de Quadra;;Longo da via;0;1;0;1;0;0;0;0;0;0;0;0;0;(0 0);
357984;2020-04-09 17:40:00;AVENIDA SEN VIRGILIO TAVORA, ;RUA REPUBLICA DO LIBANO, ; ;;;Colisão;Anoitecer;;;T;Pare;Cruzamento;0;1;0;1;1;0;0;0;0;0;0;0;0;(-38.491817 -3.7328892);
357983;2020-04-09 15:43:00;RUA ROMEU MARTINS, ;RUA JOAO FIRMINO, ; ;;;Colisão;Luz do Dia;;;Cruz;Pare;Cruzamento;0;1;0;0;0;0;0;0;0;0;1;0;0;(-38.555582 -3.764274);
357982;2020-04-09 15:35:00;RUA SERRA AZUL, 1189;, ; 1189;;;Queda;Luz do Dia;;;Meio de Quadra;;Longo da via;0;1;0;1;0;0;0;0;0;0;0;0;0;(-38.52921 -3.84271);
356534;2020-04-09 14:47:00;AVENIDA IMPERADOR, ;RUA GAL CLARINDO DE QUEIROZ, ; ;;;Colisão Transversal;Luz do Dia;Bom;Seca;Cruz;Semáforo;Cruzamento;1;1;0;2;0;0;0;0;0;0;0;0;0;(-38.535566 -3.730962);
357972;2020-04-09 13:22:00;RUA MARIA JULIA, 370;, ; 370;;;Colisão;Luz do Dia;;;Meio de Quadra;;Longo da via;0;1;0;1;1;0;0;0;0;0;0;0;0;(-38.59881 -3.78878);
357971;2020-04-09 13:20:00;RUA GAL RABELO, 395;, ; 395;;;Colisão;Luz do Dia;;;Meio de Quadra;;Longo da via;0;1;0;1;1;0;0;0;0;0;0;0;0;(-38.60622 -3.80648);
357970;2020-04-09 13:07:00;RUA ENG JAIME ROLEMBERG, 276;, ; 276;;;Colisão;Luz do Dia;;;Meio de Quadra;;Longo da via;0;1;0;1;1;0;0;0;0;0;0;0;0;(-38.56233 -3.80252);
357938;2020-04-09 13:03:00;RUA VASCO DE ATAIDE, 376;, ; 376;;;Colisão;Luz do Dia;;;Meio de Quadra;;Longo da via;0;1;0;0;0;0;0;0;0;0;1;0;0;(-38.4905886 -3.82356725);
356533;2020-04-09 12:47:00;RUA JAIME BENEVOLO, 480;, ; 480;;;Colisão;Luz do Dia;Bom;Seca;Meio de Quadra;Não Há Controle;Longo da via;0;1;0;0;1;0;0;0;0;0;0;0;0;(-38.5267788 -3.73637834);
357937;2020-04-09 12:34:00;RUA DR AIRTON BEZERRA, 197;, ; 197;;;Queda;Luz do Dia;;;Meio de Quadra;;Longo da via;0;1;0;1;0;0;0;0;0;0;0;0;0;(-38.46518 -3.80951);
357936;2020-04-09 12:27:00;AVENIDA HERACLITO GRACA, ;AVENIDA DOM MANUEL, ; ;;;Colisão;Luz do Dia;;;Cruz;Semáforo;Cruzamento;0;2;0;1;1;0;0;0;0;0;0;0;0;(-38.522952 -3.734013);
357882;2020-04-09 10:06:00;AVENIDA DR SILAS MUNGUBA, ;, ; ;;;Queda;Luz do Dia;;;Meio de Quadra;;Longo da via;0;2;0;1;0;0;0;0;0;0;0;0;0;(0 0);
357881;2020-04-09 08:32:00;AVENIDA OLIVEIRA PAIVA, 2000;, ; 2000;;;Colisão;Luz do Dia;;;Meio de Quadra;;Longo da via;0;1;0;1;1;0;0;0;0;0;0;0;0;(-38.488305 -3.79618);
357880;2020-04-09 08:22:00;AVENIDA JOAO PESSOA, 6358;, ; 6358;;;Colisão;Luz do Dia;;;Meio de Quadra;;Longo da via;0;1;0;1;1;0;0;0;0;0;0;0;0;(-38.559288 -3.765975);
357879;2020-04-09 06:44:00;RUA GODOFREDO OLIVEIRA, 30;, ; 30;;;Atropelamento;Luz do Dia;;;Meio de Quadra;;Longo da via;0;1;0;1;0;0;0;0;0;0;0;0;0;(-38.55765 -3.80977);
357860;2020-04-09 04:06:00;AVENIDA JOSE JATAHY, 1533;, ; 1533;;;Colisão;;;;Meio de Quadra;;Longo da via;0;1;0;0;1;0;0;0;0;0;0;0;0;(-38.5440759 -3.73496937);
357859;2020-04-09 01:08:00;RUA IGUATU, 91;, ; 91;;;Colisão;;;;Meio de Quadra;;Longo da via;0;1;0;1;1;0;0;0;0;0;0;0;0;(-38.5779296 -3.75593771);
357604;2020-04-08 20:57:00;AVENIDA N CJ JOSE WALTER, 701;, ; 701;;;Queda;;;;Meio de Quadra;;Longo da via;0;1;0;0;0;0;0;0;0;1;0;0;0;(-38.5634134 -3.760464);
357603;2020-04-08 20:54:00;RUA JOAO FIRMINO, 314;, ; 314;;;Colisão;;;;Meio de Quadra;;Longo da via;0;2;0;1;1;0;0;0;0;0;0;0;0;(-38.5532088 -3.76158353);
357602;2020-04-08 20:23:00;AVENIDA JOAO DE ARAUJO LIMA, 1510;, ; 1510;;;Colisão;;;;Meio de Quadra;;Longo da via;0;2;0;2;0;0;0;0;0;0;0;0;0;(-38.56116 -3.8349);
357601;2020-04-08 19:05:00;RUA PRO GOMES BRASIL, 323;, ; 323;;;Atropelamento;;;;Meio de Quadra;;Longo da via;0;2;0;1;0;0;0;0;0;0;0;0;0;(-38.568297 -3.773043);
358863;2020-04-08 16:00:00;RUA AMAZONAS, ;, ; ;;;Colisão;Luz do Dia;;;Meio de Quadra;;Longo da via;0;1;0;0;0;0;0;1;0;0;0;0;0;(0 0);
357600;2020-04-08 15:46:00;AVENIDA ALBERTO CRAVEIRO, 1973;, ; 1973;;;Colisão;Luz do Dia;;;Meio de Quadra;;Longo da via;0;2;0;1;1;0;0;0;0;0;0;0;0;(-38.518506 -3.797404833);
356490;2020-04-08 15:45:00;AVENIDA SEN CARLOS JEREISSATI (AEROPORTO), ;, ; ;;;Colisão;Luz do Dia;;Seca;Meio de Quadra;;Longo da via;0;2;0;1;1;0;0;0;0;0;0;0;0;(-38.52685 -3.783753);
356532;2020-04-08 15:36:00;RUA CAP MELO, ;RUA MON SALAZAR, ; ;;;Colisão Transversal;Luz do Dia;Bom;Seca;Cruz;Semáforo;Cruzamento;0;2;0;0;2;0;0;0;0;0;0;0;0;(-38.51318 -3.756019);
357599;2020-04-08 15:31:00;RUA DOM EXPEDITO LOPES, 2324;, ; 2324;;;Colisão;Luz do Dia;;;Meio de Quadra;;Longo da via;0;2;0;0;2;0;0;0;0;0;0;0;0;(-38.5047226 -3.74392614);
357598;2020-04-08 15:13:00;RUA PERNAMBUCO, ;RUA PLANALTO DO PICI, ; ;;;Atropelamento;Luz do Dia;;;;;Cruzamento;0;2;0;1;0;0;0;0;0;0;0;0;0;(-38.58042 -3.75211);
357597;2020-04-08 12:40:00;RUA CARLOS VASCONCELOS, 1090;, ; 1090;;;Colisão;Luz do Dia;;;Meio de Quadra;;Longo da via;0;2;0;1;1;0;0;0;0;0;0;0;0;(-38.5102777 -3.73139192);
356531;2020-04-08 12:20:00;RUA SEN POMPEU, ;RUA PDE MIGUELINHO, ; ;;;Colisão Lateral;Luz do Dia;Bom;Seca;Cruz;Pare;Cruzamento;0;0;2;0;2;0;0;0;0;0;0;0;0;(-38.534332 -3.742469);
357596;2020-04-08 12:13:00;RUA AMAZONAS, 2420;, ; 2420;;;Colisão;Luz do Dia;;;Meio de Quadra;;Longo da via;0;1;0;0;0;0;0;0;0;0;0;0;0;(0 0);
357595;2020-04-08 11:56:00;RUA MARANHAO, ;RUA PARANA, ; ;;;Colisão;Luz do Dia;;;;;Cruzamento;0;2;0;1;1;0;0;0;0;0;0;0;0;(-38.566874 -3.754909);
357594;2020-04-08 11:50:00;AVENIDA SORIANO ALBUQUERQUE, ;, ; ;;;Colisão;Luz do Dia;;;Meio de Quadra;;Longo da via;0;2;0;1;1;0;0;0;0;0;0;0;0;(0 0);
356489;2020-04-08 11:45:00;RD CE-040, ;, ; ;;;Colisão;Luz do Dia;;Seca;Meio de Quadra;;Longo da via;0;2;0;0;2;0;0;0;0;0;0;0;0;(-38.48246582 -3.834450897);
356552;2020-04-08 11:44:00;AVENIDA LINEU MACHADO, 1459;, ; 1459;;;Colisão Transversal;Luz do Dia;Bom;Seca;Meio de Quadra;Não Há Controle;Longo da via;0;1;1;1;1;0;0;0;0;0;0;0;0;(-38.580288 -3.772422);
357593;2020-04-08 10:54:00;AVENIDA BENJAMIM BRASIL, 2350;, ; 2350;;;Queda;Luz do Dia;;;Meio de Quadra;;Longo da via;0;1;0;1;0;0;0;0;0;0;0;0;0;(-38.556174 -3.809073);
357592;2020-04-08 10:03:00;AVENIDA LIBERDADE, 167;, ; 167;;;Colisão;Luz do Dia;;;Meio de Quadra;;Longo da via;0;2;0;1;1;0;0;0;0;0;0;0;0;(-38.59707 -3.74944);
357591;2020-04-08 07:55:00;AVENIDA SEN FERNANDES TAVORA, 97;, ; 97;;;Queda;Luz do Dia;;;Meio de Quadra;;Longo da via;0;1;0;1;0;0;0;0;0;0;0;0;0;(-38.572399 -3.76802);
357590;2020-04-08 06:56:00;AVENIDA GAL OSORIO DE PAIVA, ;, ; ;;;Colisão;Luz do Dia;;;Meio de Quadra;;Longo da via;0;2;0;1;1;0;0;0;0;0;0;0;0;(0 0);
357589;2020-04-07 20:37:00;AVENIDA MOZART PINHEIRO DE LUCENA, ;, ; ;;;Colisão;;;;Meio de Quadra;;Longo da via;0;2;0;2;0;0;0;0;0;0;0;0;0;(0 0);
357588;2020-04-07 17:38:00;AVENIDA AGUANAMBI, ;, ; ;;;Colisão;Anoitecer;;;Meio de Quadra;;Longo da via;0;2;0;1;1;0;0;0;0;0;0;0;0;(0 0);
356530;2020-04-07 16:09:00;RUA DEMETRIO MENEZES, 3840;, ; 3840;;;Não informado;Luz do Dia;Bom;Seca;Meio de Quadra;Não Há Controle;Longo da via;0;1;1;1;1;0;0;0;0;0;0;0;0;(-38.58428 -3.73618);
357586;2020-04-07 15:48:00;RUA JOSE MENDONCA, 540;, ; 540;;;Atropelamento;Luz do Dia;;;Meio de Quadra;;Longo da via;0;2;0;0;0;0;0;1;0;0;0;0;0;(-38.6023119 -3.75781025);
356528;2020-04-07 14:28:00;RUA DEP MOREIRA DA ROCHA, ;RUA CARLOS VASCONCELOS, ; ;;;Colisão;Luz do Dia;Bom;Seca;Cruz;Semáforo;Cruzamento;0;1;1;1;1;0;0;0;0;0;0;0;0;(-38.508724 -3.72656);
356713;2020-04-07 14:25:00;RD BR 116, ;, ; ;;;Colisão;Luz do Dia;Bom;Seca;Meio de Quadra;;Longo da via;1;1;0;0;1;0;0;0;0;1;0;0;0;(-38.514372 -3.779838);
356527;2020-04-07 14:22:00;AVENIDA ANTONIO SALES, ;, ; ;;;Colisão Transversal;Luz do Dia;Bom;Seca;;;Longo da via;0;1;1;1;1;0;0;0;0;0;0;0;0;(-38.49557 -3.7476122);
357585;2020-04-07 14:07:00;AVENIDA FRANCISCO SA, 1834;, ; 1834;;;Atropelamento;Luz do Dia;;;Meio de Quadra;;Longo da via;0;2;0;0;1;0;0;0;0;0;0;0;0;(-38.5418537 -3.72249017);
356526;2020-04-07 13:54:00;AVENIDA RUI BARBOSA, ;RUA JOAO BRIGIDO, ; ;;;Colisão;Luz do Dia;Bom;Seca;Cruz;Semáforo;Cruzamento;0;1;1;1;1;0;0;0;0;0;0;0;0;(-38.511369 -3.741995);
356529;2020-04-07 13:30:00;AVENIDA GAL OSORIO DE PAIVA, ;RUA LEBOM MAIA, ; ;;;Colisão Traseira;Luz do Dia;Bom;Seca;Cruz;Semáforo;Cruzamento;0;2;0;1;1;0;0;0;0;0;0;0;0;(-38.580471 -3.78448);
357584;2020-04-07 12:17:00;RUA LAURO MAIA, ;RUA GUILHERME MOREIRA, ; ;;;Colisão;Luz do Dia;;;Cruz;Pare;Cruzamento;0;2;0;1;1;0;0;0;0;0;0;0;0;(-38.522399 -3.749673);
357583;2020-04-07 12:15:00;RUA URUCUTUBA, 751;, ; 751;;;Queda;Luz do Dia;;;Meio de Quadra;;Longo da via;0;1;0;1;0;0;0;0;0;0;0;0;0;(-38.6016534 -3.7969014);
357582;2020-04-07 10:57:00;RUA CIDADE PALHANO, 2227;, ; 2227;;;Queda;Luz do Dia;;;Meio de Quadra;;Longo da via;0;1;0;1;0;0;0;0;0;0;0;0;0;(0 0);
358861;2020-04-07 10:50:00;RUA ERICO MOTA, ;RUA GUSTAVO SAMPAIO, ; ;;;Colisão;Luz do Dia;;;Cruz;Semáforo;Cruzamento;0;2;0;0;2;0;0;0;0;0;0;0;0;(-38.562603 -3.7365224);
357581;2020-04-07 10:49:00;RUA JOAQUIM TORRES, 288;, ; 288;;;Colisão;Luz do Dia;;;Meio de Quadra;;Longo da via;0;2;0;1;1;0;0;0;0;0;0;0;0;(-38.52081 -3.74112);
356525;2020-04-07 10:30:00;AVENIDA JOSE LEON, ;RUA TEOFREDO GOIANA, ; ;;;Colisão Lateral;Luz do Dia;Bom;Seca;T;Não Há Controle;Cruzamento;0;0;2;0;2;0;0;0;0;0;0;0;0;(-38.50646 -3.78658);
357580;2020-04-07 10:22:00;RD BR 116, 10000;, ; 10000;;;Colisão;Luz do Dia;;;Meio de Quadra;;Longo da via;0;1;0;0;0;0;0;0;0;0;0;0;0;(-38.503373 -3.834435);
356712;2020-04-07 10:00:00;RD BR 116, ;, ; ;;;Colisão Transversal;Luz do Dia;Bom;Seca;Meio de Quadra;;Longo da via;0;3;0;1;0;0;0;0;0;1;0;0;0;(-38.504865 -3.830837);
357579;2020-04-07 09:51:00;RUA GUSTAVO SAMPAIO, 2011;, ; 2011;;;Capotamento;Luz do Dia;;;Meio de Quadra;;Longo da via;0;1;0;0;0;0;0;0;0;0;0;0;0;(-38.562743 -3.73656);
357578;2020-04-07 08:55:00;AVENIDA CASTELO DE CASTRO, 3000;, ; 3000;;;Colisão;Luz do Dia;;;Meio de Quadra;;Longo da via;0;2;0;1;1;0;0;0;0;0;0;0;0;(-38.5234562 -3.8519024);
357577;2020-04-07 08:19:00;RUA LEONARDO MOTA, ;, ; ;;;Colisão;Luz do Dia;;;Meio de Quadra;;Longo da via;0;2;0;1;1;0;0;0;0;0;0;0;0;(0 0);
356711;2020-04-07 00:50:00;RD BR 116, ;, ; ;;;Tombamento;;Bom;Seca;Meio de Quadra;;Longo da via;0;2;0;1;0;0;0;0;0;0;0;0;0;(-38.506787 -3.796502);
357576;2020-04-06 21:52:00;AVENIDA GOV RAUL BARBOSA, ;, ; ;;;Queda;;;;Meio de Quadra;;Longo da via;0;1;0;1;0;0;0;0;0;0;0;0;0;(0 0);
356710;2020-04-06 21:50:00;RD BR 116, 3000;, ; 3000;;;Choque c/ Obstáculo Fixo;;Bom;Seca;Meio de Quadra;;Longo da via;0;1;0;1;0;0;0;0;0;0;0;0;0;(-38.514372 -3.779838);
357575;2020-04-06 17:58:00;RUA MONTE PASCOAL, 236;, ; 236;;;Atropelamento;Anoitecer;;;Meio de Quadra;;Longo da via;0;2;0;0;1;0;0;0;0;0;0;0;0;(-38.60025 -3.80449);
357574;2020-04-06 16:18:00;RUA FLORIANO PEIXOTO, ;RUA PEDRO PEREIRA, ; ;;;Colisão;Luz do Dia;;;Cruz;Pare;Cruzamento;0;2;0;1;1;0;0;0;0;0;0;0;0;(-38.527962 -3.729873);
356524;2020-04-06 15:18:00;RUA ALUISIO AZEVEDO, 465;, ; 465;;;Colisão Traseira;Luz do Dia;Nublado;Seca;Meio de Quadra;Não Há Controle;Longo da via;0;1;1;1;1;0;0;0;0;0;0;0;0;(-38.5772917 -3.77120131);
357573;2020-04-06 13:54:00;RUA MARIA CLARA, ;RUA PIERRE LUZ, ; ;;;Colisão;Luz do Dia;;;Cruz;Pare;Cruzamento;0;1;0;0;0;0;0;0;0;0;0;0;0;(-38.588502 -3.72512);
357572;2020-04-06 13:46:00;RUA JUVENAL DE CARVALHO, ;, ; ;;;Queda;Luz do Dia;;;Meio de Quadra;;Longo da via;0;1;0;1;0;0;0;0;0;0;0;0;0;(0 0);
357571;2020-04-06 11:18:00;RUA POMPILIO GOMES, 1229;, ; 1229;;;Queda;Luz do Dia;;;Meio de Quadra;;Longo da via;0;1;0;1;0;0;0;0;0;0;0;0;0;(0 0);
356709;2020-04-06 09:20:00;RD BR 116, ;, ; ;;;Colisão Lateral;Luz do Dia;Bom;Seca;Meio de Quadra;;Longo da via;0;0;2;0;1;0;0;0;0;0;0;0;0;(-38.497727 -3.86467);
357570;2020-04-06 09:09:00;RUA WALDIR DIOGO, 1138;, ; 1138;;;Queda;Luz do Dia;;;Meio de Quadra;;Longo da via;0;1;0;1;0;0;0;0;0;0;0;0;0;(-38.5891265 -3.80191079);
357569;2020-04-06 08:53:00;RUA CON DE CASTRO, 3844;, ; 3844;;;Colisão;Luz do Dia;;;Meio de Quadra;;Longo da via;0;2;0;1;1;0;0;0;0;0;0;0;0;(-38.5876449 -3.80031009);
357568;2020-04-06 08:48:00;AVENIDA ENG HUMBERTO MONTE, 1049;, ; 1049;;;Colisão;Luz do Dia;;;Meio de Quadra;;Longo da via;0;2;0;1;1;0;0;0;0;0;0;0;0;(-38.5599224 -3.74983812);
357567;2020-04-06 08:02:00;AVENIDA GODOFREDO MACIEL, 2181;, ; 2181;;;Colisão;Luz do Dia;;;Meio de Quadra;;Longo da via;0;2;0;1;1;0;0;0;0;0;0;0;0;(-38.5694152 -3.79486244);
358840;2020-04-06 03:00:00;AVENIDA LUCIANO CARNEIRO, ;RUA RAUL CABRAL, ; ;;;Choque c/ Obstáculo Fixo;;;;Cruz;Não Há Controle;Cruzamento;0;1;0;0;1;0;0;0;0;0;0;0;0;(-38.538495 -3.770842);
357559;2020-04-06 00:53:00;AVENIDA SEN FERNANDES TAVORA, 2433;, ; 2433;;;Queda;;;;Meio de Quadra;;Longo da via;0;1;0;1;0;0;0;0;0;0;0;0;0;(-38.593889 -3.755953);
357558;2020-04-05 23:57:00;AVENIDA MOZART PINHEIRO DE LUCENA, 980;, ; 980;;;Colisão;;;;Meio de Quadra;;Longo da via;0;1;0;0;0;0;0;0;0;0;0;0;0;(-38.593694 -3.711373);