COD_ACIDENTE;DATA;LOG1;LOG2;NUMERO;BAIRRO;AMC;NATUREZA;ILUMINACAO;TEMPO;SUPERFICIEPISTA;TIPOCRUZAMENTO;CONTROLETRAFEGO;USOSOLO;MORTOS;FERIDOS;ILESOS;MOTOCICLETA;AUTOMOVEL;MICROONIBUS;CAMINHAO;ONIBUS;CICLOMOTOR;BICICLETA;OUTROS;TREM;TRACAOANIMAL;COORDENADAS
357557;2020-04-05 22:03:00;AVENIDA JOVITA FEITOSA, ;RUA DOM LINO, ; ;;;Colisão;;;;Cruz;Semáforo;Cruzamento;0;2;0;1;1;0;0;0;0;0;0;0;0;(-38.556413 -3.73985);
356730;2020-04-05 20:22:00;AVENIDA ENG AGRONOMO JOSE GUIMARAES DUQUE, ;RUA PEDRO LAZAR, ; ;;;Colisão Frontal;Via Iluminada;Bom;Seca;Cruz;Pare;Cruzamento;0;0;2;0;2;0;0;0;0;0;0;0;0;(-38.4883906 -3.8048829);
357556;2020-04-05 19:22:00;RUA CIDADE ECOLOGICA, 664;, ; 664;;;Colisão;;;;Meio de Quadra;;Longo da via;0;2;0;2;0;0;0;0;0;0;0;0;0;(-38.46397 -3.77389);
357555;2020-04-05 19:06:00;AVENIDA SEN VIRGILIO TAVORA, ;RUA PEREIRA VALENTE, ; ;;;Colisão;;;;Cruz;Semáforo;Cruzamento;0;2;0;1;1;0;0;0;0;0;0;0;0;(-38.492193 -3.733834);
357554;2020-04-05 18:43:00;RUA TOPAZIO, 173;, ; 173;;;Queda;;;;Meio de Quadra;;Longo da via;0;1;0;1;0;0;0;0;0;0;0;0;0;(-38.5570237 -3.71975601);
357553;2020-04-05 18:35:00;RUA PRO OTAVIO LOBO, ;RUA BENTO ALBUQUERQUE, ; ;;;Colisão;;;;Cruz;Semáforo;Cruzamento;0;2;0;1;1;0;0;0;0;0;0;0;0;(-38.479196 -3.745035);
357552;2020-04-05 18:02:00;RUA JOAO VITOR, 1588;, ; 1588;;;Colisão;Anoitecer;;;Meio de Quadra;;Longo da via;0;1;0;0;0;0;0;0;0;0;0;0;0;(-38.62022 -3.7946);
357551;2020-04-05 17:49:00;RUA CARNAUBAL, ;RUA MISERICORDIA, ; ;;;Colisão;Anoitecer;;;;;Cruzamento;0;2;0;1;1;0;0;0;0;0;0;0;0;(-38.5854 -3.72234);
357550;2020-04-05 15:04:00;AVENIDA BORGES DE MELO, 1277;, ; 1277;;;Queda;Luz do Dia;;;Meio de Quadra;;Longo da via;0;1;0;1;0;0;0;0;0;0;0;0;0;(-38.529837 -3.760118);
357549;2020-04-05 13:24:00;AVENIDA GODOFREDO MACIEL, ;, ; ;;;Colisão;Luz do Dia;;;Meio de Quadra;;Longo da via;0;2;0;1;1;0;0;0;0;0;0;0;0;(0 0);
357547;2020-04-05 10:56:00;RUA DEMETRIO MENEZES, 3650;, ; 3650;;;Colisão;Luz do Dia;;;Meio de Quadra;;Longo da via;0;2;0;1;1;0;0;0;0;0;0;0;0;(-38.5843182 -3.7354482);
356522;2020-04-05 10:10:00;AVENIDA PRO JOSE ARTHUR CARVALHO, 595;, ; 595;;;Choque c/ Obstáculo Fixo;Luz do Dia;Bom;Seca;Meio de Quadra;Não Há Controle;Longo da via;0;0;1;0;1;0;0;0;0;0;0;0;0;(-38.4737287 -3.82643625);
357545;2020-04-05 08:57:00;RUA JOSE GASPAR, ;RUA DIOGO CORREIA, ; ;;;Atropelamento;Luz do Dia;;;T;Pare;Cruzamento;0;2;0;0;0;0;0;0;0;0;0;0;0;(-38.588831 -3.773538);
356523;2020-04-05 07:04:00;AVENIDA DR SILAS MUNGUBA, ;, ; ;;;Choque c/ Obstáculo Fixo;Amanhecer;Bom;Seca;Meio de Quadra;Não Há Controle;Longo da via;0;1;0;0;1;0;0;0;0;0;0;0;0;(-38.534252 -3.7938118);
357542;2020-04-05 02:37:00;RUA MIGUEL GONCALVES, 205;, ; 205;;;Queda;;;;Meio de Quadra;;Longo da via;0;1;0;1;0;0;0;0;0;0;0;0;0;(-38.5563717 -3.75767987);
357541;2020-04-05 02:36:00;RUA RAIMUNDO BIZARRIA, 783;, ; 783;;;Colisão;;;;Meio de Quadra;;Longo da via;0;3;0;1;1;0;0;0;0;0;0;0;0;(-38.579325 -3.72657143);
357538;2020-04-05 01:54:00;RUA ALVARO DE ALENCAR, ;RUA NOSSA SRA DAS GRACAS, ; ;;;Colisão;;;;Cruz;Não Há Controle;Cruzamento;0;2;0;2;0;0;0;0;0;0;0;0;0;(-38.556571 -3.709334);
357536;2020-04-05 01:21:00;AVENIDA CEL CARVALHO, ;, ; ;;;Choque c/ Obstáculo Fixo;;;;Meio de Quadra;;Longo da via;0;1;0;0;1;0;0;0;0;0;0;0;0;(0 0);
357535;2020-04-04 23:56:00;RUA DIOGO CORREIA, 308;, ; 308;;;Atropelamento;;;;Meio de Quadra;;Longo da via;0;2;0;0;1;0;0;0;0;0;0;0;0;(-38.5899322 -3.77134649);
357533;2020-04-04 23:02:00;RUA MARIA JULIA, ;RUA JOSE MARTINS, ; ;;;Atropelamento;;;;;;Cruzamento;0;2;0;0;1;0;0;0;0;0;0;0;0;(-38.59906 -3.78974);
357528;2020-04-04 22:42:00;RUA ANTONIO IVO, 1288;, ; 1288;;;Colisão;;;;Meio de Quadra;;Longo da via;0;2;0;1;1;0;0;0;0;0;0;0;0;(-38.58523 -3.76786);
357526;2020-04-04 22:18:00;RUA MACAU, 80;, ; 80;;;Colisão;;;;Meio de Quadra;;Longo da via;0;2;0;2;0;0;0;0;0;0;0;0;0;(-38.5955666 -3.7735619);
357525;2020-04-04 21:49:00;RUA CEARA, ;RUA ESTADO DO RIO, ; ;;;Colisão;;;;Cruz;Pare;Cruzamento;0;2;0;1;1;0;0;0;0;0;0;0;0;(-38.569606 -3.756475);
357524;2020-04-04 21:25:00;AVENIDA ROGACIANO LEITE, 2150;, ; 2150;;;Colisão;;;;Meio de Quadra;;Longo da via;0;2;0;2;0;0;0;0;0;0;0;0;0;(-38.498988 -3.773416);
357522;2020-04-04 19:51:00;RUA GRIJALVA COSTA, 349;, ; 349;;;Colisão;;;;Meio de Quadra;;Longo da via;0;2;0;2;0;0;0;0;0;0;0;0;0;(-38.5426073 -3.75309565);
357521;2020-04-04 19:47:00;ALAMEDA BORBOLETAS, 301;, ; 301;;;Atropelamento;;;;Meio de Quadra;;Longo da via;0;2;0;1;0;0;0;0;0;0;0;0;0;(-38.4722794 -3.75018252);
357520;2020-04-04 19:02:00;AVENIDA DOMINGOS OLIMPIO, ;AVENIDA IMPERADOR, ; ;;;Colisão;;;;Cruz;Semáforo Intermitente;Cruzamento;0;2;0;1;1;0;0;0;0;0;0;0;0;(-38.536697 -3.73479);
357519;2020-04-04 18:49:00;RUA SAFIRA, 1115;, ; 1115;;;Atropelamento;;;;Meio de Quadra;;Longo da via;0;2;0;0;1;0;0;0;0;0;0;0;0;(-38.52519 -3.82195);
357517;2020-04-04 18:41:00;AVENIDA GAL OSORIO DE PAIVA, 4795;, ; 4795;;;Colisão;;;;Meio de Quadra;;Longo da via;0;2;0;2;0;0;0;0;0;0;0;0;0;(-38.598379 -3.800921);
357516;2020-04-04 17:55:00;AVENIDA JOSE BASTOS, 5716;, ; 5716;;;Atropelamento;Anoitecer;;;Meio de Quadra;;Longo da via;1;0;1;1;0;0;0;0;0;0;0;0;0;(-38.5652979 -3.76182839);
357513;2020-04-04 16:42:00;RUA MONTE LIBANO, 670;, ; 670;;;Colisão;Luz do Dia;;;Meio de Quadra;;Longo da via;0;2;0;2;0;0;0;0;0;0;0;0;0;(-38.56266 -3.82553);
357512;2020-04-04 15:45:00;RUA ANA GONCALVES, ;RUA JOSE JUSTA, ; ;;;Colisão;Luz do Dia;;;Cruz;Pare;Cruzamento;0;2;0;1;0;0;0;1;0;0;0;0;0;(-38.508492 -3.759173);
357510;2020-04-04 15:06:00;RUA EURICO MEDINA, ;RUA PORTO VELHO, ; ;;;Colisão;Luz do Dia;;;;;Cruzamento;0;2;0;1;1;0;0;0;0;0;0;0;0;(-38.589265 -3.764772);
357509;2020-04-04 14:20:00;RUA PORTO VELHO, 982;, ; 982;;;Colisão;Luz do Dia;;;Meio de Quadra;;Longo da via;0;2;0;1;1;0;0;0;0;0;0;0;0;(-38.589265 -3.764772);
356485;2020-04-04 11:50:00;RD CE-040, ;, ; ;;;Outros;Luz do Dia;;Seca;Meio de Quadra;;Longo da via;0;1;0;1;0;0;0;0;0;0;0;0;0;(-38.47606989 -3.84962623);
356539;2020-04-04 10:09:00;AVENIDA AUGUSTO DOS ANJOS, 2066;, ; 2066;;;Colisão;Luz do Dia;Bom;Molhada;;;Longo da via;0;2;0;1;1;0;0;0;0;0;0;0;0;(-38.582166 -3.783629);
357507;2020-04-04 10:09:00;RUA EQUADOR, 812;, ; 812;;;Atropelamento;Luz do Dia;;;Meio de Quadra;;Longo da via;0;2;0;1;0;0;0;0;0;0;0;0;0;(-38.5526 -3.77444);
357504;2020-04-04 10:02:00;AVENIDA JOVITA FEITOSA, 2467;, ; 2467;;;Queda;Luz do Dia;;;Meio de Quadra;;Longo da via;0;1;0;1;0;0;0;0;0;0;0;0;0;(-38.559662 -3.740484);
356521;2020-04-04 06:00:00;RUA FRANCISCO LORDA, ;RUA JOAO ARARIPE, ; ;;;Choque c/ Obstáculo Fixo;Luz do Dia;Nublado;Molhada;Cruz;Semáforo;Cruzamento;0;1;0;0;0;0;0;0;0;0;0;0;0;(-38.53321 -3.7614567);
357502;2020-04-04 05:36:00;AVENIDA ANTONIO SALES, 3700;, ; 3700;;;Queda;Amanhecer;;;Meio de Quadra;;Longo da via;0;1;0;1;0;0;0;0;0;0;0;0;0;(0 0);
356520;2020-04-04 02:43:00;AVENIDA PRS COSTA E SILVA, ;AVENIDA I CJ JOSE WALTER, ; ;;;Queda;Não Informado;Não Informado;Não informado;T;Gesto;Cruzamento;0;1;0;1;0;0;0;0;0;0;0;0;0;(-38.550232 -3.823494);
356486;2020-04-04 02:30:00;RD CE-060, ;, ; ;;;Colisão;;;Molhada;Meio de Quadra;;Longo da via;0;2;0;0;2;0;0;0;0;0;0;0;0;(-38.582111 -3.834064);
357500;2020-04-04 02:15:00;RUA DOM HELIO CAMPOS D21, 100;, ; 100;;;Queda;;;;Meio de Quadra;;Longo da via;0;1;0;1;0;0;0;0;0;0;0;0;0;(-38.556074 -3.715501);
357486;2020-04-04 01:35:00;RUA CATOLE, 2070;, ; 2070;;;Colisão;;;;Meio de Quadra;;Longo da via;0;2;0;0;2;0;0;0;0;0;0;0;0;(-38.5206575 -3.84818);
358777;2020-04-03 23:45:00;AVENIDA DIOGUINHO, 2310;, ; 2310;;;Colisão;;;;Meio de Quadra;;Longo da via;0;2;0;1;1;0;0;0;0;0;0;0;0;(-38.455721 -3.737233);
357485;2020-04-03 23:27:00;AVENIDA PRS COSTA E SILVA, ;, ; ;;;Queda;;;;Meio de Quadra;;Longo da via;0;1;0;1;0;0;0;0;0;0;0;0;0;(0 0);
357482;2020-04-03 22:59:00;AVENIDA GAL OSORIO DE PAIVA, 2250;, ; 2250;;;Atropelamento;;;;Meio de Quadra;;Longo da via;0;2;0;1;0;0;0;0;0;0;0;0;0;(-38.581174 -3.784923);
358776;2020-04-03 22:40:00;RUA TEN TITO BARROS, ;RUA DOM MARCOS TEIXEIRA, ; ;;;Choque c/ Obstáculo Fixo;;;;T;Não Há Controle;Cruzamento;0;1;0;0;0;0;0;0;0;0;0;0;0;(-38.50803 -3.79959);
357476;2020-04-03 22:20:00;RUA DR HUGO ROCHA, 686;, ; 686;;;Colisão;;;;Meio de Quadra;;Longo da via;0;2;0;1;1;0;0;0;0;0;0;0;0;(-38.5695215 -3.7185915);
357475;2020-04-03 21:45:00;AVENIDA AUGUSTO DOS ANJOS, 1718;, ; 1718;;;Colisão;;;;Meio de Quadra;;Longo da via;0;1;0;1;0;0;0;0;0;0;0;0;0;(-38.5800232 -3.7811586);
356484;2020-04-03 21:34:00;RD CE-065, 8;, ; 8;;;Outros;Mal Iluminada;;Seca;Meio de Quadra;;Longo da via;0;1;0;1;0;0;0;0;0;0;0;0;0;(0 0);
356519;2020-04-03 21:28:00;RUA LEONEL CHAVES, 541;, ; 541;;;Colisão Lateral;Anoitecer;Bom;Seca;Outros;Não Há Controle;Longo da via;0;1;1;1;0;0;0;1;0;0;0;0;0;(-38.5692281 -3.77329514);
357471;2020-04-03 21:02:00;RUA LEONEL CHAVES, 482;, ; 482;;;Colisão;;;;Meio de Quadra;;Longo da via;0;1;0;0;0;0;0;0;0;0;0;0;0;(-38.5745921 -3.76885624);
357465;2020-04-03 19:53:00;RUA DJALMA PETIT, 216;, ; 216;;;Atropelamento;;;;Meio de Quadra;;Longo da via;0;4;0;0;1;0;0;0;0;0;0;0;0;(-38.5163725 -3.76633505);
357464;2020-04-03 19:32:00;AVENIDA PRS CASTELO BRANCO, ;, ; ;;;Atropelamento;;;;Meio de Quadra;;Longo da via;0;2;0;1;0;0;0;0;0;0;0;0;0;(0 0);
357462;2020-04-03 18:31:00;RUA EDUARDO ARAUJO, ;RUA ANTONIO MONTEIRO, ; ;;;Colisão;;;;;;Cruzamento;0;1;0;0;0;0;0;0;0;0;0;0;0;(-38.596146 -3.818684);
357358;2020-04-03 18:19:00;RUA ZACARIAS FLORINDO, ;, ; ;;;Colisão;Anoitecer;;;Meio de Quadra;;Longo da via;0;1;0;0;0;0;0;0;0;0;0;0;0;(0 0);
357357;2020-04-03 17:33:00;RUA MAJ VERISSIMO, 294;, ; 294;;;Colisão;Anoitecer;;;Meio de Quadra;;Longo da via;0;1;0;0;0;0;0;0;0;0;0;0;0;(-38.562868 -3.72156626);
357356;2020-04-03 17:09:00;AVENIDA PERIMETRAL, 835;, ; 835;;;Queda;Anoitecer;;;Meio de Quadra;;Longo da via;0;1;0;1;0;0;0;0;0;0;0;0;0;(0 0);
356516;2020-04-03 16:17:00;RUA GAL MARIO HERMES, ;RUA ADOLFO B DE MENEZES, ; ;;;Colisão Transversal;Luz do Dia;Nublado;Seca;Cruz;Pare;Cruzamento;0;2;0;1;1;0;0;0;0;0;0;0;0;(-38.576574 -3.714366);
357355;2020-04-03 15:03:00;AVENIDA ALBERTO CRAVEIRO, ;, ; ;;;Colisão;Luz do Dia;;;Meio de Quadra;;Longo da via;0;1;0;0;0;0;0;0;0;0;0;0;0;(0 0);
356517;2020-04-03 14:40:00;AVENIDA IMPERADOR, ;RUA LIBERATO BARROSO, ; ;;;Colisão Transversal;Luz do Dia;Bom;Seca;Cruz;Semáforo;Cruzamento;0;2;0;1;0;0;0;1;0;0;0;0;0;(-38.534257 -3.726511);
356518;2020-04-03 14:35:00;RUA OSCAR ARARIPE, ;, ; ;;;Colisão Transversal;Luz do Dia;Bom;Seca;Cruz;Pare;Longo da via;0;2;0;0;2;0;0;0;0;0;0;0;0;(-38.6157955 -3.78591);
358774;2020-04-03 13:50:00;RUA VINTE E QUATRO DE MAIO, ;RUA PEDRO I, ; ;;;Colisão;Luz do Dia;;;Cruz;Pare;Cruzamento;0;2;0;1;1;0;0;0;0;0;0;0;0;(-38.532952 -3.72983);
357354;2020-04-03 10:53:00;RUA BAR AQUIRAZ, 1337;, ; 1337;;;Colisão;Luz do Dia;;;Meio de Quadra;;Longo da via;0;2;0;1;1;0;0;0;0;0;0;0;0;(-38.4839121 -3.8426993);
357353;2020-04-03 10:32:00;RUA IRINEU DE SOUZA, ;RUA DNA MENDINHA, ; ;;;Colisão;Luz do Dia;;;Cruz;Pare;Cruzamento;0;2;0;1;1;0;0;0;0;0;0;0;0;(-38.570294 -3.710048);
357352;2020-04-03 10:31:00;RUA DR JOAQUIM BENTO, 137;, ; 137;;;Colisão;Luz do Dia;;;Meio de Quadra;;Longo da via;0;2;0;1;1;0;0;0;0;0;0;0;0;(-38.490403 -3.829292);
357351;2020-04-03 09:49:00;AVENIDA PRS COSTA E SILVA, ;, ; ;;;Queda;Luz do Dia;;;Meio de Quadra;;Longo da via;0;1;0;0;0;0;0;0;0;1;0;0;0;(0 0);
356729;2020-04-03 09:30:00;RUA VINTE E QUATRO DE MAIO, ;RUA PEDRO I, ; ;;;Colisão Frontal;Luz do Dia;Bom;Seca;Cruz;Pare;Cruzamento;0;0;2;1;1;0;0;0;0;0;0;0;0;(-38.532952 -3.72983);
357350;2020-04-03 07:53:00;AVENIDA SEN CARLOS JEREISSATI (AEROPORTO), ;, ; ;;;Queda;Luz do Dia;;;Meio de Quadra;;Longo da via;0;1;0;1;0;0;0;0;0;0;0;0;0;(0 0);
357349;2020-04-03 07:22:00;RUA ILDEFONSO ALBANO, 2600;, ; 2600;;;Queda;Luz do Dia;;;Meio de Quadra;;Longo da via;0;1;0;1;0;0;0;0;0;0;0;0;0;(-38.516714 -3.743726);
356515;2020-04-03 06:27:00;AVENIDA FRANCISCO SA, 4475;, ; 4475;;;Choque c/ Obstáculo Fixo;Luz do Dia;Nublado;Material Derrapante;Meio de Quadra;Não Há Controle;Longo da via;0;0;1;1;0;0;0;0;0;0;0;0;0;(-38.5647688 -3.71490514);
358775;2020-04-03 06:00:00;AVENIDA FRANCISCO SA, 4475;, ; 4475;;;Atropelamento;Luz do Dia;;;Meio de Quadra;;Longo da via;1;1;0;1;0;0;0;0;0;0;0;0;0;(-38.5647688 -3.71490514);
357347;2020-04-03 05:31:00;RUA SAO PAULO, 2072;, ; 2072;;;Queda;Amanhecer;;;Meio de Quadra;;Longo da via;0;1;0;1;0;0;0;0;0;0;0;0;0;(-38.5438055 -3.72068525);
357346;2020-04-02 21:30:00;AVENIDA BEZERRA DE MENEZES, 2670;, ; 2670;;;Colisão;;;;Meio de Quadra;;Longo da via;0;2;0;1;1;0;0;0;0;0;0;0;0;(-38.568287 -3.7362113);
357345;2020-04-02 20:47:00;AVENIDA PRO JOSE ARTHUR CARVALHO, ;, ; ;;;Colisão;;;;Meio de Quadra;;Longo da via;0;2;0;2;0;0;0;0;0;0;0;0;0;(0 0);
356514;2020-04-02 20:18:00;AVENIDA JOSE JATAHY, ;AVENIDA FRANCISCO SA, ; ;;;Colisão;Luz do Dia;Bom;Seca;Cruz;Semáforo;Cruzamento;0;2;0;1;0;0;0;1;0;0;0;0;0;(-38.5467873 -3.720876);
357344;2020-04-02 19:28:00;RUA ANTONIO AUGUSTO, ;, ; ;;;Colisão;;;;Meio de Quadra;;Longo da via;0;2;0;1;1;0;0;0;0;0;0;0;0;(0 0);
358773;2020-04-02 18:40:00;AVENIDA AUGUSTO DOS ANJOS, ;AVENIDA SEN FERNANDES TAVORA, ; ;;;Colisão;;;;;;Cruzamento;0;2;0;1;1;0;0;0;0;0;0;0;0;(-38.570427 -3.770153);
357343;2020-04-02 18:24:00;AVENIDA SANTOS DUMONT, 8228;, ; 8228;;;Colisão;Anoitecer;;;Meio de Quadra;;Longo da via;0;1;0;0;0;0;0;0;0;0;0;0;0;(-38.451443 -3.7476444);
357342;2020-04-02 18:18:00;AVENIDA SEN FERNANDES TAVORA, 992;, ; 992;;;Colisão;Anoitecer;;;Meio de Quadra;;Longo da via;0;2;0;0;2;0;0;0;0;0;0;0;0;(-38.582043333 -3.762251917);
357341;2020-04-02 17:02:00;AVENIDA JOSE TAVARES, 1603;, ; 1603;;;Colisão;Anoitecer;;;Meio de Quadra;;Longo da via;0;2;0;1;1;0;0;0;0;0;0;0;0;(0 0);
357340;2020-04-02 16:19:00;AVENIDA JOSE BASTOS, ;, ; ;;;Colisão;Luz do Dia;;;Meio de Quadra;;Longo da via;0;2;0;1;1;0;0;0;0;0;0;0;0;(0 0);
357339;2020-04-02 15:50:00;RUA LUIS ALVES TOMAS, ;RUA PDE PEDRO DE ALENCAR, ; ;;;Colisão;Luz do Dia;;;Cruz;Pare;Cruzamento;0;2;0;1;1;0;0;0;0;0;0;0;0;(-38.49429 -3.84015);
357338;2020-04-02 15:49:00;RUA MARANHAO, 49;, ; 49;;;Queda;Luz do Dia;;;Meio de Quadra;;Longo da via;0;1;0;1;0;0;0;0;0;0;0;0;0;(-38.5621438 -3.7579488);
357337;2020-04-02 15:12:00;RUA PERILIO TEIXEIRA, 790;, ; 790;;;Colisão;Luz do Dia;;;Meio de Quadra;;Longo da via;0;2;0;1;1;0;0;0;0;0;0;0;0;(-38.6015323 -3.757668);
357336;2020-04-02 14:43:00;AVENIDA GENIBAU, ;RUA PERILIO TEIXEIRA, ; ;;;Colisão;Luz do Dia;;;Cruz;Pare;Cruzamento;0;2;0;1;1;0;0;0;0;0;0;0;0;(-38.60205 -3.760373);
358772;2020-04-02 14:02:00;AVENIDA DOM LUIS, ;RUA FREDERICO BORGES, ; ;;;Colisão;Luz do Dia;;;Cruz;Semáforo;Cruzamento;0;2;0;0;2;0;0;0;0;0;0;0;0;(-38.489136 -3.73589);
357335;2020-04-02 13:42:00;AVENIDA N CJ JOSE WALTER, 300;, ; 300;;;Colisão;Luz do Dia;;;Meio de Quadra;;Longo da via;0;2;0;1;1;0;0;0;0;0;0;0;0;(-38.5022844 -3.7724951);
357334;2020-04-02 12:19:00;AVENIDA SEN CARLOS JEREISSATI (AEROPORTO), ;, ; ;;;Colisão;Luz do Dia;;;Meio de Quadra;;Longo da via;0;2;0;1;1;0;0;0;0;0;0;0;0;(0 0);
357333;2020-04-02 11:51:00;RUA GAL CLARINDO DE QUEIROZ, 199;, ; 199;;;Colisão;Luz do Dia;;;Meio de Quadra;;Longo da via;0;2;0;1;1;0;0;0;0;0;0;0;0;(-38.5260451 -3.734051);
357332;2020-04-02 11:20:00;AVENIDA BEZERRA DE MENEZES, 800;, ; 800;;;Colisão;Luz do Dia;;;Meio de Quadra;;Longo da via;0;2;0;1;1;0;0;0;0;0;0;0;0;(-38.552148 -3.733126);
356513;2020-04-02 11:06:00;AVENIDA DOM LUIS, ;RUA FRE MANSUETO, ; ;;;Capotamento;Luz do Dia;Bom;Seca;Cruz;Semáforo;Cruzamento;0;2;0;0;2;0;0;0;0;0;0;0;0;(-38.488626 -3.735861);
357331;2020-04-02 10:40:00;AVENIDA MOZART PINHEIRO DE LUCENA, 1970;, ; 1970;;;Atropelamento;Luz do Dia;;;Meio de Quadra;;Longo da via;0;2;0;0;0;0;0;1;0;0;0;0;0;(-38.596071 -3.7195945);
357330;2020-04-02 10:15:00;RD BR 116, 10000;, ; 10000;;;Colisão;Luz do Dia;;;Meio de Quadra;;Longo da via;0;2;0;1;0;0;1;0;0;0;0;0;0;(-38.503373 -3.834435);
357329;2020-04-02 10:12:00;AVENIDA BAR STUDART, 2800;, ; 2800;;;Colisão;Luz do Dia;;;Meio de Quadra;;Longo da via;0;2;0;1;1;0;0;0;0;0;0;0;0;(-38.5110584 -3.7485538);
357328;2020-04-02 09:51:00;AVENIDA SEN FERNANDES TAVORA, ;RUA HUMAITA D73, ; ;;;Colisão;Luz do Dia;;;T;Não Há Controle;Cruzamento;0;1;0;0;0;0;0;0;0;0;0;0;0;(-38.599578 -3.75488);
356512;2020-04-02 08:10:00;RUA CEL VIRGILIO NOGUEIRA (BOM JARDIM), ;RUA OSCAR FRANCA, ; ;;;Colisão Lateral;Luz do Dia;Bom;Seca;Cruz;Semáforo;Cruzamento;0;0;2;0;2;0;0;0;0;0;0;0;0;(-38.608757 -3.788948);
357327;2020-04-02 07:21:00;RUA BAR AQUIRAZ, ;RUA JOSE HIPOLITO, ; ;;;Atropelamento;Luz do Dia;;;Cruz;Semáforo;Cruzamento;0;3;0;1;0;0;0;0;0;0;0;0;0;(-38.489933 -3.833725);
357326;2020-04-02 00:39:00;RUA CAP GUSTAVO, 3148;, ; 3148;;;Colisão;;;;Meio de Quadra;;Longo da via;0;1;0;0;0;0;0;0;0;0;0;0;0;(-38.5178887 -3.74914367);
357325;2020-04-01 19:14:00;AVENIDA GOV RAUL BARBOSA, ;AVENIDA ALM HENRIQUE SABOIA, ; ;;;Queda;Anoitecer;;;Y;Não Há Controle;Cruzamento;0;1;0;1;0;0;0;0;0;0;0;0;0;(-38.50458 -3.758466);
357324;2020-04-01 15:58:00;RUA CANDIDO MAIA, 294;, ; 294;;;Atropelamento;Luz do Dia;;;Meio de Quadra;;Longo da via;0;3;0;0;0;0;0;0;0;0;0;0;0;(-38.5904072 -3.737428);
357323;2020-04-01 14:21:00;AVENIDA PERIMETRAL, ;, ; ;;;Queda;Luz do Dia;;;Meio de Quadra;;Longo da via;0;1;0;1;0;0;0;0;0;0;0;0;0;(0 0);
356511;2020-04-01 13:53:00;AVENIDA CENTRAL, ;RUA ARGENTINO P TORRES, ; ;;;Não informado;Luz do Dia;Nublado;Seca;Cruz;Não Há Controle;Cruzamento;0;1;0;2;0;0;0;0;0;0;0;0;0;(-38.54023 -3.81372);
357322;2020-04-01 13:51:00;RUA ULISSES BEZERRA, ;, ; ;;;Colisão;Luz do Dia;;;;;Longo da via;0;2;0;0;2;0;0;0;0;0;0;0;0;(0 0);
357321;2020-04-01 13:46:00;RUA RAD JOAO RAMOS (DUNAS), 1240;, ; 1240;;;Colisão;Luz do Dia;;;Meio de Quadra;;Longo da via;0;2;0;1;1;0;0;0;0;0;0;0;0;(-38.5766614 -3.7823162);
358771;2020-04-01 12:40:00;RUA PINHEIRO TORRES, ;, ; ;;;Colisão;Luz do Dia;;;Meio de Quadra;;Longo da via;0;1;0;1;0;0;0;0;0;0;0;0;0;(0 0);
356510;2020-04-01 10:53:00;AVENIDA GOV RAUL BARBOSA, 1180;, ; 1180;;;Colisão Lateral;Luz do Dia;Nublado;Seca;Meio de Quadra;Não Há Controle;Longo da via;0;0;2;0;2;0;0;0;0;0;0;0;0;(-38.50666 -3.76127);
357320;2020-04-01 09:00:00;AVENIDA DR SILAS MUNGUBA, 2751;, ; 2751;;;Queda;Luz do Dia;;;Meio de Quadra;;Longo da via;0;1;0;1;0;0;0;0;0;0;0;0;0;(-38.547129 -3.7878186);
357319;2020-04-01 04:16:00;RUA DIOGO CORREIA, 145;, ; 145;;;Queda;;;;Meio de Quadra;;Longo da via;0;1;0;1;0;0;0;0;0;0;0;0;0;(-38.5893301 -3.77257523);
358283;2020-03-31 23:51:00;AVENIDA ALM HENRIQUE SABOIA, 172;, ; 172;;;Queda;;;;Meio de Quadra;;Longo da via;0;1;0;1;0;0;0;0;0;0;0;0;0;(-38.4801054 -3.7234177);
358282;2020-03-31 21:34:00;RUA RAUL POMPEIA, 31;, ; 31;;;Queda;;;;Meio de Quadra;;Longo da via;0;1;0;0;0;0;0;0;0;1;0;0;0;(-38.563 -3.71489);
358280;2020-03-31 18:23:00;RUA AZEVEDO BOLAO, ;RUA PRO RAIMUNDO ARRUDA, ; ;;;Colisão;Anoitecer;;;Cruz;Gesto;Cruzamento;0;3;0;0;0;0;0;0;0;0;0;0;0;(-38.551701 -3.735414);
358281;2020-03-31 18:23:00;AVENIDA JOSE TAVARES, ;, ; ;;;Colisão;Anoitecer;;;Meio de Quadra;;Longo da via;0;1;0;0;0;0;0;0;0;0;1;0;0;(0 0);
358279;2020-03-31 17:55:00;AVENIDA BENJAMIM BRASIL, 100;, ; 100;;;Queda;Anoitecer;;;Meio de Quadra;;Longo da via;0;1;0;1;0;0;0;0;0;0;0;0;0;(-38.5988052 -3.7376544);
355920;2020-03-31 15:45:00;AVENIDA SANTOS DUMONT, 7777;, ; 7777;;;Colisão Lateral;Luz do Dia;Chuva;Molhada;Meio de Quadra;Não Há Controle;Longo da via;0;1;2;1;2;0;0;0;0;0;0;0;0;(-38.45816 -3.74908);
358278;2020-03-31 15:22:00;AVENIDA AUGUSTO DOS ANJOS, 1962;, ; 1962;;;Colisão;Luz do Dia;;;Meio de Quadra;;Longo da via;0;1;0;1;1;0;0;0;0;0;0;0;0;(-38.581387 -3.782734);
355919;2020-03-31 15:20:00;RUA NOGUEIRA ACIOLI, ;RUA PINTO MADEIRA, ; ;;;Colisão Transversal;Luz do Dia;Nublado;Molhada;Cruz;Pare;Cruzamento;0;1;1;0;2;0;0;0;0;0;0;0;0;(-38.517559 -3.732292);