COD_ACIDENTE;DATA;LOG1;LOG2;NUMERO;BAIRRO;AMC;NATUREZA;ILUMINACAO;TEMPO;SUPERFICIEPISTA;TIPOCRUZAMENTO;CONTROLETRAFEGO;USOSOLO;MORTOS;FERIDOS;ILESOS;MOTOCICLETA;AUTOMOVEL;MICROONIBUS;CAMINHAO;ONIBUS;CICLOMOTOR;BICICLETA;OUTROS;TREM;TRACAOANIMAL;COORDENADAS
358277;2020-03-31 15:15:00;RUA PARAGUACU D45, 1129;, ; 1129;;;Colisão;Luz do Dia;;;Meio de Quadra;;Longo da via;0;1;0;0;0;0;0;0;0;0;1;0;0;(-38.53896 -3.78522);
358276;2020-03-31 14:51:00;RUA PINTO MADEIRA, ;RUA NOGUEIRA ACIOLI, ; ;;;Atropelamento;Luz do Dia;;;Cruz;Pare;Cruzamento;0;1;0;0;1;0;0;0;0;0;0;0;0;(-38.517559 -3.732292);
358275;2020-03-31 12:58:00;AVENIDA JOSE BASTOS, ;, ; ;;;Colisão;Luz do Dia;;;Meio de Quadra;;Longo da via;0;1;0;2;0;0;0;0;0;0;0;0;0;(0 0);
356007;2020-03-31 10:30:00;RD CE-040, ;, ; ;;;Choque c/ Obstáculo Fixo;Luz do Dia;;Molhada;Meio de Quadra;;Longo da via;0;2;0;0;1;0;1;0;0;0;0;0;0;(-38.48258304 -3.764650449);
356000;2020-03-31 10:00:00;RD CE-040, ;, ; ;;;Colisão;Luz do Dia;;Molhada;Meio de Quadra;;Longo da via;0;3;0;1;2;0;0;0;0;0;0;0;0;(-38.4817994 -3.773616148);
356002;2020-03-31 10:00:00;RD CE-040, ;, ; ;;;Colisão;Luz do Dia;;Molhada;Meio de Quadra;;Longo da via;0;1;0;0;1;0;0;0;0;0;0;0;0;(-38.4817994 -3.773616148);
356003;2020-03-31 10:00:00;RD CE-040, ;, ; ;;;Colisão;Luz do Dia;;Molhada;Meio de Quadra;;Longo da via;0;3;0;0;3;0;0;0;0;0;0;0;0;(-38.4817994 -3.773616148);
358274;2020-03-31 07:57:00;AVENIDA FRE CIRILO, 4199;, ; 4199;;;Queda;Luz do Dia;;;Meio de Quadra;;Longo da via;0;1;0;1;0;0;0;0;0;0;0;0;0;(-38.495927 -3.820729);
358273;2020-03-31 07:56:00;AVENIDA JOSE SABOIA, 401;, ; 401;;;Colisão;Luz do Dia;;;Meio de Quadra;;Longo da via;0;1;0;0;0;0;0;0;0;0;1;0;0;(-38.4683128 -3.71653312);
358272;2020-03-31 07:00:00;AVENIDA PRS CASTELO BRANCO, 2396;, ; 2396;;;Colisão;Luz do Dia;;;Meio de Quadra;;Longo da via;0;1;0;1;1;0;0;0;0;0;0;0;0;(-38.5492933 -3.71350274);
358271;2020-03-31 06:40:00;AVENIDA PERIMETRAL, 200;, ; 200;;;Queda;Luz do Dia;;;Meio de Quadra;;Longo da via;0;1;0;1;0;0;0;0;0;0;0;0;0;(-38.580452 -3.807287);
358268;2020-03-30 23:05:00;AVENIDA GENIBAU, 790;, ; 790;;;Colisão;;;;Meio de Quadra;;Longo da via;0;2;0;1;1;0;0;0;0;0;0;0;0;(-38.6018992 -3.7603952);
355918;2020-03-30 20:15:00;RUA CRISANTO ARRUDA, 785;, ; 785;;;Colisão Frontal;Via Iluminada;Nublado;Molhada;Meio de Quadra;Não Há Controle;Longo da via;0;2;0;1;1;0;0;0;0;0;0;0;0;(0 0);
358266;2020-03-30 18:59:00;AVENIDA HIS RAIMUNDO GIRAO, ;RUA HIS GUARINO ALVES, ; ;;;Colisão;;;;Cruz;Pare;Cruzamento;0;1;0;0;0;0;0;0;0;0;1;0;0;(-38.5146138 -3.7203951);
358264;2020-03-30 18:57:00;AVENIDA CESAR CALS, ;RUA VIS CAIRU, ; ;;;Colisão;;;;Cruz;Pare;Cruzamento;0;1;0;0;2;0;0;0;0;0;0;0;0;(-38.46229 -3.7255948);
358262;2020-03-30 18:55:00;RUA PERILIO TEIXEIRA, ;AVENIDA GENIBAU, ; ;;;Colisão;;;;Cruz;Pare;Cruzamento;0;1;0;1;1;0;0;0;0;0;0;0;0;(-38.60205 -3.760373);
358261;2020-03-30 16:41:00;RUA 10 (CJ JOAO PAULO II), 345;, ; 345;;;Atropelamento;Luz do Dia;;;Meio de Quadra;;Longo da via;0;1;0;1;0;0;0;0;0;0;0;0;0;(0 0);
358260;2020-03-30 16:23:00;RUA SILVINHA TELES D69, 429;, ; 429;;;Colisão;Luz do Dia;;;Meio de Quadra;;Longo da via;0;1;0;1;1;0;0;0;0;0;0;0;0;(-38.5263941 -3.84859861);
355917;2020-03-30 16:01:00;AVENIDA BORGES DE MELO, 1961;, ; 1961;;;Colisão;Luz do Dia;Nublado;Seca;Meio de Quadra;Não Há Controle;Longo da via;0;0;2;0;0;0;0;1;0;1;0;0;0;(-38.535976 -3.754851);
355916;2020-03-30 15:15:00;AVENIDA PRO GOMES DE MATOS, ;RUA SATIRO DIAS, ; ;;;Colisão Transversal;Luz do Dia;Nublado;Molhada;Cruz;Semáforo;Cruzamento;0;1;1;1;1;0;0;0;0;0;0;0;0;(-38.546868 -3.762623);
358259;2020-03-30 15:06:00;AVENIDA MR HULL, ;, ; ;;;Queda;Luz do Dia;;;Meio de Quadra;;Longo da via;0;1;0;1;0;0;0;0;0;0;0;0;0;(0 0);
358258;2020-03-30 14:58:00;AVENIDA BORGES DE MELO, ;, ; ;;;Queda;Luz do Dia;;;Meio de Quadra;;Longo da via;0;1;0;0;0;0;0;0;0;1;0;0;0;(0 0);
358257;2020-03-30 11:05:00;AVENIDA GAL OSORIO DE PAIVA, 4789;, ; 4789;;;Colisão;Luz do Dia;;;Meio de Quadra;;Longo da via;0;1;0;1;1;0;0;0;0;0;0;0;0;(-38.598322 -3.800862);
355915;2020-03-30 11:01:00;RUA GURGEL DO AMARAL, 1400;, ; 1400;;;Colisão Frontal;Luz do Dia;Nublado;Seca;T;Pare;Longo da via;0;1;1;0;1;0;0;0;0;0;1;0;0;(-38.4840751 -3.8367527);
358256;2020-03-30 10:31:00;AVENIDA JOSE TAVARES, 1800;, ; 1800;;;Colisão;Luz do Dia;;;Meio de Quadra;;Longo da via;0;1;0;1;1;0;0;0;0;0;0;0;0;(0 0);
358255;2020-03-30 10:25:00;RUA JOSE HIPOLITO, 1400;, ; 1400;;;Colisão;Luz do Dia;;;Meio de Quadra;;Longo da via;0;2;0;1;1;0;0;0;0;0;0;0;0;(-38.482787 -3.837402);
358254;2020-03-30 08:20:00;RUA MAJ FACUNDO, ;RUA METON DE ALENCAR, ; ;;;Colisão;Luz do Dia;;;Cruz;Pare;Cruzamento;0;1;0;1;1;0;0;0;0;0;0;0;0;(-38.529899 -3.733917);
355998;2020-03-30 07:23:00;AVENIDA SEN CARLOS JEREISSATI (AEROPORTO), ;, ; ;;;Atropelamento;Luz do Dia;;Seca;Meio de Quadra;;Longo da via;0;1;1;1;0;0;0;0;0;0;0;0;0;(-38.535424 -3.782194);
358253;2020-03-30 06:47:00;AVENIDA OLIVEIRA PAIVA, ;, ; ;;;Queda;Luz do Dia;;;Meio de Quadra;;Longo da via;0;1;0;1;0;0;0;0;0;0;0;0;0;(0 0);
358252;2020-03-29 23:06:00;AVENIDA 13 DE MAIO, ;RUA JAIME BENEVOLO, ; ;;;Colisão;;;;Cruz;Semáforo;Cruzamento;0;1;0;2;0;0;0;0;0;0;0;0;0;(-38.530741 -3.748122);
358251;2020-03-29 22:52:00;AVENIDA JOSE JATAHY, ;AVENIDA FRANCISCO SA, ; ;;;Atropelamento;;;;Cruz;Semáforo;Cruzamento;0;1;0;0;0;0;0;0;0;0;0;0;0;(-38.5467873 -3.720876);
355914;2020-03-29 22:04:00;RUA PRO GOMES BRASIL, ;RUA JOAQUIM MOREIRA D36, ; ;;;Não informado;Via Iluminada;Bom;Seca;Outros;Não Há Controle;Cruzamento;0;2;0;0;2;0;0;0;0;0;0;0;0;(-38.57029 -3.7705);
355913;2020-03-29 22:00:00;AVENIDA GAL OSORIO DE PAIVA, 3951;, ; 3951;;;Colisão Lateral;Via Iluminada;Bom;Seca;Outros;Não Há Controle;Longo da via;0;2;0;2;0;0;0;0;0;0;0;0;0;(-38.590153 -3.792485);
358250;2020-03-29 21:47:00;AVENIDA GAL OSORIO DE PAIVA, 6421;, ; 6421;;;Colisão;;;;Meio de Quadra;;Longo da via;0;1;0;1;1;0;0;0;0;0;0;0;0;(-38.60886 -3.81189);
358249;2020-03-29 21:21:00;AVENIDA PRS CASTELO BRANCO, ;, ; ;;;Queda;;;;Meio de Quadra;;Longo da via;0;1;0;1;0;0;0;0;0;0;0;0;0;(0 0);
358248;2020-03-29 20:36:00;AVENIDA CEL CARVALHO, 968;, ; 968;;;Choque c/ Obstáculo Fixo;;;;Meio de Quadra;;Longo da via;1;0;0;1;0;0;0;0;0;0;0;0;0;(-38.589633 -3.710718);
358247;2020-03-29 20:30:00;AVENIDA PONTES VIEIRA, ;RUA BARBOSA DE FREITAS, ; ;;;Colisão;;;;Cruz;Semáforo;Cruzamento;0;2;0;2;0;0;0;0;0;0;0;0;0;(-38.502094 -3.751381);
355997;2020-03-29 19:30:00;AVENIDA MIN JOSE AMERICO, ;, ; ;;;Colisão;;;Seca;Meio de Quadra;;Longo da via;0;2;0;0;2;0;0;0;0;0;0;0;0;(0 0);
358246;2020-03-29 18:23:00;AVENIDA MR HULL, ;, ; ;;;Colisão;Anoitecer;;;Meio de Quadra;;Longo da via;0;1;0;1;0;0;0;0;0;0;0;0;0;(0 0);
355912;2020-03-29 18:00:00;AVENIDA SEN FERNANDES TAVORA, 97;, ; 97;;;Choque c/ Obstáculo Fixo;Anoitecer;Bom;Seca;Meio de Quadra;Não Há Controle;Longo da via;0;2;0;0;0;0;0;1;0;0;0;0;0;(-38.572399 -3.76802);
356808;2020-03-29 13:46:00;AVENIDA LINEU MACHADO, ;RUA ARARIPE MACEDO, ; ;;;Colisão;Luz do Dia;;;Cruz;Pare;Cruzamento;0;1;1;0;0;0;0;1;0;0;0;0;0;(-38.579704 -3.771386);
358244;2020-03-29 13:40:00;RUA ARARIPE MACEDO, ;AVENIDA LINEU MACHADO, ; ;;;Atropelamento;Luz do Dia;;;Cruz;Pare;Cruzamento;0;1;0;0;0;0;0;0;0;0;0;0;0;(-38.579704 -3.771386);
358240;2020-03-29 13:22:00;AVENIDA CARNEIRO DE MENDONCA, 572;, ; 572;;;Atropelamento;Luz do Dia;;;Meio de Quadra;;Longo da via;0;1;0;0;1;0;0;0;0;0;0;0;0;(-38.564566 -3.76522633);
355911;2020-03-29 10:30:00;RUA TAUBATE, 169;, ; 169;;;Choque c/ Obstáculo Fixo;Luz do Dia;Bom;Seca;Meio de Quadra;Não Há Controle;Longo da via;0;1;0;0;1;0;0;0;0;0;0;0;0;(-38.5966831 -3.77286281);
355910;2020-03-29 07:26:00;RUA JULIO DA SILVEIRA, ;AVENIDA DOS EXPEDICIONARIOS, ; ;;;Choque c/ Obstáculo Fixo;Via Iluminada;Bom;Seca;Cruz;Pare;Cruzamento;0;1;0;0;1;0;0;0;0;0;0;0;0;(-38.539181 -3.758331);
358234;2020-03-29 07:01:00;AVENIDA ALBERTO CRAVEIRO, 507;, ; 507;;;Colisão;Luz do Dia;;;Meio de Quadra;;Longo da via;0;1;0;1;1;0;0;0;0;0;0;0;0;(-38.516476 -3.782591);
358233;2020-03-29 06:15:00;RUA DELMIRO FARIAS, 1501;, ; 1501;;;Queda;Luz do Dia;;;Meio de Quadra;;Longo da via;0;1;0;1;0;0;0;0;0;0;0;0;0;(-38.551292 -3.746867);
355996;2020-03-29 03:40:00;AVENIDA MIN JOSE AMERICO, ;, ; ;;;Choque c/ Obstáculo Fixo;;;Seca;Meio de Quadra;;Longo da via;0;1;0;0;1;0;0;0;0;0;0;0;0;(0 0);
355909;2020-03-29 02:33:00;AVENIDA BENJAMIM BRASIL, 1091;, ; 1091;;;Choque c/ Obstáculo Fixo;Não Informado;Chuva;Não informado;Meio de Quadra;Gesto;Longo da via;0;1;0;1;0;0;0;0;0;0;0;0;0;(-38.565006 -3.805487);
358232;2020-03-29 00:19:00;RUA MARTINS CARVALHO, 1983;, ; 1983;;;Queda;;;;Meio de Quadra;;Longo da via;0;1;0;1;0;0;0;0;0;0;0;0;0;(-38.6123648 -3.79309316);
358231;2020-03-28 23:41:00;AVENIDA AUGUSTO DOS ANJOS, ;AVENIDA GAL OSORIO DE PAIVA, ; ;;;Queda;;;;Outros;Semáforo;Cruzamento;0;1;0;1;0;0;0;0;0;0;0;0;0;(-38.584939 -3.787349);
358230;2020-03-28 23:30:00;AVENIDA WASHINGTON SOARES, ;, ; ;;;Queda;;;;Meio de Quadra;;Longo da via;0;1;0;0;0;0;0;0;0;1;0;0;0;(0 0);
358229;2020-03-28 21:45:00;AVENIDA DR THEBERGE, 1640;, ; 1640;;;Colisão;;;;Meio de Quadra;;Longo da via;0;1;0;1;1;0;0;0;0;0;0;0;0;(-38.56526813 -3.715612967);
355908;2020-03-28 19:00:00;RUA ILDEFONSO ALBANO, ;RUA FIUZA DE PONTES, ; ;;;Colisão;Via Iluminada;Bom;Seca;Cruz;Pare;Cruzamento;0;1;1;1;1;0;0;0;0;0;0;0;0;(-38.513672 -3.734722);
356804;2020-03-28 18:15:00;RUA ANSELMO NOGUEIRA, ;RUA PRIMEIRO DE MAIO D34, ; ;;;Colisão;Anoitecer;;;Cruz;Pare;Cruzamento;0;2;0;2;0;0;0;0;0;0;0;0;0;(-38.587753 -3.783108);
358228;2020-03-28 18:07:00;AVENIDA GODOFREDO MACIEL, 5200;, ; 5200;;;Colisão;Anoitecer;;;Meio de Quadra;;Longo da via;0;1;0;0;0;0;0;0;0;0;1;0;0;(-38.577065 -3.819605);
358227;2020-03-28 17:07:00;RUA PRO OTAVIO LOBO, ;RUA BENTO ALBUQUERQUE, ; ;;;Colisão;Anoitecer;;;Cruz;Semáforo;Cruzamento;0;1;0;0;2;0;0;0;0;0;0;0;0;(-38.479196 -3.745035);
358226;2020-03-28 15:14:00;RUA MOZART FIRMEZA, 597;, ; 597;;;Colisão;Luz do Dia;;;Meio de Quadra;;Longo da via;0;1;0;1;1;0;0;0;0;0;0;0;0;(-38.57359 -3.7681);
358225;2020-03-28 15:08:00;RUA TRES CORACOES, ;RUA XAVIER DA SILVEIRA, ; ;;;Colisão;Luz do Dia;;;;;Cruzamento;0;1;0;1;1;0;0;0;0;0;0;0;0;(-38.61164 -3.79257);
358224;2020-03-28 14:16:00;AVENIDA FRANCISCO SA, 5481;, ; 5481;;;Queda;Luz do Dia;;;Meio de Quadra;;Longo da via;0;1;0;1;0;0;0;0;0;0;0;0;0;(-38.573313 -3.711949);
358223;2020-03-28 14:03:00;RUA XV CIDADE OESTE, 107;, ; 107;;;Queda;Luz do Dia;;;Meio de Quadra;;Longo da via;0;1;0;0;0;0;0;0;0;1;0;0;0;(-38.5961291 -3.72944225);
358222;2020-03-28 13:49:00;RUA ANTERO QUENTAL, 1625;, ; 1625;;;Queda;Luz do Dia;;;Meio de Quadra;;Longo da via;0;1;0;1;0;0;0;0;0;0;0;0;0;(0 0);
358221;2020-03-28 13:21:00;RUA CHICO LEMOS, ;RUA JOAO LEONEL, ; ;;;Colisão;Luz do Dia;;;Cruz;Pare;Cruzamento;0;1;0;1;1;0;0;0;0;0;0;0;0;(-38.49549 -3.79938);
358220;2020-03-28 12:35:00;AVENIDA GODOFREDO MACIEL, 6400;, ; 6400;;;Colisão;Luz do Dia;;;Meio de Quadra;;Longo da via;0;1;0;1;1;0;0;0;0;0;0;0;0;(-38.58151704 -3.83272268);
358219;2020-03-28 12:05:00;ESTRADA SIQUEIRA, 193;, ; 193;;;Colisão;Luz do Dia;;;Meio de Quadra;;Longo da via;0;1;0;1;1;0;0;0;0;0;0;0;0;(-38.585337 -3.813604);
358218;2020-03-28 06:43:00;RUA PRO HERIBALDO COSTA, 1358;, ; 1358;;;Queda;Luz do Dia;;;Meio de Quadra;;Longo da via;0;1;0;1;0;0;0;0;0;0;0;0;0;(-38.585634 -3.763377);
358217;2020-03-27 22:31:00;AVENIDA DR SILAS MUNGUBA, 1518;, ; 1518;;;Colisão;;;;Meio de Quadra;;Longo da via;0;2;0;1;1;0;0;0;0;0;0;0;0;(-38.553974 -3.783857);
356801;2020-03-27 22:15:00;RUA JOSE VILAR, 461;, ; 461;;;Colisão;;;;Meio de Quadra;;Longo da via;0;1;1;1;1;0;0;0;0;0;0;0;0;(-38.50231 -3.72864);
358216;2020-03-27 22:09:00;AVENIDA BAR STUDART, ;RUA PEREIRA FILGUEIRAS, ; ;;;Atropelamento;;;;Cruz;Semáforo;Cruzamento;0;1;0;1;0;0;0;0;0;0;0;0;0;(-38.505361 -3.73081);
358215;2020-03-27 20:25:00;RUA RIO TOCANTINS, 1456;, ; 1456;;;Colisão;;;;Meio de Quadra;;Longo da via;0;1;0;2;0;0;0;0;0;0;0;0;0;(-38.5816338 -3.7281832);
358214;2020-03-27 18:42:00;RUA PRO CARVALHO, ;AVENIDA PONTES VIEIRA, ; ;;;Colisão;;;;Cruz;Semáforo;Cruzamento;0;1;0;1;1;0;0;0;0;0;0;0;0;(-38.514949 -3.75289);
358213;2020-03-27 16:50:00;AVENIDA GODOFREDO MACIEL, 5833;, ; 5833;;;Colisão;Luz do Dia;;;Meio de Quadra;;Longo da via;0;1;0;1;1;0;0;0;0;0;0;0;0;(-38.579157 -3.825405);
358212;2020-03-27 16:44:00;RD BR 116, 11000;, ; 11000;;;Colisão;Luz do Dia;;;Meio de Quadra;;Longo da via;0;1;0;1;0;0;0;0;0;0;0;0;0;(-38.497176 -3.84716);
355995;2020-03-27 16:30:00;AVENIDA SEN CARLOS JEREISSATI (AEROPORTO), ;, ; ;;;Colisão;Luz do Dia;;Seca;Meio de Quadra;;Longo da via;0;2;0;0;2;0;0;0;0;0;0;0;0;(-38.52685 -3.783753);
355907;2020-03-27 16:00:00;RUA DES FELIX CANDIDO, 1479;, ; 1479;;;Atropelamento;Luz do Dia;Bom;Seca;Meio de Quadra;Não Há Controle;Longo da via;1;0;1;0;1;0;0;0;0;0;0;0;0;(-38.5822642 -3.7779805);
358166;2020-03-27 15:36:00;RD BR 116, ;, ; ;;;Colisão;Luz do Dia;;;Meio de Quadra;;Longo da via;0;1;0;1;1;0;0;0;0;0;0;0;0;(0 0);
358165;2020-03-27 14:48:00;AVENIDA JANGADEIROS (MUCURIPE), 543;, ; 543;;;Colisão;Luz do Dia;;;Meio de Quadra;;Longo da via;0;1;0;0;0;0;0;0;0;0;0;0;0;(-38.476977 -3.723386);
358164;2020-03-27 13:53:00;RUA PRO LINO ENCARNACAO, ;RUA CESAR FONTENELE, ; ;;;Colisão;Luz do Dia;;;Cruz;Pare;Cruzamento;0;1;0;0;0;0;0;0;0;0;0;0;0;(-38.559596 -3.746359);
358163;2020-03-27 13:06:00;AVENIDA WASHINGTON SOARES, 10521;, ; 10521;;;Queda;Luz do Dia;;;Meio de Quadra;;Longo da via;0;1;0;1;0;0;0;0;0;0;0;0;0;(-38.47989 -3.84055);
355906;2020-03-27 10:05:00;RUA CON DE CASTRO, 1230;, ; 1230;;;Colisão Lateral;Luz do Dia;Nublado;Seca;Meio de Quadra;Não Há Controle;Longo da via;0;1;1;0;1;0;0;0;0;1;0;0;0;(-38.571559 -3.7829735);
358161;2020-03-27 08:05:00;AVENIDA GAL OSORIO DE PAIVA, 4643;, ; 4643;;;Colisão;Luz do Dia;;;Meio de Quadra;;Longo da via;0;1;0;1;1;0;0;0;0;0;0;0;0;(-38.597102 -3.7996065);
358160;2020-03-27 07:44:00;AVENIDA WASHINGTON SOARES, 11140;, ; 11140;;;Colisão;Luz do Dia;;;Meio de Quadra;;Longo da via;0;1;0;1;1;0;0;0;0;0;0;0;0;(-38.479545 -3.845516);
355994;2020-03-27 07:30:00;RD CE-040, ;, ; ;;;Colisão;Luz do Dia;;;Meio de Quadra;;Longo da via;0;2;0;1;1;0;0;0;0;0;0;0;0;(-38.48088284 -3.84257666);
355905;2020-03-27 06:42:00;AVENIDA ENG SANTANA JUNIOR, ;, ; ;;;Capotamento;Amanhecer;Bom;Molhada;Outros;Não Há Controle;Longo da via;0;1;0;0;1;0;0;0;0;0;0;0;0;(-38.490543 -3.751971);
356803;2020-03-27 00:48:00;RUA PDE PEDRO DE ALENCAR, ;, ; ;;;Colisão;;;;Meio de Quadra;;Longo da via;0;1;1;0;0;0;0;1;0;0;0;0;0;(0 0);
358159;2020-03-27 00:10:00;RUA DO MATADOURO, 50;, ; 50;;;Atropelamento;;;;Meio de Quadra;;Longo da via;0;1;0;0;1;0;0;0;0;0;0;0;0;(-38.54452 -3.79802);
358158;2020-03-26 23:32:00;RUA TEODORO CABRAL, 729;, ; 729;;;Queda;;;;Meio de Quadra;;Longo da via;0;1;0;1;0;0;0;0;0;0;0;0;0;(-38.5663 -3.71506);
358156;2020-03-26 22:21:00;RUA POMPILIO GOMES, 1767;, ; 1767;;;Atropelamento;;;;Meio de Quadra;;Longo da via;0;1;0;0;1;0;0;0;0;0;0;0;0;(-38.521214 -3.827274);
358155;2020-03-26 22:00:00;RUA PDE PEDRO DE ALENCAR, 1091;, ; 1091;;;Colisão;;;;Meio de Quadra;;Longo da via;1;0;1;1;0;0;0;1;0;0;0;0;0;(-38.494168735 -3.837114557);
356707;2020-03-26 21:50:00;RD BR 116, 3000;, ; 3000;;;Queda;;Nublado;Seca;Meio de Quadra;;Longo da via;0;1;0;1;0;0;0;0;0;0;0;0;0;(-38.514372 -3.779838);
355993;2020-03-26 21:00:00;RD CE-060, 6348;, ; 6348;;;Colisão;;;Seca;Meio de Quadra;;Longo da via;0;3;0;2;0;0;0;0;0;0;0;0;0;(-38.585133 -3.843038);
358154;2020-03-26 20:17:00;RUA URUCUTUBA, 144;, ; 144;;;Atropelamento;;;;Meio de Quadra;;Longo da via;0;1;0;0;1;0;0;0;0;0;0;0;0;(-38.5971795 -3.79830892);
358153;2020-03-26 19:57:00;AVENIDA GOV RAUL BARBOSA, ;, ; ;;;Colisão;;;;Meio de Quadra;;Longo da via;0;1;1;0;1;0;0;0;0;1;0;0;0;(0 0);
358152;2020-03-26 19:47:00;AVENIDA ANTONIO JUSTA, 30;, ; 30;;;Colisão;;;;Meio de Quadra;;Longo da via;0;1;0;1;1;0;0;0;0;0;0;0;0;(-38.49032 -3.72906);
358151;2020-03-26 19:38:00;AVENIDA MAJ ASSIS, ;RUA PDE TEODORO (QUNTINO CUNHA), ; ;;;Atropelamento;;;;Cruz;Pare;Cruzamento;0;1;1;0;1;0;0;0;0;1;0;0;0;(-38.590526 -3.723221);
358150;2020-03-26 19:25:00;RUA GONCALO SOUTO, 192;, ; 192;;;Colisão;;;;Meio de Quadra;;Longo da via;0;1;0;1;1;0;0;0;0;0;0;0;0;(-38.530336 -3.767626);
355992;2020-03-26 16:20:00;AVENIDA SEN CARLOS JEREISSATI (AEROPORTO), ;, ; ;;;Colisão;Luz do Dia;;Seca;Meio de Quadra;;Longo da via;0;2;1;1;1;0;0;0;0;0;0;0;0;(-38.52685 -3.783753);
356706;2020-03-26 16:15:00;RD BR 116, 5000;, ; 5000;;;Choque c/ Obstáculo Fixo;Luz do Dia;Bom;Seca;Meio de Quadra;;Longo da via;0;0;2;0;1;0;0;0;0;0;0;0;0;(-38.506787 -3.796502);
358149;2020-03-26 14:57:00;RUA PRO HERIBALDO COSTA, ;RUA CACILDA BECKER, ; ;;;Queda;Luz do Dia;;;Cruz;Pare;Cruzamento;0;1;0;1;0;0;0;0;0;0;0;0;0;(-38.589464 -3.770715);
355904;2020-03-26 14:44:00;AVENIDA DOM LUIS, ;RUA BARBOSA DE FREITAS, ; ;;;Colisão Transversal;Luz do Dia;Bom;Seca;Cruz;Semáforo;Cruzamento;0;1;1;1;1;0;0;0;0;0;0;0;0;(-38.496396 -3.733564);
356797;2020-03-26 14:40:00;RUA BATISTA DE OLIVEIRA, ;RUA ANDRE DALL OLIO, ; ;;;Colisão;Luz do Dia;;;Cruz;Pare;Cruzamento;0;1;1;0;1;0;0;0;0;1;0;0;0;(-38.477454 -3.73919);
358147;2020-03-26 14:31:00;AVENIDA I CJ JOSE WALTER, ;AVENIDA C CJ JOSE WALTER, ; ;;;Queda;Luz do Dia;;;T;Não Há Controle;Cruzamento;0;1;0;1;0;0;0;0;0;0;0;0;0;(-38.552161 -3.829824);
358146;2020-03-26 12:38:00;RUA CAP OLAVO, ;RUA TEN JAIME ANDRADE, ; ;;;Colisão;Luz do Dia;;;;;Cruzamento;0;1;0;1;1;0;0;0;0;0;0;0;0;(-38.51376 -3.77121);
358145;2020-03-26 12:06:00;AVENIDA DOLOR BARREIRA, 502;, ; 502;;;Colisão;Luz do Dia;;;Meio de Quadra;;Longo da via;0;1;0;2;0;0;0;0;0;0;0;0;0;(-38.472636 -3.729229);
356705;2020-03-26 09:10:00;RD BR 116, 7000;, ; 7000;;;Queda;Luz do Dia;Bom;Seca;Meio de Quadra;;Longo da via;0;1;0;1;0;0;0;0;0;0;0;0;0;(-38.5115614 -3.786276359);
358144;2020-03-26 08:57:00;AVENIDA FRE CIRILO, ;, ; ;;;Queda;Luz do Dia;;;Meio de Quadra;;Longo da via;0;1;0;1;0;0;0;0;0;0;0;0;0;(0 0);
358143;2020-03-26 08:26:00;RUA BENTO ALBUQUERQUE, ;, ; ;;;Colisão;Luz do Dia;;;Meio de Quadra;;Longo da via;0;2;0;2;0;0;0;0;0;0;0;0;0;(0 0);
358142;2020-03-26 07:51:00;RUA AMERICO FACO, 83;, ; 83;;;Queda;Luz do Dia;;;Meio de Quadra;;Longo da via;0;1;0;1;0;0;0;0;0;0;0;0;0;(-38.5675943 -3.74942615);
355902;2020-03-26 07:47:00;AVENIDA TRISTAO GONCALVES, ;RUA PEDRO PEREIRA, ; ;;;Colisão Transversal;Luz do Dia;Bom;Seca;Cruz;Semáforo;Cruzamento;0;1;1;1;1;0;0;0;0;0;0;0;0;(-38.533489 -3.728075);
358141;2020-03-26 04:25:00;RUA STA LIDUINA D42, 119;, ; 119;;;Atropelamento;;;;Meio de Quadra;;Longo da via;0;1;0;0;1;0;0;0;0;0;0;0;0;(-38.5850727 -3.79902989);
358140;2020-03-26 02:37:00;RUA VITAL BRASIL, 656;, ; 656;;;Atropelamento;;;;Meio de Quadra;;Longo da via;0;1;0;0;0;0;0;0;0;0;0;0;0;(-38.58698 -3.78118);
358139;2020-03-25 21:03:00;RUA BERNARDO MANUEL, 9403;, ; 9403;;;Queda;;;;Meio de Quadra;;Longo da via;0;1;0;1;0;0;0;0;0;0;0;0;0;(-38.55261541 -3.802632063);
355903;2020-03-25 19:53:00;AVENIDA COS GOMES DE FREITAS (SAPIRANGA/COITE), 4000;, ; 4000;;;Colisão Transversal;Via Iluminada;Bom;Seca;Meio de Quadra;Pare;Longo da via;0;2;0;2;0;0;0;0;0;0;0;0;0;(-38.471473 -3.794977);
357956;2020-03-25 19:27:00;AVENIDA JOR THOMAZ COELHO, 1672;, ; 1672;;;Colisão;;;;Meio de Quadra;;Longo da via;0;1;0;1;1;0;0;0;0;0;0;0;0;(-38.510277 -3.829604);
357955;2020-03-25 18:51:00;RUA VILA LOBOS, 430;, ; 430;;;Queda;;;;Meio de Quadra;;Longo da via;0;1;0;0;0;0;0;0;0;1;0;0;0;(-38.5596839 -3.77182692);
357954;2020-03-25 17:30:00;RUA LEONARDO MOTA, 1200;, ; 1200;;;Colisão;Anoitecer;;;Meio de Quadra;;Longo da via;0;1;0;1;1;0;0;0;0;0;0;0;0;(-38.496301 -3.736572);