COD_ACIDENTE;DATA;LOG1;LOG2;NUMERO;BAIRRO;AMC;NATUREZA;ILUMINACAO;TEMPO;SUPERFICIEPISTA;TIPOCRUZAMENTO;CONTROLETRAFEGO;USOSOLO;MORTOS;FERIDOS;ILESOS;MOTOCICLETA;AUTOMOVEL;MICROONIBUS;CAMINHAO;ONIBUS;CICLOMOTOR;BICICLETA;OUTROS;TREM;TRACAOANIMAL;COORDENADAS
357953;2020-03-25 16:08:00;AVENIDA ALANIS MARIA LAURINDO DE OLIVEIRA, 147;, ; 147;;;Atropelamento;Luz do Dia;;;Meio de Quadra;;Longo da via;0;1;0;1;0;0;0;0;0;0;0;0;0;(-38.60906 -3.77063);
357952;2020-03-25 12:24:00;AVENIDA DR SILAS MUNGUBA, 3090;, ; 3090;;;Colisão;Luz do Dia;;;Meio de Quadra;;Longo da via;0;1;1;0;1;0;0;0;0;1;0;0;0;(-38.545961 -3.788406);
357951;2020-03-25 11:35:00;RUA BENTO ALBUQUERQUE, 2062;, ; 2062;;;Acidente Pessoal;Luz do Dia;;;Meio de Quadra;;Longo da via;0;1;0;0;1;0;0;0;0;0;0;0;0;(-38.471347 -3.747564);
357949;2020-03-25 10:48:00;RUA TAINA PIRES, 2180;, ; 2180;;;Colisão;Luz do Dia;;;Meio de Quadra;;Longo da via;0;1;0;1;1;0;0;0;0;0;0;0;0;(-38.57875 -3.81538);
356778;2020-03-25 09:40:00;AVENIDA JOAO PESSOA, 5834;, ; 5834;;;Atropelamento;Luz do Dia;;;Meio de Quadra;;Longo da via;0;1;1;0;0;0;0;1;0;0;0;0;0;(-38.557535 -3.761747);
357948;2020-03-25 00:47:00;RUA SOUSA PINTO, 518;, ; 518;;;Colisão;;;;Meio de Quadra;;Longo da via;0;1;0;0;0;0;0;0;0;0;1;0;0;(-38.514399 -3.762634);
357947;2020-03-24 21:16:00;RUA TEN BENEVOLO, ;AVENIDA DOM MANUEL, ; ;;;Colisão;;;;Cruz;Semáforo;Cruzamento;0;1;0;0;2;0;0;0;0;0;0;0;0;(-38.519888 -3.72454);
357946;2020-03-24 19:48:00;RUA TULIPA, 424;, ; 424;;;Colisão;;;;Meio de Quadra;;Longo da via;0;1;0;0;0;0;0;0;0;0;1;0;0;(-38.5794773 -3.71428516);
357945;2020-03-24 19:47:00;RD BR 116, ;, ; ;;;Queda;;;;Meio de Quadra;;Longo da via;0;1;0;0;0;0;0;0;0;1;0;0;0;(-38.501113 -3.882329);
357944;2020-03-24 16:11:00;RUA OSCAR FRANCA, ;RUA RAIMUNDO PINHEIRO, ; ;;;Colisão;Luz do Dia;;;Cruz;Pare;Cruzamento;0;1;0;1;1;0;0;0;0;0;0;0;0;(-38.598091 -3.792414);
355901;2020-03-24 16:04:00;RUA MANUEL JESUINO, ;RUA REPUBLICA DO LIBANO, ; ;;;Queda;Luz do Dia;Bom;Seca;Cruz;Pare;Cruzamento;0;1;1;1;1;0;0;0;0;0;0;0;0;(-38.484913 -3.733603);
357943;2020-03-24 15:52:00;RUA JOSE HIPOLITO, 3235;, ; 3235;;;Colisão;Luz do Dia;;;Meio de Quadra;;Longo da via;0;1;0;1;1;0;0;0;0;0;0;0;0;(0 0);
356704;2020-03-24 15:15:00;RD BR 116, 7000;, ; 7000;;;Colisão;Luz do Dia;Bom;;Meio de Quadra;;Longo da via;0;1;1;1;0;0;1;0;0;0;0;0;0;(-38.5115614 -3.786276359);
357941;2020-03-24 14:57:00;RUA PERNAMBUCO, 1941;, ; 1941;;;Queda;Luz do Dia;;;Meio de Quadra;;Longo da via;0;1;0;1;0;0;0;0;0;0;0;0;0;(-38.574444 -3.7547848);
355900;2020-03-24 11:18:00;AVENIDA ALBERTO CRAVEIRO, ;RUA 1 DE ABRIL UI 408, ; ;;;Colisão Transversal;Luz do Dia;Bom;Seca;Meio de Quadra;Pare;Cruzamento;0;1;1;1;0;0;1;0;0;0;0;0;0;(-38.52225 -3.80392);
355899;2020-03-24 07:32:00;AVENIDA DES MOREIRA, ;RUA BENI DE CARVALHO, ; ;;;Colisão Transversal;Luz do Dia;Bom;Seca;Cruz;Semáforo;Cruzamento;0;1;2;0;3;0;0;0;0;0;0;0;0;(-38.500877 -3.744098);
357932;2020-03-24 01:00:00;AVENIDA WASHINGTON SOARES, ;, ; ;;;Colisão;;;;Meio de Quadra;;Longo da via;1;0;1;1;1;0;0;0;0;0;0;0;0;(-38.490841 -3.756979);
357813;2020-03-23 22:40:00;AVENIDA DR SILAS MUNGUBA, ;, ; ;;;Colisão;;;;Meio de Quadra;;Longo da via;0;1;0;1;1;0;0;0;0;0;0;0;0;(0 0);
355898;2020-03-23 21:38:00;RUA FRE MARCELINO, ;RUA ANTONIO MARTINS, ; ;;;Colisão Transversal;Via Iluminada;Bom;Seca;Cruz;Pare;Cruzamento;0;2;0;1;1;0;0;0;0;0;0;0;0;(-38.558114 -3.750028);
356777;2020-03-23 17:10:00;RUA CEL DIONISIO ALENCAR, ;RUA DR JOAQUIM BENTO, ; ;;;Colisão;Anoitecer;;;Cruz;Pare;Cruzamento;0;2;0;1;0;0;0;0;1;0;0;0;0;(-38.486419 -3.828267);
355897;2020-03-23 16:28:00;AVENIDA JOVITA FEITOSA, ;RUA FRANCISCO HIPOLITO, ; ;;;Não informado;Luz do Dia;Bom;Seca;T;Pare;Cruzamento;0;1;1;1;1;0;0;0;0;0;0;0;0;(-38.55044 -3.73868);
355896;2020-03-23 16:07:00;RUA VITAL BRASIL, ;RUA ARACA, ; ;;;Colisão;Luz do Dia;Bom;Seca;Cruz;Não Há Controle;Cruzamento;0;1;1;0;1;0;0;1;0;0;0;0;0;(-38.583825 -3.782029);
357806;2020-03-23 14:47:00;AVENIDA ABOLICAO, 3790;, ; 3790;;;Atropelamento;Luz do Dia;;;Meio de Quadra;;Longo da via;0;1;1;0;0;0;0;0;0;1;0;0;0;(-38.485564 -3.7256525);
357805;2020-03-23 12:50:00;RUA MEM DE SA, ;RUA CEL JOAO OLIVEIRA, ; ;;;Colisão;Luz do Dia;;;T;Pare;Cruzamento;0;1;0;1;1;0;0;0;0;0;0;0;0;(-38.484786 -3.823246);
357802;2020-03-23 11:26:00;RUA ARTUR DE SOUZA, ;RUA ALBERTO SALES, ; ;;;Colisão;Luz do Dia;;;;;Cruzamento;0;1;0;1;1;0;0;0;0;0;0;0;0;(-38.57352 -3.82698);
357801;2020-03-23 10:22:00;RUA BORIS, ;, ; ;;;Queda;Luz do Dia;;;Meio de Quadra;;Longo da via;0;1;0;1;0;0;0;0;0;0;0;0;0;(0 0);
357799;2020-03-23 09:53:00;RUA ANSELMO NOGUEIRA, 534;, ; 534;;;Colisão;Luz do Dia;;;Meio de Quadra;;Longo da via;0;1;0;1;1;0;0;0;0;0;0;0;0;(-38.5877657 -3.78315311);
357798;2020-03-23 08:38:00;RUA CEL VIRGILIO NOGUEIRA (BOM JARDIM), 1154;, ; 1154;;;Colisão;Luz do Dia;;;Meio de Quadra;;Longo da via;0;1;0;0;0;0;0;0;0;0;1;0;0;(-38.61047 -3.7942);
357797;2020-03-23 07:24:00;AVENIDA PERIMETRAL, 1291;, ; 1291;;;Colisão;Luz do Dia;;;Meio de Quadra;;Longo da via;0;1;0;1;1;0;0;0;0;0;0;0;0;(0 0);
357796;2020-03-23 06:43:00;RUA GUILHERME ALENCAR, 791;, ; 791;;;Colisão;Luz do Dia;;;Meio de Quadra;;Longo da via;0;1;0;1;0;0;1;0;0;0;0;0;0;(-38.49267 -3.83553);
357793;2020-03-23 05:50:00;AVENIDA GODOFREDO MACIEL, 4572;, ; 4572;;;Atropelamento;Amanhecer;;;Meio de Quadra;;Longo da via;0;1;0;0;0;0;0;0;0;0;1;0;0;(-38.574911 -3.814933);
357791;2020-03-23 05:49:00;AVENIDA LINEU MACHADO, 426;, ; 426;;;Colisão;Amanhecer;;;Meio de Quadra;;Longo da via;0;1;0;0;0;0;0;0;0;0;1;0;0;(-38.575941 -3.764077);
355895;2020-03-22 23:50:00;AVENIDA GOV RAUL BARBOSA, 5598;, ; 5598;;;Choque c/ Obstáculo Fixo;Via Iluminada;Bom;Seca;Meio de Quadra;Não Há Controle;Longo da via;0;1;0;0;1;0;0;0;0;0;0;0;0;(-38.5098 -3.7681965);
356776;2020-03-22 23:20:00;AVENIDA PRS JUSCELINO KUBITSCHEK (PASSARÉ), ;AVENIDA PRS COSTA E SILVA, ; ;;;Colisão;;;;T;Semáforo;Cruzamento;0;1;1;0;1;0;0;0;0;0;0;0;0;(-38.539516 -3.825648);
357783;2020-03-22 22:03:00;AVENIDA SIQUEIRA CAMPOS, 1061;, ; 1061;;;Queda;;;;Meio de Quadra;;Longo da via;0;1;0;1;0;0;0;0;0;0;0;0;0;(-38.625327 -3.815833);
356775;2020-03-22 21:50:00;RUA URUCUTUBA, 2169;, ; 2169;;;Colisão;;;;Meio de Quadra;;Longo da via;0;0;2;0;2;0;0;0;0;0;0;0;0;(-38.616308 -3.79872);
357782;2020-03-22 20:22:00;RUA POMPILIO GOMES, 1624;, ; 1624;;;Colisão;;;;Meio de Quadra;;Longo da via;0;1;0;0;0;0;0;0;0;0;1;0;0;(-38.5211652 -3.82600791);
356774;2020-03-22 20:15:00;RUA CEL DIONISIO ALENCAR, ;RUA MANUEL CASTELO BRANCO, ; ;;;Colisão;;;;Cruz;Pare;Cruzamento;0;1;1;0;1;0;0;0;0;0;0;0;0;(-38.488281 -3.832973);
355894;2020-03-22 19:22:00;AVENIDA SEN FERNANDES TAVORA, 44;, ; 44;;;Choque c/ Obstáculo Fixo;Via Iluminada;Bom;Seca;Meio de Quadra;Gesto;Longo da via;0;1;0;0;1;0;0;0;0;0;0;0;0;(-38.60561 -3.75379);
357781;2020-03-22 17:04:00;RUA EVILASIO A MIRANDA, 1072;, ; 1072;;;Colisão;Anoitecer;;;Meio de Quadra;;Longo da via;0;1;0;1;1;0;0;0;0;0;0;0;0;(0 0);
357780;2020-03-22 16:41:00;RUA BERNARDO MANUEL, 7200;, ; 7200;;;Atropelamento;Luz do Dia;;;Meio de Quadra;;Longo da via;0;1;0;0;0;0;0;0;0;0;1;0;0;(-38.546074 -3.781268);
357779;2020-03-22 16:32:00;AVENIDA ALBERTO CRAVEIRO, ;, ; ;;;Colisão;Luz do Dia;;;Meio de Quadra;;Longo da via;0;1;0;0;0;0;0;0;0;0;1;0;0;(0 0);
357778;2020-03-22 15:11:00;AVENIDA ENG HUMBERTO MONTE, ;, ; ;;;Queda;Luz do Dia;;;Meio de Quadra;;Longo da via;0;1;0;1;0;0;0;0;0;0;0;0;0;(0 0);
357777;2020-03-22 12:14:00;AVENIDA 13 DE MAIO, 1363;, ; 1363;;;Colisão;Luz do Dia;;;Meio de Quadra;;Longo da via;0;1;0;1;1;0;0;0;0;0;0;0;0;(-38.530898 -3.748);
357776;2020-03-22 11:53:00;AVENIDA ALBERTO CRAVEIRO, 1175;, ; 1175;;;Colisão;Luz do Dia;;;Meio de Quadra;;Longo da via;0;1;1;1;0;0;0;0;0;1;0;0;0;(-38.517149 -3.790968);
357775;2020-03-22 10:57:00;RUA VITORIA (AV. PERIMETRAL), ;RUA PORTO VELHO, ; ;;;Colisão;Luz do Dia;;;Cruz;Semáforo;Cruzamento;0;2;0;1;1;0;0;0;0;0;0;0;0;(-38.588528 -3.76517);
357771;2020-03-22 09:41:00;AVENIDA DOMINGOS OLIMPIO, ;AVENIDA AGUANAMBI, ; ;;;Atropelamento;Luz do Dia;;;Cruz;Semáforo;Cruzamento;0;2;0;1;0;0;0;0;0;0;0;0;0;(-38.5245 -3.7387874);
357769;2020-03-22 08:32:00;RUA JOAQUIM MACHADO, 281;, ; 281;;;Colisão;Luz do Dia;;;Meio de Quadra;;Longo da via;0;1;0;2;0;0;0;0;0;0;0;0;0;(-38.494448 -3.86091375);
357766;2020-03-22 06:59:00;AVENIDA GAL OSORIO DE PAIVA, 5435;, ; 5435;;;Queda;Luz do Dia;;;Meio de Quadra;;Longo da via;0;2;0;1;0;0;0;0;0;0;0;0;0;(-38.602059 -3.804708);
357758;2020-03-22 05:54:00;RUA TAVARES COUTINHO, 2124;, ; 2124;;;Queda;Amanhecer;;;Meio de Quadra;;Longo da via;0;1;0;1;0;0;0;0;0;0;0;0;0;(-38.4844145 -3.7324725);
357757;2020-03-22 05:23:00;AVENIDA SGT HERMINIO SAMPAIO, 4207;, ; 4207;;;Colisão;Amanhecer;;;Meio de Quadra;;Longo da via;0;1;0;0;2;0;0;0;0;0;0;0;0;(-38.5776466 -3.73087973);
357756;2020-03-21 23:56:00;RUA COM GARCIA, 2480;, ; 2480;;;Queda;;;;Meio de Quadra;;Longo da via;0;1;0;1;0;0;0;0;0;0;0;0;0;(-38.57674 -3.78626);
357755;2020-03-21 23:35:00;RUA STA ROSALIA, 86;, ; 86;;;Colisão;;;;Meio de Quadra;;Longo da via;0;1;0;0;0;0;0;0;0;0;1;0;0;(-38.5031695 -3.83326623);
357754;2020-03-21 23:26:00;AVENIDA SEN FERNANDES TAVORA, 1262;, ; 1262;;;Colisão;;;;Meio de Quadra;;Longo da via;0;1;0;0;0;0;0;0;0;0;1;0;0;(-38.58418 -3.761114);
357753;2020-03-21 21:42:00;AVENIDA SANTOS DUMONT, 955;, ; 955;;;Colisão;;;;Meio de Quadra;;Longo da via;0;1;0;1;1;0;0;0;0;0;0;0;0;(-38.51496 -3.73076);
356703;2020-03-21 20:48:00;RD BR 222, ;, ; ;;;Colisão Transversal;;Bom;Seca;Meio de Quadra;;Longo da via;0;4;0;2;0;0;0;0;0;0;0;0;0;(-38.5969961 -3.7403624);
357752;2020-03-21 19:24:00;RUA PINHO PESSOA, 1480;, ; 1480;;;Colisão;;;;Meio de Quadra;;Longo da via;0;2;0;2;0;0;0;0;0;0;0;0;0;(-38.50854 -3.745902);
357751;2020-03-21 19:16:00;RUA ITAQUERA, 560;, ; 560;;;Queda;;;;Meio de Quadra;;Longo da via;0;1;0;0;0;0;0;0;0;1;0;0;0;(-38.51149 -3.84005);
357742;2020-03-21 17:51:00;AVENIDA PRS JUSCELINO KUBITSCHEK (PASSARÉ), 5451;, ; 5451;;;Colisão;Anoitecer;;;Meio de Quadra;;Longo da via;0;1;0;1;1;0;0;0;0;0;0;0;0;(-38.536779 -3.823338);
357738;2020-03-21 17:10:00;RUA STA ELISA D21, 725;, ; 725;;;Queda;Anoitecer;;;Meio de Quadra;;Longo da via;0;1;0;0;0;0;0;0;0;1;0;0;0;(-38.5595172 -3.70654);
355893;2020-03-21 15:59:00;AVENIDA DOS EXPEDICIONARIOS, ;RUA RAUL CABRAL, ; ;;;Choque c/ Obstáculo Fixo;Luz do Dia;Bom;Seca;Cruz;Semáforo;Cruzamento;0;1;0;0;1;0;0;0;0;0;0;0;0;(-38.54259 -3.769609);
357724;2020-03-21 15:24:00;AVENIDA GAL OSORIO DE PAIVA, ;, ; ;;;Colisão;Luz do Dia;;;Meio de Quadra;;Longo da via;0;1;0;1;1;0;0;0;0;0;0;0;0;(0 0);
357701;2020-03-21 14:46:00;AVENIDA DOS EXPEDICIONARIOS, ;, ; ;;;Colisão;Luz do Dia;;;Meio de Quadra;;Longo da via;0;1;0;1;1;0;0;0;0;0;0;0;0;(0 0);
355891;2020-03-21 14:28:00;RUA JOSE VILAR, ;RUA JOAO CARVALHO, ; ;;;Colisão Transversal;Luz do Dia;Nublado;Seca;Cruz;Semáforo;Cruzamento;0;1;1;1;1;0;0;0;0;0;0;0;0;(-38.505477 -3.738318);
355892;2020-03-21 13:23:00;RUA GUSTAVO BRAGA, ;RUA MON FURTADO, ; ;;;Colisão Transversal;Luz do Dia;Bom;Seca;Cruz;Pare;Cruzamento;0;1;1;2;0;0;0;0;0;0;0;0;0;(-38.553203 -3.750477);
357700;2020-03-21 12:21:00;AVENIDA ALM HENRIQUE SABOIA, ;, ; ;;;Queda;Luz do Dia;;;Meio de Quadra;;Longo da via;0;1;0;1;0;0;0;0;0;0;0;0;0;(0 0);
357699;2020-03-21 12:16:00;RUA CON DE CASTRO, 8826;, ; 8826;;;Colisão;Luz do Dia;;;Meio de Quadra;;Longo da via;0;1;0;0;0;0;0;0;0;0;1;0;0;(-38.604416 -3.8218467);
356768;2020-03-21 12:10:00;RUA TEN NICOLAU, ;RUA TEOFREDO GOIANA, ; ;;;Colisão;Luz do Dia;;;;;Cruzamento;0;2;2;2;2;0;0;0;0;0;0;0;0;(-38.50526 -3.78918);
356767;2020-03-21 10:20:00;RUA SOUSA PINTO, 83;, ; 83;;;Choque c/ Obstáculo Fixo;Luz do Dia;;;Meio de Quadra;;Longo da via;0;1;0;1;0;0;0;0;0;0;0;0;0;(-38.51648 -3.76219);
357698;2020-03-21 08:40:00;AVENIDA JOAO PESSOA, 5609;, ; 5609;;;Colisão;Luz do Dia;;;Meio de Quadra;;Longo da via;0;1;1;0;1;0;0;0;0;1;0;0;0;(-38.55583 -3.759651);
357697;2020-03-21 05:00:00;AVENIDA JOR THOMAZ COELHO, 1680;, ; 1680;;;Colisão;Amanhecer;;;Meio de Quadra;;Longo da via;0;1;0;0;0;0;0;0;0;0;1;0;0;(-38.510446 -3.829592);
357696;2020-03-20 23:53:00;RUA CEARA, 1635;, ; 1635;;;Queda;;;;Meio de Quadra;;Longo da via;0;1;0;1;0;0;0;0;0;0;0;0;0;(-38.571063 -3.755562);
357695;2020-03-20 21:46:00;RUA SGT JOAO PINHEIRO, 333;, ; 333;;;Colisão;;;;Meio de Quadra;;Longo da via;0;1;0;2;0;0;0;0;0;0;0;0;0;(-38.62172 -3.77905);
357694;2020-03-20 21:09:00;AVENIDA DR SILAS MUNGUBA, 614;, ; 614;;;Queda;;;;Meio de Quadra;;Longo da via;0;1;0;1;0;0;0;0;0;0;0;0;0;(-38.560806 -3.7792575);
357693;2020-03-20 20:53:00;AVENIDA GODOFREDO MACIEL, 3000;, ; 3000;;;Atropelamento;;;;Meio de Quadra;;Longo da via;0;1;0;1;0;0;0;0;0;0;0;0;0;(-38.57165256 -3.802020778);
355889;2020-03-20 20:01:00;AVENIDA GOV PARSIFAL BARROSO, ;, ; ;;;Colisão Lateral;Mal Iluminada;Bom;Seca;Meio de Quadra;Não Há Controle;Longo da via;0;1;1;1;1;0;0;0;0;0;0;0;0;(-38.56902 -3.735738);
357692;2020-03-20 19:25:00;AVENIDA ANTONIO SALES, ;RUA CARLOS VASCONCELOS, ; ;;;Colisão;;;;Cruz;Semáforo;Cruzamento;0;1;0;2;0;0;0;0;0;0;0;0;0;(-38.513726 -3.741942);
357691;2020-03-20 18:56:00;AVENIDA PRO JOSE ARTHUR CARVALHO, 2216;, ; 2216;;;Atropelamento;;;;Meio de Quadra;;Longo da via;0;1;0;1;0;0;0;0;0;0;0;0;0;(-38.4593075 -3.82453692);
357690;2020-03-20 18:38:00;RUA BERNARDO MANUEL, 9981;, ; 9981;;;Atropelamento;;;;Meio de Quadra;;Longo da via;0;1;0;0;1;0;0;0;0;0;0;0;0;(-38.55344 -3.805915);
357689;2020-03-20 18:18:00;AVENIDA MAE LISBOA, 2200;, ; 2200;;;Colisão;Anoitecer;;;Meio de Quadra;;Longo da via;0;1;0;0;0;0;0;0;0;0;1;0;0;(-38.459792 -3.807338);
357688;2020-03-20 17:35:00;AVENIDA DEP PAULINO ROCHA, 46;, ; 46;;;Colisão;Anoitecer;;;Meio de Quadra;;Longo da via;0;1;0;1;1;0;0;0;0;0;0;0;0;(-38.507487 -3.801738);
357687;2020-03-20 16:19:00;AVENIDA MR HULL, ;, ; ;;;Colisão;Luz do Dia;;;Meio de Quadra;;Longo da via;0;1;0;0;0;0;0;0;0;0;1;0;0;(0 0);
357566;2020-03-20 14:51:00;AVENIDA BAR STUDART, 1501;, ; 1501;;;Atropelamento;Luz do Dia;;;Meio de Quadra;;Longo da via;0;1;0;1;0;0;0;0;0;0;0;0;0;(-38.507567 -3.737632);
356766;2020-03-20 13:30:00;RD BR 116, 1000;, ; 1000;;;Choque c/ Obstáculo Fixo;Luz do Dia;;;Meio de Quadra;;Longo da via;0;1;0;0;1;0;0;0;0;0;0;0;0;(-38.518702 -3.762554);
357565;2020-03-20 13:21:00;RD BR 116, 1000;, ; 1000;;;Colisão;Luz do Dia;;;Meio de Quadra;;Longo da via;0;1;0;0;0;0;0;0;0;0;1;0;0;(-38.518702 -3.762554);
357564;2020-03-20 12:50:00;RUA HIL MORAES, ;RUA ROBERTO SILVA, ; ;;;Colisão;Luz do Dia;;;Cruz;Pare;Cruzamento;0;1;1;0;1;0;0;0;0;1;0;0;0;(-38.474588 -3.772505);
357563;2020-03-20 12:33:00;AVENIDA DOM MANUEL, ;RUA BARBARA DE ALENCAR, ; ;;;Colisão;Luz do Dia;;;Cruz;Semáforo;Cruzamento;0;1;0;1;1;0;0;0;0;0;0;0;0;(-38.523262 -3.734972);
357562;2020-03-20 12:22:00;RUA SEN ALMINO, 264;, ; 264;;;Atropelamento;Luz do Dia;;;Meio de Quadra;;Longo da via;0;1;0;0;1;0;0;0;0;0;0;0;0;(-38.5179426 -3.72226195);
357561;2020-03-20 11:34:00;RUA DES LEITE ALBUQUERQUE, ;, ; ;;;Queda;Luz do Dia;;;Meio de Quadra;;Longo da via;0;1;0;1;0;0;0;0;0;0;0;0;0;(0 0);
357560;2020-03-20 10:34:00;AVENIDA ISABEL BEZERRA, 1043;, ; 1043;;;Colisão;Luz do Dia;;;Meio de Quadra;;Longo da via;0;1;0;2;0;0;0;0;0;0;0;0;0;(-38.6295365 -3.8055397);
355888;2020-03-20 10:20:00;AVENIDA CARAPINIMA, ;RUA JUVENAL GALENO, ; ;;;Colisão Traseira;Luz do Dia;Chuva;Molhada;Cruz;Semáforo;Cruzamento;0;0;1;1;1;0;0;0;0;0;0;0;0;(-38.539176 -3.738998);
357548;2020-03-20 09:30:00;RUA ALVES BEZERRA, 361;, ; 361;;;Colisão;Luz do Dia;;;Meio de Quadra;;Longo da via;0;1;0;1;1;0;0;0;0;0;0;0;0;(-38.60906 -3.80751867);
355887;2020-03-20 09:20:00;RUA COSTA BARROS, 1800;, ; 1800;;;Colisão Lateral;Luz do Dia;Nublado;Seca;Meio de Quadra;Semáforo;Longo da via;0;0;2;0;0;0;0;1;0;0;0;0;0;(-38.507984 -3.731526);
357546;2020-03-20 08:33:00;RUA TEODOMIRO DE CASTRO, 6526;, ; 6526;;;Colisão;Luz do Dia;;;;;Longo da via;0;1;0;2;0;0;0;0;0;0;0;0;0;(-38.578584 -3.716185);
356765;2020-03-20 08:30:00;AVENIDA DOMINGOS OLIMPIO, 1928;, ; 1928;;;Atropelamento;Luz do Dia;;;Meio de Quadra;;Longo da via;0;1;1;0;1;0;0;0;0;0;0;0;0;(-38.5404287 -3.73359765);
355886;2020-03-20 08:27:00;AVENIDA ENG ALBERTO SA, ;, ; ;;;Colisão Lateral;Via Iluminada;Chuva;Inundada;Outros;Não Há Controle;Longo da via;0;2;0;2;0;0;0;0;0;0;0;0;0;(-38.4711425 -3.7359055);
357544;2020-03-20 07:54:00;AVENIDA BORGES DE MELO, ;, ; ;;;Colisão;Luz do Dia;;;Meio de Quadra;;Longo da via;0;1;1;0;1;0;0;0;0;1;0;0;0;(0 0);
357543;2020-03-20 07:31:00;RUA CRUZ SALDANHA, ;AVENIDA JOVITA FEITOSA, ; ;;;Colisão;Luz do Dia;;;Cruz;Não Há Controle;Cruzamento;0;2;0;2;0;0;0;0;0;0;0;0;0;(-38.553174 -3.739205);
355885;2020-03-20 07:25:00;AVENIDA DOM MANUEL, 929;, ; 929;;;Engavetamento;Luz do Dia;Chuva;Molhada;Meio de Quadra;Não Há Controle;Longo da via;0;1;2;1;2;0;0;0;0;0;0;0;0;(-38.522312 -3.7322166);
357540;2020-03-20 07:01:00;AVENIDA FRANCISCO SA, ;RUA AMADEU DE CASTRO, ; ;;;Queda;Luz do Dia;;;T;Não Há Controle;Cruzamento;0;1;0;0;0;0;0;0;0;1;0;0;0;(-38.58955 -3.70428);
355884;2020-03-20 06:45:00;AVENIDA ENG HUMBERTO MONTE, ;AVENIDA JOSE BASTOS, ; ;;;Colisão Lateral;Luz do Dia;Bom;Molhada;T;Semáforo;Cruzamento;0;1;1;1;0;0;0;0;0;0;0;0;0;(-38.555455 -3.754966);
356763;2020-03-20 06:20:00;RUA SAO PAULO, 2190;, ; 2190;;;Choque c/ Obstáculo Fixo;Luz do Dia;;;Meio de Quadra;;Longo da via;0;1;0;0;1;0;0;0;0;0;0;0;0;(-38.544646 -3.720387);
357514;2020-03-20 01:12:00;AVENIDA BENJAMIM BRASIL, 537;, ; 537;;;Queda;;;;Meio de Quadra;;Longo da via;0;1;0;1;0;0;0;0;0;0;0;0;0;(-38.569066 -3.804186);
357511;2020-03-19 19:11:00;AVENIDA FRANCISCO SA, 847;, ; 847;;;Atropelamento;;;;Meio de Quadra;;Longo da via;0;1;0;1;0;0;0;0;0;0;0;0;0;(-38.5414 -3.72269);
355882;2020-03-19 16:20:00;AVENIDA DOMINGOS OLIMPIO, ;RUA JAIME BENEVOLO, ; ;;;Colisão Transversal;Luz do Dia;Nublado;Seca;Cruz;Semáforo;Cruzamento;0;1;1;0;1;1;0;0;0;0;0;0;0;(-38.527245 -3.73778);
357508;2020-03-19 15:44:00;RUA PDE MANUEL PRIMO, 763;, ; 763;;;Colisão;Luz do Dia;;;Meio de Quadra;;Longo da via;0;1;0;2;0;0;0;0;0;0;0;0;0;(-38.5894602 -3.73324046);
355883;2020-03-19 15:35:00;RUA BAR AQUIRAZ, ;RUA MARIA ALMEIDA, ; ;;;Colisão Traseira;Luz do Dia;Nublado;Seca;Meio de Quadra;;Cruzamento;0;1;2;1;2;0;0;0;0;0;0;0;0;(-38.4754 -3.85033);
357505;2020-03-19 15:09:00;RUA MACHADO DE ASSIS, ;RUA PRO COSTA MENDES, ; ;;;Colisão;Luz do Dia;;;Cruz;Semáforo;Cruzamento;0;2;0;0;2;0;0;0;0;0;0;0;0;(-38.550288 -3.751652);
355881;2020-03-19 14:40:00;RUA ANSELMO NOGUEIRA, ;RUA PRIMEIRO DE MAIO D34, ; ;;;Colisão;Luz do Dia;Nublado;Seca;Cruz;Pare;Cruzamento;0;2;0;1;1;0;0;0;0;0;0;0;0;(-38.587753 -3.783108);
357499;2020-03-19 14:34:00;RUA PERILIO TEIXEIRA, 1052;, ; 1052;;;Colisão;Luz do Dia;;;Meio de Quadra;;Longo da via;0;1;0;1;1;0;0;0;0;0;0;0;0;(-38.6011155 -3.75547954);
355880;2020-03-19 14:11:00;RUA PEDRO PEREIRA, ;RUA MAJ FACUNDO, ; ;;;Colisão Frontal;Luz do Dia;Bom;Seca;Cruz;Semáforo;Cruzamento;0;1;1;0;1;0;0;0;0;1;0;0;0;(-38.529022 -3.7296357);
357480;2020-03-19 12:17:00;RUA TEODOMIRO DE CASTRO, 4585;, ; 4585;;;Colisão;Luz do Dia;;;Meio de Quadra;;Longo da via;0;1;0;1;1;0;0;0;0;0;0;0;0;(-38.573357 -3.718209);
357479;2020-03-19 10:47:00;RUA SILVA PAULET, 2501;, ; 2501;;;Colisão;Luz do Dia;;;Meio de Quadra;;Longo da via;0;1;0;1;1;0;0;0;0;0;0;0;0;(-38.509094 -3.745785);
357477;2020-03-19 08:57:00;AVENIDA VIS RIO BRANCO, 2390;, ; 2390;;;Colisão;Luz do Dia;;;Meio de Quadra;;Longo da via;0;1;0;1;1;0;0;0;0;0;0;0;0;(-38.5228789 -3.74194999);
357474;2020-03-19 08:17:00;AVENIDA G CJ JOSE WALTER, ;AVENIDA J CJ JOSE WALTER, ; ;;;Colisão;Luz do Dia;;;;;Cruzamento;0;1;0;0;2;0;0;0;0;0;0;0;0;(-38.557818 -3.838159);