COD_ACIDENTE;DATA;LOG1;LOG2;NUMERO;BAIRRO;AMC;NATUREZA;ILUMINACAO;TEMPO;SUPERFICIEPISTA;TIPOCRUZAMENTO;CONTROLETRAFEGO;USOSOLO;MORTOS;FERIDOS;ILESOS;MOTOCICLETA;AUTOMOVEL;MICROONIBUS;CAMINHAO;ONIBUS;CICLOMOTOR;BICICLETA;OUTROS;TREM;TRACAOANIMAL;COORDENADAS
355991;2020-03-19 04:40:00;AVENIDA SEN CARLOS JEREISSATI (AEROPORTO), ;, ; ;;;Capotamento;;;Seca;Meio de Quadra;;Longo da via;0;1;0;0;1;0;0;0;0;0;0;0;0;(-38.550907 -3.77402);
355964;2020-03-18 22:23:00;RUA CARIUS, ;RUA GEORGE CAVALCANTE, ; ;;;Colisão Lateral;Via Iluminada;Bom;Seca;Cruz;Não Há Controle;Cruzamento;0;1;1;1;1;0;0;0;0;0;0;0;0;(-38.59233 -3.72194);
357315;2020-03-18 19:43:00;RUA CAP HUGO BEZERRA, 55;, ; 55;;;Atropelamento;;;;Meio de Quadra;;Longo da via;0;1;0;0;0;0;0;0;0;0;1;0;0;(-38.50333 -3.821295);
355878;2020-03-18 19:30:00;AVENIDA ALM HENRIQUE SABOIA, ;AVENIDA ENG ALBERTO SA, ; ;;;Atropelamento;Anoitecer;Bom;Seca;Meio de Quadra;Não Há Controle;Cruzamento;1;1;0;1;0;0;0;0;0;0;0;0;0;(-38.48289 -3.732499);
355877;2020-03-18 19:14:00;RUA ANTONIO POMPEU, ;RUA ASSUNCAO, ; ;;;Colisão Transversal;Luz do Dia;Bom;Seca;Cruz;Semáforo;Cruzamento;0;1;1;1;1;0;0;0;0;0;0;0;0;(-38.528927 -3.735329);
357175;2020-03-18 19:03:00;RUA RIO GRANDE DO NORTE, 638;, ; 638;;;Queda;;;;Meio de Quadra;;Longo da via;0;1;0;1;0;0;0;0;0;0;0;0;0;(-38.56479 -3.76035);
357155;2020-03-18 18:51:00;RUA AZEVEDO BOLAO, 1284;, ; 1284;;;Colisão;;;;Meio de Quadra;;Longo da via;0;1;0;0;0;0;0;0;0;0;1;0;0;(-38.5556408 -3.7362318);
357152;2020-03-18 18:49:00;AVENIDA PAROARAS, 3750;, ; 3750;;;Queda;;;;Meio de Quadra;;Longo da via;0;2;0;1;0;0;0;0;0;0;0;0;0;(0 0);
357151;2020-03-18 18:48:00;AVENIDA ANTONIO SALES, 454;, ; 454;;;Colisão;;;;Meio de Quadra;;Longo da via;0;1;0;1;1;0;0;0;0;0;0;0;0;(-38.5174457 -3.74077824);
357149;2020-03-18 18:42:00;RD BR 116, ;, ; ;;;Atropelamento;;;;Meio de Quadra;;Longo da via;0;1;0;1;0;0;0;0;0;0;0;0;0;(0 0);
357147;2020-03-18 18:35:00;AVENIDA DO PASSARE, 750;, ; 750;PASSARE;;Colisão;Não informado;Não informado;Não informado;Não informado;Não informado;Longo da via;0;1;0;1;1;0;0;0;0;0;0;0;0;(-38.5415857195858 -3.818367319594752);
357143;2020-03-18 17:40:00;AVENIDA WENEFRIDO MELO, ;, ; ;;;Colisão;Anoitecer;;;Meio de Quadra;;Longo da via;0;1;0;1;0;0;0;0;0;0;0;0;0;(0 0);
357141;2020-03-18 17:19:00;AVENIDA PRS COSTA E SILVA, ;, ; ;;;Atropelamento;Anoitecer;;;Meio de Quadra;;Longo da via;0;1;1;0;0;0;0;0;0;1;0;0;0;(0 0);
355876;2020-03-18 17:10:00;RUA PDE PEDRO DE ALENCAR, 2230;, ; 2230;;;Colisão Traseira;Luz do Dia;Bom;Seca;Meio de Quadra;Não Há Controle;Longo da via;0;2;1;1;0;1;0;0;0;0;0;0;0;(-38.49472202 -3.84754047);
355879;2020-03-18 16:08:00;AVENIDA FRANCISCO SA, ;RUA TOMAS GONZAGA, ; ;;;Colisão Lateral;Luz do Dia;Bom;Seca;T;Não Há Controle;Cruzamento;0;1;1;1;1;0;0;0;0;0;0;0;0;(-38.5692 -3.71338);
355875;2020-03-18 15:50:00;RUA BAR SOBRAL, ;AVENIDA JOAO PESSOA, ; ;;;Colisão Lateral;Luz do Dia;Bom;Seca;Cruz;Semáforo;Cruzamento;0;0;2;0;1;0;0;1;0;0;0;0;0;(-38.5587057 -3.7645096);
357130;2020-03-18 14:50:00;RUA URUCUTUBA, 531;, ; 531;;;Colisão;Luz do Dia;;;Meio de Quadra;;Longo da via;0;1;0;0;1;0;0;0;0;0;0;0;0;(-38.6006995 -3.79720689);
356748;2020-03-18 14:36:00;AVENIDA DOM MANUEL, ;RUA BARBARA DE ALENCAR, ; ;;;Colisão;Luz do Dia;;;Cruz;Semáforo;Cruzamento;0;1;1;1;1;0;0;0;0;0;0;0;0;(-38.523262 -3.734972);
357113;2020-03-18 13:41:00;RUA ASSUNCAO, 939;, ; 939;;;Colisão;Luz do Dia;;;Meio de Quadra;;Longo da via;0;1;0;1;1;0;0;0;0;0;0;0;0;(-38.5297 -3.73834);
357111;2020-03-18 13:30:00;RUA SOUSA CARVALHO, 432;, ; 432;;;Colisão;Luz do Dia;;;Meio de Quadra;;Longo da via;0;1;0;1;1;0;0;0;0;0;0;0;0;(-38.58774 -3.78385309);
357109;2020-03-18 13:17:00;AVENIDA DUQ CAXIAS, 2037;, ; 2037;;;Colisão;Luz do Dia;;;Meio de Quadra;;Longo da via;0;1;0;2;0;0;0;0;0;0;0;0;0;(-38.542701 -3.727637);
357107;2020-03-18 10:28:00;AVENIDA GODOFREDO MACIEL, ;, ; ;;;Colisão;Luz do Dia;;;Meio de Quadra;;Longo da via;0;2;0;2;0;0;0;0;0;0;0;0;0;(0 0);
357106;2020-03-18 10:21:00;AVENIDA CASTELO DE CASTRO, 267;, ; 267;;;Colisão;Luz do Dia;;;Meio de Quadra;;Longo da via;0;1;0;1;1;0;0;0;0;0;0;0;0;(-38.52138 -3.83151);
356747;2020-03-18 10:15:00;AVENIDA DOMINGOS OLIMPIO, ;RUA JAIME BENEVOLO, ; ;;;Colisão;Luz do Dia;;;Cruz;Semáforo;Cruzamento;0;1;1;1;1;0;0;0;0;0;0;0;0;(-38.527245 -3.73778);
357105;2020-03-18 10:13:00;RUA NAT FEIJO, 740;, ; 740;;;Atropelamento;Luz do Dia;;;Meio de Quadra;;Longo da via;0;1;0;0;1;0;0;0;0;0;0;0;0;(-38.55554 -3.72166);
356746;2020-03-18 10:00:00;RUA PRO CARVALHO, 4136;, ; 4136;;;Colisão;Luz do Dia;;;Meio de Quadra;;Longo da via;0;1;1;0;2;0;0;0;0;0;0;0;0;(-38.5139975 -3.7576205);
357104;2020-03-18 09:56:00;AVENIDA DR THEBERGE, ;, ; ;;;Colisão;Luz do Dia;;;Meio de Quadra;;Longo da via;0;1;0;1;1;0;0;0;0;0;0;0;0;(0 0);
355890;2020-03-18 09:29:00;AVENIDA DOS EXPEDICIONARIOS, 4126;, ; 4126;;;Colisão Traseira;Luz do Dia;Bom;Seca;Meio de Quadra;Semáforo;Longo da via;0;0;4;0;4;0;0;0;0;0;0;0;0;(-38.5380475 -3.75461245);
357103;2020-03-18 07:12:00;AVENIDA AMERICO BARREIRA, 5290;, ; 5290;;;Colisão;Luz do Dia;;;Meio de Quadra;;Longo da via;0;1;0;0;0;0;0;0;0;0;1;0;0;(-38.56418 -3.75986);
357102;2020-03-18 07:07:00;AVENIDA PRS CASTELO BRANCO, 5494;, ; 5494;;;Colisão;Luz do Dia;;;Meio de Quadra;;Longo da via;0;1;0;2;0;0;0;0;0;0;0;0;0;(-38.580044 -3.7035375);
355990;2020-03-18 06:40:00;AVENIDA WASHINGTON SOARES, 10507;, ; 10507;;;Outros;Luz do Dia;;Molhada;Meio de Quadra;;Longo da via;0;2;0;1;0;0;0;0;0;0;0;0;0;(-38.47989 -3.84054);
357101;2020-03-18 05:39:00;AVENIDA LIBERDADE, ;, ; ;;;Colisão;Amanhecer;;;Meio de Quadra;;Longo da via;0;1;0;1;1;0;0;0;0;0;0;0;0;(0 0);
357100;2020-03-17 20:34:00;RUA CEL VIRGILIO NOGUEIRA (BOM JARDIM), 1351;, ; 1351;;;Colisão;;;;Meio de Quadra;;Longo da via;0;1;0;0;0;0;0;0;0;0;1;0;0;(-38.61061 -3.79526);
355874;2020-03-17 19:55:00;RUA METON DE ALENCAR, ;RUA VINTE QUATRO DE MAIO, ; ;;;Colisão Lateral;Via Iluminada;Bom;Seca;Meio de Quadra;;Cruzamento;0;1;1;1;0;0;0;1;0;0;0;0;0;(-38.533913 -3.7326245);
355989;2020-03-17 19:40:00;AVENIDA SEN CARLOS JEREISSATI (AEROPORTO), ;, ; ;;;Colisão;;;Seca;Meio de Quadra;;Longo da via;0;1;1;1;0;0;1;0;0;0;0;0;0;(-38.550907 -3.77402);
357099;2020-03-17 18:49:00;RUA JOSE VILAR, 1222;, ; 1222;;;Queda;;;;Meio de Quadra;;Longo da via;0;1;0;1;0;0;0;0;0;0;0;0;0;(-38.504535 -3.735333);
356745;2020-03-17 18:00:00;RUA EQUADOR, 818;, ; 818;;;Atropelamento;Anoitecer;;;Meio de Quadra;;Longo da via;0;1;1;0;1;0;0;0;0;0;0;0;0;(-38.552524371 -3.7744342);
357090;2020-03-17 17:12:00;RUA MEXICO, 855;, ; 855;;;Queda;Anoitecer;;;Meio de Quadra;;Longo da via;0;1;0;0;0;0;0;0;0;1;0;0;0;(-38.5754 -3.73505);
357086;2020-03-17 17:02:00;AVENIDA FRE CIRILO, 3720;, ; 3720;;;Colisão;Anoitecer;;;Meio de Quadra;;Longo da via;0;1;0;1;1;0;0;0;0;0;0;0;0;(-38.49763 -3.816808);
355873;2020-03-17 15:24:00;RUA PEREIRA FILGUEIRAS, ;RUA RODRIGUES JUNIOR, ; ;;;Colisão Transversal;Luz do Dia;Bom;Seca;Cruz;Pare;Cruzamento;0;0;2;0;2;0;0;0;0;0;0;0;0;(-38.519213 -3.726304);
357085;2020-03-17 14:19:00;RUA PORTO VELHO, ;RUA SAO LUIS D30, ; ;;;Colisão;Luz do Dia;;;Cruz;Outros;Cruzamento;0;1;0;1;1;0;0;0;0;0;0;0;0;(-38.59403 -3.76219);
357084;2020-03-17 13:45:00;RUA DAURA, 324;, ; 324;;;Colisão;Luz do Dia;;;Meio de Quadra;;Longo da via;0;1;0;0;0;0;0;0;0;0;1;0;0;(-38.5063731 -3.82287936);
357081;2020-03-17 12:32:00;RUA DR PERIGUARI, 345;, ; 345;;;Colisão;Luz do Dia;;;Meio de Quadra;;Longo da via;0;1;0;1;1;0;0;0;0;0;0;0;0;(-38.58605 -3.74239);
357080;2020-03-17 12:26:00;AVENIDA SEN CARLOS JEREISSATI (AEROPORTO), ;, ; ;;;Queda;Luz do Dia;;;Meio de Quadra;;Longo da via;0;1;0;0;0;0;0;0;0;1;0;0;0;(0 0);
357079;2020-03-17 11:47:00;RUA MANDACARU D69, 11205;, ; 11205;;;Atropelamento;Luz do Dia;;;Meio de Quadra;;Longo da via;0;1;1;0;1;0;0;0;0;0;0;0;0;(0 0);
357078;2020-03-17 11:20:00;RUA DR GILBERTO STUDART, ;RUA BATISTA DE OLIVEIRA, ; ;;;Colisão;Luz do Dia;;;Cruz;Pare;Cruzamento;0;1;0;0;2;0;0;0;0;0;0;0;0;(-38.480581 -3.743734);
357077;2020-03-17 10:56:00;RUA TEODORO DE CASTRO, 1175;, ; 1175;;;Colisão;Luz do Dia;;;Meio de Quadra;;Longo da via;0;1;0;1;1;0;0;0;0;0;0;0;0;(-38.601967 -3.78061);
357076;2020-03-17 10:41:00;RUA SAO PAULO, 1630;, ; 1630;;;Queda;Luz do Dia;;;Meio de Quadra;;Longo da via;0;1;0;1;0;0;0;0;0;0;0;0;0;(-38.62752 -3.81214);
357075;2020-03-17 10:10:00;RUA BRAGANCA, 1200;, ; 1200;;;Colisão;Luz do Dia;;;Meio de Quadra;;Longo da via;0;1;0;1;1;0;0;0;0;0;0;0;0;(-38.5975168 -3.784439);
357074;2020-03-17 08:38:00;RUA MONTE PASCOAL, 710;, ; 710;;;Colisão;Luz do Dia;;;Meio de Quadra;;Longo da via;0;1;0;1;1;0;0;0;0;0;0;0;0;(-38.5968125 -3.8064092);
357073;2020-03-17 07:44:00;AVENIDA GAL OSORIO DE PAIVA, 4425;, ; 4425;;;Colisão;Luz do Dia;;;Meio de Quadra;;Longo da via;0;1;0;1;1;0;0;0;0;0;0;0;0;(-38.5949484 -3.79738572);
357072;2020-03-17 07:23:00;AVENIDA 13 DE MAIO, 1363;, ; 1363;;;Colisão;Luz do Dia;;;Meio de Quadra;;Longo da via;0;1;0;1;0;0;0;0;0;0;0;0;0;(-38.530898 -3.748);
355872;2020-03-17 06:42:00;AVENIDA OLIVEIRA PAIVA, 2601;, ; 2601;;;Colisão Traseira;Luz do Dia;Nublado;Seca;Meio de Quadra;Não Há Controle;Longo da via;0;1;1;1;1;0;0;0;0;0;0;0;0;(-38.483559 -3.796035);
355871;2020-03-17 01:39:00;AVENIDA BERNARDO MANUEL, ;RUA B, ; ;;;Colisão Lateral;Via Iluminada;Nublado;Molhada;Meio de Quadra;Pare;Cruzamento;0;1;1;1;1;0;0;0;0;0;0;0;0;(-38.56261 -3.83539);
355870;2020-03-17 01:39:00;AVENIDA GAL OSORIO DE PAIVA, 2466;, ; 2466;;;Choque c/ Obstáculo Fixo;Via Iluminada;Bom;Seca;Meio de Quadra;Não Há Controle;Longo da via;0;0;1;0;1;0;0;0;0;0;0;0;0;(-38.58517 -3.78739);
357068;2020-03-17 00:56:00;AVENIDA GAL OSORIO DE PAIVA, ;, ; ;;;Colisão;;;;Meio de Quadra;;Longo da via;0;1;0;0;0;0;0;0;0;1;0;0;0;(0 0);
357318;2020-03-16 22:38:00;AVENIDA GOV RAUL BARBOSA, 1100;, ; 1100;;;Queda;;;;Meio de Quadra;;Longo da via;0;1;0;1;0;0;0;0;0;0;0;0;0;(-38.50572 -3.76121);
357317;2020-03-16 22:28:00;RUA BERNARDO MANUEL, 9954;, ; 9954;;;Colisão;;;;Meio de Quadra;;Longo da via;0;2;0;1;1;0;0;0;0;0;0;0;0;(-38.55310088 -3.80434384);
357316;2020-03-16 22:15:00;RUA JATAI D71, 310;, ; 310;;;Queda;;;;Meio de Quadra;;Longo da via;0;1;0;0;0;0;0;0;0;1;0;0;0;(-38.58273 -3.83066);
357293;2020-03-16 21:23:00;RUA PRISCO BEZERRA, ;RUA JOSE RANGEL, ; ;;;Queda;;;;Outros;Não Há Controle;Cruzamento;0;1;0;1;0;0;0;0;0;0;0;0;0;(-38.46977 -3.73905);
357292;2020-03-16 20:05:00;RUA CLEMENTE PEREIRA, 386;, ; 386;;;Queda;;;;Meio de Quadra;;Longo da via;0;1;0;1;0;0;0;0;0;0;0;0;0;(-38.48975 -3.83957);
357291;2020-03-16 18:59:00;AVENIDA C CJ CEARA, ;RUA 1153 CJ CEARA, ; ;;;Colisão;;;;;;Cruzamento;0;2;0;2;0;0;0;0;0;0;0;0;0;(-38.609545 -3.761816);
355869;2020-03-16 18:30:00;AVENIDA PRS COSTA E SILVA, 1726;, ; 1726;;;Colisão Lateral;Via Iluminada;Bom;Seca;Meio de Quadra;Semáforo;Longo da via;0;1;1;0;0;0;0;1;0;1;0;0;0;(-38.5658935 -3.8173695);
356743;2020-03-16 18:20:00;AVENIDA ROGACIANO LEITE, 1689;, ; 1689;;;Colisão;Anoitecer;;;Meio de Quadra;;Longo da via;0;1;1;0;2;0;0;0;0;0;0;0;0;(-38.49761 -3.7692115);
357290;2020-03-16 18:09:00;RUA MARQUES DE SUCUPIRA, 160;, ; 160;;;Queda;Anoitecer;;;Meio de Quadra;;Longo da via;0;1;0;1;0;0;0;0;0;0;0;0;0;(-38.5238399 -3.84633693);
357289;2020-03-16 18:07:00;AVENIDA WASHINGTON SOARES, ;, ; ;;;Atropelamento;Anoitecer;;;Meio de Quadra;;Longo da via;0;2;0;1;0;0;0;0;0;0;0;0;0;(0 0);
357288;2020-03-16 17:55:00;RUA LIBERATO BARROSO, ;RUA PRC ISABEL, ; ;;;Atropelamento;Anoitecer;;;Cruz;Pare;Cruzamento;0;2;0;0;0;0;0;0;0;1;0;0;0;(-38.535356 -3.726167);
357287;2020-03-16 17:49:00;AVENIDA GAL OSORIO DE PAIVA, 600;, ; 600;;;Colisão;Anoitecer;;;Meio de Quadra;;Longo da via;0;1;0;0;0;0;0;0;0;0;0;0;0;(-38.56787518 -3.776497727);
357286;2020-03-16 16:38:00;AVENIDA PERIMETRAL, ;, ; ;;;Colisão;Luz do Dia;;;Meio de Quadra;;Longo da via;0;1;0;0;0;0;0;0;0;0;0;0;0;(0 0);
357285;2020-03-16 15:01:00;AVENIDA SANTOS DUMONT, ;RUA PRO DIAS DA ROCHA, ; ;;;Colisão;Luz do Dia;;;Cruz;Pare;Cruzamento;0;1;0;1;0;0;0;0;0;0;0;0;0;(-38.492502 -3.738113);
355868;2020-03-16 12:45:00;RUA 45 CJ JOSE WALTER, ;RUA 34 CJ JOSE WALTER, ; ;;;Colisão Transversal;Luz do Dia;Bom;Seca;Cruz;Não Há Controle;Cruzamento;0;1;2;1;2;0;0;0;0;0;0;0;0;(-38.555582 -3.827681);
357284;2020-03-16 12:02:00;RUA CARLOTA PINHEIRO, ;RUA ELISEU UCHOA BECCO, ; ;;;Colisão;Luz do Dia;;;Meio de Quadra;Não Há Controle;Cruzamento;0;2;0;1;1;0;0;0;0;0;0;0;0;(-38.486164 -3.7622032);
357283;2020-03-16 10:49:00;AVENIDA AMERICO BARREIRA, ;RUA CEARA, ; ;;;Colisão;Luz do Dia;;;Cruz;Semáforo;Cruzamento;0;2;0;2;0;0;0;0;0;0;0;0;0;(-38.5641879 -3.7599614);
355866;2020-03-16 10:49:00;RUA DOM CARLOTO TAVORA, ;RUA ALBERTO MAGNO, ; ;;;Colisão;Luz do Dia;Nublado;Seca;Cruz;Pare;Cruzamento;0;1;1;0;1;1;0;0;0;0;0;0;0;(-38.553495 -3.770832);
355864;2020-03-16 10:39:00;RUA AFONSO CELSO, ;RUA MON BRUNO, ; ;;;Colisão Transversal;Luz do Dia;Bom;Seca;Cruz;Pare;Cruzamento;0;1;1;1;1;0;0;0;0;0;0;0;0;(-38.510519 -3.735734);
355863;2020-03-16 10:33:00;RUA GUSTAVO SAMPAIO, ;RUA AMADEU FURTADO, ; ;;;Colisão Transversal;Luz do Dia;Bom;Seca;Cruz;Pare;Cruzamento;0;2;0;1;1;0;0;0;0;0;0;0;0;(-38.563828 -3.736786);
357282;2020-03-16 08:57:00;AVENIDA PRS JUSCELINO KUBITSCHEK (PASSARÉ), 3800;, ; 3800;;;Queda;Luz do Dia;;;Meio de Quadra;;Longo da via;0;1;0;1;0;0;0;0;0;0;0;0;0;(-38.52991 -3.81368);
355865;2020-03-16 08:22:00;AVENIDA BERNARDO MANUEL, 7700;, ; 7700;;;Colisão Traseira;Luz do Dia;Bom;Seca;Meio de Quadra;Não Há Controle;Longo da via;0;0;3;0;3;0;0;0;0;0;0;0;0;(-38.56036 -3.82896);
357281;2020-03-16 08:20:00;AVENIDA GODOFREDO MACIEL, 2525;, ; 2525;;;Atropelamento;Luz do Dia;;;Meio de Quadra;;Longo da via;0;2;0;0;1;0;0;0;0;0;0;0;0;(-38.569843 -3.7966063);
357280;2020-03-16 07:39:00;RUA DR JOSE FROTA, 145;, ; 145;;;Colisão;Luz do Dia;;;Meio de Quadra;;Longo da via;0;2;0;1;1;0;0;0;0;0;0;0;0;(-38.4854567 -3.72718279);
357279;2020-03-16 07:25:00;AVENIDA JOSE BASTOS, 3070;, ; 3070;;;Queda;Luz do Dia;;;Meio de Quadra;;Longo da via;0;1;0;1;0;0;0;0;0;0;0;0;0;(-38.54749 -3.74765);
355862;2020-03-16 07:13:00;AVENIDA DA UNIVERSIDADE, 3426;, ; 3426;;;Choque c/ Obstáculo Fixo;Via Iluminada;Chuva;Molhada;Meio de Quadra;Não Há Controle;Longo da via;0;1;0;1;0;0;0;0;0;0;0;0;0;(-38.542902 -3.745141);
357278;2020-03-16 07:12:00;AVENIDA GAL OSORIO DE PAIVA, 3399;, ; 3399;;;Colisão;Luz do Dia;;;Meio de Quadra;;Longo da via;0;2;0;1;1;0;0;0;0;0;0;0;0;(-38.58919 -3.79164);
357277;2020-03-16 06:58:00;AVENIDA JOR JOAO RAMOS, 1257;, ; 1257;;;Queda;Luz do Dia;;;Meio de Quadra;;Longo da via;0;1;0;1;0;0;0;0;0;0;0;0;0;(-38.569014 -3.843058);
357276;2020-03-16 06:36:00;AVENIDA BEZERRA DE MENEZES, 58;, ; 58;;;Colisão;Luz do Dia;;;Meio de Quadra;;Longo da via;0;1;0;0;0;0;0;0;0;0;0;0;0;(-38.54453 -3.7325788);
357274;2020-03-16 04:33:00;AVENIDA DA UNIVERSIDADE, ;, ; ;;;Colisão;;;;Meio de Quadra;;Longo da via;0;1;0;0;0;0;0;0;0;0;0;0;0;(0 0);
357275;2020-03-16 04:33:00;AVENIDA JOAO PESSOA, 3438;, ; 3438;;;Queda;;;;Meio de Quadra;;Longo da via;0;1;0;1;0;0;0;0;0;0;0;0;0;(-38.54294 -3.74521);
357273;2020-03-16 01:14:00;AVENIDA FRANCISCO SA, 5174;, ; 5174;;;Colisão;;;;Meio de Quadra;;Longo da via;0;2;0;1;1;0;0;0;0;0;0;0;0;(-38.5705346 -3.712908);
357272;2020-03-16 00:42:00;RUA TULIPA NEGRA, ;RUA ALCINO GUANABARA, ; ;;;Colisão;;;;Cruz;Pare;Cruzamento;0;2;0;1;1;0;0;0;0;0;0;0;0;(-38.598248 -3.81901);
356742;2020-03-15 23:30:00;AVENIDA HIS RAIMUNDO GIRAO, ;AVENIDA ALM BARROSO, ; ;;;Colisão;;;;T;Pare;Cruzamento;0;2;0;2;0;0;0;0;0;0;0;0;0;(-38.515877 -3.720277);
357271;2020-03-15 23:00:00;RUA CON DE CASTRO, 8310;, ; 8310;;;Colisão;;;;Meio de Quadra;;Longo da via;0;2;0;1;1;0;0;0;0;0;0;0;0;(-38.6022942 -3.8188647);
357270;2020-03-15 21:59:00;AVENIDA JOSE JATAHY, ;, ; ;;;Colisão;;;;Meio de Quadra;;Longo da via;0;2;0;1;1;0;0;0;0;0;0;0;0;(0 0);
357269;2020-03-15 21:52:00;RUA ANSELMO NOGUEIRA, 671;, ; 671;;;Colisão;;;;Meio de Quadra;;Longo da via;0;1;0;0;0;0;0;0;0;0;0;0;0;(-38.58799 -3.78404);
357268;2020-03-15 21:35:00;AVENIDA SEN VIRGILIO TAVORA, ;AVENIDA PDE ANTONIO TOMAS, ; ;;;Colisão;;;;Cruz;Gesto;Cruzamento;0;2;0;1;1;0;0;0;0;0;0;0;0;(-38.494749 -3.74176);
355861;2020-03-15 21:29:00;RUA MANUEL CASTELO BRANCO, 630;, ; 630;;;Colisão Lateral;Via Iluminada;Bom;Seca;Meio de Quadra;Não Há Controle;Longo da via;0;0;2;0;2;0;0;0;0;0;0;0;0;(-38.490083 -3.832449);
357267;2020-03-15 21:23:00;AVENIDA GAL OSORIO DE PAIVA, 4747;, ; 4747;;;Colisão;;;;Meio de Quadra;;Longo da via;0;2;0;2;0;0;0;0;0;0;0;0;0;(-38.5980175 -3.800545833);
356702;2020-03-15 20:55:00;RD BR 116, 2000;, ; 2000;;;Atropelamento;;Nublado;Seca;Meio de Quadra;;Longo da via;1;0;1;0;1;0;0;0;0;0;0;0;0;(-38.51678 -3.771391);
356741;2020-03-15 20:25:00;AVENIDA ABOLICAO, 4777;, ; 4777;;;Colisão;;;;Meio de Quadra;;Longo da via;0;1;1;0;2;0;0;0;0;0;0;0;0;(-38.47857 -3.7215297);
357265;2020-03-15 19:38:00;AVENIDA C CJ CEARA, 1085;, ; 1085;;;Queda;;;;Meio de Quadra;;Longo da via;0;1;0;1;0;0;0;0;0;0;0;0;0;(-38.61236 -3.76802);
356740;2020-03-15 19:30:00;AVENIDA MON TABOSA, ;RUA SEN ALMINO, ; ;;;Colisão;;;;Cruz;Pare;Cruzamento;0;2;0;0;0;0;0;0;0;0;0;0;0;(-38.518035 -3.723661);
357264;2020-03-15 19:16:00;AVENIDA GAL OSORIO DE PAIVA, 4849;, ; 4849;;;Atropelamento;;;;Meio de Quadra;;Longo da via;0;2;0;0;1;0;0;0;0;0;0;0;0;(-38.59873254 -3.801285);
355860;2020-03-15 18:45:00;AVENIDA VICENTE DE CASTRO, 4777;, ; 4777;;;Colisão Frontal;Luz do Dia;Bom;Seca;Meio de Quadra;Não Há Controle;Longo da via;0;2;0;0;2;0;0;0;0;0;0;0;0;(-38.47843 -3.7212958);
357263;2020-03-15 17:22:00;RUA CEL FABRICIANO, 433;, ; 433;;;Colisão;Anoitecer;;;Meio de Quadra;;Longo da via;0;2;0;1;1;0;0;0;0;0;0;0;0;(-38.593966547 -3.786897059);
357262;2020-03-15 16:53:00;RUA DR JOAO MOREIRA, ;RUA GAL SAMPAIO, ; ;;;Colisão;Luz do Dia;;;Cruz;Semáforo Intermitente;Cruzamento;0;2;0;1;1;0;0;0;0;0;0;0;0;(-38.529364 -3.72203);
357261;2020-03-15 15:43:00;AVENIDA GAL OSORIO DE PAIVA, 4080;, ; 4080;;;Queda;Luz do Dia;;;Meio de Quadra;;Longo da via;0;1;0;1;0;0;0;0;0;0;0;0;0;(-38.5902735 -3.79260333);
357259;2020-03-15 15:21:00;AVENIDA HEROIS DO ACRE, 1001;, ; 1001;;;Colisão;Luz do Dia;;;Meio de Quadra;;Longo da via;0;1;0;0;0;0;0;0;0;0;0;0;0;(-38.537849 -3.803155);
357258;2020-03-15 15:13:00;RUA CAP BRASIL, 654;, ; 654;;;Colisão;Luz do Dia;;;Meio de Quadra;;Longo da via;0;2;0;1;1;0;0;0;0;0;0;0;0;(-38.58634 -3.73849);
356701;2020-03-15 15:00:00;RD BR 222, ;, ; ;;;Tombamento;Luz do Dia;Bom;Seca;Meio de Quadra;;Longo da via;0;2;1;1;1;0;0;0;0;0;0;0;0;(-38.5969961 -3.7403624);
357256;2020-03-15 14:52:00;RUA CAP URUGUAI D46, 821;, ; 821;;;Atropelamento;Luz do Dia;;;Meio de Quadra;;Longo da via;0;2;0;0;1;0;0;0;0;0;0;0;0;(-38.5111452 -3.766161448);
357254;2020-03-15 14:51:00;AVENIDA GODOFREDO MACIEL, 5078;, ; 5078;;;Colisão;Luz do Dia;;;Meio de Quadra;;Longo da via;0;1;0;0;0;0;0;0;0;0;0;0;0;(-38.5761432 -3.8187574);
357253;2020-03-15 14:09:00;RUA PILOTO D46, 622;, ; 622;;;Atropelamento;Luz do Dia;;;Meio de Quadra;;Longo da via;0;2;0;0;1;0;0;0;0;0;0;0;0;(-38.51009778 -3.765883712);
357247;2020-03-15 13:46:00;RUA ENG LIMA VERDE (ALVARO WEYNE), 1660;, ; 1660;;;Colisão;Luz do Dia;;;Meio de Quadra;;Longo da via;0;2;0;1;0;0;1;0;0;0;0;0;0;(0 0);
357246;2020-03-15 13:40:00;RUA VALDETARIO MOTA, ;, ; ;;;Queda;Luz do Dia;;;Meio de Quadra;;Longo da via;0;1;0;1;0;0;0;0;0;0;0;0;0;(0 0);
357245;2020-03-15 12:16:00;AVENIDA DES MOREIRA, ;RUA BENI DE CARVALHO, ; ;;;Colisão;Luz do Dia;;;Cruz;Semáforo;Cruzamento;0;2;0;1;1;0;0;0;0;0;0;0;0;(-38.500877 -3.744098);
357237;2020-03-15 11:16:00;AVENIDA PONTES VIEIRA, ;RUA TIBURCIO CAVALCANTE, ; ;;;Colisão;Luz do Dia;;;Cruz;Semáforo;Cruzamento;0;2;0;1;1;0;0;0;0;0;0;0;0;(-38.507749 -3.752053);