COD_ACIDENTE;DATA;LOG1;LOG2;NUMERO;BAIRRO;AMC;NATUREZA;ILUMINACAO;TEMPO;SUPERFICIEPISTA;TIPOCRUZAMENTO;CONTROLETRAFEGO;USOSOLO;MORTOS;FERIDOS;ILESOS;MOTOCICLETA;AUTOMOVEL;MICROONIBUS;CAMINHAO;ONIBUS;CICLOMOTOR;BICICLETA;OUTROS;TREM;TRACAOANIMAL;COORDENADAS
357236;2020-03-15 09:43:00;AVENIDA LUCIANO CARNEIRO, 1991;, ; 1991;;;Colisão;Luz do Dia;;;Meio de Quadra;;Longo da via;0;2;0;1;1;0;0;0;0;0;0;0;0;(-38.536953 -3.7654672);
357235;2020-03-15 07:16:00;RUA FRE CANECA, 57;, ; 57;;;Queda;Luz do Dia;;;Meio de Quadra;;Longo da via;0;2;0;1;0;0;0;0;0;0;0;0;0;(-38.5103577 -3.78520078);
355859;2020-03-15 06:56:00;AVENIDA 13 DE MAIO, ;RUA DOM SEBASTIAO LEME, ; ;;;Não informado;Amanhecer;Chuva;Molhada;Cruz;Semáforo;Cruzamento;0;0;1;0;1;0;0;0;0;0;0;0;0;(-38.525221 -3.752832);
357234;2020-03-15 06:49:00;AVENIDA JOAO PESSOA, 6053;, ; 6053;;;Queda;Luz do Dia;;;Meio de Quadra;;Longo da via;0;1;0;1;0;0;0;0;0;0;0;0;0;(-38.558003 -3.76285);
355988;2020-03-15 06:30:00;RD CE-060, ;, ; ;;;Colisão;Luz do Dia;;Molhada;Meio de Quadra;;Longo da via;0;1;0;0;1;0;0;0;0;0;0;0;0;(-38.5795 -3.826136);
356739;2020-03-15 03:50:00;RUA NEREU RAMOS, ;AVENIDA GODOFREDO MACIEL, ; ;;;Choque c/ Obstáculo Fixo;;;;T;Semáforo;Cruzamento;0;1;0;0;1;0;0;0;0;0;0;0;0;(-38.566802 -3.78725);
356738;2020-03-15 00:40:00;AVENIDA JOR THOMAZ COELHO, 1900;, ; 1900;;;Atropelamento;;;;Meio de Quadra;;Longo da via;0;1;1;0;1;0;0;0;0;0;0;0;0;(-38.51244 -3.8287513);
357233;2020-03-14 23:54:00;RUA MARIA TOMASIA, ;, ; ;;;Colisão;;;;Meio de Quadra;;Longo da via;0;2;0;1;1;0;0;0;0;0;0;0;0;(0 0);
357232;2020-03-14 23:24:00;AVENIDA JOR THOMAZ COELHO, 2103;, ; 2103;;;Atropelamento;;;;Meio de Quadra;;Longo da via;1;1;0;1;0;0;0;0;0;0;0;0;0;(-38.51471 -3.82793);
357231;2020-03-14 21:50:00;AVENIDA PERIMETRAL, 1841;, ; 1841;;;Queda;;;;Meio de Quadra;;Longo da via;0;1;0;1;0;0;0;0;0;0;0;0;0;(0 0);
357230;2020-03-14 20:30:00;RUA EDUARDO PERDIGAO, ;RUA GERMANO FRANCK, ; ;;;Colisão;;;;Cruz;Semáforo;Cruzamento;0;2;0;2;0;0;0;0;0;0;0;0;0;(-38.562542 -3.777704);
355858;2020-03-14 20:27:00;RUA HERMINIA BONAVIDES, ;RUA OLIVEIRA FILHO, ; ;;;Colisão;Via Iluminada;Chuva;Molhada;Cruz;Pare;Cruzamento;0;1;1;1;1;0;0;0;0;0;0;0;0;(-38.462145 -3.730624);
356700;2020-03-14 20:05:00;RD BR 116, 13000;, ; 13000;;;Atropelamento;;Chuva;Molhada;Meio de Quadra;;Longo da via;0;2;0;1;0;0;0;0;0;0;0;0;0;(-38.497727 -3.86467);
357229;2020-03-14 19:20:00;RUA 808 CJ CEARA, 39;, ; 39;;;Colisão;;;;Meio de Quadra;;Longo da via;0;2;0;1;1;0;0;0;0;0;0;0;0;(-38.599103 -3.76638297);
357227;2020-03-14 18:18:00;AVENIDA B CJ CEARA, 650;, ; 650;;;Colisão;Anoitecer;;;Meio de Quadra;;Longo da via;0;2;0;1;1;0;0;0;0;0;0;0;0;(-38.606652 -3.767396);
357228;2020-03-14 18:18:00;RUA NOEL ROSA, 1802;, ; 1802;;;Colisão;Anoitecer;;;Meio de Quadra;;Longo da via;0;1;0;0;0;0;0;0;0;0;0;0;0;(-38.5863824 -3.76834299);
357226;2020-03-14 17:46:00;RUA JOSE FACANHA, 753;, ; 753;;;Colisão;Anoitecer;;;Meio de Quadra;;Longo da via;0;1;0;0;0;0;0;0;0;0;0;0;0;(-38.557963 -3.751512);
357225;2020-03-14 17:17:00;AVENIDA DOM MANUEL, ;RUA PDE VALDEVINO, ; ;;;Colisão;Anoitecer;;;;;Cruzamento;0;2;0;2;0;0;0;0;0;0;0;0;0;(-38.523967 -3.736873);
356906;2020-03-14 17:00:00;AVENIDA CONTORNO SUL, 1234;, ; 1234;;;Colisão;Anoitecer;;;Meio de Quadra;;Longo da via;0;2;0;1;1;0;0;0;0;0;0;0;0;(-38.59424 -3.8135);
357224;2020-03-14 15:51:00;AVENIDA CONTORNO OESTE D71, 1234;, ; 1234;;;Colisão;Luz do Dia;;;Meio de Quadra;;Longo da via;0;2;0;1;1;0;0;0;0;0;0;0;0;(-38.59539 -3.81176);
357223;2020-03-14 14:00:00;AVENIDA SEN FERNANDES TAVORA, 1845;, ; 1845;;;Colisão;Luz do Dia;;;Meio de Quadra;;Longo da via;0;2;0;1;1;0;0;0;0;0;0;0;0;(-38.588814 -3.758632);
357222;2020-03-14 12:58:00;RUA STA ADELIA, ;RUA JOSE MENDONCA, ; ;;;Colisão;Luz do Dia;;;Cruz;Pare;Cruzamento;0;2;0;1;1;0;0;0;0;0;0;0;0;(-38.602545 -3.759043);
357221;2020-03-14 12:19:00;RUA PRO JACINTO BOTELHO, 1600;, ; 1600;;;Colisão;Luz do Dia;;;Meio de Quadra;;Longo da via;0;2;0;1;1;0;0;0;0;0;0;0;0;(-38.4821709 -3.733756);
357220;2020-03-14 09:44:00;RUA JOSE SOMBRA, ;RUA AZEVEDO BOLAO, ; ;;;Atropelamento;Luz do Dia;;;Cruz;Pare;Cruzamento;0;2;0;0;1;0;0;0;0;0;0;0;0;(-38.54703 -3.73447);
355987;2020-03-14 08:30:00;RD CE-040, ;, ; ;;;Choque c/ Obstáculo Fixo;Luz do Dia;;Seca;Meio de Quadra;;Longo da via;0;1;0;0;1;0;0;0;0;0;0;0;0;(-38.48303286 -3.817159445);
357219;2020-03-14 08:27:00;RUA EDGAR FALCAO, 130;, ; 130;;;Queda;Luz do Dia;;;Meio de Quadra;;Longo da via;0;1;0;1;0;0;0;0;0;0;0;0;0;(-38.5717835 -3.7312539);
357218;2020-03-14 08:14:00;AVENIDA SGT HERMINIO SAMPAIO, ;RUA FRE ODILON, ; ;;;Colisão;Luz do Dia;;;Cruz;Não Há Controle;Cruzamento;0;2;0;1;1;0;0;0;0;0;0;0;0;(-38.572692 -3.728921);
355857;2020-03-14 07:54:00;RUA ANDRADE FURTADO, ;RUA JOSE BORBA VASCONCELOS, ; ;;;Colisão Transversal;Amanhecer;Chuva;Molhada;T;Pare;Cruzamento;0;1;2;1;1;1;0;0;0;0;0;0;0;(-38.47152 -3.74494);
357217;2020-03-14 07:36:00;RD BR 116, ;, ; ;;;Colisão;Luz do Dia;;;Meio de Quadra;;Longo da via;0;2;0;1;1;0;0;0;0;0;0;0;0;(0 0);
357216;2020-03-14 07:30:00;AVENIDA GAL OSORIO DE PAIVA, 8000;, ; 8000;;;Colisão;Luz do Dia;;;Meio de Quadra;;Longo da via;0;2;0;1;1;0;0;0;0;0;0;0;0;(-38.618081156 -3.821236391);
357215;2020-03-14 07:03:00;AVENIDA D CJ CEARA, 1289;, ; 1289;;;Atropelamento;Luz do Dia;;;Meio de Quadra;;Longo da via;0;3;0;1;0;0;0;0;0;0;0;0;0;(-38.559054 -3.8306914);
357214;2020-03-14 06:42:00;RUA BENTO ALBUQUERQUE, 1900;, ; 1900;;;Atropelamento;Luz do Dia;;;Meio de Quadra;;Longo da via;0;2;0;0;0;0;0;0;0;0;0;0;0;(-38.472258 -3.747266);
357213;2020-03-14 03:50:00;AVENIDA GENIBAU, 150;, ; 150;;;Atropelamento;;;;Meio de Quadra;;Longo da via;0;2;0;1;0;0;0;0;0;0;0;0;0;(-38.5963397 -3.76155005);
357212;2020-03-14 03:39:00;AVENIDA GENIBAU, 240;, ; 240;;;Atropelamento;Luz do Dia;;;Meio de Quadra;;Longo da via;0;2;0;1;0;0;0;0;0;0;0;0;0;(-38.597468 -3.761273);
357211;2020-03-14 03:26:00;AVENIDA CEL CARVALHO, 1313;, ; 1313;;;Queda;;;;Meio de Quadra;;Longo da via;0;1;0;1;0;0;0;0;0;0;0;0;0;(-38.588657 -3.714552);
357210;2020-03-14 01:29:00;AVENIDA ABOLICAO, 1780;, ; 1780;;;Atropelamento;;;;Meio de Quadra;;Longo da via;0;2;0;0;1;0;0;0;0;0;0;0;0;(-38.503368 -3.724791);
356905;2020-03-13 22:50:00;RUA MARTINS CARVALHO, ;, ; ;;;Colisão;;;;Meio de Quadra;;Longo da via;0;3;0;1;2;0;0;0;0;0;0;0;0;(0 0);
357209;2020-03-13 22:50:00;AVENIDA JOSE LEON, 1498;, ; 1498;;;Colisão;;;;Meio de Quadra;;Longo da via;0;2;0;1;1;0;0;0;0;0;0;0;0;(-38.497317 -3.788923);
357208;2020-03-13 22:28:00;RUA EMILIO DE MENESES, ;RUA JOSE TORRES, ; ;;;Colisão;;;;Cruz;Semáforo;Cruzamento;0;1;0;0;0;0;0;0;0;0;0;0;0;(-38.606283 -3.776425);
357207;2020-03-13 22:24:00;RUA TEODORO DE CASTRO, 984;, ; 984;;;Colisão;;;;Meio de Quadra;;Longo da via;0;2;0;2;0;0;0;0;0;0;0;0;0;(-38.5998915 -3.78119948);
357206;2020-03-13 22:11:00;RUA 8 DE SETEMBRO, 1520;, ; 1520;;;Colisão;;;;Meio de Quadra;;Longo da via;0;1;0;0;0;0;0;0;0;0;0;0;0;(0 0);
357205;2020-03-13 21:43:00;AVENIDA DOM LUIS, 1200;, ; 1200;;;Colisão;;;;Meio de Quadra;;Longo da via;0;2;0;2;0;0;0;0;0;0;0;0;0;(-38.490579 -3.735452);
356904;2020-03-13 21:20:00;AVENIDA ENG HUMBERTO MONTE, ;RUA MON FURTADO, ; ;;;Colisão;;;;Cruz;Pare;Cruzamento;0;2;0;1;1;0;0;0;0;0;0;0;0;(-38.556153 -3.754242);
357204;2020-03-13 20:16:00;AVENIDA GODOFREDO MACIEL, ;, ; ;;;Colisão;;;;Meio de Quadra;;Longo da via;0;2;0;1;1;0;0;0;0;0;0;0;0;(0 0);
357203;2020-03-13 19:52:00;RUA GOMES PASSOS, 411;, ; 411;;;Colisão;;;;Meio de Quadra;;Longo da via;0;2;0;2;0;0;0;0;0;0;0;0;0;(-38.559711 -3.711724);
357202;2020-03-13 19:44:00;AVENIDA BORGES DE MELO, ;, ; ;;;Atropelamento;;;;Meio de Quadra;;Longo da via;0;2;0;0;1;0;0;0;0;0;0;0;0;(0 0);
355856;2020-03-13 19:39:00;AVENIDA DOM MANUEL, 445;, ; 445;;;Colisão;Anoitecer;Chuva;Molhada;Meio de Quadra;Semáforo;Longo da via;0;1;1;1;1;0;0;0;0;0;0;0;0;(-38.5210249 -3.7280879);
357201;2020-03-13 18:23:00;RUA GAL TERTULIANO POTYGUARA, 555;, ; 555;;;Colisão;Anoitecer;;;Meio de Quadra;;Longo da via;0;2;0;1;1;0;0;0;0;0;0;0;0;(-38.499576 -3.743454);
357200;2020-03-13 18:04:00;RUA JOSE HIPOLITO, 220;, ; 220;;;Atropelamento;Anoitecer;;;Meio de Quadra;;Longo da via;0;2;0;1;0;0;0;0;0;0;0;0;0;(-38.493254 -3.832841);
357199;2020-03-13 18:02:00;AVENIDA ENG SANTANA JUNIOR, ;, ; ;;;Queda;Anoitecer;;;Meio de Quadra;;Longo da via;0;1;0;1;0;0;0;0;0;0;0;0;0;(0 0);
357198;2020-03-13 17:47:00;RUA MARIA JULIA, ;, ; ;;;Colisão;Anoitecer;;;Meio de Quadra;;Longo da via;0;1;1;0;1;0;0;0;0;1;0;0;0;(0 0);
357197;2020-03-13 17:18:00;RD BR 116, 5000;, ; 5000;;;Atropelamento;Anoitecer;;;Meio de Quadra;;Longo da via;0;2;0;1;0;0;0;0;0;0;0;0;0;(-38.506787 -3.796502);
356699;2020-03-13 17:15:00;RD BR 116, 5000;, ; 5000;;;Atropelamento;Anoitecer;Bom;Seca;Meio de Quadra;;Longo da via;0;1;1;0;1;0;0;0;0;0;0;0;0;(-38.506787 -3.796502);
357196;2020-03-13 16:34:00;RUA JOAQUIM LEITAO, ;RUA PEDRO MELO, ; ;;;Colisão;Luz do Dia;;;Cruz;Pare;Cruzamento;0;2;0;0;2;0;0;0;0;0;0;0;0;(-38.5921 -3.744174);
357195;2020-03-13 15:58:00;AVENIDA JOVITA FEITOSA, 260;, ; 260;;;Colisão;Luz do Dia;;;Meio de Quadra;;Longo da via;0;2;0;1;1;0;0;0;0;0;0;0;0;(-38.55654 -3.73992);
356900;2020-03-13 15:03:00;RUA BENI DE CARVALHO, ;RUA LEONARDO MOTA, ; ;;;Colisão;Luz do Dia;;;Cruz;Semáforo;Cruzamento;0;3;0;0;2;0;0;0;0;0;0;0;0;(-38.498931 -3.744739);
355855;2020-03-13 14:30:00;RUA ALMEIDA PRADO, ;RUA DR GILBERTO STUDART, ; ;;;Colisão Transversal;Luz do Dia;Chuva;Molhada;Cruz;Pare;Cruzamento;0;2;0;0;2;0;0;0;0;0;0;0;0;(-38.475665 -3.745323);
355854;2020-03-13 14:09:00;RUA VALPARAISO, ;RUA CATOLE, ; ;;;Colisão Transversal;Luz do Dia;Chuva;Molhada;Cruz;Semáforo;Cruzamento;0;1;1;1;1;0;0;0;0;0;0;0;0;(-38.520171 -3.846407);
357194;2020-03-13 14:06:00;RUA SOLON PINHEIRO, 1332;, ; 1332;;;Colisão;Luz do Dia;;;Meio de Quadra;;Longo da via;0;2;0;1;1;0;0;0;0;0;0;0;0;(-38.530406 -3.742594);
357193;2020-03-13 13:26:00;AVENIDA JOSE BASTOS, ;, ; ;;;Colisão;Luz do Dia;;;Meio de Quadra;;Longo da via;0;2;0;1;1;0;0;0;0;0;0;0;0;(0 0);
357192;2020-03-13 12:16:00;AVENIDA 13 DE MAIO, 3010;, ; 3010;;;Atropelamento;Luz do Dia;;;Meio de Quadra;;Longo da via;0;2;0;1;0;0;0;0;0;0;0;0;0;(-38.542165 -3.73828);
357191;2020-03-13 12:13:00;AVENIDA ALM HENRIQUE SABOIA, ;RUA ALVARO CORREIA, ; ;;;Queda;Luz do Dia;;;T;Pare;Cruzamento;0;1;0;1;0;0;0;0;0;0;0;0;0;(-38.481304 -3.72993);
355853;2020-03-13 12:10:00;RUA ALMEIDA PRADO, ;RUA ARI BARROSO, ; ;;;Colisão Traseira;Luz do Dia;Chuva;Molhada;Rotatória;Dê Preferência;Cruzamento;0;1;1;0;1;0;0;1;0;0;0;0;0;(-38.473746 -3.739297);
357190;2020-03-13 11:51:00;RUA IGUAPE, ;AVENIDA GAL OSORIO DE PAIVA, ; ;;;Colisão;Luz do Dia;;;Cruz;Pare;Cruzamento;0;2;0;1;1;0;0;0;0;0;0;0;0;(-38.568617 -3.776964);
357189;2020-03-13 11:43:00;AVENIDA PRS CASTELO BRANCO, 3965;, ; 3965;;;Queda;Luz do Dia;;;Meio de Quadra;;Longo da via;0;1;0;1;0;0;0;0;0;0;0;0;0;(-38.5677442 -3.70864);
357188;2020-03-13 11:27:00;RUA GAL ALIPIO DOS SANTOS, 1370;, ; 1370;;;Colisão;Luz do Dia;;;Meio de Quadra;;Longo da via;0;2;0;1;1;0;0;0;0;0;0;0;0;(-38.5971847 -3.7338009);
357187;2020-03-13 09:47:00;RUA FCO JOSE A PEREIRA, ;, ; ;;;Queda;Luz do Dia;;;Meio de Quadra;;Longo da via;0;1;0;1;0;0;0;0;0;0;0;0;0;(0 0);
355852;2020-03-13 09:20:00;AVENIDA GODOFREDO MACIEL, 3000;, ; 3000;;;Colisão Transversal;Luz do Dia;Chuva;Molhada;Meio de Quadra;Não Há Controle;Longo da via;0;0;2;0;2;0;0;0;0;0;0;0;0;(-38.57165256 -3.802020778);
357186;2020-03-13 07:42:00;RUA VALPARAISO, 153;, ; 153;;;Colisão;Luz do Dia;;;Meio de Quadra;;Longo da via;0;3;0;1;1;0;0;0;0;0;0;0;0;(-38.52668 -3.84359);
357185;2020-03-13 07:31:00;RUA TIRADENTES, 895;, ; 895;;;Queda;Luz do Dia;;;Meio de Quadra;;Longo da via;0;1;0;1;0;0;0;0;0;0;0;0;0;(-38.551719 -3.739647);
357184;2020-03-13 07:27:00;AVENIDA ALBERTO CRAVEIRO, ;, ; ;;;Colisão;Luz do Dia;;;Meio de Quadra;;Longo da via;0;2;0;1;1;0;0;0;0;0;0;0;0;(0 0);
357183;2020-03-13 06:58:00;AVENIDA SGT HERMINIO SAMPAIO, ;RUA DEMETRIO MENEZES, ; ;;;Queda;Luz do Dia;;;;;Cruzamento;0;1;0;1;0;0;0;0;0;0;0;0;0;(-38.584316 -3.733867);
355851;2020-03-13 06:00:00;RUA DEMETRIO MENEZES, 3467;, ; 3467;;;Colisão Lateral;Luz do Dia;Chuva;Molhada;Meio de Quadra;Semáforo;Longo da via;0;1;1;1;0;0;0;0;0;0;0;0;0;(-38.5842 -3.73419);
357182;2020-03-12 22:28:00;AVENIDA JOAO DE ARAUJO LIMA, 801;, ; 801;;;Queda;;;;Meio de Quadra;;Longo da via;0;1;0;1;0;0;0;0;0;0;0;0;0;(-38.55969384 -3.828955743);
357181;2020-03-12 21:09:00;AVENIDA SEN VIRGILIO TAVORA, 1200;, ; 1200;;;Queda;;;;Meio de Quadra;;Longo da via;0;1;0;1;0;0;0;0;0;0;0;0;0;(-38.493316 -3.7373145);
357180;2020-03-12 19:22:00;AVENIDA ANTONIO JUSTA, 3320;, ; 3320;;;Colisão;;;;Meio de Quadra;;Longo da via;0;2;0;1;1;0;0;0;0;0;0;0;0;(-38.491285 -3.728686);
357179;2020-03-12 18:15:00;RD BR 116, ;, ; ;;;Colisão;Anoitecer;;;Meio de Quadra;;Longo da via;0;2;0;1;1;0;0;0;0;0;0;0;0;(0 0);
357178;2020-03-12 18:09:00;AVENIDA JOVITA FEITOSA, 1130;, ; 1130;;;Colisão;Anoitecer;;;Meio de Quadra;;Longo da via;0;2;0;2;0;0;0;0;0;0;0;0;0;(-38.55356 -3.73921);
356886;2020-03-12 17:25:00;RUA PDE PERDIGAO SAMPAIO, ;RUA MARTINS NETO, ; ;;;Colisão;Anoitecer;;;Cruz;Pare;Cruzamento;0;1;1;1;0;0;0;1;0;0;0;0;0;(-38.59442 -3.7410924);
357177;2020-03-12 17:21:00;RUA 27 DE JULHO, 1630;, ; 1630;;;Queda;Anoitecer;;;Meio de Quadra;;Longo da via;0;1;0;0;0;0;0;0;0;1;0;0;0;(-38.57033 -3.83691);
357176;2020-03-12 16:39:00;AVENIDA JOVITA FEITOSA, 170;, ; 170;;;Colisão;Luz do Dia;;;Meio de Quadra;;Longo da via;0;3;0;1;1;0;0;0;0;0;0;0;0;(-38.545496 -3.73759);
357174;2020-03-12 15:22:00;RUA CON PENAFORT, ;RUA DOM JOSE LOURENCO  D27, ; ;;;Colisão;Luz do Dia;;;Cruz;Pare;Cruzamento;0;2;0;2;0;0;0;0;0;0;0;0;0;(-38.55758 -3.7452);
357173;2020-03-12 14:59:00;AVENIDA HERACLITO GRACA, ;RUA J DA PENHA, ; ;;;Atropelamento;Luz do Dia;;;Cruz;Não Há Controle;Cruzamento;0;2;0;0;1;0;0;0;0;0;0;0;0;(-38.519947 -3.7353578);
355850;2020-03-12 13:50:00;RUA SAO PAULO, 2190;, ; 2190;;;Colisão;Luz do Dia;Nublado;Seca;Meio de Quadra;Não Há Controle;Longo da via;0;1;1;0;1;0;0;0;0;0;0;0;0;(-38.544646 -3.720387);
357172;2020-03-12 13:42:00;RUA MON DANTAS, 2200;, ; 2200;;;Colisão;Luz do Dia;;;Meio de Quadra;;Longo da via;0;2;0;0;1;0;1;0;0;0;0;0;0;(-38.54492 -3.72034);
357171;2020-03-12 13:40:00;RUA ZACARIAS FLORINDO, 1731;, ; 1731;;;Colisão;Luz do Dia;;;Meio de Quadra;;Longo da via;0;2;0;1;0;0;1;0;0;0;0;0;0;(-38.6067364 -3.7886777);
357168;2020-03-12 12:38:00;RUA MARIA GOMES DE SA, 1284;, ; 1284;;;Colisão;Luz do Dia;;;Meio de Quadra;;Longo da via;0;2;0;1;1;0;0;0;0;0;0;0;0;(-38.5820495 -3.8255916);
357167;2020-03-12 12:27:00;RUA PAPI JUNIOR, ;RUA MARIO DE ANDRADE, ; ;;;Colisão;Luz do Dia;;;Cruz;Pare;Cruzamento;0;2;0;1;1;0;0;0;0;0;0;0;0;(-38.558885 -3.753737);
357166;2020-03-12 12:10:00;RUA PERGENTINO MAIA, 680;, ; 680;;;Colisão;Luz do Dia;;;Meio de Quadra;;Longo da via;0;1;1;0;1;0;0;0;0;1;0;0;0;(-38.48954 -3.83135);
357165;2020-03-12 11:13:00;AVENIDA GODOFREDO MACIEL, ;, ; ;;;Queda;Luz do Dia;;;Meio de Quadra;;Longo da via;0;1;0;1;0;0;0;0;0;0;0;0;0;(0 0);
357164;2020-03-12 09:55:00;RUA CEL JOAO CORREIA, 3496;, ; 3496;;;Colisão;Luz do Dia;;;Meio de Quadra;;Longo da via;0;2;0;1;1;0;0;0;0;0;0;0;0;(-38.62385 -3.78582);
355986;2020-03-12 09:50:00;RD CE-040, ;, ; ;;;Não informado;Luz do Dia;;Seca;Meio de Quadra;;Longo da via;0;2;0;0;2;0;0;0;0;0;0;0;0;(-38.48303286 -3.817159445);
355963;2020-03-12 09:30:00;RUA CEL MATOS DOURADO, 1281;, ; 1281;;;Colisão Traseira;Luz do Dia;Nublado;Molhada;Meio de Quadra;Semáforo;Longo da via;0;1;1;1;1;0;0;0;0;0;0;0;0;(-38.58411913 -3.750245125);
356885;2020-03-12 09:00:00;RUA MARTINS CARVALHO, ;RUA A CJ PALMARES (G. LISBOA), ; ;;;Colisão;Luz do Dia;;;Cruz;Não Há Controle;Cruzamento;0;2;0;0;0;0;0;1;1;0;0;0;0;(-38.62607 -3.78895);
357157;2020-03-12 08:14:00;AVENIDA JOAO PESSOA, ;RUA DES PRAXEDES, ; ;;;Colisão;Luz do Dia;;;Cruz;Semáforo;Cruzamento;0;2;0;2;0;0;0;0;0;0;0;0;0;(-38.553504 -3.756946);
357154;2020-03-12 07:44:00;RUA JOAQUIM NABUCO, ;RUA EDUARDO BEZERRA, ; ;;;Colisão;Luz do Dia;;;Cruz;Pare;Cruzamento;0;2;0;1;1;0;0;0;0;0;0;0;0;(-38.507115 -3.753238);
357146;2020-03-12 07:26:00;AVENIDA SGT HERMINIO SAMPAIO, 169;, ; 169;;;Atropelamento;Luz do Dia;;;Meio de Quadra;;Longo da via;0;1;1;1;0;0;0;0;0;0;0;0;0;(-38.591186 -3.734791);
357144;2020-03-12 07:24:00;RUA SEN ROBERT KENNEDY, 526;, ; 526;;;Colisão;Luz do Dia;;;Meio de Quadra;;Longo da via;0;1;1;0;1;0;0;0;0;1;0;0;0;(-38.5792948 -3.7046578);
357139;2020-03-12 07:18:00;AVENIDA GOV RAUL BARBOSA, 6080;, ; 6080;;;Colisão;Luz do Dia;;;Meio de Quadra;;Longo da via;0;2;0;1;1;0;0;0;0;0;0;0;0;(-38.510662 -3.770282);
357138;2020-03-12 07:16:00;AVENIDA CEL CARVALHO, ;RUA MARIA CLARA, ; ;;;Colisão;Luz do Dia;;;Cruz;Não Há Controle;Cruzamento;0;2;0;2;0;0;0;0;0;0;0;0;0;(-38.585818 -3.725382);
355849;2020-03-12 07:15:00;AVENIDA GOV RAUL BARBOSA, 5586;, ; 5586;;;Colisão Lateral;Luz do Dia;Nublado;Seca;Meio de Quadra;Não Há Controle;Longo da via;0;3;0;2;1;0;0;0;0;0;0;0;0;(-38.51063 -3.77021);
357128;2020-03-12 06:09:00;AVENIDA MR HULL, ;, ; ;;;Atropelamento;Luz do Dia;;;Meio de Quadra;;Longo da via;0;2;0;0;1;0;0;0;0;0;0;0;0;(0 0);
355985;2020-03-12 01:10:00;RD CE-040, ;, ; ;;;Tombamento;;;Seca;Meio de Quadra;;Longo da via;0;1;0;0;1;0;0;0;0;0;0;0;0;(-38.4817994 -3.773616148);
357127;2020-03-11 22:46:00;RUA PDE VALDEVINO, ;AVENIDA RUI BARBOSA, ; ;;;Colisão;;;;Cruz;Semáforo;Cruzamento;0;2;0;0;2;0;0;0;0;0;0;0;0;(-38.51109 -3.7411053);
355848;2020-03-11 22:45:00;RUA JULIO IBIAPINA, ;RUA JUAZEIRO DO NORTE, ; ;;;Colisão Transversal;Mal Iluminada;Bom;Seca;Cruz;Pare;Cruzamento;0;1;1;1;1;0;0;0;0;0;0;0;0;(-38.491155 -3.727527);
357121;2020-03-11 22:07:00;RUA RIO GRANDE DO SUL, 275;, ; 275;;;Colisão;;;;Meio de Quadra;;Longo da via;0;2;0;0;0;0;0;0;0;0;0;0;0;(-38.5630508 -3.75181095);
357092;2020-03-11 20:58:00;RUA MANUEL MOURA, 79;, ; 79;;;Atropelamento;;;;Meio de Quadra;;Longo da via;0;2;0;0;1;0;0;0;0;0;0;0;0;(-38.5839 -3.715);
357091;2020-03-11 19:42:00;AVENIDA PERIMETRAL, 1021;, ; 1021;;;Queda;;;;Meio de Quadra;;Longo da via;0;1;0;1;0;0;0;0;0;0;0;0;0;(-38.5898394 -3.78493141);
357089;2020-03-11 19:38:00;RUA PRO EDGAR DE ARRUDA, ;, ; ;;;Colisão;;;;Meio de Quadra;;Longo da via;0;2;0;1;1;0;0;0;0;0;0;0;0;(0 0);
357088;2020-03-11 19:13:00;AVENIDA EDILSON B SOARES, 2221;, ; 2221;;;Atropelamento;;;;Meio de Quadra;;Longo da via;0;2;0;0;1;0;0;0;0;0;0;0;0;(-38.46588 -3.78813);
356870;2020-03-11 19:00:00;RUA INES BRASIL, ;, ; ;;;Colisão;;;;Meio de Quadra;;Longo da via;0;2;0;1;1;0;0;0;0;0;0;0;0;(0 0);
355847;2020-03-11 18:59:00;AVENIDA ANTONIO SALES, ;RUA NUNES VALENTE, ; ;;;Colisão Transversal;Via Iluminada;Bom;Seca;Cruz;Pare;Cruzamento;0;1;1;0;2;0;0;0;0;0;0;0;0;(-38.506314 -3.744237);
357087;2020-03-11 17:44:00;AVENIDA CEL CARVALHO, ;, ; ;;;Atropelamento;Anoitecer;;;Meio de Quadra;;Longo da via;0;2;0;1;0;0;0;0;0;0;0;0;0;(0 0);
357083;2020-03-11 17:25:00;AVENIDA DEP PAULINO ROCHA, ;, ; ;;;Colisão;Anoitecer;;;Meio de Quadra;;Longo da via;0;1;0;0;0;0;0;0;0;0;0;0;0;(0 0);
355846;2020-03-11 15:56:00;AVENIDA ROGACIANO LEITE, 1040;, ; 1040;;;Colisão;Luz do Dia;Bom;Seca;Meio de Quadra;Não Há Controle;Longo da via;0;2;1;1;1;0;0;0;0;0;0;0;0;(-38.49672 -3.76687);
357082;2020-03-11 15:49:00;AVENIDA E CJ CEARA, 297;, ; 297;;;Queda;Luz do Dia;;;Meio de Quadra;;Longo da via;0;1;0;1;0;0;0;0;0;0;0;0;0;(-38.606621 -3.759055);
357071;2020-03-11 15:43:00;AVENIDA SEN VIRGILIO TAVORA, ;AVENIDA SANTOS DUMONT, ; ;;;Colisão;Luz do Dia;;;Cruz;Semáforo;Cruzamento;0;2;0;1;1;0;0;0;0;0;0;0;0;(-38.493482 -3.737828);
355845;2020-03-11 12:48:00;RUA TOMAS ACIOLI, ;RUA DR JOSE LOURENCO, ; ;;;Colisão Transversal;Luz do Dia;Bom;Seca;Cruz;Pare;Cruzamento;0;0;2;0;2;0;0;0;0;0;0;0;0;(-38.510934 -3.744447);