COD_ACIDENTE;DATA;LOG1;LOG2;NUMERO;BAIRRO;AMC;NATUREZA;ILUMINACAO;TEMPO;SUPERFICIEPISTA;TIPOCRUZAMENTO;CONTROLETRAFEGO;USOSOLO;MORTOS;FERIDOS;ILESOS;MOTOCICLETA;AUTOMOVEL;MICROONIBUS;CAMINHAO;ONIBUS;CICLOMOTOR;BICICLETA;OUTROS;TREM;TRACAOANIMAL;COORDENADAS
357070;2020-03-11 11:38:00;AVENIDA GAL OSORIO DE PAIVA, 2435;, ; 2435;;;Colisão;Luz do Dia;;;Meio de Quadra;;Longo da via;0;2;0;1;1;0;0;0;0;0;0;0;0;(-38.58462 -3.786971);
357069;2020-03-11 11:34:00;RUA ANTONIO FURTADO, 402;, ; 402;;;Atropelamento;Luz do Dia;;;Meio de Quadra;;Longo da via;0;2;0;1;0;0;0;0;0;0;0;0;0;(-38.5138055 -3.75171236);
357067;2020-03-11 11:08:00;AVENIDA WASHINGTON SOARES, 1010;, ; 1010;;;Colisão;Luz do Dia;;;Meio de Quadra;;Longo da via;0;1;0;0;0;0;0;0;0;0;0;0;0;(-38.482676 -3.7636995);
357060;2020-03-11 10:34:00;AVENIDA ALBERTO CRAVEIRO, 822;, ; 822;;;Colisão;Luz do Dia;;;Meio de Quadra;;Longo da via;0;2;0;2;0;0;0;0;0;0;0;0;0;(-38.51701 -3.784785);
357058;2020-03-11 08:47:00;RUA BARRA NOVA, 106;, ; 106;;;Atropelamento;Luz do Dia;;;Meio de Quadra;;Longo da via;0;1;1;1;0;0;0;0;0;0;0;0;0;(-38.5059094 -3.78573877);
356698;2020-03-11 08:40:00;RD BR 116, 5000;, ; 5000;;;Queda;Luz do Dia;Chuva;Molhada;Meio de Quadra;;Longo da via;0;1;2;1;1;0;0;0;0;0;0;0;0;(-38.506787 -3.796502);
357051;2020-03-11 07:59:00;AVENIDA PRS CASTELO BRANCO, 357;, ; 357;;;Colisão;Luz do Dia;;;Meio de Quadra;;Longo da via;0;2;0;2;0;0;0;0;0;0;0;0;0;(-38.531390442 -3.719811122);
357050;2020-03-11 07:07:00;RUA AZEVEDO BOLAO, 2661;, ; 2661;;;Colisão;Luz do Dia;;;Meio de Quadra;;Longo da via;0;2;0;1;1;0;0;0;0;0;0;0;0;(-38.56846 -3.73883);
355984;2020-03-11 06:00:00;ROD CE 010, ;, ; ;;;Choque c/ Obstáculo Fixo;Luz do Dia;;Molhada;Meio de Quadra;;Longo da via;0;1;0;0;1;0;0;0;0;0;0;0;0;(0 0);
357043;2020-03-10 22:57:00;AVENIDA JOVITA FEITOSA, 2214;, ; 2214;;;Queda;;;;Meio de Quadra;;Longo da via;0;2;0;1;0;0;0;0;0;0;0;0;0;(-38.55737951 -3.740029585);
357037;2020-03-10 21:21:00;AVENIDA WASHINGTON SOARES, ;, ; ;;;Queda;;;;Meio de Quadra;;Longo da via;0;1;0;0;0;0;0;0;0;1;0;0;0;(0 0);
357035;2020-03-10 21:04:00;RUA ENG LUIS MONTENEGRO, 300;, ; 300;;;Colisão;;;;Meio de Quadra;;Longo da via;0;2;0;2;0;0;0;0;0;0;0;0;0;(-38.6150737 -3.8149865);
357034;2020-03-10 20:40:00;AVENIDA PERIMETRAL, ;, ; ;;;Colisão;;;;Meio de Quadra;;Longo da via;0;1;0;0;0;0;0;0;0;0;0;0;0;(0 0);
355844;2020-03-10 20:19:00;RUA CEL JOAQUIM FRANKLIN, ;RUA DR VALE COSTA, ; ;;;Colisão Lateral;Anoitecer;Bom;Seca;Cruz;Não Há Controle;Cruzamento;0;1;1;1;0;1;0;0;0;0;0;0;0;(-38.588899 -3.74259);
355962;2020-03-10 20:00:00;RUA JOAO CARVALHO, ;RUA MON BRUNO, ; ;;;Colisão Transversal;Anoitecer;Bom;Seca;Cruz;Pare;Cruzamento;0;1;1;1;1;0;0;0;0;0;0;0;0;(-38.510792 -3.736585);
356697;2020-03-10 19:50:00;RD BR 116, 6000;, ; 6000;;;Colisão Traseira;;;Seca;Meio de Quadra;;Longo da via;0;1;1;0;2;0;0;0;0;0;0;0;0;(-38.503053 -3.804691);
357032;2020-03-10 19:18:00;RUA CEL VIRGILIO NOGUEIRA (BOM JARDIM), 916;, ; 916;;;Atropelamento;;;;Meio de Quadra;;Longo da via;0;2;1;1;0;0;0;0;0;0;0;0;0;(-38.60961 -3.79128);
355843;2020-03-10 18:44:00;AVENIDA HIS RAIMUNDO GIRAO, ;RUA GONCALVES LEDO, ; ;;;Colisão;Via Iluminada;Bom;Seca;T;Pare;Cruzamento;0;1;1;1;1;0;0;0;0;0;0;0;0;(-38.512801 -3.720592);
357030;2020-03-10 18:31:00;AVENIDA PERIMETRAL, 1313;, ; 1313;;;Atropelamento;;;;Meio de Quadra;;Longo da via;0;2;0;1;0;0;0;0;0;0;0;0;0;(0 0);
357029;2020-03-10 18:16:00;AVENIDA SEN FERNANDES TAVORA, 3211;, ; 3211;;;Queda;Anoitecer;;;Meio de Quadra;;Longo da via;0;1;0;1;0;0;0;0;0;0;0;0;0;(-38.600854 -3.754652);
357024;2020-03-10 18:14:00;RUA JOSE SETUBAL PESSOA, 396;, ; 396;;;Queda;Anoitecer;;;Meio de Quadra;;Longo da via;0;1;0;1;0;0;0;0;0;0;0;0;0;(-38.47103 -3.72169);
357020;2020-03-10 15:54:00;RUA CAP OLAVO, 193;, ; 193;;;Atropelamento;Luz do Dia;;;Meio de Quadra;;Longo da via;0;2;0;1;0;0;0;0;0;0;0;0;0;(-38.5161716 -3.763851);
357018;2020-03-10 15:34:00;AVENIDA VIS RIO BRANCO, ;, ; ;;;Colisão;Luz do Dia;;;Meio de Quadra;;Longo da via;0;2;0;1;1;0;0;0;0;0;0;0;0;(0 0);
356868;2020-03-10 14:26:00;RUA DA SAUDADE (MONTESE), 254;, ; 254;;;Colisão;Luz do Dia;;;Meio de Quadra;;Longo da via;0;1;0;0;0;0;0;0;0;0;0;0;0;(-38.5447465 -3.77005283);
355842;2020-03-10 13:10:00;RUA MANUEL MONTEIRO, ;RUA JOAO LEONEL, ; ;;;Colisão Transversal;Luz do Dia;Bom;Seca;Cruz;Pare;Cruzamento;0;0;2;0;2;0;0;0;0;0;0;0;0;(-38.49443 -3.7989);
356867;2020-03-10 12:44:00;RUA ANGELICA GURGEL, ;RUA STA ROSALIA, ; ;;;Colisão;Luz do Dia;;;Cruz;Não Há Controle;Cruzamento;0;2;0;1;1;0;0;0;0;0;0;0;0;(-38.499043 -3.833305);
355841;2020-03-10 12:30:00;RUA MAXIMO LINHARES, ;RUA BOTELHO MAGALHAES, ; ;;;Colisão;Luz do Dia;Bom;Seca;Cruz;Pare;Cruzamento;0;2;0;1;1;0;0;0;0;0;0;0;0;(-38.491474 -3.798941);
357015;2020-03-10 11:41:00;AVENIDA PERIMETRAL, ;, ; ;;;Atropelamento;Luz do Dia;;;Meio de Quadra;;Longo da via;0;2;0;1;0;0;0;0;0;0;0;0;0;(0 0);
357013;2020-03-10 11:10:00;RUA GUSTAVO SAMPAIO, 2011;, ; 2011;;;Colisão;Luz do Dia;;;Meio de Quadra;;Longo da via;0;2;0;1;1;0;0;0;0;0;0;0;0;(-38.562743 -3.73656);
355840;2020-03-10 09:32:00;RUA JAIME BENEVOLO, ;RUA SALDANHA MARINHO, ; ;;;Colisão;Luz do Dia;Bom;Seca;Cruz;Semáforo;Cruzamento;0;3;0;0;0;1;0;0;0;0;0;0;0;(-38.528994 -3.743046);
357010;2020-03-10 07:46:00;AVENIDA PAISAGISTICA, ;, ; ;;;Colisão;Luz do Dia;;;Meio de Quadra;;Longo da via;0;2;0;1;1;0;0;0;0;0;0;0;0;(0 0);
357007;2020-03-10 06:35:00;AVENIDA PRS CASTELO BRANCO, ;, ; ;;;Colisão;Luz do Dia;;;Meio de Quadra;;Longo da via;0;2;0;1;1;0;0;0;0;0;0;0;0;(0 0);
355839;2020-03-10 06:00:00;RUA ANTONIO NERY, ;RUA OLIVEIRA SOBRINHO, ; ;;;Colisão Lateral;Luz do Dia;Bom;Seca;Cruz;Pare;Cruzamento;0;1;1;1;1;0;0;0;0;0;0;0;0;(-38.600388 -3.778827);
357005;2020-03-09 20:42:00;AVENIDA SEN VIRGILIO TAVORA, ;AVENIDA DOM LUIS, ; ;;;Queda;;;;Cruz;Semáforo;Cruzamento;0;1;0;1;0;0;0;0;0;0;0;0;0;(-38.492507 -3.734829);
355959;2020-03-09 20:00:00;RUA ALBERTO DE OLIVEIRA, ;, ; ;;;Colisão Lateral;Via Iluminada;Bom;Seca;Meio de Quadra;;Longo da via;0;2;0;1;1;0;0;0;0;0;0;0;0;(0 0);
357003;2020-03-09 19:46:00;AVENIDA CASTELO DE CASTRO, 1186;, ; 1186;;;Colisão;;;;Meio de Quadra;;Longo da via;0;2;0;1;1;0;0;0;0;0;0;0;0;(-38.52176432 -3.839579806);
356999;2020-03-09 19:38:00;RUA DR JOSE ROBERTO SALES, 117;, ; 117;;;Queda;;;;Meio de Quadra;;Longo da via;0;1;0;0;0;0;0;0;0;1;0;0;0;(-38.57747 -3.69752);
356998;2020-03-09 19:33:00;AVENIDA FRANCISCO SA, ;, ; ;;;Colisão;;;;Meio de Quadra;;Longo da via;0;2;0;1;1;0;0;0;0;0;0;0;0;(0 0);
355983;2020-03-09 19:30:00;AVENIDA SEN CARLOS JEREISSATI (AEROPORTO), ;, ; ;;;Colisão;;;Seca;Meio de Quadra;;Longo da via;0;2;0;0;2;0;0;0;0;0;0;0;0;(-38.52685 -3.783753);
356994;2020-03-09 18:54:00;RUA SENA MADUREIRA, ;, ; ;;;Atropelamento;;;;Meio de Quadra;;Longo da via;0;2;0;1;0;0;0;0;0;0;0;0;0;(0 0);
356992;2020-03-09 18:28:00;AVENIDA SGT HERMINIO SAMPAIO, ;, ; ;;;Colisão;Anoitecer;;;Meio de Quadra;;Longo da via;0;2;0;1;1;0;0;0;0;0;0;0;0;(0 0);
356991;2020-03-09 17:55:00;AVENIDA PERIMETRAL, 205;, ; 205;;;Atropelamento;Anoitecer;;;Meio de Quadra;;Longo da via;0;2;1;0;1;0;0;0;0;0;0;0;0;(0 0);
356990;2020-03-09 17:42:00;RUA BERNARDO MANUEL, 10580;, ; 10580;;;Queda;Anoitecer;;;Meio de Quadra;;Longo da via;0;1;0;1;0;0;0;0;0;0;0;0;0;(-38.5553682 -3.81175692);
355837;2020-03-09 16:42:00;AVENIDA ALBERTO NEPOMUCENO, 199;, ; 199;;;Não informado;Luz do Dia;Bom;Seca;Meio de Quadra;Semáforo;Longo da via;0;1;1;1;1;0;0;0;0;0;0;0;0;(-38.524376 -3.7234793);
356989;2020-03-09 16:32:00;AVENIDA PRS COSTA E SILVA, ;, ; ;;;Queda;Luz do Dia;;;Meio de Quadra;;Longo da via;0;1;0;0;0;0;0;0;0;1;0;0;0;(0 0);
356988;2020-03-09 16:24:00;AVENIDA BENJAMIM BRASIL, 1685;, ; 1685;;;Atropelamento;Luz do Dia;;;Meio de Quadra;;Longo da via;0;1;1;0;0;0;0;0;0;1;0;0;0;(-38.56081148 -3.807078933);
356987;2020-03-09 16:15:00;RUA BARRA MANSA, 401;, ; 401;;;Queda;Luz do Dia;;;Meio de Quadra;;Longo da via;0;1;0;1;0;0;0;0;0;0;0;0;0;(-38.612501 -3.795325);
356985;2020-03-09 15:56:00;AVENIDA SIQUEIRA CAMPOS, ;, ; ;;;Queda;Luz do Dia;;;Meio de Quadra;;Longo da via;0;1;0;0;0;0;0;0;0;1;0;0;0;(0 0);
355836;2020-03-09 15:38:00;RUA PDE VALDEVINO, 838;RUA ANTONIO AUGUSTO, ; 838;;;Colisão Transversal;Luz do Dia;Bom;Seca;Cruz;Pare;Cruzamento;0;1;1;0;2;0;0;0;0;0;0;0;0;(-38.516489 -3.739239);
355982;2020-03-09 15:35:00;AVENIDA SEN CARLOS JEREISSATI (AEROPORTO), ;, ; ;;;Colisão;Luz do Dia;;Seca;Meio de Quadra;;Longo da via;0;2;0;0;2;0;0;0;0;0;0;0;0;(-38.544038 -3.779641);
356982;2020-03-09 14:31:00;RUA CAP BRASIL, 665;, ; 665;;;Atropelamento;Luz do Dia;;;Meio de Quadra;;Longo da via;0;2;0;1;0;0;0;0;0;0;0;0;0;(-38.58618 -3.73798);
356674;2020-03-09 14:00:00;RD BR 116, ;, ; ;;;Colisão Traseira;Luz do Dia;Bom;Seca;Meio de Quadra;;Longo da via;0;1;1;1;1;0;0;0;0;0;0;0;0;(-38.51678 -3.771391);
356979;2020-03-09 13:46:00;AVENIDA DEP PAULINO ROCHA, 1901;, ; 1901;;;Colisão;Luz do Dia;;;Meio de Quadra;;Longo da via;0;2;0;1;1;0;0;0;0;0;0;0;0;(-38.51469325 -3.811296657);
356866;2020-03-09 13:30:00;RUA BENI DE CARVALHO, ;RUA LEONARDO MOTA, ; ;;;Colisão;Luz do Dia;;;Cruz;Semáforo;Cruzamento;0;2;0;0;0;0;0;0;0;0;0;0;0;(-38.498931 -3.744739);
355834;2020-03-09 13:29:00;AVENIDA ROGACIANO LEITE, ;RUA PDE FRANCISCO PITA, ; ;;;Colisão Traseira;Luz do Dia;Bom;Seca;Cruz;Semáforo;Cruzamento;0;1;1;1;1;0;0;0;0;0;0;0;0;(-38.501766 -3.78096);
356976;2020-03-09 13:26:00;RUA DRACON BARRETO, 528;, ; 528;;;Colisão;Luz do Dia;;;Meio de Quadra;;Longo da via;0;2;0;0;2;0;0;0;0;0;0;0;0;(-38.57913 -3.73426);
356974;2020-03-09 12:29:00;RUA VALDEMAR FIGUEIREDO, ;, ; ;;;Queda;Luz do Dia;;;Meio de Quadra;;Longo da via;0;1;0;1;0;0;0;0;0;0;0;0;0;(0 0);
355835;2020-03-09 11:45:00;RUA POMPILIO GOMES, ;RUA MARIA AMALIA, ; ;;;Colisão Transversal;Luz do Dia;Bom;Seca;Cruz;Semáforo;Cruzamento;1;0;1;2;0;0;0;0;0;0;0;0;0;(-38.520415 -3.812754);
356971;2020-03-09 11:01:00;RUA BOLIVIA, ;RUA VIRIATO RIBEIRO, ; ;;;Colisão;Luz do Dia;;;Cruz;Pare;Cruzamento;0;2;0;1;1;0;0;0;0;0;0;0;0;(-38.566071 -3.745355);
356964;2020-03-09 10:31:00;AVENIDA ROGACIANO LEITE, 2571;, ; 2571;;;Colisão;Luz do Dia;;;Meio de Quadra;;Longo da via;0;2;0;1;1;0;0;0;0;0;0;0;0;(-38.5017169 -3.780771);
356673;2020-03-09 09:50:00;RD BR 222, ;, ; ;;;Tombamento;Luz do Dia;Nublado;Seca;Meio de Quadra;;Longo da via;1;0;1;0;0;0;1;0;0;1;0;0;0;(-38.59594097 -3.740300848);
355792;2020-03-09 09:30:00;RUA BAR AQUIRAZ, ;RUA SERVIDAO, ; ;;;Colisão Lateral;Luz do Dia;Bom;Seca;Y;Não Há Controle;Cruzamento;0;0;2;1;1;0;0;0;0;0;0;0;0;(-38.4754 -3.85033);
356672;2020-03-09 09:00:00;RD BR 116, 14000;, ; 14000;;;Colisão;Luz do Dia;Bom;Molhada;Meio de Quadra;;Longo da via;0;1;1;1;0;0;1;0;0;0;0;0;0;(-38.499242 -3.873523);
356671;2020-03-09 08:10:00;RD BR 116, 3000;, ; 3000;;;Engavetamento;Luz do Dia;Chuva;Molhada;Meio de Quadra;;Longo da via;0;1;2;0;2;0;1;0;0;0;0;0;0;(-38.514372 -3.779838);
356914;2020-03-09 08:10:00;RUA XAVIER DE OLIVEIRA, 276;, ; 276;;;Atropelamento;Luz do Dia;;;Meio de Quadra;;Longo da via;0;2;0;1;0;0;0;0;0;0;0;0;0;(-38.5603543 -3.74724631);
355833;2020-03-09 08:06:00;RUA JOAO CARVALHO, ;RUA JOSE VILAR, ; ;;;Colisão Transversal;Luz do Dia;Chuva;Molhada;Cruz;Semáforo;Cruzamento;0;2;0;1;1;0;0;0;0;0;0;0;0;(-38.505477 -3.738318);
355960;2020-03-09 06:40:00;AVENIDA GODOFREDO MACIEL, 3000;, ; 3000;;;Colisão Traseira;Luz do Dia;Nublado;Seca;Meio de Quadra;Pare;Longo da via;0;1;1;2;0;0;0;0;0;0;0;0;0;(-38.57165256 -3.802020778);
356910;2020-03-09 06:27:00;AVENIDA DOMINGOS OLIMPIO, 247;, ; 247;;;Queda;Luz do Dia;;;Meio de Quadra;;Longo da via;0;1;0;1;0;0;0;0;0;0;0;0;0;(-38.527245 -3.73778);
356908;2020-03-09 05:30:00;RUA ALBERTO MAGNO, ;RUA ELVIRA PINHO, ; ;;;Colisão;Amanhecer;;;Cruz;Semáforo;Cruzamento;0;3;0;1;1;0;0;0;0;0;0;0;0;(-38.552656 -3.768489);
355832;2020-03-09 01:20:00;AVENIDA GOV PARSIFAL BARROSO, 600;, ; 600;;;Não informado;Via Iluminada;Bom;Seca;;;Longo da via;0;2;0;1;1;0;0;0;0;0;0;0;0;(-38.569115 -3.730889);
357685;2020-03-08 23:35:00;ALAMEDA OXALA, 456;, ; 456;;;Outros;;;;Meio de Quadra;;Longo da via;0;1;0;0;0;0;0;0;0;1;0;0;0;(-38.5574872 -3.77848704);
357684;2020-03-08 23:22:00;RUA BAR RIO BRANCO, ;, ; ;;;Colisão;;;;Meio de Quadra;;Longo da via;0;1;0;1;1;0;0;0;0;0;0;0;0;(0 0);
357683;2020-03-08 23:10:00;AVENIDA DR THEBERGE, ;, ; ;;;Colisão;;;;Meio de Quadra;;Longo da via;0;1;0;1;1;0;0;0;0;0;0;0;0;(0 0);
357682;2020-03-08 22:44:00;AVENIDA JOR JOAO RAMOS, ;, ; ;;;Colisão;;;;Meio de Quadra;;Longo da via;0;1;0;0;2;0;0;0;0;0;0;0;0;(0 0);
357681;2020-03-08 22:19:00;RUA FERREIRA LIMA, ;, ; ;;;Queda;;;;Meio de Quadra;;Longo da via;0;1;0;1;0;0;0;0;0;0;0;0;0;(0 0);
357680;2020-03-08 21:53:00;RUA HENRIQUE DE CASTRO, 43;, ; 43;;;Colisão;;;;Meio de Quadra;;Longo da via;0;1;0;1;1;0;0;0;0;0;0;0;0;(-38.50194704 -3.776779038);
357679;2020-03-08 21:26:00;AVENIDA E CJ CEARA, 103;, ; 103;;;Atropelamento;;;;Meio de Quadra;;Longo da via;0;1;0;0;1;0;0;0;0;0;0;0;0;(-38.604807 -3.759722);
357678;2020-03-08 20:54:00;AVENIDA PRS CASTELO BRANCO, ;, ; ;;;Atropelamento;;;;Meio de Quadra;;Longo da via;0;1;0;0;0;0;0;0;0;0;0;0;0;(0 0);
357677;2020-03-08 20:41:00;AVENIDA DR SILAS MUNGUBA, 3850;, ; 3850;;;Colisão;;;;Meio de Quadra;;Longo da via;0;1;0;1;1;0;0;0;0;0;0;0;0;(-38.539291 -3.790736);
357676;2020-03-08 20:34:00;RUA STA ELISA D21, 1129;, ; 1129;;;Choque c/ Obstáculo Fixo;;;;Meio de Quadra;;Longo da via;0;1;0;1;1;0;0;0;0;0;0;0;0;(-38.5625598 -3.70533595);
357675;2020-03-08 20:17:00;RUA PROF. MANOEL LOURENCO, 95;, ; 95;;;Atropelamento;;;;Meio de Quadra;;Longo da via;0;1;0;1;0;0;0;0;0;0;0;0;0;(-38.469443 -3.8085872);
357674;2020-03-08 19:47:00;RUA ALUISIO AZEVEDO, 853;, ; 853;;;Atropelamento;;;;Meio de Quadra;;Longo da via;0;1;0;0;1;0;0;0;0;0;0;0;0;(-38.580125 -3.76970881);
357673;2020-03-08 19:32:00;RUA TEODOMIRO DE CASTRO, 4342;, ; 4342;;;Atropelamento;;;;Meio de Quadra;;Longo da via;0;1;0;0;1;0;0;0;0;0;0;0;0;(-38.57202 -3.71887);
357672;2020-03-08 19:30:00;RD CE-040, ;, ; ;;;Queda;;;;Meio de Quadra;;Longo da via;0;1;0;1;0;0;0;0;0;0;0;0;0;(0 0);
357671;2020-03-08 19:25:00;AVENIDA SGT HERMINIO SAMPAIO, 2500;, ; 2500;;;Colisão;;;;Meio de Quadra;;Longo da via;0;1;0;1;1;0;0;0;0;0;0;0;0;(-38.562752 -3.726761);
357670;2020-03-08 19:23:00;RUA CESAR FONTENELE, 18;, ; 18;;;Queda;;;;Meio de Quadra;;Longo da via;0;1;0;1;0;0;0;0;0;0;0;0;0;(-38.55673096 -3.74591468);
357669;2020-03-08 18:25:00;RUA PRIMEIRO DE MAIO D34, 3268;, ; 3268;;;Colisão;Anoitecer;;;Meio de Quadra;;Longo da via;0;1;0;0;0;0;0;0;0;0;0;0;0;(-38.6098128 -3.7768033);
357668;2020-03-08 18:15:00;RUA ECA DE QUEIROZ, 503;, ; 503;;;Colisão;Anoitecer;;;Meio de Quadra;;Longo da via;0;1;0;1;1;0;0;0;0;0;0;0;0;(-38.5827694 -3.78704812);
355831;2020-03-08 17:40:00;TRAVESSA GUILHERME ROCHA, ;RUA COS ESTELITA, ; ;;;Colisão Transversal;Anoitecer;Bom;Seca;Cruz;Pare;Cruzamento;0;1;1;1;1;0;0;0;0;0;0;0;0;(-38.53919 -3.72335);
357667;2020-03-08 17:38:00;RUA GUILHERME ROCHA, 1503;, ; 1503;;;Colisão;Anoitecer;;;Meio de Quadra;;Longo da via;0;1;0;1;1;0;0;0;0;0;0;0;0;(-38.539256 -3.723325);
357666;2020-03-08 17:07:00;RUA GERMANO FRANCK, 767;, ; 767;;;Colisão;Anoitecer;;;Meio de Quadra;;Longo da via;0;1;0;1;1;0;0;0;0;0;0;0;0;(-38.56279954 -3.777920652);
357665;2020-03-08 16:57:00;RUA TAUBATE, ;RUA CEL FABRICIANO, ; ;;;Colisão;Luz do Dia;;;;;Cruzamento;0;1;0;0;0;0;0;0;0;0;0;0;0;(-38.599911 -3.784996);
357664;2020-03-08 16:30:00;RUA SGT JOAO PINHEIRO, ;, ; ;;;Atropelamento;Luz do Dia;;;Meio de Quadra;;Longo da via;0;1;0;1;0;0;0;0;0;0;0;0;0;(0 0);
357663;2020-03-08 16:16:00;AVENIDA JOR THOMAZ COELHO, ;, ; ;;;Colisão;Luz do Dia;;;Meio de Quadra;;Longo da via;0;1;0;1;1;0;0;0;0;0;0;0;0;(0 0);
356864;2020-03-08 16:00:00;RUA ANA BILHAR, ;, ; ;;;Colisão;Luz do Dia;;;Meio de Quadra;;Longo da via;0;1;0;0;0;0;0;0;0;0;0;0;0;(0 0);
356859;2020-03-08 15:00:00;AVENIDA PRS CASTELO BRANCO, ;, ; ;;;Colisão;Luz do Dia;;;Meio de Quadra;;Longo da via;0;2;0;0;1;0;0;1;0;0;0;0;0;(0 0);
357662;2020-03-08 14:36:00;RUA MARIA GOMES DE SA, ;RUA AURELIANO LEAL, ; ;;;Colisão;Luz do Dia;;;Cruz;Pare;Cruzamento;0;1;0;1;1;0;0;0;0;0;0;0;0;(-38.584124 -3.823255);
355830;2020-03-08 14:00:00;RUA MARIA GOMES DE SA, ;RUA AURELIANO LEAL, ; ;;;Não informado;Luz do Dia;Bom;Seca;Cruz;Pare;Cruzamento;0;1;0;1;1;0;0;0;0;0;0;0;0;(-38.584124 -3.823255);
357661;2020-03-08 13:19:00;AVENIDA ODILON GUIMARAES, 4060;, ; 4060;;;Queda;Luz do Dia;;;Meio de Quadra;;Longo da via;0;1;0;0;0;0;0;0;0;1;0;0;0;(-38.464646 -3.81339);
357660;2020-03-08 11:07:00;AVENIDA ZEZE DIOGO, 3125;, ; 3125;;;Atropelamento;Luz do Dia;;;Meio de Quadra;;Longo da via;0;1;0;1;0;0;0;0;0;0;0;0;0;(-38.45607 -3.734264);
357659;2020-03-08 10:49:00;AVENIDA A CJ CEARA, 855;, ; 855;;;Colisão;Luz do Dia;;;Meio de Quadra;;Longo da via;0;1;0;0;0;0;0;0;0;0;1;0;0;(-38.4751689 -3.7839728);
357658;2020-03-08 09:19:00;RUA PDE FRANCISCO PITA, 1213;, ; 1213;;;Queda;Luz do Dia;;;Meio de Quadra;;Longo da via;0;1;0;1;0;0;0;0;0;0;0;0;0;(-38.494869 -3.783004);
357657;2020-03-08 09:13:00;AVENIDA ALM HENRIQUE SABOIA, 827;, ; 827;;;Queda;Luz do Dia;;;Meio de Quadra;;Longo da via;0;1;0;1;0;0;0;0;0;0;0;0;0;(-38.48029 -3.72781);
357656;2020-03-08 08:43:00;AVENIDA BEZERRA DE MENEZES, 2275;, ; 2275;;;Queda;Luz do Dia;;;Meio de Quadra;;Longo da via;0;1;0;0;0;0;0;0;0;1;0;0;0;(-38.565167 -3.735828);
356865;2020-03-08 07:10:00;AVENIDA JOR THOMAZ COELHO, ;, ; ;;;Colisão;Luz do Dia;;;Meio de Quadra;;Longo da via;0;1;0;0;0;0;0;0;0;0;0;0;0;(0 0);
357655;2020-03-08 07:04:00;AVENIDA PONTES VIEIRA, ;AVENIDA SEN VIRGILIO TAVORA, ; ;;;Colisão;Luz do Dia;;;T;Semáforo;Cruzamento;0;1;0;1;1;0;0;0;0;0;0;0;0;(-38.497652 -3.750886);
355829;2020-03-08 07:00:00;RUA EDUARDO BEZERRA, ;RUA CAP MELO, ; ;;;Colisão Frontal;Luz do Dia;Bom;Seca;Cruz;Semáforo;Cruzamento;0;1;1;1;1;0;0;0;0;0;0;0;0;(-38.513607 -3.753803);
357654;2020-03-08 06:50:00;AVENIDA PRO GOMES DE MATOS, ;RUA SATIRO DIAS, ; ;;;Colisão;Luz do Dia;;;Cruz;Semáforo;Cruzamento;0;1;1;0;1;0;0;0;0;1;0;0;0;(-38.546868 -3.762623);
357653;2020-03-08 06:23:00;AVENIDA DR ALDY MENTOR, ;, ; ;;;Colisão;Luz do Dia;;;Meio de Quadra;;Longo da via;0;1;0;0;0;0;0;0;0;0;0;0;0;(0 0);
355977;2020-03-08 05:50:00;RD CE-040, ;, ; ;;;Colisão;Amanhecer;;Seca;Meio de Quadra;;Longo da via;0;2;0;0;1;0;0;1;0;0;0;0;0;(-38.4817994 -3.773616148);
357652;2020-03-08 03:29:00;RUA JOSE TORRES, 1228;, ; 1228;;;Queda;;;;Meio de Quadra;;Longo da via;0;1;0;1;0;0;0;0;0;0;0;0;0;(-38.60795 -3.78192);
355828;2020-03-08 01:46:00;RUA BENTO ALBUQUERQUE, ;RUA DR RIBAMAR LOBO, ; ;;;Colisão;Via Iluminada;Bom;Seca;Cruz;Pare;Cruzamento;0;2;0;1;1;0;0;0;0;0;0;0;0;(-38.468613 -3.748422);
357651;2020-03-08 01:36:00;RUA JOSE HIPOLITO, 1460;, ; 1460;;;Colisão;;;;Meio de Quadra;;Longo da via;0;1;0;0;0;0;0;0;0;0;0;0;0;(-38.4816935 -3.8379585);
357650;2020-03-08 00:14:00;RUA EMILIO DE MENESES, 2345;, ; 2345;;;Queda;;;;Meio de Quadra;;Longo da via;0;1;0;1;0;0;0;0;0;0;0;0;0;(-38.601974 -3.777652);
357649;2020-03-07 23:58:00;RUA RIO ARAGUAIA, 419;, ; 419;;;Atropelamento;;;;Meio de Quadra;;Longo da via;0;1;0;1;0;0;0;0;0;0;0;0;0;(-38.5816646 -3.7205753);
356856;2020-03-07 23:15:00;AVENIDA GAL OSORIO DE PAIVA, 5081;, ; 5081;;;Colisão;Luz do Dia;;;Meio de Quadra;;Longo da via;0;2;0;0;2;0;0;0;0;0;0;0;0;(-38.600217 -3.802827);
357648;2020-03-07 23:09:00;RUA PDE PEDRO DE ALENCAR, 523;, ; 523;;;Colisão;;;;Meio de Quadra;;Longo da via;0;2;0;1;1;0;0;0;0;0;0;0;0;(-38.494025 -3.832658);
357647;2020-03-07 22:20:00;AVENIDA PRS COSTA E SILVA, 761;, ; 761;;;Colisão;;;;Meio de Quadra;;Longo da via;0;1;0;1;1;0;0;0;0;0;0;0;0;(-38.57277463 -3.812467125);
357646;2020-03-07 22:12:00;AVENIDA GAL OSORIO DE PAIVA, 5281;, ; 5281;;;Colisão;;;;Meio de Quadra;;Longo da via;0;1;0;2;0;0;0;0;0;0;0;0;0;(-38.60112288 -3.803736625);