COD_ACIDENTE;DATA;LOG1;LOG2;NUMERO;BAIRRO;AMC;NATUREZA;ILUMINACAO;TEMPO;SUPERFICIEPISTA;TIPOCRUZAMENTO;CONTROLETRAFEGO;USOSOLO;MORTOS;FERIDOS;ILESOS;MOTOCICLETA;AUTOMOVEL;MICROONIBUS;CAMINHAO;ONIBUS;CICLOMOTOR;BICICLETA;OUTROS;TREM;TRACAOANIMAL;COORDENADAS
357645;2020-03-07 21:36:00;RUA JOSE MENDONCA, 1070;, ; 1070;;;Colisão;;;;Meio de Quadra;;Longo da via;0;1;1;0;1;0;0;0;0;1;0;0;0;(-38.60168 -3.75465);
357644;2020-03-07 21:35:00;RUA DR RIBAMAR LOBO, ;RUA BENTO ALBUQUERQUE, ; ;;;Colisão;;;;Cruz;Pare;Cruzamento;0;1;0;1;1;0;0;0;0;0;0;0;0;(-38.468613 -3.748422);
357643;2020-03-07 20:19:00;AVENIDA L CJ JOSE WALTER, 1310;, ; 1310;;;Queda;;;;Meio de Quadra;;Longo da via;0;1;0;0;0;0;0;0;0;1;0;0;0;(-38.5590517 -3.83616875);
357642;2020-03-07 20:10:00;RUA NAT FEIJO, 466;, ; 466;;;Colisão;;;;Meio de Quadra;;Longo da via;0;1;0;0;0;0;0;0;0;0;1;0;0;(-38.553137 -3.722291);
355827;2020-03-07 20:08:00;RUA TEODOMIRO DE CASTRO, 6264;, ; 6264;;;Colisão Lateral;Via Iluminada;Bom;Seca;Meio de Quadra;Gesto;Longo da via;0;0;2;0;2;0;0;0;0;0;0;0;0;(-38.5762775 -3.71705237);
357641;2020-03-07 19:42:00;RUA SAO FRANCISCO D34, 341;, ; 341;;;Colisão;;;;Meio de Quadra;;Longo da via;1;1;0;2;0;0;0;0;0;0;0;0;0;(-38.600437 -3.799123);
357640;2020-03-07 19:07:00;RUA SEN POMPEU, 2379;, ; 2379;;;Colisão;;;;Meio de Quadra;;Longo da via;0;1;0;2;0;0;0;0;0;0;0;0;0;(-38.533382 -3.739312);
357639;2020-03-07 18:52:00;RUA DO MERCADO, 112;, ; 112;;;Atropelamento;;;;Meio de Quadra;;Longo da via;0;1;0;1;0;0;0;0;0;0;0;0;0;(-38.5090372 -3.78153986);
355790;2020-03-07 18:30:00;RUA FRE MANSUETO, ;RUA REPUBLICA DO LIBANO, ; ;;;Colisão Transversal;Anoitecer;Bom;Seca;Cruz;Pare;Cruzamento;0;2;0;1;1;0;0;0;0;0;0;0;0;(-38.488729 -3.733732);
357638;2020-03-07 17:35:00;AVENIDA FRANCISCO SA, 3064;, ; 3064;;;Colisão;Anoitecer;;;Meio de Quadra;;Longo da via;0;1;0;0;0;0;0;0;0;0;0;0;0;(-38.5536646 -3.71863489);
357637;2020-03-07 17:26:00;RUA JAIME BENEVOLO, 985;, ; 985;;;Colisão;Anoitecer;;;Meio de Quadra;;Longo da via;0;1;0;1;1;0;0;0;0;0;0;0;0;(-38.528298 -3.740955);
357636;2020-03-07 17:12:00;RUA TEN NICOLAU, 529;, ; 529;;;Colisão;Anoitecer;;;Meio de Quadra;;Longo da via;0;1;0;1;1;0;0;0;0;0;0;0;0;(-38.5049396 -3.7891363);
355976;2020-03-07 16:40:00;AVENIDA SEN CARLOS JEREISSATI (AEROPORTO), ;, ; ;;;Colisão;Luz do Dia;;Seca;Meio de Quadra;;Longo da via;0;2;0;0;1;0;1;0;0;0;0;0;0;(0 0);
357635;2020-03-07 16:14:00;AVENIDA PERIMETRAL, 121;, ; 121;;;Colisão;Luz do Dia;;;Meio de Quadra;;Longo da via;0;1;0;0;0;0;0;0;0;0;0;0;0;(0 0);
357632;2020-03-07 16:06:00;AVENIDA CAP WALDEMAR PAULA LIMA, 468;, ; 468;;;Colisão;Luz do Dia;;;Meio de Quadra;;Longo da via;0;1;0;0;0;0;0;0;0;0;0;0;0;(-38.50753 -3.8173);
357624;2020-03-07 15:17:00;AVENIDA SEN CARLOS JEREISSATI (AEROPORTO), 570;, ; 570;;;Colisão;Luz do Dia;;;Meio de Quadra;;Longo da via;0;2;0;0;0;0;0;0;0;0;0;0;0;(-38.52295 -3.78329);
357623;2020-03-07 15:16:00;RD BR 116, ;, ; ;;;Colisão;Luz do Dia;;;Meio de Quadra;;Longo da via;0;1;0;1;1;0;0;0;0;0;0;0;0;(0 0);
357622;2020-03-07 14:03:00;RUA PDE PEDRO DE ALENCAR, 1408;, ; 1408;;;Queda;Luz do Dia;;;Meio de Quadra;;Longo da via;0;1;0;1;0;0;0;0;0;0;0;0;0;(-38.49426884 -3.840408467);
357621;2020-03-07 13:54:00;RUA ANTERO QUENTAL, 100;, ; 100;;;Atropelamento;Luz do Dia;;;Meio de Quadra;;Longo da via;0;1;0;0;1;0;0;0;0;0;0;0;0;(-38.4927949 -3.8518355);
357620;2020-03-07 13:14:00;RUA MANAUS, ;RUA PRO PAULO LOPES, ; ;;;Colisão;Luz do Dia;;;Cruz;Pare;Cruzamento;0;1;0;1;0;0;1;0;0;0;0;0;0;(-38.591163 -3.753573);
357619;2020-03-07 13:06:00;RUA DAS PEDRINHAS, 175;, ; 175;;;Colisão;Luz do Dia;;;Meio de Quadra;;Longo da via;0;1;0;2;0;0;0;0;0;0;0;0;0;(-38.6008323 -3.76556196);
357618;2020-03-07 12:12:00;AVENIDA FRANCISCO SA, ;RUA ENG JOAO NOGUEIRA, ; ;;;Colisão;Luz do Dia;;;Cruz;Pare;Cruzamento;0;2;0;1;1;0;0;0;0;0;0;0;0;(-38.56405 -3.715147);
357617;2020-03-07 11:28:00;AVENIDA FRANCISCO SA, 5359;, ; 5359;;;Colisão;Luz do Dia;;;Meio de Quadra;;Longo da via;0;2;0;1;0;0;1;0;0;0;0;0;0;(-38.572219 -3.712328);
357616;2020-03-07 10:39:00;AVENIDA ENG HUMBERTO MONTE, 1333;, ; 1333;;;Queda;Luz do Dia;;;Meio de Quadra;;Longo da via;0;1;0;1;0;0;0;0;0;0;0;0;0;(-38.561456 -3.74791);
357615;2020-03-07 10:39:00;AVENIDA ALM HENRIQUE SABOIA, ;, ; ;;;Colisão;Luz do Dia;;;Meio de Quadra;;Longo da via;0;1;0;0;0;0;0;0;0;0;1;0;0;(0 0);
357613;2020-03-07 08:03:00;RUA RAIMUNDO GOMES, ;RUA GEORGE CAVALCANTE, ; ;;;Colisão;Luz do Dia;;;Cruz;Não Há Controle;Cruzamento;0;1;0;1;1;0;0;0;0;0;0;0;0;(-38.590124 -3.714337);
355791;2020-03-07 07:25:00;AVENIDA JOSE TAVARES, 1025;, ; 1025;;;Choque c/ Obstáculo Fixo;Luz do Dia;Chuva;Molhada;Meio de Quadra;Semáforo;Longo da via;1;1;0;1;0;0;0;0;0;0;0;0;0;(-38.598552 -3.812491);
357612;2020-03-07 06:48:00;AVENIDA DES MOREIRA, 1621;, ; 1621;;;Queda;Luz do Dia;;;Meio de Quadra;;Longo da via;0;1;0;1;0;0;0;0;0;0;0;0;0;(-38.49964 -3.74051);
355826;2020-03-07 06:45:00;AVENIDA JOSE LEON, 2216;, ; 2216;;;Colisão;Luz do Dia;Nublado;Seca;Meio de Quadra;Não Há Controle;Longo da via;0;3;0;0;2;0;0;0;0;0;0;0;0;(-38.4917255 -3.79020793);
357611;2020-03-07 06:26:00;RUA DR PAULO SANFORD, 98;, ; 98;;;Atropelamento;Luz do Dia;;;Meio de Quadra;;Longo da via;0;1;0;0;1;0;0;0;0;0;0;0;0;(-38.4745532 -3.78777175);
357610;2020-03-07 06:12:00;AVENIDA CEL CARVALHO, ;, ; ;;;Queda;Luz do Dia;;;Meio de Quadra;;Longo da via;0;1;0;1;0;0;0;0;0;0;0;0;0;(0 0);
357609;2020-03-07 05:57:00;AVENIDA ANTONIO SALES, 645;, ; 645;;;Colisão;Amanhecer;;;Meio de Quadra;;Longo da via;0;1;1;1;1;0;0;0;0;0;0;0;0;(-38.51578 -3.741281);
356670;2020-03-07 03:30:00;RD BR 116, 3000;, ; 3000;;;Capotamento;;Não Informado;Seca;Meio de Quadra;;Longo da via;0;1;0;0;1;0;0;0;0;0;0;0;0;(-38.514372 -3.779838);
357534;2020-03-06 23:53:00;AVENIDA PASTEUR, ;RUA DOM QUINTINO, ; ;;;Atropelamento;;;;Cruz;Pare;Cruzamento;0;1;0;1;0;0;0;0;0;0;0;0;0;(-38.55857 -3.710222);
357532;2020-03-06 23:42:00;AVENIDA AUGUSTO DOS ANJOS, 1531;, ; 1531;;;Atropelamento;;;;Meio de Quadra;;Longo da via;0;1;0;0;1;0;0;0;0;0;0;0;0;(-38.57893 -3.77995);
357531;2020-03-06 23:18:00;RUA JULIO SILVA, 440;, ; 440;;;Queda;;;;Meio de Quadra;;Longo da via;0;1;0;1;0;0;0;0;0;0;0;0;0;(-38.45462 -3.74537);
356855;2020-03-06 23:18:00;AVENIDA GODOFREDO MACIEL, 3512;, ; 3512;;;Colisão;;;;Meio de Quadra;;Longo da via;0;1;0;1;0;0;0;0;0;0;0;0;0;(-38.572804 -3.805722);
357530;2020-03-06 23:00:00;RUA TULIPA NEGRA, 2224;, ; 2224;;;Queda;;;;Meio de Quadra;;Longo da via;0;1;0;1;0;0;0;0;0;0;0;0;0;(-38.5991226 -3.81840861);
355825;2020-03-06 22:18:00;AVENIDA GODOFREDO MACIEL, ;RUA CEL MANUEL ALBANO, ; ;;;Colisão Transversal;Via Iluminada;Bom;Seca;Cruz;Pare;Cruzamento;0;2;0;1;1;0;0;0;0;0;0;0;0;(-38.57278 -3.805644);
357529;2020-03-06 21:48:00;RUA COSME JERONIMO, 1322;, ; 1322;;;Colisão;;;;Meio de Quadra;;Longo da via;0;1;0;2;0;0;0;0;0;0;0;0;0;(-38.58789 -3.82389);
357527;2020-03-06 21:26:00;AVENIDA DR SILAS MUNGUBA, 3674;, ; 3674;;;Queda;;;;Meio de Quadra;;Longo da via;0;1;0;0;0;0;0;0;0;1;0;0;0;(-38.540005 -3.7905228);
357523;2020-03-06 21:24:00;AVENIDA PERIMETRAL, 1722;, ; 1722;;;Colisão;;;;Meio de Quadra;;Longo da via;0;2;0;0;0;0;0;0;0;0;1;0;0;(0 0);
357518;2020-03-06 21:07:00;RUA CON DE CASTRO, 5498;, ; 5498;;;Colisão;;;;Meio de Quadra;;Longo da via;0;1;0;2;0;0;0;0;0;0;0;0;0;(-38.597129 -3.811417);
357515;2020-03-06 20:21:00;RUA GUILHERME ROCHA, 320;, ; 320;;;Queda;;;;Meio de Quadra;;Longo da via;0;1;0;1;0;0;0;0;0;0;0;0;0;(-38.52838 -3.72684);
355824;2020-03-06 20:19:00;AVENIDA ANTONIO SALES, ;RUA J DA PENHA, ; ;;;Colisão Transversal;Via Iluminada;Bom;Seca;Cruz;Gesto;Cruzamento;0;1;1;1;1;0;0;0;0;0;0;0;0;(-38.521352 -3.73954);
355823;2020-03-06 19:47:00;RUA ANTONIO TEIXEIRA LEITE, 673;, ; 673;;;Colisão Lateral;Via Iluminada;Bom;Seca;Meio de Quadra;Não Há Controle;Longo da via;0;0;1;0;1;0;0;0;1;0;0;0;0;(-38.53863 -3.78892);
355822;2020-03-06 19:46:00;RUA SOLON PINHEIRO, ;RUA JOAQUIM MAGALHAES, ; ;;;Colisão Transversal;Via Iluminada;Bom;Seca;Cruz;Gesto;Cruzamento;0;1;1;1;1;0;0;0;0;0;0;0;0;(-38.529352 -3.73949);
357506;2020-03-06 19:25:00;AVENIDA GAL OSORIO DE PAIVA, 1672;, ; 1672;;;Queda;;;;Meio de Quadra;;Longo da via;0;1;0;0;0;0;0;0;0;1;0;0;0;(-38.576828 -3.782196);
357503;2020-03-06 19:25:00;AVENIDA ANTONIO SALES, 554;, ; 554;;;Colisão;;;;Meio de Quadra;;Longo da via;0;1;0;1;1;0;0;0;0;0;0;0;0;(-38.5167654 -3.74098659);
357501;2020-03-06 18:41:00;AVENIDA PERIMETRAL, 3140;, ; 3140;;;Queda;;;;Meio de Quadra;;Longo da via;0;1;0;1;0;0;0;0;0;0;0;0;0;(0 0);
357498;2020-03-06 18:04:00;RUA ANTONIO TEIXEIRA LEITE, 673;, ; 673;;;Colisão;Anoitecer;;;Meio de Quadra;;Longo da via;0;1;0;0;0;0;0;0;0;0;0;0;0;(-38.53863 -3.78892);
357497;2020-03-06 18:02:00;RUA CAETANO XIMENES ARAGAO, 110;, ; 110;;;Colisão;Anoitecer;;;Meio de Quadra;;Longo da via;0;1;0;0;0;0;0;0;0;0;1;0;0;(-38.48229 -3.78334);
357496;2020-03-06 17:57:00;RUA DEMETRIO MENEZES, 3622;, ; 3622;;;Atropelamento;Anoitecer;;;Meio de Quadra;;Longo da via;0;1;0;0;0;0;1;0;0;0;0;0;0;(-38.584166 -3.735123);
357495;2020-03-06 17:49:00;RUA PEREIRA FILGUEIRAS, ;RUA DOM JOAQUIM, ; ;;;Atropelamento;Anoitecer;;;Cruz;Pare;Cruzamento;0;1;0;1;0;0;0;0;0;0;0;0;0;(-38.517098 -3.72699);
357494;2020-03-06 17:42:00;RUA GUSTAVO SAMPAIO, ;RUA AMADEU FURTADO, ; ;;;Colisão;Anoitecer;;;Cruz;Pare;Cruzamento;0;1;0;1;1;0;0;0;0;0;0;0;0;(-38.563828 -3.736786);
357493;2020-03-06 17:32:00;AVENIDA BORGES DE MELO, 1961;, ; 1961;;;Colisão;Anoitecer;;;Meio de Quadra;;Longo da via;0;1;0;1;1;0;0;0;0;0;0;0;0;(-38.535976 -3.754851);
357492;2020-03-06 15:58:00;RUA JULIO SILVA, 440;, ; 440;;;Colisão;Luz do Dia;;;Meio de Quadra;;Longo da via;0;1;1;0;1;0;0;0;0;1;0;0;0;(-38.45462 -3.74537);
357491;2020-03-06 15:57:00;RUA CON DE CASTRO, 3430;, ; 3430;;;Colisão;Luz do Dia;;;Meio de Quadra;;Longo da via;0;1;0;1;0;0;0;0;0;0;0;0;0;(-38.585117 -3.7976265);
357490;2020-03-06 15:53:00;RUA SAO FIDELIS D71, 601;, ; 601;;;Colisão;Luz do Dia;;;Meio de Quadra;;Longo da via;0;1;0;1;1;0;0;0;0;0;0;0;0;(-38.59171 -3.81969);
355821;2020-03-06 15:00:00;AVENIDA ALBERTO CRAVEIRO, 555;, ; 555;;;Colisão Lateral;Luz do Dia;Bom;Seca;Y;Não Há Controle;Longo da via;0;0;2;0;1;0;0;0;0;0;0;0;0;(-38.516874 -3.783767);
357489;2020-03-06 13:00:00;AVENIDA GOV PARSIFAL BARROSO, 1300;, ; 1300;;;Choque c/ Obstáculo Fixo;Luz do Dia;;;Meio de Quadra;;Longo da via;1;0;0;1;0;0;0;0;0;0;0;0;0;(-38.568866 -3.735485);
355819;2020-03-06 11:13:00;AVENIDA OLIVEIRA PAIVA, 1366;, ; 1366;;;Colisão Lateral;Luz do Dia;Bom;Seca;Meio de Quadra;Semáforo;Longo da via;0;2;0;1;0;0;0;0;0;0;0;0;0;(-38.49414 -3.795496);
356854;2020-03-06 10:00:00;RUA FRANCISCO JOSE A PEREIRA, ;, ; ;;;Colisão;Luz do Dia;;;Meio de Quadra;;Longo da via;0;2;0;1;0;0;1;0;0;0;0;0;0;(0 0);
357488;2020-03-06 10:00:00;RUA JULIO AZEVEDO, ;RUA RAMOS BOTELHO, ; ;;;Queda;Luz do Dia;;;;;Cruzamento;0;1;0;0;0;0;0;0;0;1;0;0;0;(-38.47832 -3.73659);
357487;2020-03-06 09:11:00;RUA RUI MONTE, 365;, ; 365;;;Colisão;Luz do Dia;;;Meio de Quadra;;Longo da via;0;1;0;1;1;0;0;0;0;0;0;0;0;(-38.58733 -3.742326);
357484;2020-03-06 09:00:00;AVENIDA GAL OSORIO DE PAIVA, ;, ; ;;;Queda;Luz do Dia;;;Meio de Quadra;;Longo da via;0;1;0;1;0;0;0;0;0;0;0;0;0;(0 0);
355776;2020-03-06 09:00:00;AVENIDA GAL OSORIO DE PAIVA, ;, ; ;;;Colisão Lateral;Luz do Dia;Nublado;Seca;Meio de Quadra;Outros;Longo da via;0;1;1;1;1;0;0;0;0;0;0;0;0;(0 0);
355818;2020-03-06 08:55:00;RUA FCO JOSE A PEREIRA, ;RUA DAS FLORES, ; ;;;Colisão Lateral;Luz do Dia;Bom;Seca;Meio de Quadra;Pare;Cruzamento;0;2;0;1;0;0;0;0;0;0;0;0;0;(-38.50543 -3.8119);
357483;2020-03-06 07:58:00;RUA MIGUEL COUTO, 461;, ; 461;;;Colisão;Luz do Dia;;;Meio de Quadra;;Longo da via;0;1;0;1;1;0;0;0;0;0;0;0;0;(-38.48909 -3.83829);
355974;2020-03-06 07:50:00;RD CE-040, ;, ; ;;;Engavetamento;Luz do Dia;;Seca;Meio de Quadra;;Longo da via;0;4;0;0;4;0;0;0;0;0;0;0;0;(-38.48258304 -3.764650449);
357481;2020-03-06 07:35:00;RUA FRANCISCO JOSE A PEREIRA, 1085;, ; 1085;;;Colisão;Luz do Dia;;;Meio de Quadra;;Longo da via;0;1;0;1;0;0;1;0;0;0;0;0;0;(-38.5081 -3.81145);
357478;2020-03-06 07:04:00;RUA PDE CICERO, ;AVENIDA EDUARDO GIRAO, ; ;;;Colisão;Luz do Dia;;;;;Cruzamento;0;1;0;2;0;0;0;0;0;0;0;0;0;(-38.541834 -3.74728);
355816;2020-03-06 07:00:00;RUA PDE CICERO, ;RUA TIRADENTES, ; ;;;Colisão Lateral;Luz do Dia;Bom;Seca;Cruz;Pare;Cruzamento;0;0;2;2;0;0;0;0;0;0;0;0;0;(-38.57245 -3.70352);
355817;2020-03-06 06:48:00;RUA PINTO MADEIRA, 1015;, ; 1015;;;Colisão Frontal;Luz do Dia;Bom;Seca;Meio de Quadra;Não Há Controle;Longo da via;0;4;0;1;0;0;0;0;0;1;0;0;0;(-38.516497 -3.732626);
357470;2020-03-06 02:11:00;RUA PERNAMBUCO, 1613;, ; 1613;;;Queda;;;;Meio de Quadra;;Longo da via;0;1;0;1;0;0;0;0;0;0;0;0;0;(-38.5722949 -3.7575793);
355774;2020-03-06 02:00:00;RUA 15 DE NOVEMBRO, ;RUA ALM RUBIM, ; ;;;Colisão Transversal;Via Iluminada;Bom;Seca;Cruz;Pare;Cruzamento;0;2;0;1;1;0;0;0;0;0;0;0;0;(-38.555939 -3.768907);
357469;2020-03-06 00:24:00;RUA BENTO ALBUQUERQUE, 3300;, ; 3300;;;Atropelamento;;;;Meio de Quadra;;Longo da via;0;1;0;0;1;0;0;0;0;0;0;0;0;(-38.4618919 -3.750591);
357468;2020-03-05 23:01:00;RUA CLAUDIA ARRUDA ALCANTARA, 2433;, ; 2433;;;Queda;;;;Meio de Quadra;;Longo da via;0;1;0;1;0;0;0;0;0;0;0;0;0;(0 0);
357467;2020-03-05 21:56:00;RUA SAO ROQUE, 423;, ; 423;;;Queda;;;;Meio de Quadra;;Longo da via;0;1;0;1;0;0;0;0;0;0;0;0;0;(-38.45691 -3.81143);
357466;2020-03-05 21:35:00;RUA BAR ARACATI, ;RUA JOAO BRIGIDO, ; ;;;Colisão;;;;Cruz;Pare;Cruzamento;0;1;0;1;1;0;0;0;0;0;0;0;0;(-38.514697 -3.740939);
355815;2020-03-05 20:00:00;RUA JULIO BRAGA, ;RUA FRANCISCO DE SALES, ; ;;;Colisão Lateral;Via Iluminada;Bom;Seca;T;Pare;Cruzamento;0;2;0;1;1;0;0;0;0;0;0;0;0;(-38.583124 -3.774322);
357463;2020-03-05 18:46:00;RUA 860 CJ CEARA, ;, ; ;;;Colisão;;;;Meio de Quadra;;Longo da via;0;1;0;1;1;0;0;0;0;0;0;0;0;(0 0);
357461;2020-03-05 18:19:00;RUA FRANCISCO GLICERIO, ;RUA CON DE CASTRO, ; ;;;Colisão;Anoitecer;;;T;Não Há Controle;Cruzamento;0;2;0;1;1;0;0;0;0;0;0;0;0;(-38.58225 -3.79453);
357460;2020-03-05 18:15:00;AVENIDA JOSE BASTOS, 1126;, ; 1126;;;Colisão;Anoitecer;;;Meio de Quadra;;Longo da via;0;1;0;2;0;0;0;0;0;0;0;0;0;(-38.5425875 -3.7422185);
357459;2020-03-05 18:05:00;AVENIDA JOSE LEON, 554;, ; 554;;;Colisão;Anoitecer;;;Meio de Quadra;;Longo da via;0;1;0;1;1;0;0;0;0;0;0;0;0;(-38.5068085 -3.786641);
357458;2020-03-05 17:54:00;RUA ANDRE CHAVES, ;RUA ALBERTO MAGNO, ; ;;;Colisão;Anoitecer;;;Cruz;Pare;Cruzamento;0;1;0;1;1;0;0;0;0;0;0;0;0;(-38.54223 -3.756035);
357457;2020-03-05 17:48:00;AVENIDA OLIVEIRA PAIVA, 568;, ; 568;;;Colisão;Anoitecer;;;Meio de Quadra;;Longo da via;0;1;0;0;0;0;0;0;0;0;1;0;0;(-38.49974 -3.79712);
357456;2020-03-05 17:47:00;AVENIDA AUGUSTO DOS ANJOS, ;RUA ALUISIO AZEVEDO, ; ;;;Atropelamento;Anoitecer;;;Duplo T;Semáforo;Cruzamento;0;1;0;1;0;0;0;0;0;0;0;0;0;(-38.5731614 -3.77339);
355813;2020-03-05 16:08:00;RUA PDE VALDEVINO, ;RUA BAR ARACATI, ; ;;;Colisão Transversal;Luz do Dia;Bom;Seca;Cruz;Pare;Cruzamento;0;2;0;1;0;0;0;0;0;0;0;0;0;(-38.514377 -3.739898);
357455;2020-03-05 15:40:00;AVENIDA FRE CIRILO, 4597;, ; 4597;;;Colisão;Luz do Dia;;;Meio de Quadra;;Longo da via;0;1;0;1;1;0;0;0;0;0;0;0;0;(-38.4945736 -3.82385404);
355814;2020-03-05 15:30:00;AVENIDA I CJ JOSE WALTER, ;RUA POE MARIO LINHARES (J.WALTER), ; ;;;Colisão Transversal;Luz do Dia;Bom;Seca;Cruz;Pare;Cruzamento;0;1;1;1;1;0;0;0;0;0;0;0;0;(-38.550434 -3.8237472);
357454;2020-03-05 15:25:00;AVENIDA PERIMETRAL, 11;, ; 11;;;Colisão;Luz do Dia;;;Meio de Quadra;;Longo da via;0;1;0;1;1;0;0;0;0;0;0;0;0;(0 0);
357453;2020-03-05 14:53:00;AVENIDA DOM MANUEL, 161;, ; 161;;;Colisão;Luz do Dia;;;Meio de Quadra;;Longo da via;0;1;0;1;1;0;0;0;0;0;0;0;0;(-38.520244 -3.725647);
357452;2020-03-05 14:20:00;AVENIDA SEN VIRGILIO TAVORA, 2701;, ; 2701;;;Colisão;Luz do Dia;;;Meio de Quadra;;Longo da via;0;1;1;0;1;0;0;0;0;1;0;0;0;(-38.4975214 -3.75049777);
357451;2020-03-05 13:58:00;RUA PDE VALDEVINO, ;, ; ;;;Colisão;Luz do Dia;;;Meio de Quadra;;Longo da via;0;1;0;1;0;0;1;0;0;0;0;0;0;(0 0);
357450;2020-03-05 11:15:00;AVENIDA PERIMETRAL, 3298;, ; 3298;;;Colisão;Luz do Dia;;;Meio de Quadra;;Longo da via;0;1;0;1;1;0;0;0;0;0;0;0;0;(0 0);
356848;2020-03-05 10:50:00;AVENIDA 13 DE MAIO, ;RUA NAPOLEAO LAUREANO, ; ;;;Colisão;Luz do Dia;;;Cruz;Semáforo;Cruzamento;0;2;0;1;1;0;0;0;0;0;0;0;0;(-38.528825 -3.749758);
355812;2020-03-05 09:49:00;AVENIDA 13 DE MAIO, 1096;, ; 1096;;;Colisão Lateral;Luz do Dia;Bom;Seca;Meio de Quadra;Semáforo;Longo da via;0;1;1;1;1;0;0;0;0;0;0;0;0;(-38.528825 -3.749758);
357314;2020-03-05 09:40:00;AVENIDA BEZERRA DE MENEZES, 51;, ; 51;;;Atropelamento;Luz do Dia;;;Meio de Quadra;;Longo da via;0;1;0;0;0;0;0;1;0;0;0;0;0;(-38.540083 -3.730567);
357313;2020-03-05 09:37:00;RUA MODESTA, 127;, ; 127;;;Colisão;Luz do Dia;;;Meio de Quadra;;Longo da via;0;1;0;0;0;0;0;0;0;0;1;0;0;(-38.52188 -3.8443966);
355811;2020-03-05 09:12:00;AVENIDA PRS CASTELO BRANCO, 400;, ; 400;;;Colisão Traseira;Luz do Dia;Nublado;Seca;Meio de Quadra;Semáforo;Longo da via;0;3;0;0;2;1;0;0;0;0;0;0;0;(-38.529059 -3.720736);
357312;2020-03-05 08:57:00;AVENIDA PRS CASTELO BRANCO, ;, ; ;;;Colisão;Luz do Dia;;;Meio de Quadra;;Longo da via;0;1;0;0;2;0;0;0;0;0;0;0;0;(0 0);
357311;2020-03-05 08:41:00;AVENIDA DOMINGOS OLIMPIO, 179;, ; 179;;;Atropelamento;Luz do Dia;;;Meio de Quadra;;Longo da via;0;1;0;1;0;0;0;0;0;0;0;0;0;(-38.525894 -3.738229);
357310;2020-03-05 07:46:00;AVENIDA DEP PAULINO ROCHA, ;, ; ;;;Queda;Luz do Dia;;;Meio de Quadra;;Longo da via;0;2;0;1;0;0;0;0;0;0;0;0;0;(0 0);
357309;2020-03-05 07:43:00;AVENIDA OLIVEIRA PAIVA, 890;, ; 890;;;Colisão;Luz do Dia;;;Meio de Quadra;;Longo da via;0;1;0;1;1;0;0;0;0;0;0;0;0;(-38.49814 -3.7963686);
357308;2020-03-05 07:35:00;AVENIDA ENG LUIS VIEIRA, 578;, ; 578;;;Queda;Luz do Dia;;;Meio de Quadra;;Longo da via;0;1;0;1;0;0;0;0;0;0;0;0;0;(-38.46802 -3.73296);
357307;2020-03-05 07:09:00;RUA PORTO VELHO, 450;, ; 450;;;Colisão;Luz do Dia;;;Meio de Quadra;;Longo da via;0;1;0;1;1;0;0;0;0;0;0;0;0;(-38.585077 -3.7670015);
357306;2020-03-05 06:37:00;AVENIDA CARNEIRO DE MENDONCA, 293;, ; 293;;;Colisão;Luz do Dia;;;Meio de Quadra;;Longo da via;0;1;0;1;1;0;0;0;0;0;0;0;0;(-38.56232846 -3.76617641);
357305;2020-03-05 03:37:00;RUA JOSE AVELINO, 262;, ; 262;;;Queda;;;;Meio de Quadra;;Longo da via;0;1;0;0;0;0;0;0;0;1;0;0;0;(-38.521029 -3.722288);
356669;2020-03-05 01:10:00;RD BR 116, 1000;, ; 1000;;;Queda;;Bom;Seca;Meio de Quadra;;Longo da via;2;0;0;1;0;0;0;0;0;0;0;0;0;(-38.518702 -3.762554);
356846;2020-03-05 00:00:00;RUA ANDRADE FURTADO, ;RUA BATISTA DE OLIVEIRA, ; ;;;Colisão;;;;Cruz;Semáforo;Cruzamento;0;2;0;0;2;0;0;0;0;0;0;0;0;(-38.481475 -3.745163);
357304;2020-03-04 23:22:00;AVENIDA DR SILAS MUNGUBA, 2261;, ; 2261;;;Colisão;;;;Meio de Quadra;;Longo da via;0;2;0;0;2;0;0;0;0;0;0;0;0;(-38.551242 -3.785833);
357303;2020-03-04 23:18:00;RUA UMUARAMA (GRANJA PORTUGAL), 36;, ; 36;;;Queda;;;;Meio de Quadra;;Longo da via;0;1;0;1;0;0;0;0;0;0;0;0;0;(-38.61046 -3.77793);
357302;2020-03-04 22:23:00;AVENIDA PDE ANTONIO TOMAS, 3433;, ; 3433;;;Colisão;;;;Meio de Quadra;;Longo da via;0;1;0;1;1;0;0;0;0;0;0;0;0;(-38.481221 -3.746133);
357301;2020-03-04 21:29:00;RD BR 116, ;, ; ;;;Atropelamento;;;;Meio de Quadra;;Longo da via;0;1;0;1;0;0;0;0;0;0;0;0;0;(0 0);
357300;2020-03-04 20:47:00;AVENIDA DR SILAS MUNGUBA, ;RUA BERNARDO MANUEL, ; ;;;Colisão;;;;Cruz;Semáforo;Cruzamento;0;1;0;0;0;0;0;0;0;0;1;0;0;(-38.54796 -3.787538);
355810;2020-03-04 20:17:00;RUA SGT JOAO PINHEIRO, ;RUA MIRTES CORDEIRO, ; ;;;Colisão;Via Iluminada;Bom;Seca;Meio de Quadra;Pare;Cruzamento;0;2;0;0;2;0;0;0;0;0;0;0;0;(-38.62252 -3.7818);