COD_ACIDENTE;DATA;LOG1;LOG2;NUMERO;BAIRRO;AMC;NATUREZA;ILUMINACAO;TEMPO;SUPERFICIEPISTA;TIPOCRUZAMENTO;CONTROLETRAFEGO;USOSOLO;MORTOS;FERIDOS;ILESOS;MOTOCICLETA;AUTOMOVEL;MICROONIBUS;CAMINHAO;ONIBUS;CICLOMOTOR;BICICLETA;OUTROS;TREM;TRACAOANIMAL;COORDENADAS
357299;2020-03-04 19:46:00;AVENIDA FRANCISCO SA, 6367;, ; 6367;;;Atropelamento;;;;Meio de Quadra;;Longo da via;0;1;0;0;1;0;0;0;0;0;0;0;0;(-38.581349 -3.709167);
356668;2020-03-04 18:15:00;RD BR 116, 1000;, ; 1000;;;Colisão Traseira;Anoitecer;Bom;Seca;Meio de Quadra;;Longo da via;0;0;2;0;2;0;0;0;0;0;0;0;0;(-38.518702 -3.762554);
357298;2020-03-04 18:15:00;AVENIDA JOAO PESSOA, 6287;, ; 6287;;;Colisão;Anoitecer;;;Meio de Quadra;;Longo da via;0;1;0;1;1;0;0;0;0;0;0;0;0;(-38.559014 -3.765308);
357297;2020-03-04 18:10:00;RUA CON DE CASTRO, 1388;, ; 1388;;;Queda;Anoitecer;;;Meio de Quadra;;Longo da via;0;1;0;1;0;0;0;0;0;0;0;0;0;(-38.5725345 -3.784019);
357296;2020-03-04 18:01:00;RUA PAURILO BARROSO, ;RUA CLEMENTE SILVA D44, ; ;;;Colisão;Anoitecer;;;Cruz;Pare;Cruzamento;0;1;0;1;1;0;0;0;0;0;0;0;0;(-38.57078 -3.804558);
357295;2020-03-04 17:08:00;RUA DO CONTORNO UI 302, 316;, ; 316;;;Atropelamento;Anoitecer;;;Meio de Quadra;;Longo da via;0;1;0;0;1;0;0;0;0;0;0;0;0;(-38.51989 -3.80546);
357294;2020-03-04 16:56:00;AVENIDA GOV RAUL BARBOSA, 5750;, ; 5750;;;Atropelamento;Luz do Dia;;;Meio de Quadra;;Longo da via;0;1;0;1;0;0;0;0;0;0;0;0;0;(-38.510139 -3.76884);
357260;2020-03-04 16:54:00;RUA MARTINS CARVALHO, 1825;, ; 1825;;;Atropelamento;Luz do Dia;;;Meio de Quadra;;Longo da via;0;1;0;1;0;0;0;0;0;0;0;0;0;(-38.61058 -3.79371);
356839;2020-03-04 16:30:00;AVENIDA ENG HUMBERTO MONTE, ;AVENIDA MR HULL, ; ;;;Colisão;Luz do Dia;;;;;Cruzamento;0;2;0;0;0;0;0;0;0;0;0;0;0;(-38.569025 -3.736609);
357257;2020-03-04 15:59:00;AVENIDA G CJ JOSE WALTER, 761;, ; 761;;;Colisão;Luz do Dia;;;Meio de Quadra;;Longo da via;0;1;0;1;0;0;1;0;0;0;0;0;0;(-38.56102 -3.8373);
357255;2020-03-04 15:31:00;RUA ALBERTO MONTEZUMA, 851;, ; 851;;;Colisão;Luz do Dia;;;Meio de Quadra;;Longo da via;0;1;0;1;1;0;0;0;0;0;0;0;0;(-38.53458 -3.76944);
355772;2020-03-04 15:20:00;AVENIDA GODOFREDO MACIEL, ;RUA FRANCISCO GLICERIO, ; ;;;Queda;Luz do Dia;Bom;Seca;Cruz;Semáforo;Cruzamento;0;1;0;1;0;0;0;0;0;0;0;0;0;(-38.569757 -3.795981);
357252;2020-03-04 15:08:00;AVENIDA DES GONZAGA, 532;, ; 532;;;Colisão;Luz do Dia;;;Meio de Quadra;;Longo da via;0;1;0;1;1;0;0;0;0;0;0;0;0;(-38.502595 -3.79134);
357251;2020-03-04 14:52:00;RUA PRO PAULO LOPES, ;RUA MANAUS, ; ;;;Colisão;Luz do Dia;;;Cruz;Pare;Cruzamento;0;1;0;1;1;0;0;0;0;0;0;0;0;(-38.591163 -3.753573);
355809;2020-03-04 13:00:00;RUA ANGELICA GURGEL, ;RUA UBERLANDIA, ; ;;;Colisão Lateral;Luz do Dia;Bom;Seca;T;Pare;Cruzamento;0;2;0;1;1;0;0;0;0;0;0;0;0;(-38.49908 -3.83552);
357250;2020-03-04 12:27:00;RUA BRUNO VALENTE, 1996;, ; 1996;;;Colisão;Luz do Dia;;;Meio de Quadra;;Longo da via;0;1;0;1;1;0;0;0;0;0;0;0;0;(0 0);
357249;2020-03-04 12:04:00;RUA TEN LIRA, 1096;, ; 1096;;;Colisão;Luz do Dia;;;Meio de Quadra;;Longo da via;0;1;0;1;1;0;0;0;0;0;0;0;0;(-38.579215 -3.8122945);
357248;2020-03-04 11:20:00;RUA AMADEU FURTADO, 2809;, ; 2809;;;Outros;Luz do Dia;;;Meio de Quadra;;Longo da via;0;1;0;1;0;0;0;0;0;0;0;0;0;(-38.56296 -3.74101);
357244;2020-03-04 11:18:00;RUA ASTROGILDO FONTOURA, 524;, ; 524;;;Colisão;Luz do Dia;;;Meio de Quadra;;Longo da via;0;2;0;1;1;0;0;0;0;0;0;0;0;(-38.5838714 -3.71211289);
357243;2020-03-04 11:04:00;RUA CAP FRANCISCO PEDRO, 280;, ; 280;;;Colisão;Luz do Dia;;;Meio de Quadra;;Longo da via;0;1;0;1;1;0;0;0;0;0;0;0;0;(-38.5446854 -3.74252384);
357242;2020-03-04 10:52:00;RUA DR JOAQUIM BENTO, 298;, ; 298;;;Colisão;Luz do Dia;;;Meio de Quadra;;Longo da via;0;1;0;1;1;0;0;0;0;0;0;0;0;(-38.488814 -3.828757);
355971;2020-03-04 10:00:00;RD CE-040, 9310;, ; 9310;;;Colisão;Luz do Dia;;Molhada;Meio de Quadra;;Longo da via;0;1;1;1;0;0;1;0;0;0;0;0;0;(-38.48153832 -3.825515822);
357241;2020-03-04 09:38:00;RUA JOAQUIM CORREIA, 671;, ; 671;;;Colisão;Luz do Dia;;;Meio de Quadra;;Longo da via;0;1;0;1;1;0;0;0;0;0;0;0;0;(-38.57116 -3.83465);
357240;2020-03-04 09:23:00;AVENIDA GODOFREDO MACIEL, 277;, ; 277;;;Colisão;Luz do Dia;;;Meio de Quadra;;Longo da via;0;1;0;1;1;0;0;0;0;0;0;0;0;(-38.56473 -3.77988);
357239;2020-03-04 09:17:00;AVENIDA ALM HENRIQUE SABOIA, 220;, ; 220;;;Queda;Luz do Dia;;;Meio de Quadra;;Longo da via;0;1;0;1;0;0;0;0;0;0;0;0;0;(-38.4804985 -3.724543);
357238;2020-03-04 08:37:00;AVENIDA GODOFREDO MACIEL, ;AVENIDA PRS COSTA E SILVA, ; ;;;Atropelamento;Luz do Dia;;;Cruz;Semáforo;Cruzamento;0;1;0;0;1;0;0;0;0;0;0;0;0;(-38.574739 -3.811743);
357170;2020-03-04 08:30:00;RUA PEDRO CABRAL, ;RUA RAIMUNDO ARISTIDES, ; ;;;Colisão;Luz do Dia;;;;;Cruzamento;0;1;1;0;1;0;0;0;0;1;0;0;0;(-38.58998 -3.81971);
356837;2020-03-04 08:27:00;RUA JOAO CORDEIRO, ;, ; ;;;Colisão;Luz do Dia;;;Meio de Quadra;;Longo da via;0;2;0;0;1;0;0;0;0;0;0;0;0;(0 0);
357169;2020-03-04 07:52:00;RD BR 116, 5000;, ; 5000;;;Colisão;Luz do Dia;;;Meio de Quadra;;Longo da via;0;1;0;2;0;0;0;0;0;0;0;0;0;(-38.506787 -3.796502);
356667;2020-03-04 07:40:00;RD BR 116, 4000;, ; 4000;;;Tombamento;Luz do Dia;Nublado;Seca;Meio de Quadra;;Longo da via;0;2;1;2;1;0;0;0;0;0;0;0;0;(-38.503869 -3.802354);
355773;2020-03-04 07:30:00;RUA ISABEL MAIA ALENCAR, 120;, ; 120;;;Colisão Transversal;Luz do Dia;Chuva;Molhada;;;Longo da via;0;2;0;1;1;0;0;0;0;0;0;0;0;(-38.4781 -3.81431);
356666;2020-03-04 07:15:00;RD BR 116, 6000;, ; 6000;;;Atropelamento;Luz do Dia;;Seca;Meio de Quadra;;Longo da via;0;1;2;1;1;0;0;0;0;0;0;0;0;(-38.503053 -3.804691);
355970;2020-03-04 07:10:00;RD CE-040, ;, ; ;;;Colisão;Luz do Dia;;Seca;Meio de Quadra;;Longo da via;0;2;0;1;1;0;0;0;0;0;0;0;0;(-38.4817994 -3.773616148);
355838;2020-03-04 07:03:00;AVENIDA BORGES DE MELO, ;AVENIDA LUCIANO CARNEIRO, ; ;;;Colisão;Luz do Dia;Bom;Seca;Cruz;Semáforo;Cruzamento;0;1;1;0;1;0;0;0;0;1;0;0;0;(-38.534097 -3.756465);
357163;2020-03-04 06:52:00;RUA OSCAR FRANCA, 3579;, ; 3579;;;Queda;Luz do Dia;;;Meio de Quadra;;Longo da via;0;1;0;1;0;0;0;0;0;0;0;0;0;(-38.623388 -3.78450607);
355808;2020-03-04 05:55:00;AVENIDA IMPERADOR, ;, ; ;;;Colisão Traseira;Amanhecer;Bom;Seca;Meio de Quadra;Não Há Controle;Longo da via;0;1;1;1;0;1;0;0;0;0;0;0;0;(-38.533903 -3.7253295);
357162;2020-03-04 05:21:00;RUA PERU, 1112;, ; 1112;;;Queda;Amanhecer;;;Meio de Quadra;;Longo da via;0;1;0;1;0;0;0;0;0;0;0;0;0;(-38.552415 -3.77691885);
357160;2020-03-04 05:13:00;RUA MARIA QUINTINO, 1067;, ; 1067;;;Queda;Amanhecer;;;Meio de Quadra;;Longo da via;0;1;0;1;0;0;0;0;0;0;0;0;0;(-38.50117 -3.85806);
357161;2020-03-04 05:13:00;RUA RAUL CABRAL, 750;, ; 750;;;Queda;Amanhecer;;;Meio de Quadra;;Longo da via;0;1;0;1;0;0;0;0;0;0;0;0;0;(-38.545646 -3.768294);
355972;2020-03-04 05:10:00;AVENIDA SEN CARLOS JEREISSATI (AEROPORTO), ;, ; ;;;Outros;Amanhecer;;Seca;Meio de Quadra;;Longo da via;0;1;0;1;0;0;0;0;0;0;0;0;0;(-38.544038 -3.779641);
357159;2020-03-04 04:59:00;AVENIDA IMPERADOR, 812;, ; 812;;;Queda;;;;Meio de Quadra;;Longo da via;0;1;0;1;0;0;0;0;0;0;0;0;0;(-38.5347924 -3.72833701);
357158;2020-03-03 21:50:00;RUA RIO GRANDE DO SUL, 841;, ; 841;;;Atropelamento;;;;Meio de Quadra;;Longo da via;0;1;0;0;1;0;0;0;0;0;0;0;0;(-38.566046692 -3.756260154);
357156;2020-03-03 21:06:00;RUA ISRAEL BEZERRA, 723;, ; 723;;;Colisão;;;;Meio de Quadra;;Longo da via;0;1;0;1;1;0;0;0;0;0;0;0;0;(-38.49633 -3.74942);
357153;2020-03-03 20:57:00;RUA 856 CJ CEARA, ;, ; ;;;Atropelamento;;;;Meio de Quadra;;Longo da via;0;1;0;0;1;0;0;0;0;0;0;0;0;(0 0);
357150;2020-03-03 20:51:00;AVENIDA SIQUEIRA CAMPOS, 836;, ; 836;;;Colisão;;;;Meio de Quadra;;Longo da via;0;1;0;1;1;0;0;0;0;0;0;0;0;(-38.62288918 -3.817615642);
357148;2020-03-03 20:17:00;AVENIDA GAL OSORIO DE PAIVA, ;RUA OSCAR ARARIPE, ; ;;;Colisão;;;;Outros;Não Há Controle;Cruzamento;0;1;0;2;0;0;0;0;0;0;0;0;0;(-38.591823 -3.794165);
355969;2020-03-03 20:00:00;RD CE-040, ;, ; ;;;Engavetamento;;;Seca;Meio de Quadra;;Longo da via;0;5;0;0;4;0;0;0;0;0;0;0;0;(-38.4810839 -3.782614325);
357145;2020-03-03 19:59:00;AVENIDA WASHINGTON SOARES, 2155;, ; 2155;;;Colisão;;;;Meio de Quadra;;Longo da via;0;1;0;0;2;0;0;0;0;0;0;0;0;(-38.481446 -3.778152);
357142;2020-03-03 19:57:00;AVENIDA AMERICO BARREIRA, 5650;, ; 5650;;;Colisão;;;;Meio de Quadra;;Longo da via;0;1;1;0;1;0;0;0;0;1;0;0;0;(-38.5648 -3.76084);
357140;2020-03-03 19:52:00;AVENIDA DR THEBERGE, 2626;, ; 2626;;;Colisão;;;;Meio de Quadra;;Longo da via;0;1;0;0;0;0;0;0;0;0;0;0;0;(-38.5682365 -3.7246885);
357137;2020-03-03 17:36:00;RUA OSCAR ARARIPE, ;RUA CEL VIRGILIO NOGUEIRA (BOM JARDIM), ; ;;;Colisão;Anoitecer;;;Cruz;Semáforo;Cruzamento;0;1;0;1;1;0;0;0;0;0;0;0;0;(-38.6086345 -3.7882527);
357136;2020-03-03 16:00:00;RUA BARBOSA DE FREITAS, 1040;, ; 1040;;;Colisão;Luz do Dia;;;Meio de Quadra;;Longo da via;0;1;0;1;1;0;0;0;0;0;0;0;0;(-38.4968658 -3.73501309);
355763;2020-03-03 15:20:00;RUA BAR CRATO, ;RUA CHASTINET GUIMARAES, ; ;;;Colisão Lateral;Luz do Dia;Bom;Seca;Cruz;Pare;Cruzamento;0;2;0;1;1;0;0;0;0;0;0;0;0;(-38.565856 -3.722909);
355968;2020-03-03 15:00:00;RD CE-040, ;, ; ;;;Colisão;Luz do Dia;;Seca;Meio de Quadra;;Longo da via;0;2;0;2;0;0;0;0;0;0;0;0;0;(-38.48033084 -3.791613156);
357135;2020-03-03 14:59:00;AVENIDA ANTONIO SALES, 240;, ; 240;;;Colisão;Luz do Dia;;;Meio de Quadra;;Longo da via;0;1;0;1;1;0;0;0;0;0;0;0;0;(-38.519165 -3.740227);
357134;2020-03-03 13:50:00;RUA VALPARAISO, 326;, ; 326;;;Colisão;Luz do Dia;;;Meio de Quadra;;Longo da via;0;1;0;0;0;0;0;0;0;0;1;0;0;(-38.50752 -3.85064);
357133;2020-03-03 13:06:00;RUA JOAO AREAS, 517;, ; 517;;;Colisão;Luz do Dia;;;Meio de Quadra;;Longo da via;0;1;0;2;0;0;0;0;0;0;0;0;0;(-38.5759518 -3.79151514);
357132;2020-03-03 12:43:00;RUA VALPARAISO, ;, ; ;;;Colisão;Luz do Dia;;;Meio de Quadra;;Longo da via;0;1;0;1;1;0;0;0;0;0;0;0;0;(0 0);
356836;2020-03-03 11:00:00;AVENIDA GAL OSORIO DE PAIVA, 5852;, ; 5852;;;Colisão;Luz do Dia;;;Meio de Quadra;;Longo da via;0;2;0;1;0;0;1;0;0;0;0;0;0;(-38.60486 -3.807594);
355762;2020-03-03 10:45:00;AVENIDA PRS CASTELO BRANCO, ;, ; ;;;Queda;Luz do Dia;Bom;Seca;Meio de Quadra;Não Há Controle;Longo da via;0;1;0;1;1;0;0;0;0;0;0;0;0;(0 0);
356665;2020-03-03 10:40:00;RD BR 116, ;, ; ;;;Tombamento;Luz do Dia;Bom;Seca;Meio de Quadra;;Longo da via;0;1;1;1;0;0;1;0;0;0;0;0;0;(-38.499242 -3.873523);
357131;2020-03-03 10:24:00;RUA DALVA DE OLIVEIRA, 256;, ; 256;;;Colisão;Luz do Dia;;;Meio de Quadra;;Longo da via;0;1;0;2;0;0;0;0;0;0;0;0;0;(-38.5232422 -3.84793226);
355807;2020-03-03 10:24:00;RUA METON DE ALENCAR, 1673;, ; 1673;;;Colisão Traseira;Luz do Dia;Bom;Seca;Meio de Quadra;Pare;Longo da via;0;0;2;0;2;0;0;0;0;0;0;0;0;(-38.538549 -3.73108955);
357129;2020-03-03 10:19:00;RUA BAR SOBRAL, 491;, ; 491;;;Colisão;Luz do Dia;;;Meio de Quadra;;Longo da via;0;1;1;0;1;0;0;0;0;1;0;0;0;(-38.553351 -3.767483);
357126;2020-03-03 09:35:00;RUA PORTO VELHO, 386;, ; 386;;;Colisão;Luz do Dia;;;Meio de Quadra;;Longo da via;0;1;0;1;1;0;0;0;0;0;0;0;0;(-38.584086 -3.76756025);
357125;2020-03-03 09:30:00;RUA BAR CANINDE, ;RUA DOM CARLOTO TAVORA, ; ;;;Colisão;Luz do Dia;;;Cruz;Pare;Cruzamento;0;1;0;1;1;0;0;0;0;0;0;0;0;(-38.557103 -3.769531);
357124;2020-03-03 08:27:00;RUA ELVIRA PINHO, ;RUA ZACARIAS GONDIM, ; ;;;Queda;Luz do Dia;;;Cruz;Pare;Cruzamento;0;1;0;1;0;0;0;0;0;0;0;0;0;(-38.557766 -3.766122);
357123;2020-03-03 08:00:00;RUA ANGELICA GURGEL, ;RUA AVELEDO, ; ;;;Colisão;Luz do Dia;;;Cruz;Pare;Cruzamento;0;1;0;1;1;0;0;0;0;0;0;0;0;(-38.499092 -3.83629);
355806;2020-03-03 07:24:00;RUA GERMANO FRANCK, 267;, ; 267;;;Colisão Traseira;Luz do Dia;Bom;Seca;Meio de Quadra;Não Há Controle;Longo da via;0;2;0;1;1;0;0;0;0;0;0;0;0;(-38.5591435 -3.7748205);
357120;2020-03-03 07:11:00;AVENIDA GAL OSORIO DE PAIVA, 5840;, ; 5840;;;Colisão;Luz do Dia;;;Meio de Quadra;;Longo da via;0;1;1;0;0;0;1;0;0;1;0;0;0;(-38.6046535 -3.8073815);
357122;2020-03-03 07:00:00;AVENIDA LINEU MACHADO, 1570;, ; 1570;;;Atropelamento;Luz do Dia;;;Meio de Quadra;;Longo da via;1;0;1;0;1;0;0;0;0;0;0;0;0;(-38.580786 -3.773406);
355805;2020-03-03 06:58:00;AVENIDA BEZERRA DE MENEZES, ;RUA PDE IBIAPINA, ; ;;;Não informado;Luz do Dia;Bom;Seca;T;Semáforo;Cruzamento;0;2;0;0;1;1;0;0;0;0;0;0;0;(-38.539973 -3.730548);
355764;2020-03-03 06:30:00;AVENIDA GAL OSORIO DE PAIVA, ;RUA ICAPUY, ; ;;;Choque c/ Obstáculo Fixo;Luz do Dia;Bom;Seca;T;Semáforo;Cruzamento;0;2;0;1;0;0;1;0;0;0;0;0;0;(-38.604738 -3.807471);
357119;2020-03-03 05:40:00;RUA SOUSA PINTO, 630;, ; 630;;;Queda;Amanhecer;;;Meio de Quadra;;Longo da via;0;1;0;1;0;0;0;0;0;0;0;0;0;(-38.5133895 -3.7627184);
355804;2020-03-03 00:52:00;AVENIDA ROGACIANO LEITE, 2160;, ; 2160;;;Choque c/ Obstáculo Fixo;Via Iluminada;Bom;Seca;Meio de Quadra;Não Há Controle;Longo da via;0;1;0;0;1;0;0;0;0;0;0;0;0;(-38.499111 -3.773825);
357118;2020-03-02 22:16:00;AVENIDA ALBERTO CRAVEIRO, ;, ; ;;;Colisão;;;;Meio de Quadra;;Longo da via;0;1;0;1;1;0;0;0;0;0;0;0;0;(0 0);
357117;2020-03-02 20:08:00;RUA MIN ALBUQUERQUE LIMA, ;, ; ;;;Colisão;;;;Meio de Quadra;;Longo da via;0;1;0;1;1;0;0;0;0;0;0;0;0;(0 0);
357116;2020-03-02 19:04:00;RUA PEREIRA FILGUEIRAS, 1270;, ; 1270;;;Queda;;;;Meio de Quadra;;Longo da via;0;1;0;1;0;0;0;0;0;0;0;0;0;(-38.511864 -3.728706);
355803;2020-03-02 17:40:00;AVENIDA GAL OSORIO DE PAIVA, 200;, ; 200;;;Colisão Traseira;Via Iluminada;Bom;Seca;Meio de Quadra;Semáforo;Longo da via;0;2;0;1;1;0;0;0;0;0;0;0;0;(-38.5647907 -3.77421533);
357115;2020-03-02 17:23:00;AVENIDA MAJ ASSIS, 441;, ; 441;;;Colisão;Anoitecer;;;Meio de Quadra;;Longo da via;0;1;1;0;1;0;0;0;0;1;0;0;0;(-38.582691 -3.724131);
357114;2020-03-02 16:13:00;RUA TEN ELIEZER COSTA, 152;, ; 152;;;Colisão;Luz do Dia;;;Meio de Quadra;;Longo da via;0;1;0;1;1;0;0;0;0;0;0;0;0;(-38.59083 -3.71029);
355802;2020-03-02 15:56:00;AVENIDA DR SILAS MUNGUBA, ;RUA EQUADOR, ; ;;;Colisão Transversal;Luz do Dia;Bom;Seca;Cruz;Semáforo;Cruzamento;0;2;0;1;1;0;0;0;0;0;0;0;0;(-38.555434 -3.782377);
355801;2020-03-02 14:16:00;RUA MARIA GOMES DE SA, ;, ; ;;;Colisão Frontal;Luz do Dia;Nublado;Seca;Meio de Quadra;Não Há Controle;Longo da via;0;1;1;1;0;0;1;0;0;0;0;0;0;(0 0);
357112;2020-03-02 14:15:00;RUA ALAGOAS, 3710;, ; 3710;;;Colisão;Luz do Dia;;;Meio de Quadra;;Longo da via;0;1;0;2;0;0;0;0;0;0;0;0;0;(-38.580066 -3.750094);
357110;2020-03-02 14:11:00;AVENIDA CARAPINIMA, ;, ; ;;;Queda;Luz do Dia;;;Meio de Quadra;;Longo da via;0;1;0;1;0;0;0;0;0;0;0;0;0;(0 0);
357108;2020-03-02 13:50:00;AVENIDA CARAPINIMA, ;, ; ;;;Queda;Luz do Dia;;;Meio de Quadra;;Longo da via;0;1;0;1;0;0;0;0;0;0;0;0;0;(0 0);
355965;2020-03-02 12:30:00;RD CE-060, ;, ; ;;;Colisão;Luz do Dia;;Seca;Meio de Quadra;;Longo da via;0;4;0;0;4;0;0;0;0;0;0;0;0;(-38.582111 -3.834064);
356664;2020-03-02 12:30:00;RD BR 116, 7000;, ; 7000;;;Queda;Luz do Dia;Chuva;Material Derrapante;Meio de Quadra;;Longo da via;0;2;0;1;0;0;0;0;0;0;0;0;0;(-38.5115614 -3.786276359);
355800;2020-03-02 11:46:00;AVENIDA DUQ CAXIAS, ;AVENIDA TRISTAO GONCALVES, ; ;;;Atropelamento;Luz do Dia;Bom;Seca;Cruz;Semáforo;Cruzamento;0;1;1;0;1;0;0;0;0;0;0;0;0;(-38.534196 -3.7304);
357098;2020-03-02 11:01:00;AVENIDA TRISTAO GONCALVES, ;AVENIDA DUQ CAXIAS, ; ;;;Atropelamento;Luz do Dia;;;Cruz;Semáforo;Cruzamento;0;1;0;0;1;0;0;0;0;0;0;0;0;(-38.534196 -3.7304);
355798;2020-03-02 10:55:00;AVENIDA SGT HERMINIO SAMPAIO, ;RUA DEMOSTENES CARVALHO, ; ;;;Não informado;Luz do Dia;Bom;Seca;T;Pare;Cruzamento;0;2;0;1;1;0;0;0;0;0;0;0;0;(-38.559068 -3.726117);
357097;2020-03-02 10:52:00;RUA NOVA CONQUISTA (GRANJA LISBOA), 409;, ; 409;;;Atropelamento;Luz do Dia;;;Meio de Quadra;;Longo da via;0;1;0;0;1;0;0;0;0;0;0;0;0;(-38.61532 -3.79062);
357096;2020-03-02 10:18:00;AVENIDA DR THEBERGE, 1516;, ; 1516;;;Queda;Luz do Dia;;;Meio de Quadra;;Longo da via;0;1;0;0;0;0;0;0;0;1;0;0;0;(-38.5654 -3.71582);
357095;2020-03-02 09:38:00;RUA ALBERTO MONTEZUMA, 582;, ; 582;;;Colisão;Luz do Dia;;;Meio de Quadra;;Longo da via;0;1;0;2;0;0;0;0;0;0;0;0;0;(-38.5339968 -3.76788615);
356828;2020-03-02 08:55:00;AVENIDA VICENTE DE CASTRO, 6043;, ; 6043;;;Colisão;Luz do Dia;;;Meio de Quadra;;Longo da via;0;2;0;0;0;0;0;0;1;0;1;0;0;(-38.47256 -3.71191);
355797;2020-03-02 08:31:00;AVENIDA BERNARDO MANUEL, 9942;, ; 9942;;;Colisão Traseira;Luz do Dia;Bom;Seca;Meio de Quadra;Não Há Controle;Longo da via;0;0;4;0;3;0;0;0;0;0;0;0;0;(-38.56057 -3.82963);
357094;2020-03-02 08:14:00;AVENIDA JOAO PESSOA, ;RUA JOAO SORONGO, ; ;;;Colisão;Luz do Dia;;;Cruz;Pare;Cruzamento;0;1;1;1;1;0;0;0;0;0;0;0;0;(-38.546069 -3.748663);
355799;2020-03-02 07:52:00;RUA VICENTE DE CASTRO, 6074;, ; 6074;;;Colisão Lateral;Luz do Dia;Nublado;Material Derrapante;Meio de Quadra;Não Há Controle;Longo da via;0;0;1;0;0;0;0;0;0;0;0;0;0;(-38.47227 -3.71159);
355796;2020-03-02 07:19:00;RUA BAR RIO BRANCO, ;RUA SEN ALENCAR, ; ;;;Colisão;Luz do Dia;Nublado;Molhada;Cruz;Pare;Cruzamento;0;0;2;0;2;0;0;0;0;0;0;0;0;(-38.527752 -3.724879);
357093;2020-03-02 07:10:00;AVENIDA VICENTE DE CASTRO, 6074;, ; 6074;;;Colisão;Luz do Dia;;;Meio de Quadra;;Longo da via;0;2;1;1;1;0;0;0;0;0;0;0;0;(-38.472502 -3.712102);
357066;2020-03-02 06:52:00;RUA PERU, ;RUA QUITO, ; ;;;Colisão;Luz do Dia;;;Y;;Cruzamento;0;2;0;1;1;0;0;0;0;0;0;0;0;(-38.55405 -3.78127);
357064;2020-03-02 06:27:00;AVENIDA 13 DE MAIO, 1383;, ; 1383;;;Queda;Luz do Dia;;;Meio de Quadra;;Longo da via;0;2;0;1;0;0;0;0;0;0;0;0;0;(-38.5309225 -3.747966);
355795;2020-03-02 02:39:00;AVENIDA GAL OSORIO DE PAIVA, ;RUA OSCAR FRANCA, ; ;;;Colisão Transversal;Via Iluminada;Nublado;Molhada;T;Semáforo;Cruzamento;0;2;0;0;1;0;0;1;0;0;0;0;0;(-38.592113 -3.794473);
357062;2020-03-02 02:37:00;AVENIDA ABOLICAO, 2405;, ; 2405;;;Tombamento;;;;Meio de Quadra;;Longo da via;0;1;0;0;0;0;0;0;0;0;0;0;0;(-38.49724 -3.72675);
357059;2020-03-02 00:12:00;RUA MARANGUAPE D50, 426;, ; 426;;;Colisão;;;;Meio de Quadra;;Longo da via;0;1;0;1;1;0;0;0;0;0;0;0;0;(-38.60363 -3.80122);
357057;2020-03-01 22:10:00;RUA JOSE SETUBAL PESSOA, 284;, ; 284;;;Queda;;;;Meio de Quadra;;Longo da via;0;1;0;1;0;0;0;0;0;0;0;0;0;(-38.47269 -3.72051);
357055;2020-03-01 21:28:00;RUA 8 VENEZA TROPICAL, 434;, ; 434;;;Atropelamento;;;;Meio de Quadra;;Longo da via;0;1;0;0;1;0;0;0;0;0;0;0;0;(0 0);
357053;2020-03-01 21:24:00;AVENIDA 20 DE JANEIRO, ;, ; ;;;Colisão;;;;Meio de Quadra;;Longo da via;0;1;0;0;0;0;0;0;0;0;1;0;0;(0 0);
357031;2020-03-01 20:31:00;RUA DOIS CJ MIRASSOL, 434;, ; 434;;;Colisão;;;;Meio de Quadra;;Longo da via;0;1;0;1;1;0;0;0;0;0;0;0;0;(-38.54228 -3.79631);
357002;2020-03-01 19:20:00;AVENIDA SGT HERMINIO SAMPAIO, 1511;, ; 1511;;;Colisão;;;;Meio de Quadra;;Longo da via;0;1;0;1;1;0;0;0;0;0;0;0;0;(-38.55406895 -3.725194459);
356663;2020-03-01 19:10:00;RD BR 116, ;, ; ;;;Atropelamento;;Nublado;Seca;Meio de Quadra;;Longo da via;0;1;1;0;1;0;0;0;0;0;0;0;0;(-38.506787 -3.796502);
357000;2020-03-01 18:34:00;AVENIDA G CJ JOSE WALTER, ;, ; ;;;Queda;;;;Meio de Quadra;;Longo da via;0;1;0;0;0;0;0;0;0;1;0;0;0;(0 0);
356997;2020-03-01 17:48:00;RUA FRANCISCO CALACA, 100;, ; 100;;;Atropelamento;Anoitecer;;;Meio de Quadra;;Longo da via;0;1;0;0;0;0;0;0;0;0;0;0;0;(-38.568804 -3.702917);
356995;2020-03-01 17:46:00;AVENIDA ENG ALBERTO SA, ;, ; ;;;Colisão;Anoitecer;;;Meio de Quadra;;Longo da via;0;1;0;1;1;0;0;0;0;0;0;0;0;(0 0);
356993;2020-03-01 17:38:00;RUA POMPILIO GOMES, 526;, ; 526;;;Colisão;Anoitecer;;;Meio de Quadra;;Longo da via;0;1;0;0;2;0;0;0;0;0;0;0;0;(0 0);
355794;2020-03-01 15:50:00;RUA JOAO BRIGIDO, ;AVENIDA RUI BARBOSA, ; ;;;Colisão Transversal;Luz do Dia;Bom;Seca;Cruz;Semáforo;Cruzamento;0;0;2;0;2;0;0;0;0;0;0;0;0;(-38.511369 -3.741995);