COD_ACIDENTE;DATA;LOG1;LOG2;NUMERO;BAIRRO;AMC;NATUREZA;ILUMINACAO;TEMPO;SUPERFICIEPISTA;TIPOCRUZAMENTO;CONTROLETRAFEGO;USOSOLO;MORTOS;FERIDOS;ILESOS;MOTOCICLETA;AUTOMOVEL;MICROONIBUS;CAMINHAO;ONIBUS;CICLOMOTOR;BICICLETA;OUTROS;TREM;TRACAOANIMAL;COORDENADAS
356662;2020-03-01 15:15:00;RD BR 116, ;, ; ;;;Atropelamento;Luz do Dia;;Seca;Meio de Quadra;;Longo da via;1;0;1;0;1;0;0;0;0;0;0;0;0;(-38.504865 -3.830837);
356965;2020-03-01 15:14:00;AVENIDA MAE LISBOA, ;, ; ;;;Colisão;Luz do Dia;;;Meio de Quadra;;Longo da via;0;1;0;0;0;0;0;0;0;0;1;0;0;(0 0);
356963;2020-03-01 15:03:00;AVENIDA RUI BARBOSA, ;RUA JOAO BRIGIDO, ; ;;;Colisão;Luz do Dia;;;Cruz;Semáforo;Cruzamento;0;1;0;0;2;0;0;0;0;0;0;0;0;(-38.511369 -3.741995);
356962;2020-03-01 07:43:00;RUA CARLOS AMORA, 40;, ; 40;;;Atropelamento;Luz do Dia;;;Meio de Quadra;;Longo da via;0;1;0;1;0;0;0;0;0;0;0;0;0;(-38.564342 -3.7743165);
356961;2020-03-01 06:49:00;RUA FRANCISCANO, 710;, ; 710;;;Queda;Luz do Dia;;;Meio de Quadra;;Longo da via;0;1;0;1;0;0;0;0;0;0;0;0;0;(-38.6037442 -3.8005771);
355793;2020-03-01 06:00:00;RUA DR THOMPSON BULCAO, ;RUA REV BOLIVAR P BANDEIRA, ; ;;;Colisão Transversal;Luz do Dia;Bom;Seca;Cruz;Semáforo;Cruzamento;0;0;2;0;0;0;0;2;0;0;0;0;0;(-38.49204 -3.7700937);
359549;2020-03-01 05:00:00;RUA GUARANI D35 (JOAO XXIII), 1101;, ; 1101;;;Atropelamento;Amanhecer;;;Meio de Quadra;;Longo da via;1;0;1;1;0;0;0;0;0;0;0;0;0;(-38.5816726 -3.7670404);
356960;2020-03-01 04:34:00;RUA BAR ARACATI, 3113;, ; 3113;;;Colisão;;;;Meio de Quadra;;Longo da via;0;1;0;0;0;0;0;0;0;0;0;0;0;(-38.51703 -3.748453);
356959;2020-03-01 03:52:00;AVENIDA GAL OSORIO DE PAIVA, 6770;, ; 6770;;;Queda;;;;Meio de Quadra;;Longo da via;0;2;0;1;0;0;0;0;0;0;0;0;0;(-38.610073 -3.813008);
356928;2020-03-01 03:29:00;AVENIDA MAJ ASSIS, 1073;, ; 1073;;;Choque c/ Obstáculo Fixo;;;;Meio de Quadra;;Longo da via;0;2;0;1;0;0;0;0;0;0;0;0;0;(-38.5888227 -3.72361238);
356927;2020-03-01 02:43:00;AVENIDA GODOFREDO MACIEL, 277;, ; 277;;;Queda;;;;Meio de Quadra;;Longo da via;0;1;0;1;0;0;0;0;0;0;0;0;0;(-38.56473 -3.77988);
356482;2020-02-29 23:17:00;RUA BETEL, ;, ; ;;;Atropelamento;;;;Meio de Quadra;;Longo da via;0;1;1;1;0;0;0;0;0;0;0;0;0;(0 0);
356481;2020-02-29 22:33:00;RUA ANTONIO TEIXEIRA LEITE, 744;, ; 744;;;Atropelamento;;;;Meio de Quadra;;Longo da via;0;1;0;1;0;0;0;0;0;0;0;0;0;(-38.53817 -3.78764);
356480;2020-02-29 21:52:00;RUA CEL JOAO OLIVEIRA, 93;, ; 93;;;Colisão;;;;Meio de Quadra;;Longo da via;0;1;0;0;0;0;0;0;0;0;1;0;0;(-38.4929224 -3.82239126);
356479;2020-02-29 20:44:00;RUA JOSE HIPOLITO, 1025;, ; 1025;;;Colisão;;;;Meio de Quadra;;Longo da via;0;1;0;1;1;0;0;0;0;0;0;0;0;(-38.4870264 -3.83525834);
355754;2020-02-29 20:30:00;RUA RUBIA SAMPAIO, 1169;, ; 1169;;;Colisão Traseira;Mal Iluminada;Bom;Seca;Meio de Quadra;Não Há Controle;Longo da via;1;0;1;0;2;0;0;0;0;0;0;0;0;(-38.54064 -3.73215);
356477;2020-02-29 20:26:00;RUA SABINO MONTE, ;RUA CARVALHO JUNIOR, ; ;;;Colisão;;;;Cruz;Pare;Cruzamento;0;1;1;1;1;0;0;0;0;0;0;0;0;(-38.511538 -3.758605);
356475;2020-02-29 19:32:00;RUA JOSE DANTAS VIEIRA, ;, ; ;;;Atropelamento;;;;Meio de Quadra;;Longo da via;0;1;1;1;0;0;0;0;0;0;0;0;0;(0 0);
358666;2020-02-29 19:21:00;LOGRADOURO SEM NOME, ;, ; ;;;Atropelamento;;;;Meio de Quadra;;Longo da via;0;1;1;0;1;0;0;0;0;0;0;0;0;(0 0);
356474;2020-02-29 19:17:00;AVENIDA GAL OSORIO DE PAIVA, 5405;, ; 5405;;;Colisão;;;;Meio de Quadra;;Longo da via;0;1;0;1;1;0;0;0;0;0;0;0;0;(-38.601754 -3.804404091);
355753;2020-02-29 19:00:00;RUA MARIA ALICE FERRAZ, ;, ; ;;;Colisão Transversal;Via Iluminada;Bom;Seca;Meio de Quadra;Pare;Longo da via;0;0;1;1;1;0;0;0;0;0;0;0;0;(0 0);
355748;2020-02-29 18:44:00;RUA JOAO BRIGIDO, ;RUA BAR ARACATI, ; ;;;Colisão Lateral;Anoitecer;Bom;Seca;Cruz;Pare;Cruzamento;0;2;0;1;1;0;0;0;0;0;0;0;0;(-38.514697 -3.740939);
355747;2020-02-29 18:36:00;AVENIDA BORGES DE MELO, ;AVENIDA DOS EXPEDICIONARIOS, ; ;;;Engavetamento;Luz do Dia;Bom;Seca;Cruz;Semáforo;Cruzamento;0;2;1;0;3;0;0;0;0;0;0;0;0;(-38.537674 -3.753391);
356473;2020-02-29 18:16:00;RUA CON DE CASTRO, 8312;, ; 8312;;;Colisão;Anoitecer;;;Meio de Quadra;;Longo da via;0;1;0;0;0;0;0;0;0;0;0;0;0;(0 0);
356472;2020-02-29 17:59:00;RUA BAR ARACATI, ;RUA JOAO BRIGIDO, ; ;;;Colisão;Anoitecer;;;Cruz;Pare;Cruzamento;0;1;1;1;1;0;0;0;0;0;0;0;0;(-38.514697 -3.740939);
356471;2020-02-29 17:30:00;RUA LUIS GUIMARAES, 357;, ; 357;;;Colisão;Anoitecer;;;Meio de Quadra;;Longo da via;0;1;0;0;1;0;0;0;0;1;0;0;0;(-38.57097 -3.72234);
356469;2020-02-29 16:58:00;AVENIDA CEL CARVALHO, 2824;, ; 2824;;;Colisão;Luz do Dia;;;Meio de Quadra;;Longo da via;0;2;0;1;1;0;0;0;0;0;0;0;0;(-38.585031 -3.728395);
356468;2020-02-29 16:46:00;RUA MARIA ALICE FERRAZ, ;, ; ;;;Colisão;Luz do Dia;;;Meio de Quadra;;Longo da via;0;1;0;1;1;0;0;0;0;0;0;0;0;(0 0);
356762;2020-02-29 15:51:00;RUA COM GARCIA, 1983;, ; 1983;;;Colisão;Luz do Dia;;;Meio de Quadra;;Longo da via;0;1;0;0;0;0;0;0;0;0;0;0;0;(-38.5890936 -3.79969843);
355745;2020-02-29 15:38:00;RUA GAL SAMPAIO, ;RUA PEDRO I, ; ;;;Colisão Transversal;Luz do Dia;Bom;Seca;Cruz;Semáforo;Cruzamento;0;2;0;2;0;0;0;0;0;0;0;0;0;(-38.531758 -3.730182);
356466;2020-02-29 15:31:00;RUA ADOLFO CAMINHA, 127;, ; 127;;;Colisão;Luz do Dia;;;Meio de Quadra;;Longo da via;0;1;0;1;1;0;0;0;0;0;0;0;0;(-38.524603 -3.72105);
356465;2020-02-29 15:22:00;RUA GAL SAMPAIO, ;RUA PEDRO I, ; ;;;Colisão;Luz do Dia;;;Cruz;Semáforo;Cruzamento;0;1;0;2;0;0;0;0;0;0;0;0;0;(-38.531758 -3.730182);
356464;2020-02-29 15:20:00;RUA GAL SAMPAIO, ;RUA PEDRO I, ; ;;;Colisão;Luz do Dia;;;Cruz;Semáforo;Cruzamento;0;1;0;1;1;0;0;0;0;0;0;0;0;(-38.531758 -3.730182);
356462;2020-02-29 15:16:00;AVENIDA FRANCISCO SA, ;, ; ;;;Atropelamento;Luz do Dia;;;Meio de Quadra;;Longo da via;0;1;1;0;0;0;0;1;0;0;0;0;0;(0 0);
356461;2020-02-29 14:56:00;RUA JURACI MAGALHAES, 481;, ; 481;;;Colisão;Luz do Dia;;;Meio de Quadra;;Longo da via;0;1;1;1;1;0;0;0;0;0;0;0;0;(-38.46069 -3.78569);
356460;2020-02-29 14:56:00;RUA GOV SAMPAIO, ;RUA VIS SABOIA, ; ;;;Colisão;Luz do Dia;;;Cruz;Pare;Cruzamento;0;1;0;1;1;0;0;0;0;0;0;0;0;(-38.52437 -3.7270904);
356459;2020-02-29 14:50:00;AVENIDA ALM HENRIQUE SABOIA, 957;, ; 957;;;Colisão;Luz do Dia;;;Meio de Quadra;;Longo da via;0;1;0;2;0;0;0;0;0;0;0;0;0;(-38.48155 -3.73057);
356458;2020-02-29 14:49:00;RUA COM GARCIA, ;, ; ;;;Queda;Luz do Dia;;;Meio de Quadra;;Longo da via;0;1;0;1;0;0;0;0;0;0;0;0;0;(0 0);
356457;2020-02-29 14:31:00;RUA CON DE CASTRO, ;, ; ;;;Colisão;Luz do Dia;;;Meio de Quadra;;Longo da via;0;1;0;1;1;0;0;0;0;0;0;0;0;(0 0);
355744;2020-02-29 13:13:00;RUA RODRIGUES JUNIOR, 403;, ; 403;;;Colisão Transversal;Luz do Dia;Bom;Seca;Meio de Quadra;Não Há Controle;Longo da via;0;1;1;0;1;0;0;0;0;0;0;0;0;(-38.5199536 -3.72854133);
356448;2020-02-29 12:28:00;AVENIDA I CJ CEARA, 1235;, ; 1235;;;Colisão;Luz do Dia;;;Meio de Quadra;;Longo da via;0;1;0;1;1;0;0;0;0;0;0;0;0;(-38.598586 -3.77323921);
356447;2020-02-29 12:20:00;AVENIDA FRANCISCO SA, 3665;, ; 3665;;;Colisão;Luz do Dia;;;Meio de Quadra;;Longo da via;0;1;1;0;2;0;0;0;0;0;0;0;0;(-38.5582196 -3.71711182);
356446;2020-02-29 12:13:00;RUA ELVIRA PINHO, ;RUA JOAO FIRMINO, ; ;;;Colisão;Luz do Dia;;;Cruz;Pare;Cruzamento;0;1;0;1;1;0;0;0;0;0;0;0;0;(-38.556968 -3.766492);
356445;2020-02-29 11:36:00;RUA TEN BENEVOLO, 1082;, ; 1082;;;Colisão;Luz do Dia;;;Meio de Quadra;;Longo da via;0;1;0;1;1;0;0;0;0;0;0;0;0;(-38.51137 -3.72726);
356444;2020-02-29 10:31:00;RUA RODRIGUES JUNIOR, 403;, ; 403;;;Colisão;Luz do Dia;;;Meio de Quadra;;Longo da via;0;1;0;1;1;0;0;0;0;0;0;0;0;(-38.5199536 -3.72854133);
356761;2020-02-29 09:20:00;AVENIDA PRS CASTELO BRANCO, ;, ; ;;;Colisão;Luz do Dia;;;Meio de Quadra;;Longo da via;0;1;0;0;0;0;0;0;0;0;0;0;0;(0 0);
356443;2020-02-29 08:56:00;AVENIDA GAL OSORIO DE PAIVA, ;, ; ;;;Colisão;Luz do Dia;;;Meio de Quadra;;Longo da via;0;1;0;2;0;0;0;0;0;0;0;0;0;(0 0);
356442;2020-02-29 08:32:00;RUA QUINZE (CANINDEZINHO), ;, ; ;;;Queda;Luz do Dia;;;Meio de Quadra;;Longo da via;0;1;0;1;0;0;0;0;0;0;0;0;0;(0 0);
355955;2020-02-29 08:25:00;RD BR 116, 4000;, ; 4000;;;Queda;Luz do Dia;Bom;Seca;Meio de Quadra;;Longo da via;0;2;0;1;0;0;0;0;0;0;0;0;0;(-38.503869 -3.802354);
356436;2020-02-29 08:23:00;RD BR 116, 7000;, ; 7000;;;Colisão;Luz do Dia;;;Meio de Quadra;;Longo da via;0;2;0;1;1;0;0;0;0;0;0;0;0;(-38.503869 -3.802354);
356434;2020-02-29 06:12:00;RUA POMPILIO GOMES, 422;, ; 422;;;Colisão;Luz do Dia;;;Meio de Quadra;;Longo da via;0;1;0;1;1;0;0;0;0;0;0;0;0;(0 0);
356432;2020-02-29 04:47:00;AVENIDA SEN CARLOS JEREISSATI (AEROPORTO), ;, ; ;;;Queda;;;;Meio de Quadra;;Longo da via;0;2;0;1;0;0;0;0;0;0;0;0;0;(0 0);
356424;2020-02-29 04:10:00;RUA IPAUMIRIM D68, 988;, ; 988;;;Queda;;;;Meio de Quadra;;Longo da via;0;1;0;0;0;0;0;0;0;1;0;0;0;(-38.56924 -3.8285812);
356423;2020-02-28 23:51:00;RUA PDE PEDRO DE ALENCAR, 1564;, ; 1564;;;Queda;;;;Meio de Quadra;;Longo da via;0;1;0;1;0;0;0;0;0;0;0;0;0;(-38.49435 -3.841664);
355743;2020-02-28 22:50:00;RUA LUIS GIRAO, 1391;, ; 1391;;;Colisão Transversal;Mal Iluminada;Bom;Seca;Meio de Quadra;Não Há Controle;Longo da via;0;1;1;1;1;0;0;0;0;0;0;0;0;(-38.48276 -3.8004);
356413;2020-02-28 21:50:00;AVENIDA WASHINGTON SOARES, 747;, ; 747;;;Colisão;;;;Meio de Quadra;;Longo da via;0;1;1;1;1;0;0;0;0;0;0;0;0;(-38.482967 -3.760913);
356412;2020-02-28 21:16:00;RUA DIOGO CORREIA, 47;, ; 47;;;Colisão;;;;Meio de Quadra;;Longo da via;0;1;0;2;0;0;0;0;0;0;0;0;0;(-38.5884593 -3.77435467);
355742;2020-02-28 20:40:00;AVENIDA BEZERRA DE MENEZES, 2018;, ; 2018;;;Engavetamento;Mal Iluminada;Bom;Seca;Meio de Quadra;Semáforo;Longo da via;0;3;0;0;2;0;0;0;0;0;0;0;0;(-38.56273876 -3.735305471);
356411;2020-02-28 20:29:00;RUA AMADEU FURTADO, 1122;, ; 1122;;;Colisão;;;;Meio de Quadra;;Longo da via;0;1;0;2;0;0;0;0;0;0;0;0;0;(-38.5621042 -3.7451252);
356410;2020-02-28 19:32:00;RUA HAROLDO TORRES, ;AVENIDA OLAVO BILAC, ; ;;;Colisão;;;;Cruz;Não Há Controle;Cruzamento;0;1;0;1;1;0;0;0;0;0;0;0;0;(-38.5649 -3.72886);
356409;2020-02-28 18:13:00;RUA GAL BERNARDO FIGUEIREDO, ;RUA DOM JOSE LOURENCO  D27, ; ;;;Colisão;Anoitecer;;;Cruz;Pare;Cruzamento;0;1;0;1;1;0;0;0;0;0;0;0;0;(-38.558444 -3.740999);
356408;2020-02-28 17:55:00;RUA PIN ANTONIO BANDEIRA, 1230;, ; 1230;;;Queda;Anoitecer;;;Meio de Quadra;;Longo da via;0;1;0;1;0;0;0;0;0;0;0;0;0;(-38.45899 -3.73466);
356407;2020-02-28 17:50:00;RUA ANA FACO, 402;, ; 402;;;Queda;Anoitecer;;;Meio de Quadra;;Longo da via;0;1;0;0;0;0;0;0;0;1;0;0;0;(-38.56349 -3.71297);
356406;2020-02-28 17:16:00;AVENIDA N CJ JOSE WALTER, 536;, ; 536;;;Colisão;Anoitecer;;;Meio de Quadra;;Longo da via;0;1;0;1;1;0;0;0;0;0;0;0;0;(-38.5001626 -3.773005);
356405;2020-02-28 16:50:00;RUA FRE MANSUETO, 909;, ; 909;;;Colisão;Luz do Dia;;;Meio de Quadra;;Longo da via;0;1;0;1;1;0;0;0;0;0;0;0;0;(-38.488788 -3.732555);
356404;2020-02-28 16:47:00;RUA VALPARAISO, 282;, ; 282;;;Colisão;Luz do Dia;;;;;Longo da via;0;1;0;1;1;0;0;0;0;0;0;0;0;(-38.523224 -3.845959);
356403;2020-02-28 15:32:00;RUA DAS PEDRINHAS, ;RUA 30 DE MAIO D73, ; ;;;Queda;Luz do Dia;;;Cruz;Pare;Cruzamento;0;1;0;1;0;0;0;0;0;0;0;0;0;(-38.600349 -3.763058);
356402;2020-02-28 15:10:00;AVENIDA DR SILAS MUNGUBA, 4956;, ; 4956;;;Colisão;Luz do Dia;;;Meio de Quadra;;Longo da via;0;1;0;1;1;0;0;0;0;0;0;0;0;(-38.531555 -3.7971718);
356401;2020-02-28 14:06:00;AVENIDA PRS CASTELO BRANCO, 2995;, ; 2995;;;Atropelamento;Luz do Dia;;;Meio de Quadra;;Longo da via;0;2;0;1;0;0;0;0;0;0;0;0;0;(-38.556051 -3.711798);
356380;2020-02-28 13:29:00;AVENIDA DUQ CAXIAS, 1011;, ; 1011;;;Colisão;Luz do Dia;;;Meio de Quadra;;Longo da via;0;1;0;1;1;0;0;0;0;0;0;0;0;(-38.5333 -3.73092);
356378;2020-02-28 11:56:00;AVENIDA SGT HERMINIO SAMPAIO, 2306;, ; 2306;;;Colisão;Luz do Dia;;;Meio de Quadra;;Longo da via;0;2;0;2;0;0;0;0;0;0;0;0;0;(-38.561407 -3.726532);
355741;2020-02-28 11:45:00;AVENIDA GODOFREDO MACIEL, 3101;, ; 3101;;;Colisão Traseira;Luz do Dia;Bom;Seca;Meio de Quadra;Semáforo;Longo da via;0;1;1;1;1;0;0;0;0;0;0;0;0;(-38.572186 -3.803087);
356376;2020-02-28 10:57:00;RUA DOM SEBASTIAO LEME, ;RUA CEL PERGENTINO FERREIRA, ; ;;;Colisão;Luz do Dia;;;Cruz;Pare;Cruzamento;0;1;0;1;1;0;0;0;0;0;0;0;0;(-38.525757 -3.7488205);
356344;2020-02-28 09:59:00;AVENIDA MR HULL, ;, ; ;;;Queda;Luz do Dia;;;Meio de Quadra;;Longo da via;0;1;0;0;0;0;0;0;0;1;0;0;0;(0 0);
355740;2020-02-28 09:14:00;AVENIDA PRS CASTELO BRANCO, 2031;RUA ADRIANO MARTINS, ; 2031;;;Colisão Lateral;Luz do Dia;Bom;Seca;Cruz;Semáforo;Cruzamento;0;0;2;1;1;0;0;0;0;0;0;0;0;(-38.545645 -3.714864);
355739;2020-02-28 08:30:00;RUA VERBENA, 1019;, ; 1019;;;Colisão Traseira;Luz do Dia;Bom;Seca;Meio de Quadra;Não Há Controle;Longo da via;0;1;1;1;0;0;0;1;0;0;0;0;0;(-38.58989 -3.78503);
356342;2020-02-28 08:03:00;AVENIDA PRS CASTELO BRANCO, ;RUA JACINTO MATOS, ; ;;;Colisão;Luz do Dia;;;T;Semáforo;Cruzamento;0;1;0;1;1;0;0;0;0;0;0;0;0;(-38.546333 -3.71463);
355954;2020-02-28 08:00:00;RD BR 116, ;, ; ;;;Colisão Traseira;Luz do Dia;Nublado;Seca;Meio de Quadra;;Longo da via;0;0;2;0;2;0;0;0;0;0;0;0;0;(-38.51678 -3.771391);
356341;2020-02-28 07:38:00;AVENIDA PRS JUSCELINO KUBITSCHEK (PASSARÉ), 1795;, ; 1795;;;Atropelamento;Luz do Dia;;;Meio de Quadra;;Longo da via;0;2;0;1;0;0;0;0;0;0;0;0;0;(-38.534551 -3.8201967);
356338;2020-02-28 07:29:00;AVENIDA PERIMETRAL, 973;, ; 973;;;Colisão;Luz do Dia;;;Meio de Quadra;;Longo da via;0;1;1;1;0;0;0;1;0;0;0;0;0;(-38.589809 -3.78482);
355953;2020-02-28 07:20:00;RD BR 116, ;, ; ;;;Colisão Traseira;Luz do Dia;Nublado;Seca;Meio de Quadra;;Longo da via;0;1;1;1;1;0;0;0;0;0;0;0;0;(-38.506787 -3.796502);
355752;2020-02-28 07:15:00;AVENIDA ALBERTO CRAVEIRO, ;RUA PAULA FRANCINETE, ; ;;;Atropelamento;Luz do Dia;Bom;Seca;T;Pare;Cruzamento;0;3;0;1;0;0;0;0;0;0;0;0;0;(-38.518044 -3.795238);
356318;2020-02-28 06:53:00;RUA CON DE CASTRO, 4683;, ; 4683;;;Colisão;Luz do Dia;;;Meio de Quadra;;Longo da via;0;1;0;1;1;0;0;0;0;0;0;0;0;(-38.5933309 -3.80653209);
356314;2020-02-28 02:19:00;AVENIDA SAO FRANCISCO UI 505, 930;, ; 930;;;Colisão;;;;Meio de Quadra;;Longo da via;0;3;0;2;0;0;0;0;0;0;0;0;0;(0 0);
356760;2020-02-28 02:12:00;RUA DOM CARLOTO TAVORA, ;RUA EQUADOR, ; ;;;Colisão;;;;Cruz;Pare;Cruzamento;0;1;0;0;0;0;0;0;0;0;0;0;0;(-38.551645 -3.7715);
359548;2020-02-28 02:00:00;RUA APOCALIPSE (MONDUBIM), ;, ; ;;;Outros;;;;Meio de Quadra;;Longo da via;1;0;0;1;0;0;0;0;0;0;0;0;0;(-38.573358 -3.832593);
356313;2020-02-27 21:56:00;AVENIDA WASHINGTON SOARES, ;, ; ;;;Colisão;;;;Meio de Quadra;;Longo da via;0;1;0;0;0;0;0;0;0;0;1;0;0;(0 0);
356312;2020-02-27 21:52:00;AVENIDA SEN FERNANDES TAVORA, 2983;, ; 2983;;;Colisão;;;;Meio de Quadra;;Longo da via;0;1;1;1;1;0;0;0;0;0;0;0;0;(-38.599578 -3.75488);
356311;2020-02-27 21:47:00;RUA 448 F CJ CEARA, 291;, ; 291;;;Colisão;;;;Meio de Quadra;;Longo da via;0;2;0;1;1;0;0;0;0;0;0;0;0;(-38.60703 -3.76356);
355751;2020-02-27 21:30:00;RUA FRE MANSUETO, ;RUA TAVARES COUTINHO, ; ;;;Colisão Transversal;Via Iluminada;Bom;Seca;Cruz;Semáforo;Cruzamento;0;0;2;1;1;0;0;0;0;0;0;0;0;(-38.488784 -3.732638);
356310;2020-02-27 18:37:00;RUA VASCO DE ATAIDE, 905;, ; 905;;;Colisão;;;;Meio de Quadra;;Longo da via;0;1;0;1;1;0;0;0;0;0;0;0;0;(-38.4860848 -3.82413716);
356309;2020-02-27 18:24:00;AVENIDA WASHINGTON SOARES, ;, ; ;;;Colisão;Anoitecer;;;Meio de Quadra;;Longo da via;0;1;0;1;1;0;0;0;0;0;0;0;0;(0 0);
358663;2020-02-27 16:43:00;AVENIDA G CJ CEARA, 160;, ; 160;;;Colisão;Luz do Dia;;;Meio de Quadra;;Longo da via;0;1;1;2;0;0;0;0;0;0;0;0;0;(-38.613329 -3.7709135);
356308;2020-02-27 16:35:00;RUA COSTA FREIRE, 1340;, ; 1340;;;Colisão;Luz do Dia;;;Meio de Quadra;;Longo da via;0;3;0;2;0;0;0;0;0;0;0;0;0;(-38.5837337 -3.79119954);
356307;2020-02-27 16:14:00;RUA COELHO NETO, 327;, ; 327;;;Não informado;Luz do Dia;;;Meio de Quadra;;Longo da via;0;1;0;1;0;0;0;0;0;0;0;0;0;(-38.5695022 -3.7187995);
355738;2020-02-27 15:07:00;AVENIDA SEN FERNANDES TAVORA, ;RUA JOSE MENDONCA, ; ;;;Colisão Transversal;Não Informado;Bom;Seca;Cruz;Semáforo;Cruzamento;0;1;1;0;1;0;0;0;1;0;0;0;0;(-38.601696 -3.754492);
356306;2020-02-27 12:36:00;AVENIDA SEN FERNANDES TAVORA, ;RUA JOSE MENDONCA, ; ;;;Colisão;Luz do Dia;;;Cruz;Semáforo;Cruzamento;0;1;0;1;1;0;0;0;0;0;0;0;0;(-38.601696 -3.754492);
356305;2020-02-27 12:19:00;RD BR 116, 3315;, ; 3315;;;Queda;Luz do Dia;;;Meio de Quadra;;Longo da via;0;1;0;1;0;0;0;0;0;0;0;0;0;(-38.514372 -3.779838);
355737;2020-02-27 10:40:00;RUA CHICO LEMOS, ;RUA MARGARIDA DE QUEIROZ, ; ;;;Colisão Transversal;Luz do Dia;Bom;Seca;Cruz;Pare;Cruzamento;0;2;1;1;1;0;0;0;0;0;0;0;0;(-38.498869 -3.791881);
356304;2020-02-27 10:32:00;AVENIDA MAE LISBOA, 2080;, ; 2080;;;Colisão;Luz do Dia;;;Meio de Quadra;;Longo da via;0;1;0;1;1;0;0;0;0;0;0;0;0;(-38.461003 -3.807591);
356303;2020-02-27 10:31:00;RUA MARGARIDA DE QUEIROZ, 444;, ; 444;;;Colisão;Luz do Dia;;;Meio de Quadra;;Longo da via;0;2;1;1;1;0;0;0;0;0;0;0;0;(0 0);
356302;2020-02-27 07:57:00;AVENIDA PRS CASTELO BRANCO, ;, ; ;;;Queda;Luz do Dia;;;Meio de Quadra;;Longo da via;0;1;0;0;0;0;0;0;0;1;0;0;0;(0 0);
356301;2020-02-27 07:32:00;RUA JUNIOR ROCHA, 820;, ; 820;;;Colisão;Luz do Dia;;;Meio de Quadra;;Longo da via;0;1;0;1;1;0;0;0;0;0;0;0;0;(-38.4878357 -3.79089893);
355735;2020-02-27 07:20:00;AVENIDA JOSE LEON, ;RUA JUNIOR ROCHA, ; ;;;Colisão Transversal;Luz do Dia;Bom;Seca;T;Não Há Controle;Cruzamento;0;0;2;1;1;0;0;0;0;0;0;0;0;(-38.48768 -3.79126);
356300;2020-02-27 07:12:00;RD BR 116, 6285;, ; 6285;;;Colisão;Luz do Dia;;;Meio de Quadra;;Longo da via;0;1;0;0;0;0;0;0;0;0;1;0;0;(-38.503053 -3.804691);
355952;2020-02-27 07:09:00;RD BR 222, ;, ; ;;;Colisão Traseira;Luz do Dia;Bom;Seca;Meio de Quadra;;Longo da via;0;2;0;1;1;0;0;0;0;0;0;0;0;(-38.59594097 -3.740300848);
356299;2020-02-27 05:27:00;AVENIDA FRANCISCO SA, 4780;, ; 4780;;;Colisão;Amanhecer;;;Meio de Quadra;;Longo da via;0;1;0;0;0;0;0;0;0;0;1;0;0;(-38.567708 -3.713886);
355734;2020-02-27 05:25:00;AVENIDA FRANCISCO SA, 4780;, ; 4780;;;Colisão Frontal;Amanhecer;Bom;Seca;Meio de Quadra;Não Há Controle;Longo da via;0;1;1;1;0;0;0;1;0;0;0;0;0;(-38.567708 -3.713886);
356285;2020-02-27 01:41:00;RUA FRE MANSUETO, 968;, ; 968;;;Colisão;;;;Meio de Quadra;;Longo da via;0;1;1;1;1;0;0;0;0;0;0;0;0;(-38.48878111 -3.732695579);
356759;2020-02-27 01:25:00;AVENIDA DOM MANUEL, ;, ; ;;;Colisão;;;;Meio de Quadra;;Longo da via;0;2;0;0;1;0;1;0;0;0;0;0;0;(0 0);
356283;2020-02-26 23:12:00;AVENIDA JOSE BASTOS, 5070;, ; 5070;;;Colisão;;;;Meio de Quadra;;Longo da via;0;1;0;0;1;0;0;0;0;1;0;0;0;(-38.561765 -3.75752);
355958;2020-02-26 22:05:00;AVENIDA SEN CARLOS JEREISSATI (AEROPORTO), ;, ; ;;;Colisão;Mal Iluminada;;Seca;Meio de Quadra;;Longo da via;0;1;0;0;0;0;1;0;0;0;0;0;0;(-38.52685 -3.783753);
356282;2020-02-26 20:33:00;RUA PERGENTINO MAIA, 621;, ; 621;;;Queda;;;;Meio de Quadra;;Longo da via;0;1;0;0;0;0;0;0;0;1;0;0;0;(-38.489058 -3.83138);
355749;2020-02-26 20:30:00;AVENIDA JOVITA FEITOSA, 314;, ; 314;;;Colisão Traseira;Via Iluminada;Bom;Seca;Meio de Quadra;Não Há Controle;Longo da via;0;1;1;1;1;0;0;0;0;0;0;0;0;(-38.546301 -3.737763);
355951;2020-02-26 19:40:00;RD BR 020, ;, ; ;;;Tombamento;;Bom;Seca;Meio de Quadra;;Longo da via;0;2;0;1;0;0;0;0;0;0;0;0;0;(-38.515 -3.866);
355733;2020-02-26 19:28:00;RUA EQUADOR, ;AVENIDA DR SILAS MUNGUBA, ; ;;;Não informado;Via Iluminada;Bom;Seca;Cruz;Semáforo;Cruzamento;0;0;2;1;1;0;0;0;0;0;0;0;0;(-38.55546 -3.782406);
356281;2020-02-26 18:49:00;RUA CEL MATOS DOURADO, 814;, ; 814;;;Queda;;;;Meio de Quadra;;Longo da via;0;1;0;1;0;0;0;0;0;0;0;0;0;(-38.5848288 -3.74650915);
356280;2020-02-26 18:48:00;RUA DA SORTE, 26;, ; 26;;;Choque c/ Obstáculo Fixo;;;;Meio de Quadra;;Longo da via;0;1;0;2;0;0;0;0;0;0;0;0;0;(-38.510987 -3.8092756);