COD_ACIDENTE;DATA;LOG1;LOG2;NUMERO;BAIRRO;AMC;NATUREZA;ILUMINACAO;TEMPO;SUPERFICIEPISTA;TIPOCRUZAMENTO;CONTROLETRAFEGO;USOSOLO;MORTOS;FERIDOS;ILESOS;MOTOCICLETA;AUTOMOVEL;MICROONIBUS;CAMINHAO;ONIBUS;CICLOMOTOR;BICICLETA;OUTROS;TREM;TRACAOANIMAL;COORDENADAS
356279;2020-02-26 18:00:00;AVENIDA ENG SANTANA JUNIOR, 1259;, ; 1259;;;Atropelamento;Anoitecer;;;Meio de Quadra;;Longo da via;1;0;1;1;0;0;0;0;0;0;0;0;0;(-38.484158 -3.738963);
355732;2020-02-26 18:00:00;AVENIDA OLIVEIRA PAIVA, ;RUA GAL CAIADO DE CASTRO, ; ;;;Colisão Transversal;Luz do Dia;Bom;Seca;T;Pare;Cruzamento;0;1;1;1;1;0;0;0;0;0;0;0;0;(-38.49042 -3.79587);
356278;2020-02-26 17:42:00;AVENIDA OLIVEIRA PAIVA, 1881;, ; 1881;;;Colisão;Anoitecer;;;Meio de Quadra;;Longo da via;0;1;0;0;0;0;0;0;0;0;0;0;0;(-38.490135 -3.795965);
356277;2020-02-26 17:30:00;AVENIDA GAL OSORIO DE PAIVA, 7020;, ; 7020;;;Atropelamento de Animal;Anoitecer;;;Meio de Quadra;;Longo da via;0;1;0;1;0;0;0;0;0;0;0;0;0;(-38.611916 -3.8144789);
356276;2020-02-26 16:48:00;RUA DES LEITE ALBUQUERQUE, ;RUA VIS MAUA, ; ;;;Colisão;Luz do Dia;;;Cruz;Dê Preferência;Cruzamento;0;1;0;1;1;0;0;0;0;0;0;0;0;(-38.499699 -3.736886);
355731;2020-02-26 16:25:00;AVENIDA GAL MURILO BORGES, ;, ; ;;;Colisão Traseira;Luz do Dia;Bom;Seca;Meio de Quadra;Não Há Controle;Longo da via;0;2;0;1;1;0;0;0;0;0;0;0;0;(-38.50668 -3.7640498);
356275;2020-02-26 15:39:00;RUA PENSAMENTO, 601;, ; 601;;;Colisão;Luz do Dia;;;Meio de Quadra;;Longo da via;0;1;0;1;1;0;0;0;0;0;0;0;0;(-38.5287437 -3.84241105);
356273;2020-02-26 15:03:00;AVENIDA GAL MURILO BORGES, ;, ; ;;;Colisão;Luz do Dia;;;Meio de Quadra;;Longo da via;0;1;0;1;1;0;0;0;0;0;0;0;0;(0 0);
355950;2020-02-26 15:00:00;RD BR 020, ;, ; ;;;Queda;Luz do Dia;Bom;Seca;Meio de Quadra;;Longo da via;0;2;0;2;0;0;0;0;0;0;0;0;0;(-38.507 -3.869);
356272;2020-02-26 14:42:00;RUA B PLANALTO COACU, 1775;, ; 1775;;;Atropelamento;Luz do Dia;;;Meio de Quadra;;Longo da via;0;1;0;0;1;0;0;0;0;0;0;0;0;(-38.5293027 -3.8150417);
356271;2020-02-26 14:23:00;RUA GERALDO BARBOSA, 1197;, ; 1197;;;Colisão;Luz do Dia;;;Meio de Quadra;;Longo da via;0;1;0;0;0;0;0;0;0;0;0;0;0;(-38.6028871 -3.79162235);
356270;2020-02-26 14:03:00;AVENIDA WASHINGTON SOARES, ;, ; ;;;Colisão;Luz do Dia;;;Meio de Quadra;;Longo da via;0;1;0;1;1;0;0;0;0;0;0;0;0;(0 0);
358662;2020-02-26 13:06:00;RUA OSCAR ARARIPE, 2641;, ; 2641;;;Colisão;Luz do Dia;;;Meio de Quadra;;Longo da via;0;1;1;1;1;0;0;0;0;0;0;0;0;(-38.614369 -3.786343);
356269;2020-02-26 12:42:00;AVENIDA HIS RAIMUNDO GIRAO, 474;, ; 474;;;Queda;Luz do Dia;;;Meio de Quadra;;Longo da via;0;1;0;1;0;0;0;0;0;0;0;0;0;(-38.51127 -3.7210584);
356268;2020-02-26 12:18:00;RUA MANUEL SATIRO, 218;, ; 218;;;Colisão;Luz do Dia;;;Meio de Quadra;;Longo da via;0;1;0;1;0;0;1;0;0;0;0;0;0;(-38.574987 -3.795314);
356267;2020-02-26 07:11:00;AVENIDA GAL OSORIO DE PAIVA, 7819;, ; 7819;;;Colisão;Luz do Dia;;;Meio de Quadra;;Longo da via;0;1;0;0;0;0;0;0;0;0;1;0;0;(-38.61739076 -3.820533347);
356266;2020-02-26 06:01:00;RUA FENELON BOMILCAR, 399;, ; 399;;;Colisão;Luz do Dia;;;Meio de Quadra;;Longo da via;0;1;0;1;1;0;0;0;0;0;0;0;0;(-38.5822 -3.71581);
356265;2020-02-26 01:29:00;AVENIDA I CJ JOSE WALTER, ;AVENIDA G CJ JOSE WALTER, ; ;;;Colisão;;;;Cruz;Pare;Cruzamento;0;1;0;0;0;0;0;0;0;0;1;0;0;(-38.554956 -3.839061);
356259;2020-02-26 00:36:00;RUA DIADEMA, 267;, ; 267;;;Colisão;;;;Meio de Quadra;;Longo da via;0;2;0;0;1;0;0;0;0;0;0;0;0;(-38.52255879 -3.844779722);
358661;2020-02-26 00:00:00;RUA E LOT CAJAZEIRAS II, 3705;, ; 3705;;;Queda;;;;Meio de Quadra;;Longo da via;0;1;0;1;0;0;0;0;0;0;0;0;0;(-38.52754 -3.81505);
356257;2020-02-25 22:38:00;RUA CONFIANCA D63, 467;, ; 467;;;Colisão;;;;Meio de Quadra;;Longo da via;0;1;0;1;1;0;0;0;0;0;0;0;0;(-38.51154704 -3.819348957);
356256;2020-02-25 22:21:00;RUA NOSSA SRA DAS GRACAS, 429;, ; 429;;;Colisão;;;;Meio de Quadra;;Longo da via;0;1;0;0;0;0;0;0;0;0;1;0;0;(-38.5522122 -3.71054851);
356255;2020-02-25 21:10:00;AVENIDA CARAPINIMA, ;, ; ;;;Atropelamento;;;;Meio de Quadra;;Longo da via;0;1;1;0;0;0;0;1;0;0;0;0;0;(0 0);
356254;2020-02-25 21:01:00;AVENIDA L CJ CEARA, ;, ; ;;;Queda;;;;Meio de Quadra;;Longo da via;0;1;0;1;0;0;0;0;0;0;0;0;0;(0 0);
356253;2020-02-25 21:01:00;AVENIDA CARAPINIMA, ;, ; ;;;Atropelamento;;;;Meio de Quadra;;Longo da via;0;1;0;0;1;0;0;0;0;0;0;0;0;(0 0);
356252;2020-02-25 20:25:00;AVENIDA F CJ CEARA, 434;, ; 434;;;Colisão;;;;Meio de Quadra;;Longo da via;0;1;0;2;0;0;0;0;0;0;0;0;0;(-38.6059867 -3.76414828);
356251;2020-02-25 19:39:00;RUA ACARAPE, 229;, ; 229;;;Atropelamento;;;;Meio de Quadra;;Longo da via;0;1;0;1;0;0;0;0;0;0;0;0;0;(-38.5515301 -3.79950395);
356250;2020-02-25 18:34:00;AVENIDA ENG SANTANA JUNIOR, ;AVENIDA ENG ALBERTO SA, ; ;;;Atropelamento;;;;Cruz;Semáforo;Cruzamento;0;1;0;0;1;0;0;0;0;0;0;0;0;(-38.480624 -3.733357);
356170;2020-02-25 18:33:00;AVENIDA ALBERTO CRAVEIRO, ;, ; ;;;Queda;;;;Meio de Quadra;;Longo da via;0;1;0;1;0;0;0;0;0;0;0;0;0;(0 0);
356169;2020-02-25 18:10:00;AVENIDA H CJ CEARA, 1772;, ; 1772;;;Colisão;Anoitecer;;;Meio de Quadra;;Longo da via;0;1;0;0;0;0;0;0;0;0;1;0;0;(-38.6142993 -3.77628942);
356164;2020-02-25 16:56:00;RUA GUADALAJARA D62, 420;, ; 420;;;Atropelamento;Luz do Dia;;;Meio de Quadra;;Longo da via;0;1;0;0;1;0;0;0;0;0;0;0;0;(-38.51711167 -3.796909889);
355730;2020-02-25 13:49:00;RUA BAR ARATANHA, ;RUA SALDANHA MARINHO, ; ;;;Capotamento;Luz do Dia;Bom;Seca;Cruz;Semáforo;Cruzamento;0;1;1;0;2;0;0;0;0;0;0;0;0;(-38.529697 -3.74282);
356163;2020-02-25 13:44:00;RUA MARIA JULIA, ;RUA PDE FRANCISCO ARAQUEM, ; ;;;Colisão;Luz do Dia;;;;;Cruzamento;0;1;0;1;1;0;0;0;0;0;0;0;0;(-38.60438 -3.80405);
356162;2020-02-25 13:19:00;RUA ZACARIAS GONDIM, 882;, ; 882;;;Colisão;Luz do Dia;;;Meio de Quadra;;Longo da via;0;1;0;0;1;0;0;0;0;1;0;0;0;(-38.5593815 -3.770682);
356161;2020-02-25 13:17:00;RUA BAR ARATANHA, ;RUA SALDANHA MARINHO, ; ;;;Tombamento;Luz do Dia;;;Cruz;Semáforo;Cruzamento;0;1;0;0;0;0;0;0;0;0;0;0;0;(-38.529697 -3.74282);
356160;2020-02-25 12:58:00;AVENIDA PRS JUSCELINO KUBITSCHEK (PASSARÉ), 3753;, ; 3753;;;Queda;Luz do Dia;;;Meio de Quadra;;Longo da via;0;1;0;1;0;0;0;0;0;0;0;0;0;(-38.5305 -3.81493);
356159;2020-02-25 11:09:00;RUA ALMEIDA PRADO, ;RUA DR GILBERTO STUDART, ; ;;;Colisão;Luz do Dia;;;Cruz;Pare;Cruzamento;0;2;1;1;1;0;0;0;0;0;0;0;0;(-38.475665 -3.745323);
356152;2020-02-25 09:58:00;RUA VER PEDRO PAULO MOREIRA, 832;, ; 832;;;Atropelamento;Luz do Dia;;;Meio de Quadra;;Longo da via;0;1;1;1;0;0;0;0;0;0;0;0;0;(-38.4879271 -3.7871);
355948;2020-02-25 07:50:00;RD BR 020, ;, ; ;;;Tombamento;Luz do Dia;Nublado;Molhada;Meio de Quadra;;Longo da via;0;1;4;0;1;0;0;0;0;0;0;0;0;(-38.508333 -3.868769);
355947;2020-02-25 07:20:00;RD BR 116, 13000;, ; 13000;;;Outros;Luz do Dia;Chuva;Molhada;Meio de Quadra;;Longo da via;0;0;1;0;0;0;1;0;0;0;0;0;0;(-38.497727 -3.86467);
356137;2020-02-25 07:13:00;RD BR 020, ;, ; ;;;Tombamento;Luz do Dia;;;Meio de Quadra;;Longo da via;0;1;0;0;0;0;0;0;0;0;0;0;0;(0 0);
356136;2020-02-25 04:11:00;RUA ILDEFONSO ALBANO, 68;, ; 68;;;Colisão;;;;Meio de Quadra;;Longo da via;0;1;0;0;0;0;0;0;0;0;1;0;0;(-38.5094665 -3.721327);
356135;2020-02-25 03:48:00;RUA ENG LUIS MONTENEGRO, 832;, ; 832;;;Colisão;;;;Meio de Quadra;;Longo da via;0;1;0;0;0;0;0;0;0;0;0;0;0;(-38.62003 -3.81346);
356134;2020-02-25 02:13:00;RD BR 116, 7200;, ; 7200;;;Colisão;;;;Meio de Quadra;;Longo da via;0;1;1;0;1;0;0;0;0;1;0;0;0;(-38.5115614 -3.786276359);
356133;2020-02-25 01:12:00;RUA FIS ASSIS SARAIVA, 883;, ; 883;;;Queda;;;;Meio de Quadra;;Longo da via;0;1;0;1;0;0;0;0;0;0;0;0;0;(-38.5280049 -3.8015162);
356132;2020-02-24 21:57:00;AVENIDA LUIZ VIEIRA, ;, ; ;;;Colisão;;;;Meio de Quadra;;Longo da via;0;2;0;2;0;0;0;0;0;0;0;0;0;(0 0);
356131;2020-02-24 21:13:00;RUA SEN JAGUARIBE, 538;, ; 538;;;Atropelamento;;;;Meio de Quadra;;Longo da via;0;1;0;1;0;0;0;0;0;0;0;0;0;(-38.5276257 -3.72181236);
356130;2020-02-24 21:06:00;RUA HERMINIA BONAVIDES, ;, ; ;;;Colisão;;;;Meio de Quadra;;Longo da via;0;2;0;2;0;0;0;0;0;0;0;0;0;(0 0);
356129;2020-02-24 20:45:00;AVENIDA TRAJANO DE MEDEIROS, ;RUA VIS CAIRU, ; ;;;Colisão;;;;;;Cruzamento;0;1;1;1;1;0;0;0;0;0;0;0;0;(-38.466 -3.72741);
356128;2020-02-24 20:16:00;AVENIDA DUQ CAXIAS, ;, ; ;;;Atropelamento;;;;Meio de Quadra;;Longo da via;0;1;0;1;0;0;0;0;0;0;0;0;0;(0 0);
355946;2020-02-24 20:10:00;RD BR 116, ;, ; ;;;Queda;;Nublado;Seca;Meio de Quadra;;Longo da via;0;1;0;1;0;0;0;0;0;0;0;0;0;(-38.503373 -3.834435);
356127;2020-02-24 19:52:00;AVENIDA JOVITA FEITOSA, ;AVENIDA ENG HUMBERTO MONTE, ; ;;;Queda;;;;Cruz;Semáforo;Cruzamento;0;1;0;1;0;0;0;0;0;0;0;0;0;(-38.566544 -3.741963);
356126;2020-02-24 13:26:00;AVENIDA PERIMETRAL, 1067;, ; 1067;;;Atropelamento;Luz do Dia;;;Meio de Quadra;;Longo da via;0;1;1;0;1;0;0;0;0;0;0;0;0;(-38.5899559 -3.78535846);
356125;2020-02-24 10:29:00;RUA GAL CLARINDO DE QUEIROZ, 1440;, ; 1440;;;Colisão;Luz do Dia;;;Meio de Quadra;;Longo da via;0;1;1;1;1;0;0;0;0;0;0;0;0;(-38.53674 -3.73056);
355729;2020-02-24 09:09:00;AVENIDA ANTONIO SALES, ;RUA MON CATAO, ; ;;;Choque c/ Obstáculo Fixo;Luz do Dia;Bom;Seca;Cruz;Pare;Cruzamento;0;1;0;0;1;0;0;0;0;0;0;0;0;(-38.493642 -3.748174);
356098;2020-02-24 01:49:00;RUA MON SALAZAR, 161;, ; 161;;;Choque c/ Obstáculo Fixo;;;;Meio de Quadra;;Longo da via;0;3;0;0;1;0;0;0;0;0;0;0;0;(-38.5185903 -3.75656938);
356097;2020-02-23 22:31:00;AVENIDA MON TABOSA, ;AVENIDA BAR STUDART, ; ;;;Colisão;;;;;;Cruzamento;0;1;1;2;0;0;0;0;0;0;0;0;0;(-38.503445 -3.724762);
356096;2020-02-23 21:47:00;RUA BERNARDO MANUEL, ;AVENIDA DR SILAS MUNGUBA, ; ;;;Atropelamento;;;;Cruz;Semáforo;Cruzamento;0;1;1;0;1;0;0;0;0;0;0;0;0;(-38.54796 -3.787538);
356095;2020-02-23 21:25:00;RUA URUCUTUBA, 2448;, ; 2448;;;Queda;;;;Meio de Quadra;;Longo da via;0;1;0;1;0;0;0;0;0;0;0;0;0;(-38.619992 -3.799137667);
356094;2020-02-23 21:22:00;AVENIDA CANAL D71, 545;, ; 545;;;Atropelamento;;;;Meio de Quadra;;Longo da via;0;1;1;0;1;0;0;0;0;0;0;0;0;(-38.589379 -3.815472);
356093;2020-02-23 21:05:00;RUA MARIA CLARA, 677;, ; 677;;;Atropelamento;;;;Meio de Quadra;;Longo da via;0;1;1;1;0;0;0;0;0;0;0;0;0;(-38.5847385 -3.725481);
356092;2020-02-23 20:07:00;RD BR 116, 5317;, ; 5317;;;Atropelamento;;;;Meio de Quadra;;Longo da via;0;1;1;0;1;0;0;0;0;0;0;0;0;(-38.506787 -3.796502);
356091;2020-02-23 19:50:00;AVENIDA JOSE BASTOS, ;, ; ;;;Colisão;;;;Meio de Quadra;;Longo da via;0;1;0;0;0;0;0;0;0;0;1;0;0;(0 0);
356090;2020-02-23 19:42:00;RD BR 116, ;, ; ;;;Atropelamento;;;;Meio de Quadra;;Longo da via;0;1;1;0;1;0;0;0;0;0;0;0;0;(0 0);
355945;2020-02-23 18:10:00;RD BR 222, ;, ; ;;;Colisão Traseira;Anoitecer;Bom;Seca;Meio de Quadra;;Longo da via;0;1;1;0;1;0;0;0;0;1;0;0;0;(-38.59594097 -3.740300848);
356089;2020-02-23 16:48:00;RUA PEDRO DANTAS, 345;, ; 345;;;Queda;Luz do Dia;;;Meio de Quadra;;Longo da via;0;1;0;1;0;0;0;0;0;0;0;0;0;(-38.520909 -3.786094);
356088;2020-02-23 13:16:00;RUA ALBANO AMARAL, 674;, ; 674;;;Colisão;Luz do Dia;;;Meio de Quadra;;Longo da via;0;2;1;1;1;0;0;0;0;0;0;0;0;(-38.5811805 -3.79804428);
355750;2020-02-23 13:10:00;RUA CEL MANUEL ALBANO, ;RUA PAURILO BARROSO, ; ;;;Colisão Lateral;Luz do Dia;Nublado;Molhada;Cruz;Pare;Cruzamento;0;2;0;1;1;0;0;0;0;0;0;0;0;(-38.57128 -3.80611);
355746;2020-02-23 12:29:00;RUA CEL PERGENTINO FERREIRA, ;RUA DOM SEBASTIAO LEME, ; ;;;Colisão Lateral;Luz do Dia;Nublado;Seca;Cruz;Pare;Cruzamento;0;1;1;1;1;0;0;0;0;0;0;0;0;(-38.525757 -3.7488205);
356046;2020-02-23 11:06:00;RUA ANTONIO COSTA MENDES (PQ SÃO JOSÉ), 1524;, ; 1524;;;Colisão;Luz do Dia;;;Meio de Quadra;;Longo da via;0;1;0;0;0;0;0;0;0;0;1;0;0;(-38.58879 -3.79534);
355736;2020-02-23 09:27:00;AVENIDA DOM MANUEL, ;RUA PEREIRA FILGUEIRAS, ; ;;;Colisão Transversal;Luz do Dia;Nublado;Seca;Cruz;Semáforo;Cruzamento;0;0;2;0;2;0;0;0;0;0;0;0;0;(-38.520338 -3.725943);
355725;2020-02-23 08:44:00;RUA JOAO CORDEIRO, ;RUA JOAO BRIGIDO, ; ;;;Colisão Transversal;Luz do Dia;Nublado;Molhada;Cruz;Semáforo;Cruzamento;0;0;2;0;2;0;0;0;0;0;0;0;0;(-38.51787 -3.739927);
356758;2020-02-23 08:30:00;RUA PAULO FIRMEZA, ;RUA PRO CARVALHO, ; ;;;Colisão;Luz do Dia;;;Cruz;Pare;Cruzamento;0;1;0;0;0;0;0;0;0;0;0;0;0;(-38.514078 -3.757232);
355726;2020-02-23 06:57:00;RUA PAULO FIRMEZA, ;RUA PRO CARVALHO, ; ;;;Colisão Transversal;Luz do Dia;Nublado;Molhada;Cruz;Pare;Cruzamento;0;3;0;1;1;0;0;0;0;0;0;0;0;(-38.514078 -3.757232);
356045;2020-02-23 06:39:00;RUA PDE VALDEVINO, ;RUA NUNES VALENTE, ; ;;;Colisão;Luz do Dia;;;Cruz;Pare;Cruzamento;0;1;0;1;1;0;0;0;0;0;0;0;0;(-38.505782 -3.742608);
356044;2020-02-23 02:28:00;AVENIDA JOSE BASTOS, ;, ; ;;;Colisão;;;;Meio de Quadra;;Longo da via;0;2;0;2;0;0;0;0;0;0;0;0;0;(0 0);
356043;2020-02-23 01:37:00;RUA ALBERTO MAGNO, 628;, ; 628;;;Colisão;;;;Meio de Quadra;;Longo da via;0;3;0;2;0;0;0;0;0;0;0;0;0;(-38.546741 -3.76117);
356042;2020-02-23 00:47:00;RUA ESTADO DO RIO, 702;, ; 702;;;Queda;;;;Meio de Quadra;;Longo da via;0;1;0;1;0;0;0;0;0;0;0;0;0;(-38.5700082 -3.75712811);
356041;2020-02-22 23:44:00;AVENIDA SEN FERNANDES TAVORA, ;, ; ;;;Colisão;;;;Meio de Quadra;;Longo da via;0;1;0;2;0;0;0;0;0;0;0;0;0;(0 0);
356040;2020-02-22 23:08:00;RUA TEN BENEVOLO, 320;, ; 320;;;Colisão;;;;Meio de Quadra;;Longo da via;0;1;0;1;1;0;0;0;0;0;0;0;0;(-38.518077 -3.7251);
355957;2020-02-22 22:00:00;RD CE-040, ;, ; ;;;Atropelamento;Via Iluminada;Bom;Seca;Meio de Quadra;;Longo da via;1;0;1;0;1;0;0;0;0;0;0;0;0;(-38.47953463 -3.800595823);
356038;2020-02-22 20:46:00;RUA MACEIO, 180;, ; 180;;;Atropelamento;;;;Meio de Quadra;;Longo da via;0;1;1;1;0;0;0;0;0;0;0;0;0;(-38.58573 -3.75467);
356037;2020-02-22 19:54:00;AVENIDA TEN LISBOA, 1774;, ; 1774;;;Colisão;;;;Meio de Quadra;;Longo da via;0;2;0;0;0;0;0;0;0;0;1;0;0;(-38.55146 -3.71771);
356036;2020-02-22 18:58:00;AVENIDA GAL OSORIO DE PAIVA, 1470;, ; 1470;;;Atropelamento;;;;Meio de Quadra;;Longo da via;0;2;0;1;0;0;0;0;0;0;0;0;0;(-38.57487539 -3.780930091);
356035;2020-02-22 18:34:00;RUA MIGUEL GURGEL, ;, ; ;;;Queda;;;;Meio de Quadra;;Longo da via;0;1;0;1;0;0;0;0;0;0;0;0;0;(0 0);
356034;2020-02-22 17:54:00;AVENIDA JOVITA FEITOSA, ;RUA COS VIEIRA DA SILVA, ; ;;;Queda;Anoitecer;;;Cruz;Pare;Cruzamento;0;1;0;1;0;0;0;0;0;0;0;0;0;(-38.55423 -3.73946);
356033;2020-02-22 17:52:00;RUA GAL MARIO HERMES, ;RUA CESAR CORREIA, ; ;;;Colisão;Anoitecer;;;Cruz;Pare;Cruzamento;0;1;0;1;1;0;0;0;0;0;0;0;0;(-38.574448 -3.715134);
356032;2020-02-22 16:59:00;AVENIDA ANTONIO SALES, 3346;, ; 3346;;;Atropelamento;Luz do Dia;;;Meio de Quadra;;Longo da via;0;1;1;0;1;0;0;0;0;0;0;0;0;(-38.49373 -3.74823);
356031;2020-02-22 16:58:00;AVENIDA MAJ ASSIS, 1480;, ; 1480;;;Colisão;Luz do Dia;;;Meio de Quadra;;Longo da via;0;1;0;1;1;0;0;0;0;0;0;0;0;(-38.59257885 -3.722614364);
355728;2020-02-22 15:39:00;RUA CAP MELO, ;RUA EDUARDO BEZERRA, ; ;;;Colisão Transversal;Luz do Dia;Nublado;Seca;Cruz;Semáforo;Cruzamento;0;1;1;1;1;0;0;0;0;0;0;0;0;(-38.513607 -3.753803);
355949;2020-02-22 14:20:00;RD BR 020, ;, ; ;;;Colisão Lateral;Luz do Dia;Chuva;Molhada;Meio de Quadra;;Longo da via;0;2;1;0;1;0;2;0;0;0;0;0;0;(-38.524 -3.863);
355724;2020-02-22 12:59:00;AVENIDA PRS COSTA E SILVA, 2464;, ; 2464;;;Choque c/ Obstáculo Fixo;Luz do Dia;Chuva;Molhada;Meio de Quadra;Não Há Controle;Longo da via;0;1;0;0;1;0;0;0;0;0;0;0;0;(-38.5599404 -3.82035423);
356030;2020-02-22 12:21:00;AVENIDA SGT HERMINIO SAMPAIO, 709;, ; 709;;;Atropelamento;Luz do Dia;;;Meio de Quadra;;Longo da via;1;1;0;1;0;0;0;0;0;0;0;0;0;(-38.546991 -3.724602);
356029;2020-02-22 12:02:00;RUA DOM LINO, ;AVENIDA JOVITA FEITOSA, ; ;;;Outros;Luz do Dia;;;Cruz;Semáforo;Cruzamento;0;1;0;1;0;0;0;0;0;0;0;0;0;(-38.556413 -3.73985);
356028;2020-02-22 09:11:00;RUA CARNAUBAL, ;RUA PIERRE LUZ, ; ;;;Colisão;Luz do Dia;;;Cruz;Pare;Cruzamento;1;0;1;1;1;0;0;0;0;0;0;0;0;(-38.588217 -3.722062);
356027;2020-02-22 07:13:00;AVENIDA PRS COSTA E SILVA, 2615;, ; 2615;;;Colisão;Luz do Dia;;;Meio de Quadra;;Longo da via;0;1;0;0;1;0;0;0;0;1;0;0;0;(-38.55883131 -3.820884);
356026;2020-02-22 07:01:00;AVENIDA PRS COSTA E SILVA, 2315;, ; 2315;;;Atropelamento;Luz do Dia;;;Meio de Quadra;;Longo da via;0;1;1;0;1;0;0;0;0;0;0;0;0;(-38.5610296 -3.819834);
356025;2020-02-22 06:16:00;RUA TRES MARIAS, 181;, ; 181;;;Colisão;Luz do Dia;;;Meio de Quadra;;Longo da via;0;1;0;1;1;0;0;0;0;0;0;0;0;(-38.59826 -3.7993);
356024;2020-02-22 05:21:00;AVENIDA HIS RAIMUNDO GIRAO, 363;, ; 363;;;Queda;Amanhecer;;;Meio de Quadra;;Longo da via;0;1;0;1;0;0;0;0;0;0;0;0;0;(-38.512645 -3.7206256);
356023;2020-02-22 05:05:00;RUA PINTO MADEIRA, ;, ; ;;;Colisão;Amanhecer;;;Meio de Quadra;;Longo da via;0;1;0;1;1;0;0;0;0;0;0;0;0;(0 0);
356022;2020-02-22 01:44:00;RUA CARLOS AMORA, ;, ; ;;;Colisão;;;;Meio de Quadra;;Longo da via;0;1;1;1;0;0;0;0;0;1;0;0;0;(0 0);
356021;2020-02-22 01:21:00;RUA EDUARDO PERDIGAO, ;, ; ;;;Colisão;;;;Meio de Quadra;;Longo da via;0;1;0;0;0;0;0;0;0;0;1;0;0;(0 0);
356441;2020-02-21 22:18:00;RUA CATOLE, 2365;, ; 2365;;;Atropelamento;;;;Meio de Quadra;;Longo da via;0;1;1;1;0;0;0;0;0;0;0;0;0;(-38.521341 -3.850529);
356440;2020-02-21 21:46:00;AVENIDA DA INDEPENDENCIA, ;AVENIDA MOZART PINHEIRO DE LUCENA, ; ;;;Colisão;;;;Cruz;Semáforo;Cruzamento;0;1;1;1;1;0;0;0;0;0;0;0;0;(-38.597615 -3.724957);
356439;2020-02-21 19:42:00;LOGRADOURO SEM NOME, 303;, ; 303;;;Colisão;;;;Meio de Quadra;;Longo da via;0;1;1;1;1;0;0;0;0;0;0;0;0;(-38.5438584 -3.82164686);
355956;2020-02-21 19:30:00;AVENIDA SEN CARLOS JEREISSATI (AEROPORTO), ;, ; ;;;Colisão;;Bom;Seca;Meio de Quadra;;Longo da via;0;2;1;1;1;0;0;0;0;0;0;0;0;(-38.535424 -3.782194);
356438;2020-02-21 18:34:00;RUA ZACARIAS GONDIM, ;RUA DOM CARLOTO TAVORA, ; ;;;Colisão;;;;Cruz;Pare;Cruzamento;0;1;1;2;0;0;0;0;0;0;0;0;0;(-38.558785 -3.768945);
356437;2020-02-21 17:33:00;AVENIDA MOZART PINHEIRO DE LUCENA, 810;, ; 810;;;Colisão;Anoitecer;;;Meio de Quadra;;Longo da via;0;2;0;1;0;0;0;0;0;1;0;0;0;(-38.5932825 -3.709974);
356435;2020-02-21 17:11:00;AVENIDA PRS CASTELO BRANCO, ;, ; ;;;Colisão;Anoitecer;;;Meio de Quadra;;Longo da via;0;2;0;0;0;0;0;0;0;0;0;0;0;(0 0);
356433;2020-02-21 16:53:00;RUA VIRIATO RIBEIRO, 721;, ; 721;;;Atropelamento;Luz do Dia;;;Meio de Quadra;;Longo da via;0;2;0;1;0;0;0;0;0;0;0;0;0;(-38.5602989 -3.75125057);
356431;2020-02-21 16:51:00;RUA TAQUATIARA, 220;, ; 220;;;Colisão;Luz do Dia;;;Meio de Quadra;;Longo da via;0;1;1;1;1;0;0;0;0;0;0;0;0;(-38.5019404 -3.83040006);
356430;2020-02-21 16:12:00;RUA FREI HUMBERTO, 226;, ; 226;;;Colisão;Luz do Dia;;;Meio de Quadra;;Longo da via;0;1;1;0;1;0;0;0;0;1;0;0;0;(-38.59442 -3.78432);
356429;2020-02-21 16:04:00;RUA GUSTAVO SAMPAIO, 430;, ; 430;;;Colisão;Luz do Dia;;;Meio de Quadra;;Longo da via;0;1;1;1;1;0;0;0;0;0;0;0;0;(-38.548657 -3.733639);
355944;2020-02-21 14:40:00;RD BR 222, ;, ; ;;;Colisão;Luz do Dia;Bom;Seca;Meio de Quadra;;Longo da via;0;2;1;1;1;0;0;0;0;0;0;0;0;(-38.57814693 -3.737698444);
356428;2020-02-21 13:50:00;AVENIDA GAL OSORIO DE PAIVA, 600;, ; 600;;;Colisão;Luz do Dia;;;Meio de Quadra;;Longo da via;0;1;1;1;1;0;0;0;0;0;0;0;0;(-38.56787518 -3.776497727);
356427;2020-02-21 12:18:00;RUA F CJ ITAPERI, 164;, ; 164;;;Colisão;Luz do Dia;;;Meio de Quadra;;Longo da via;0;1;1;1;1;0;0;0;0;0;0;0;0;(-38.5471782 -3.79687155);
356426;2020-02-21 12:16:00;RUA STA CATARINA (BELA VISTA / PAN AMERICANO), ;RUA PERNAMBUCO, ; ;;;Colisão;Luz do Dia;;;Cruz;Pare;Cruzamento;0;2;0;0;0;0;0;0;0;0;0;0;0;(-38.569067 -3.759605);
356425;2020-02-21 11:53:00;RUA CON DE CASTRO, 8617;, ; 8617;;;Colisão;Luz do Dia;;;Meio de Quadra;;Longo da via;0;1;1;1;1;0;0;0;0;0;0;0;0;(-38.6036758 -3.821106);
356422;2020-02-21 11:46:00;RUA GONCALA A RODRIGUES, 420;, ; 420;;;Queda;Luz do Dia;;;Meio de Quadra;;Longo da via;0;2;0;0;0;0;0;0;0;1;0;0;0;(-38.57303 -3.74951);