COD_ACIDENTE;DATA;LOG1;LOG2;NUMERO;BAIRRO;AMC;NATUREZA;ILUMINACAO;TEMPO;SUPERFICIEPISTA;TIPOCRUZAMENTO;CONTROLETRAFEGO;USOSOLO;MORTOS;FERIDOS;ILESOS;MOTOCICLETA;AUTOMOVEL;MICROONIBUS;CAMINHAO;ONIBUS;CICLOMOTOR;BICICLETA;OUTROS;TREM;TRACAOANIMAL;COORDENADAS
356757;2020-02-21 11:40:00;AVENIDA DEP PAULINO ROCHA, 2417;, ; 2417;;;Colisão;Luz do Dia;;;Meio de Quadra;;Longo da via;0;2;0;0;2;0;0;0;0;0;0;0;0;(-38.51809 -3.81056);
356400;2020-02-21 11:09:00;RUA DEZESSETE (VL VELHA), 981;, ; 981;;;Colisão;Luz do Dia;;;Meio de Quadra;;Longo da via;0;2;0;2;0;0;0;0;0;0;0;0;0;(-38.59531 -3.71382);
355943;2020-02-21 10:43:00;RD BR 116, 2920;, ; 2920;;;Colisão Traseira;Luz do Dia;Bom;Seca;Meio de Quadra;;Longo da via;0;1;1;1;1;0;0;0;0;0;0;0;0;(-38.5115614 -3.786276359);
356399;2020-02-21 10:42:00;TERM TERMINAL DA PARANGABA, 168;, ; 168;;;Atropelamento;Luz do Dia;;;Meio de Quadra;;Longo da via;0;1;1;0;1;0;0;0;0;0;0;0;0;(-38.5644 -3.77607);
356398;2020-02-21 10:40:00;RUA 19 CJ NOVA ASSUNCAO, 70;, ; 70;;;Colisão;Luz do Dia;;;Meio de Quadra;;Longo da via;0;2;0;0;0;0;0;0;0;0;0;0;0;(-38.5170404 -3.82466956);
356397;2020-02-21 10:27:00;AVENIDA JOVITA FEITOSA, 3335;, ; 3335;;;Colisão;Luz do Dia;;;Meio de Quadra;;Longo da via;0;1;1;1;1;0;0;0;0;0;0;0;0;(-38.567415 -3.742971);
356396;2020-02-21 10:04:00;AVENIDA DR SILAS MUNGUBA, 3363;, ; 3363;;;Colisão;Luz do Dia;;;Meio de Quadra;;Longo da via;0;2;1;1;1;0;0;0;0;0;0;0;0;(-38.543783 -3.789192);
355723;2020-02-21 07:58:00;RUA DR WANDA SIDOU, ;RUA E ESPL CASTELAO, ; ;;;Colisão Lateral;Luz do Dia;Bom;Seca;;;Cruzamento;0;1;1;1;1;0;0;0;0;0;0;0;0;(-38.50687 -3.81015);
356395;2020-02-21 07:24:00;RUA DR JOSE ROBERTO SALES, 305;, ; 305;;;Colisão;Luz do Dia;;;Meio de Quadra;;Longo da via;0;2;1;1;1;0;0;0;0;0;0;0;0;(-38.57847 -3.69686);
356394;2020-02-21 04:39:00;AVENIDA GAL OSORIO DE PAIVA, ;AVENIDA SIQUEIRA CAMPOS, ; ;;;Queda;;;;Cruz;Não Há Controle;Cruzamento;0;1;0;1;0;0;0;0;0;0;0;0;0;(-38.618651 -3.821821);
355778;2020-02-21 01:30:00;AVENIDA ANTONIO SALES, ;RUA TIBURCIO CAVALCANTE, ; ;;;Colisão Lateral;Via Iluminada;Bom;Seca;Cruz;Semáforo;Cruzamento;0;0;2;0;2;0;0;0;0;0;0;0;0;(-38.505333 -3.744543);
356393;2020-02-21 00:00:00;AVENIDA F CJ CEARA, 342;, ; 342;;;Queda;;;;Meio de Quadra;;Longo da via;0;1;0;1;0;0;0;0;0;0;0;0;0;(-38.6067547 -3.76384094);
356392;2020-02-20 23:14:00;AVENIDA BENJAMIM BRASIL, 1583;, ; 1583;;;Colisão;;;;Meio de Quadra;;Longo da via;0;1;1;1;1;0;0;0;0;0;0;0;0;(-38.5615505 -3.80676113);
356391;2020-02-20 22:57:00;RUA ESTADO DO RIO, ;RUA PIAUI, ; ;;;Queda;;;;Cruz;Pare;Cruzamento;0;1;0;1;0;0;0;0;0;0;0;0;0;(-38.568847 -3.755344);
356390;2020-02-20 22:23:00;RUA C UI 503, 92;, ; 92;;;Queda;;;;Meio de Quadra;;Longo da via;0;2;0;1;0;0;0;0;0;0;0;0;0;(-38.58301 -3.82097);
356389;2020-02-20 20:09:00;RUA BOM JESUS (GRANJA LISBOA), ;RUA CEL VIRGILIO NOGUEIRA (BOM JARDIM), ; ;;;Colisão;;;;Cruz;Semáforo;Cruzamento;0;1;1;2;0;0;0;0;0;0;0;0;0;(-38.609726 -3.7915232);
356388;2020-02-20 20:03:00;RUA ROMEU ALDIGUERI, ;RUA JOR CESAR MAGALHAES, ; ;;;Atropelamento de Animal;;;;;;Cruzamento;0;1;0;1;0;0;0;0;0;0;0;0;0;(-38.56774 -3.70721);
356387;2020-02-20 19:09:00;RUA PERGENTINO MAIA, 572;, ; 572;;;Atropelamento;;;;Meio de Quadra;;Longo da via;0;1;1;0;1;0;0;0;0;0;0;0;0;(-38.489871 -3.831264);
355942;2020-02-20 19:00:00;RD BR 116, ;, ; ;;;Queda;;Chuva;Molhada;Meio de Quadra;;Longo da via;0;2;0;1;0;0;0;0;0;0;0;0;0;(-38.499242 -3.873523);
356381;2020-02-20 18:04:00;RUA GERMANO FRANCK, 935;, ; 935;;;Colisão;Anoitecer;;;Meio de Quadra;;Longo da via;0;2;0;0;0;0;0;0;0;0;0;0;0;(-38.56415163 -3.779058074);
356379;2020-02-20 17:38:00;RUA CEL MOZART GONDIM, 1296;, ; 1296;;;Colisão;Anoitecer;;;Meio de Quadra;;Longo da via;0;1;1;1;1;0;0;0;0;0;0;0;0;(-38.5600023 -3.73076469);
356756;2020-02-20 17:27:00;AVENIDA PDE ANTONIO TOMAS, ;, ; ;;;Colisão;Anoitecer;;;Meio de Quadra;;Longo da via;0;1;0;0;0;0;0;0;0;0;0;0;0;(0 0);
356377;2020-02-20 16:12:00;RUA ANGELA DINIZ, 30;, ; 30;;;Colisão;Luz do Dia;;;Meio de Quadra;;Longo da via;0;2;0;0;0;0;0;0;0;1;0;0;0;(-38.5216409 -3.85045223);
356375;2020-02-20 15:26:00;AVENIDA PRS JUSCELINO KUBITSCHEK (PASSARÉ), 3721;, ; 3721;;;Colisão;Luz do Dia;;;Meio de Quadra;;Longo da via;0;1;1;0;0;0;1;0;0;1;0;0;0;(-38.53032 -3.81468);
355721;2020-02-20 15:24:00;RUA PDE PEDRO DE ALENCAR, 2021;, ; 2021;;;Colisão;Luz do Dia;Bom;Seca;Outros;Não Há Controle;Longo da via;0;2;1;0;2;0;0;0;0;0;0;0;0;(-38.494484 -3.8455324);
356374;2020-02-20 15:10:00;AVENIDA OLIVEIRA PAIVA, 2127;, ; 2127;;;Colisão;Luz do Dia;;;Meio de Quadra;;Longo da via;0;1;1;1;1;0;0;0;0;0;0;0;0;(-38.4875656 -3.79626425);
356373;2020-02-20 14:38:00;AVENIDA DOS EXPEDICIONARIOS, 4731;, ; 4731;;;Colisão;Luz do Dia;;;Meio de Quadra;;Longo da via;0;1;1;1;1;0;0;0;0;0;0;0;0;(-38.539744 -3.760177);
356372;2020-02-20 14:27:00;RUA CON DE CASTRO, 1893;, ; 1893;;;Colisão;Luz do Dia;;;Meio de Quadra;;Longo da via;0;1;1;1;1;0;0;0;0;0;0;0;0;(-38.5755393 -3.78729272);
356371;2020-02-20 14:19:00;RUA BAR RIO BRANCO, ;RUA JOAQUIM MAGALHAES, ; ;;;Colisão;Luz do Dia;;;Cruz;Pare;Cruzamento;0;2;0;1;0;0;0;0;0;0;0;0;0;(-38.532108 -3.738587);
356370;2020-02-20 14:16:00;RUA ASSUNCAO, ;RUA PDE MIGUELINHO, ; ;;;Colisão;Luz do Dia;;;Cruz;Pare;Cruzamento;0;1;1;1;1;0;0;0;0;0;0;0;0;(-38.531602 -3.743337);
356755;2020-02-20 14:10:00;AVENIDA SANTOS DUMONT, ;RUA GONCALVES LEDO, ; ;;;Colisão;Luz do Dia;;;Cruz;Pare;Cruzamento;0;2;0;1;1;0;0;0;0;0;0;0;0;(-38.515848 -3.730535);
356369;2020-02-20 14:02:00;AVENIDA ALM MAXIMIANO DA FONSECA, 1068;, ; 1068;;;Atropelamento de Animal;Luz do Dia;;;Meio de Quadra;;Longo da via;0;1;0;1;0;0;0;0;0;0;0;0;0;(-38.486618 -3.7710075);
355722;2020-02-20 13:07:00;AVENIDA PDE ANTONIO TOMAS, ;, ; ;;;Colisão Traseira;Luz do Dia;Bom;Seca;Outros;Não Há Controle;Longo da via;0;1;1;1;1;0;0;0;0;0;0;0;0;(-38.501304 -3.7396285);
356368;2020-02-20 12:47:00;AVENIDA PRS COSTA E SILVA, 3569;, ; 3569;;;Colisão;Luz do Dia;;;Meio de Quadra;;Longo da via;0;1;1;1;1;0;0;0;0;0;0;0;0;(-38.54919 -3.82369);
355720;2020-02-20 12:45:00;RUA AZEVEDO BOLAO, 1440;, ; 1440;;;Colisão Lateral;Luz do Dia;Nublado;Seca;Meio de Quadra;Não Há Controle;Longo da via;0;1;0;0;2;0;0;0;0;0;0;0;0;(-38.557088 -3.736529);
356367;2020-02-20 12:40:00;RUA GONCALVES LEDO, ;AVENIDA SANTOS DUMONT, ; ;;;Colisão;Luz do Dia;;;Cruz;Pare;Cruzamento;0;1;1;1;1;0;0;0;0;0;0;0;0;(-38.515848 -3.730535);
356366;2020-02-20 12:01:00;AVENIDA PRO GOMES DE MATOS, ;RUA ROMEU MARTINS, ; ;;;Colisão;Luz do Dia;;;Cruz;Pare;Cruzamento;0;1;1;1;1;0;0;0;0;0;0;0;0;(-38.551023 -3.767447);
356365;2020-02-20 11:44:00;RUA FRANCISCO MATIAS, 545;, ; 545;;;Atropelamento de Animal;Luz do Dia;;;Meio de Quadra;;Longo da via;0;1;0;1;0;0;0;0;0;0;0;0;0;(0 0);
356364;2020-02-20 09:22:00;AVENIDA ALBERTO CRAVEIRO, ;, ; ;;;Colisão;Luz do Dia;;;Meio de Quadra;;Longo da via;0;1;1;1;1;0;0;0;0;0;0;0;0;(0 0);
356363;2020-02-20 07:10:00;RUA NOSSA SRA DAS GRACAS, 162;, ; 162;;;Queda;Luz do Dia;;;Meio de Quadra;;Longo da via;0;1;0;1;0;0;0;0;0;0;0;0;0;(-38.5500253 -3.71132926);
356362;2020-02-20 06:42:00;AVENIDA DR SILAS MUNGUBA, 1700;, ; 1700;;;Colisão;Luz do Dia;;;Meio de Quadra;;Longo da via;0;1;1;1;1;0;0;0;0;0;0;0;0;(-38.55302357 -3.784816031);
356361;2020-02-20 01:19:00;RUA IGUAPE, 426;, ; 426;;;Atropelamento;;;;Meio de Quadra;;Longo da via;0;1;1;0;1;0;0;0;0;0;0;0;0;(-38.5715493 -3.7750315);
355777;2020-02-20 00:10:00;RUA LINHA FERREA, ;, ; ;;;Colisão Transversal;Mal Iluminada;Chuva;Molhada;Meio de Quadra;Cancela Danificada;Longo da via;1;0;1;0;1;0;0;0;0;0;0;1;0;(0 0);
356359;2020-02-19 22:07:00;AVENIDA COS GOMES DE FREITAS (SAPIRANGA/COITE), 3340;, ; 3340;;;Queda;;;;Meio de Quadra;;Longo da via;0;1;0;1;0;0;0;0;0;0;0;0;0;(-38.477418 -3.795487);
356358;2020-02-19 21:43:00;RUA DR JUSTA ARAUJO D45, ;RUA ANTONIO SIMOES, ; ;;;Colisão;;;;Cruz;Pare;Cruzamento;0;1;1;1;1;0;0;0;0;0;0;0;0;(-38.55125 -3.77919);
356357;2020-02-19 20:41:00;RUA MANUEL DE CASTRO FEITOSA, 100;, ; 100;;;Colisão;;;;Meio de Quadra;;Longo da via;0;2;0;0;0;0;0;0;0;0;0;0;0;(-38.63528 -3.80336);
356356;2020-02-19 19:54:00;RUA VITAL BRASIL, 558;, ; 558;;;Atropelamento;;;;Meio de Quadra;;Longo da via;0;1;1;1;0;0;0;0;0;0;0;0;0;(-38.5862356 -3.781347);
355771;2020-02-19 19:30:00;RUA PAULO FIRMEZA, ;RUA PRO CARVALHO, ; ;;;Colisão Lateral;Via Iluminada;Chuva;Molhada;Cruz;Pare;Cruzamento;0;3;1;0;1;0;0;1;0;0;0;0;0;(-38.514078 -3.757232);
356355;2020-02-19 19:26:00;AVENIDA PRS CASTELO BRANCO, ;, ; ;;;Colisão;;;;Meio de Quadra;;Longo da via;0;1;1;0;1;0;0;0;0;1;0;0;0;(0 0);
356354;2020-02-19 19:19:00;AVENIDA BEZERRA DE MENEZES, 1450;, ; 1450;;;Colisão;;;;Meio de Quadra;;Longo da via;0;1;1;1;1;0;0;0;0;0;0;0;0;(-38.557568 -3.734232);
355719;2020-02-19 18:12:00;AVENIDA DEP PAULINO ROCHA, 2701;, ; 2701;;;Colisão Lateral;Anoitecer;Bom;Seca;T;Semáforo;Longo da via;0;1;1;1;1;0;0;0;0;0;0;0;0;(-38.519652 -3.810076);
356353;2020-02-19 17:39:00;AVENIDA GAL OSORIO DE PAIVA, 5070;, ; 5070;;;Colisão;Anoitecer;;;Meio de Quadra;;Longo da via;0;2;1;1;1;0;0;0;0;0;0;0;0;(-38.600217 -3.802827);
355718;2020-02-19 16:55:00;AVENIDA L CJ CEARA, ;RUA MIN ALBUQUERQUE LIMA, ; ;;;Colisão Lateral;Luz do Dia;Nublado;Seca;Cruz;Pare;Cruzamento;0;1;1;0;1;0;0;1;0;0;0;0;0;(-38.6064 -3.769931);
356352;2020-02-19 16:32:00;RD CE-040, ;, ; ;;;Colisão;Luz do Dia;;;Meio de Quadra;;Longo da via;0;1;1;1;1;0;0;0;0;0;0;0;0;(0 0);
356754;2020-02-19 16:25:00;RUA MIN ALBUQUERQUE LIMA, 617;, ; 617;;;Colisão;Luz do Dia;;;Meio de Quadra;;Longo da via;0;1;0;0;0;0;0;0;0;0;0;0;0;(-38.5755236 -3.7684379);
356351;2020-02-19 15:14:00;AVENIDA PRS CASTELO BRANCO, 2675;, ; 2675;;;Colisão;Luz do Dia;;;Meio de Quadra;;Longo da via;0;2;0;0;0;0;0;0;0;0;0;0;0;(-38.55175257 -3.712775174);
356350;2020-02-19 14:20:00;RUA JUVENCIO PORFIRIO SALES, 55;, ; 55;;;Colisão;Luz do Dia;;;Meio de Quadra;;Longo da via;0;1;1;1;1;0;0;0;0;0;0;0;0;(-38.5883789 -3.8262521);
356349;2020-02-19 14:17:00;AVENIDA PRS CASTELO BRANCO, 4631;, ; 4631;;;Colisão;Luz do Dia;;;Meio de Quadra;;Longo da via;0;1;1;1;1;0;0;0;0;0;0;0;0;(-38.57320482 -3.706653091);
356348;2020-02-19 14:10:00;AVENIDA PRS JUSCELINO KUBITSCHEK (PASSARÉ), 5888;, ; 5888;;;Não informado;Luz do Dia;;;Meio de Quadra;;Longo da via;0;1;1;1;0;0;0;0;0;0;0;0;0;(-38.53855 -3.82472);
356347;2020-02-19 13:21:00;AVENIDA GODOFREDO MACIEL, 2339;, ; 2339;;;Atropelamento;Luz do Dia;;;Meio de Quadra;;Longo da via;0;1;1;0;1;0;0;0;0;0;0;0;0;(-38.5697405 -3.79592622);
355717;2020-02-19 13:00:00;AVENIDA PASTEUR, ;RUA FRE TEOBALDO, ; ;;;Colisão Transversal;Luz do Dia;Bom;Seca;Meio de Quadra;Pare;Cruzamento;0;1;1;1;1;0;0;0;0;0;0;0;0;(-38.56107 -3.71777);
356298;2020-02-19 12:36:00;RUA BERNARDO MANUEL, 13112;, ; 13112;;;Colisão;Luz do Dia;;;Meio de Quadra;;Longo da via;0;2;1;1;1;0;0;0;0;0;0;0;0;(-38.5615207 -3.83247167);
356297;2020-02-19 12:01:00;RUA PDE VALDEVINO, ;RUA SILVA PAULET, ; ;;;Queda;Luz do Dia;;;Cruz;Pare;Cruzamento;0;1;0;1;0;0;0;0;0;0;0;0;0;(-38.507851 -3.741957);
356296;2020-02-19 11:54:00;AVENIDA SEN FERNANDES TAVORA, 965;, ; 965;;;Colisão;Luz do Dia;;;Meio de Quadra;;Longo da via;0;1;1;1;1;0;0;0;0;0;0;0;0;(-38.581703167 -3.762437708);
356295;2020-02-19 11:28:00;AVENIDA CEL CARVALHO, 2250;, ; 2250;;;Colisão;Luz do Dia;;;Meio de Quadra;;Longo da via;0;2;0;0;0;0;0;0;0;0;0;0;0;(-38.586607 -3.722454);
356294;2020-02-19 10:36:00;RUA ROSINHA SAMPAIO, ;RUA ANTONIO ARRUDA, ; ;;;Colisão;Luz do Dia;;;Cruz;Não Há Controle;Cruzamento;0;1;1;1;1;0;0;0;0;0;0;0;0;(-38.595375 -3.724816);
355775;2020-02-19 10:20:00;AVENIDA JOSE BASTOS, ;RUA GUSTAVO BRAGA, ; ;;;Colisão Traseira;Luz do Dia;Nublado;Seca;T;Semáforo;Cruzamento;0;0;2;0;2;0;0;0;0;0;0;0;0;(-38.551989 -3.751535);
355940;2020-02-19 09:00:00;RD BR 222, ;, ; ;;;Tombamento;Luz do Dia;Nublado;Molhada;Meio de Quadra;;Longo da via;0;1;0;1;0;0;0;0;0;0;0;0;0;(-38.59594097 -3.740300848);
356293;2020-02-19 07:54:00;RUA PRISCO BEZERRA, ;RUA FAUSTO CABRAL, ; ;;;Colisão;Luz do Dia;;;Cruz;Pare;Cruzamento;0;1;1;1;1;0;0;0;0;0;0;0;0;(-38.47146 -3.7350717);
355716;2020-02-19 07:45:00;RUA AZEVEDO BOLAO, ;RUA MOREIRA DE SOUSA, ; ;;;Colisão Transversal;Luz do Dia;Nublado;Molhada;Cruz;Pare;Cruzamento;0;1;1;1;1;0;0;0;0;0;0;0;0;(-38.566735 -3.738489);
355715;2020-02-19 07:09:00;AVENIDA ODILON GUIMARAES, ;RUA AFONSO HENRIQUE, ; ;;;Colisão;Luz do Dia;Nublado;Seca;T;Pare;Cruzamento;0;2;1;1;1;0;0;0;0;0;0;0;0;(-38.48033 -3.82672);
356292;2020-02-19 07:02:00;RUA MANUEL MOURA, 191;, ; 191;;;Colisão;Luz do Dia;;;Meio de Quadra;;Longo da via;0;1;1;2;0;0;0;0;0;0;0;0;0;(-38.58272 -3.71512);
356291;2020-02-19 06:36:00;AVENIDA ENG HUMBERTO MONTE, 2023;, ; 2023;;;Queda;Luz do Dia;;;Meio de Quadra;;Longo da via;0;1;0;1;0;0;0;0;0;0;0;0;0;(-38.5651499 -3.74342309);
356290;2020-02-19 02:16:00;AVENIDA PRS COSTA E SILVA, ;, ; ;;;Choque c/ Obstáculo Fixo;;;;Meio de Quadra;;Longo da via;0;1;0;0;1;0;0;0;0;0;0;0;0;(0 0);
356289;2020-02-18 23:14:00;RUA ALMEIDA REGO, 686;, ; 686;;;Atropelamento;;;;Meio de Quadra;;Longo da via;0;1;1;0;1;0;0;0;0;0;0;0;0;(-38.4927603 -3.81239733);
356288;2020-02-18 21:20:00;RUA GUILHERME PESSOA, 683;, ; 683;;;Colisão;;;;Meio de Quadra;;Longo da via;0;1;1;0;1;0;0;1;0;0;0;0;0;(-38.4891836 -3.82694925);
355714;2020-02-18 20:40:00;RUA PEDRO DANTAS, ;RUA CHICO MOTA, ; ;;;Colisão Transversal;Via Iluminada;Bom;Seca;Cruz;Pare;Cruzamento;0;1;1;1;1;0;0;0;0;0;0;0;0;(-38.521908 -3.785914);
356287;2020-02-18 20:13:00;AVENIDA BEIRA MAR, ;, ; ;;;Queda;;;;Meio de Quadra;;Longo da via;0;1;0;0;0;0;0;0;0;1;0;0;0;(0 0);
356286;2020-02-18 20:05:00;AVENIDA FILOMENO GOMES, 1275;, ; 1275;;;Queda;;;;Meio de Quadra;;Longo da via;0;1;0;1;0;0;0;0;0;0;0;0;0;(0 0);
356246;2020-02-18 19:51:00;RUA TAB FABIAO, 114;, ; 114;;;Colisão;;;;Meio de Quadra;;Longo da via;0;2;0;0;0;0;0;0;0;0;0;0;0;(-38.565463 -3.73366714);
355938;2020-02-18 19:30:00;AVENIDA MR HULL, ;, ; ;;;Choque c/ Obstáculo Fixo;;Bom;Seca;Meio de Quadra;;Longo da via;0;0;1;0;0;0;0;1;0;0;0;0;0;(0 0);
356245;2020-02-18 19:07:00;AVENIDA JOAO PESSOA, 6291;, ; 6291;;;Colisão;;;;Meio de Quadra;;Longo da via;0;1;1;1;1;0;0;0;0;0;0;0;0;(-38.559021 -3.76532536);
356243;2020-02-18 19:05:00;RUA TEODOMIRO DE CASTRO, 6490;, ; 6490;;;Colisão;;;;Meio de Quadra;;Longo da via;0;2;0;0;0;0;0;0;0;0;0;0;0;(-38.578584 -3.716185);
355713;2020-02-18 18:44:00;RUA GAL SAMPAIO, 1321;, ; 1321;;;Atropelamento;Via Iluminada;Bom;Seca;Meio de Quadra;Semáforo;Longo da via;1;0;1;0;0;0;0;1;0;0;0;0;0;(-38.5316848 -3.72993951);
356241;2020-02-18 18:00:00;RUA DELMIRO FARIAS, ;RUA GRIJALVA COSTA, ; ;;;Colisão;Anoitecer;;;Cruz;Pare;Cruzamento;0;2;1;1;1;0;0;0;0;0;0;0;0;(-38.54344 -3.75399);
356239;2020-02-18 17:53:00;RUA MONTE LIBANO, 200;, ; 200;;;Queda;Anoitecer;;;Meio de Quadra;;Longo da via;0;1;0;1;0;0;0;0;0;0;0;0;0;(-38.560003 -3.8222875);
355712;2020-02-18 16:42:00;RUA SAMUEL UCHOA, 581;, ; 581;;;Colisão Frontal;Luz do Dia;Nublado;Seca;Meio de Quadra;Pare;Longo da via;0;1;1;1;1;0;0;0;0;0;0;0;0;(-38.5455761 -3.75453362);
355586;2020-02-18 16:30:00;RD CE-040, ;, ; ;;;Colisão;Luz do Dia;Bom;Seca;Meio de Quadra;;Longo da via;0;2;0;0;1;0;0;1;0;0;0;0;0;(-38.4817994 -3.773616148);
356237;2020-02-18 16:26:00;RUA ALTANEIRA, ;RUA RIO TOCANTINS, ; ;;;Colisão;Luz do Dia;;;;;Cruzamento;0;1;1;1;1;0;0;0;0;0;0;0;0;(-38.58157 -3.72729);
355711;2020-02-18 15:54:00;RUA METON DE ALENCAR, ;RUA MAJ FACUNDO, ; ;;;Colisão Transversal;Luz do Dia;Nublado;Seca;Cruz;Pare;Cruzamento;0;1;1;1;1;0;0;0;0;0;0;0;0;(-38.529899 -3.733917);
355710;2020-02-18 13:51:00;RUA JOAQUIM TORRES, 2409;, ; 2409;;;Não informado;Luz do Dia;Chuva;Molhada;Meio de Quadra;Pare;Longo da via;0;1;0;1;0;0;0;0;0;0;0;0;0;(-38.5163244 -3.7419237);
356236;2020-02-18 13:00:00;RUA NUNES VALENTE, 2097;, ; 2097;;;Colisão;Luz do Dia;;;Meio de Quadra;;Longo da via;0;1;1;1;1;0;0;0;0;0;0;0;0;(-38.5058163 -3.74271432);
356235;2020-02-18 12:56:00;RUA CIDADE PALHANO, 668;, ; 668;;;Atropelamento;Luz do Dia;;;Meio de Quadra;;Longo da via;0;1;1;1;0;0;0;0;0;0;0;0;0;(-38.59458 -3.7175);
356234;2020-02-18 12:25:00;RUA BAR ARACATI, 2409;, ; 2409;;;Atropelamento;Luz do Dia;;;Meio de Quadra;;Longo da via;0;1;1;1;0;0;0;0;0;0;0;0;0;(-38.51517 -3.74267);
356233;2020-02-18 12:06:00;AVENIDA GODOFREDO MACIEL, 3511;, ; 3511;;;Queda;Luz do Dia;;;Meio de Quadra;;Longo da via;0;2;0;0;0;0;0;0;0;1;0;0;0;(-38.572978 -3.806283);
356232;2020-02-18 11:35:00;RUA HOLANDA, 701;, ; 701;;;Colisão;Luz do Dia;;;Meio de Quadra;;Longo da via;0;1;1;1;1;0;0;0;0;0;0;0;0;(-38.565132 -3.7587953);
356231;2020-02-18 11:32:00;RD BR 116, ;, ; ;;;Colisão;Luz do Dia;;;Meio de Quadra;;Longo da via;0;1;1;1;1;0;0;0;0;0;0;0;0;(0 0);
355707;2020-02-18 10:15:00;AVENIDA BEZERRA DE MENEZES, 2207;, ; 2207;;;Atropelamento;Luz do Dia;Bom;Seca;;;Longo da via;0;1;1;1;0;0;0;0;0;0;0;0;0;(-38.564467 -3.735671);
356230;2020-02-18 10:10:00;RUA CURITIBA, ;RUA ARACAJU, ; ;;;Colisão;Luz do Dia;;;Cruz;Pare;Cruzamento;0;2;0;2;0;0;0;0;0;0;0;0;0;(-38.58685 -3.7584);
356229;2020-02-18 09:46:00;AVENIDA GAL OSORIO DE PAIVA, ;, ; ;;;Colisão;Luz do Dia;;;Meio de Quadra;;Longo da via;0;1;1;2;0;0;0;0;0;0;0;0;0;(0 0);
355709;2020-02-18 09:35:00;RUA DR JOSE LINO, ;RUA CASTRO MONTE, ; ;;;Colisão Lateral;Luz do Dia;Nublado;Seca;Cruz;Não Há Controle;Cruzamento;0;1;1;1;1;0;0;0;0;0;0;0;0;(-38.4862 -3.72963);
356752;2020-02-18 09:05:00;AVENIDA DOMINGOS OLIMPIO, ;RUA ASSUNCAO, ; ;;;Colisão;Luz do Dia;;;Cruz;Semáforo;Cruzamento;0;2;0;0;1;0;0;0;0;0;0;0;0;(-38.529548 -3.737192);
356227;2020-02-18 08:53:00;AVENIDA B CJ JOSE WALTER, 501;, ; 501;;;Atropelamento;Luz do Dia;;;Meio de Quadra;;Longo da via;0;1;1;0;1;0;0;0;0;0;0;0;0;(-38.557775 -3.825927);
355708;2020-02-18 08:31:00;RUA BARTOLOMEU DE GUSMAO, ;RUA LUCIANO MAGALHAES, ; ;;;Colisão Lateral;Luz do Dia;Bom;Seca;T;Pare;Cruzamento;0;1;1;1;1;0;0;0;0;0;0;0;0;(-38.52718 -3.75848);
356226;2020-02-18 08:22:00;RUA COSME DE ALMEIDA, 30;, ; 30;;;Colisão;Luz do Dia;;;Meio de Quadra;;Longo da via;0;1;1;1;1;0;0;0;0;0;0;0;0;(-38.49688 -3.85073);
356225;2020-02-18 08:18:00;RUA ARTUR DE CARVALHO, 461;, ; 461;;;Colisão;Luz do Dia;;;Meio de Quadra;;Longo da via;0;1;1;1;0;0;1;0;0;0;0;0;0;(0 0);
356224;2020-02-18 08:12:00;AVENIDA OLIVEIRA PAIVA, 1350;, ; 1350;;;Colisão;Luz do Dia;;;Meio de Quadra;;Longo da via;0;1;1;2;0;0;0;0;0;0;0;0;0;(-38.49430361 -3.795480471);
355706;2020-02-18 08:10:00;AVENIDA CARNEIRO DE MENDONCA, ;RUA NETUNO, ; ;;;Engavetamento;Luz do Dia;Bom;Seca;T;Semáforo;Cruzamento;0;2;2;0;3;0;0;0;0;0;0;0;0;(-38.571592 -3.761518);
356223;2020-02-18 07:36:00;AVENIDA GODOFREDO MACIEL, 434;, ; 434;;;Colisão;Luz do Dia;;;Meio de Quadra;;Longo da via;0;1;1;1;1;0;0;0;0;0;0;0;0;(-38.564845 -3.77997497);
356222;2020-02-18 07:21:00;AVENIDA GAL OSORIO DE PAIVA, ;, ; ;;;Colisão;Luz do Dia;;;Meio de Quadra;;Longo da via;0;1;1;1;1;0;0;0;0;0;0;0;0;(0 0);
355705;2020-02-18 06:47:00;RUA CASTRO E SILVA, ;RUA MAJ FACUNDO, ; ;;;Colisão Transversal;Luz do Dia;Bom;Seca;Cruz;Semáforo;Cruzamento;0;2;1;1;1;0;0;0;0;0;0;0;0;(-38.526703 -3.724082);
356751;2020-02-18 05:50:00;ALAMEDA VERBENAS, ;, ; ;;;Colisão;Amanhecer;;;Meio de Quadra;;Longo da via;0;2;0;0;1;0;0;0;0;0;0;0;0;(0 0);
356220;2020-02-17 22:35:00;AVENIDA DES GONZAGA, 1726;, ; 1726;;;Queda;;;;Meio de Quadra;;Longo da via;0;1;0;1;0;0;0;0;0;0;0;0;0;(-38.4980105 -3.8002938);
356219;2020-02-17 22:11:00;AVENIDA MOZART PINHEIRO DE LUCENA, 1075;, ; 1075;;;Queda;;;;Meio de Quadra;;Longo da via;0;2;0;1;0;0;0;0;0;0;0;0;0;(-38.59394 -3.712213906);
356218;2020-02-17 21:33:00;RUA PORTO VELHO, 982;, ; 982;;;Queda;;;;Meio de Quadra;;Longo da via;0;1;0;1;0;0;0;0;0;0;0;0;0;(-38.589265 -3.764772);