COD_ACIDENTE;DATA;LOG1;LOG2;NUMERO;BAIRRO;AMC;NATUREZA;ILUMINACAO;TEMPO;SUPERFICIEPISTA;TIPOCRUZAMENTO;CONTROLETRAFEGO;USOSOLO;MORTOS;FERIDOS;ILESOS;MOTOCICLETA;AUTOMOVEL;MICROONIBUS;CAMINHAO;ONIBUS;CICLOMOTOR;BICICLETA;OUTROS;TREM;TRACAOANIMAL;COORDENADAS
356217;2020-02-17 21:23:00;ESTRADA DO FIO (MESSEJANA), ;, ; ;;;Colisão;;;;Meio de Quadra;;Longo da via;0;2;0;2;0;0;0;0;0;0;0;0;0;(0 0);
356216;2020-02-17 21:05:00;RUA QUINTINO CUNHA, 2329;, ; 2329;;;Queda;;;;Meio de Quadra;;Longo da via;0;1;0;0;0;0;0;0;0;1;0;0;0;(-38.5519745 -3.75930874);
355704;2020-02-17 20:20:00;AVENIDA LAURO VIEIRA CHAVES, 1476;, ; 1476;;;Colisão Lateral;Via Iluminada;Bom;Seca;Meio de Quadra;Pare;Longo da via;0;1;1;0;2;0;0;0;0;0;0;0;0;(-38.540331 -3.771974);
356215;2020-02-17 19:18:00;RUA LUIS VIEIRA, 555;, ; 555;;;Colisão;;;;Meio de Quadra;;Longo da via;0;1;1;1;1;0;0;0;0;0;0;0;0;(-38.58750868 -3.793735417);
355703;2020-02-17 18:30:00;RUA JORGE ACURCIO, ;RUA ABELARDO MARINHO, ; ;;;Colisão;Anoitecer;Bom;Seca;Cruz;Pare;Cruzamento;0;1;1;1;1;0;0;0;0;0;0;0;0;(-38.53109 -3.76406);
356214;2020-02-17 18:23:00;AVENIDA H CJ CEARA, 1051;, ; 1051;;;Atropelamento;Anoitecer;;;Meio de Quadra;;Longo da via;0;2;1;1;0;0;0;0;0;0;0;0;0;(-38.60712 -3.775373);
355582;2020-02-17 18:20:00;RD CE-040, ;, ; ;;;Colisão;Anoitecer;Bom;Seca;Meio de Quadra;;Longo da via;0;0;2;0;2;0;0;0;0;0;0;0;0;(-38.48303286 -3.817159445);
356213;2020-02-17 18:06:00;AVENIDA SGT HERMINIO SAMPAIO, 3485;, ; 3485;;;Colisão;Anoitecer;;;Meio de Quadra;;Longo da via;0;1;1;1;1;0;0;0;0;0;0;0;0;(-38.571759 -3.72854);
355937;2020-02-17 17:30:00;RD BR 116, ;, ; ;;;Colisão;Anoitecer;Nublado;Seca;Meio de Quadra;;Longo da via;0;1;1;0;1;0;0;0;0;1;0;0;0;(-38.497727 -3.86467);
356753;2020-02-17 17:10:00;AVENIDA SEN VIRGILIO TAVORA, 130;, ; 130;;;Colisão;Anoitecer;;;Meio de Quadra;;Longo da via;0;2;0;0;0;0;1;0;0;0;0;0;0;(-38.490954 -3.729898);
355936;2020-02-17 17:00:00;RD BR 222, ;, ; ;;;Atropelamento;Anoitecer;Bom;Seca;Meio de Quadra;;Longo da via;0;2;0;1;0;0;0;0;0;0;0;0;0;(-38.5969961 -3.7403624);
356212;2020-02-17 17:00:00;AVENIDA BORGES DE MELO, ;, ; ;;;Colisão;Anoitecer;;;Meio de Quadra;;Longo da via;0;1;1;1;0;0;1;0;0;0;0;0;0;(0 0);
356211;2020-02-17 16:58:00;AVENIDA MON AMARILIO RODRIGUES, ;RUA 301 CJ SAO CRISTOVAO, ; ;;;Queda;Luz do Dia;;;;;Cruzamento;0;1;0;1;0;0;0;0;0;0;0;0;0;(-38.519518 -3.835313);
356210;2020-02-17 15:59:00;RUA COS ARAUJO LIMA, 1050;, ; 1050;;;Colisão;Luz do Dia;;;Meio de Quadra;;Longo da via;0;1;1;1;1;0;0;0;0;0;0;0;0;(-38.5870615 -3.751645);
356209;2020-02-17 15:15:00;RUA DES PRAXEDES, ;RUA WALDERY UCHOA, ; ;;;Colisão;Luz do Dia;;;Cruz;Pare;Cruzamento;0;1;1;1;1;0;0;0;0;0;0;0;0;(-38.551705 -3.758157);
355702;2020-02-17 14:48:00;AVENIDA DR ALDY MENTOR, 7804;, ; 7804;;;Queda;Luz do Dia;Bom;Seca;Meio de Quadra;Não Há Controle;Longo da via;0;2;0;1;0;0;0;0;0;0;0;0;0;(-38.46248 -3.7536705);
356208;2020-02-17 14:13:00;RUA CURITIBA, ;RUA SAO LUIS D30, ; ;;;Colisão;Luz do Dia;;;;;Cruzamento;0;2;1;1;1;0;0;0;0;0;0;0;0;(-38.59089 -3.75623);
356206;2020-02-17 14:11:00;RUA JOAQUIM CORREIA, ;RUA PLANALTINA (PL AYRTON SENNA), ; ;;;Colisão;Luz do Dia;;;;;Cruzamento;0;1;1;1;1;0;0;0;0;0;0;0;0;(-38.568885 -3.835665);
355701;2020-02-17 14:00:00;AVENIDA DOMINGOS OLIMPIO, ;RUA ASSUNCAO, ; ;;;Colisão Traseira;Luz do Dia;Bom;Seca;Cruz;Semáforo;Cruzamento;0;0;2;0;2;0;0;0;0;0;0;0;0;(-38.529548 -3.737192);
356205;2020-02-17 13:56:00;RUA JOSE TORRES, 763;, ; 763;;;Colisão;Luz do Dia;;;Meio de Quadra;;Longo da via;0;1;1;1;1;0;0;0;0;0;0;0;0;(-38.60664406 -3.777721444);
356204;2020-02-17 13:17:00;RUA JOAQUIM ALFREDO, 378;, ; 378;;;Queda;Luz do Dia;;;Meio de Quadra;;Longo da via;0;1;0;1;0;0;0;0;0;0;0;0;0;(-38.5838918 -3.80705282);
355700;2020-02-17 12:20:00;AVENIDA DR SILAS MUNGUBA, ;, ; ;;;Colisão Lateral;Luz do Dia;Nublado;Seca;Meio de Quadra;Não Há Controle;Longo da via;0;1;1;1;1;0;0;0;0;0;0;0;0;(-38.534252 -3.7938118);
356203;2020-02-17 12:18:00;RUA DEMETRIO MENEZES, ;, ; ;;;Outros;Luz do Dia;;;Meio de Quadra;;Longo da via;0;1;1;0;0;0;0;1;0;0;0;0;0;(0 0);
356201;2020-02-17 11:46:00;RUA GUILHERME PESSOA, 1318;, ; 1318;;;Colisão;Luz do Dia;;;Meio de Quadra;;Longo da via;0;1;1;0;0;0;0;0;0;0;0;0;0;(-38.48346 -3.8277);
355699;2020-02-17 11:40:00;RUA JOSE CARLOS GURGEL NOGUEIRA, ;RUA PRO HERACLITO, ; ;;;Colisão Transversal;Luz do Dia;Nublado;Seca;Cruz;Pare;Cruzamento;0;1;1;0;2;0;0;0;0;0;0;0;0;(-38.47386 -3.732973);
356200;2020-02-17 10:43:00;RUA 1018 CJ CEARA, 148;, ; 148;;;Atropelamento;Luz do Dia;;;Meio de Quadra;;Longo da via;0;1;1;1;0;0;0;0;0;0;0;0;0;(-38.61644367 -3.770211333);
356199;2020-02-17 10:07:00;RUA JOAQUIM NABUCO, ;AVENIDA ANTONIO SALES, ; ;;;Queda;Luz do Dia;;;Cruz;Semáforo;Cruzamento;0;1;0;1;0;0;0;0;0;0;0;0;0;(-38.504371 -3.744832);
356198;2020-02-17 09:45:00;RUA PEDRO LAZAR, ;RUA HOMERO C BRANCO, ; ;;;Queda;Luz do Dia;;;Cruz;Pare;Cruzamento;0;1;0;1;0;0;0;0;0;0;0;0;0;(-38.48834 -3.8041286);
356197;2020-02-17 09:34:00;AVENIDA ANTONIO SALES, ;, ; ;;;Queda;Luz do Dia;;;Meio de Quadra;;Longo da via;0;1;0;1;0;0;0;0;0;0;0;0;0;(0 0);
356196;2020-02-17 09:23:00;RUA ALBERTO MAGNO, ;RUA ROMEU MARTINS, ; ;;;Colisão;Luz do Dia;;;Cruz;Pare;Cruzamento;0;1;1;1;1;0;0;0;0;0;0;0;0;(-38.551758 -3.766914);
356195;2020-02-17 08:35:00;RUA SGT JOAO PINHEIRO, ;, ; ;;;Queda;Luz do Dia;;;Meio de Quadra;;Longo da via;0;1;0;1;0;0;0;0;0;0;0;0;0;(0 0);
355698;2020-02-17 08:30:00;RUA ARMANDO MONTEIRO, ;RUA SAO MATEUS D14, ; ;;;Colisão Transversal;Luz do Dia;Chuva;Molhada;Cruz;Pare;Cruzamento;0;0;2;0;2;0;0;0;0;0;0;0;0;(-38.53828 -3.762854);
356194;2020-02-17 08:28:00;AVENIDA FRANCISCO SA, 4431;, ; 4431;;;Colisão;Luz do Dia;;;Meio de Quadra;;Longo da via;0;2;0;0;0;0;0;0;0;0;0;0;0;(-38.5642746 -3.71507142);
356193;2020-02-17 08:15:00;RUA JAGUARETAMA, ;RUA JOAO CORDEIRO, ; ;;;Colisão;Luz do Dia;;;Cruz;Pare;Cruzamento;0;1;1;1;1;0;0;0;0;0;0;0;0;(-38.516815 -3.736489);
356192;2020-02-17 07:33:00;RUA BAR ARACATI, ;RUA TOMAS ACIOLI, ; ;;;Colisão;Luz do Dia;;;Cruz;Gesto;Cruzamento;0;1;1;0;1;0;0;0;0;1;0;0;0;(-38.515339 -3.743056);
355581;2020-02-17 07:20:00;AVENIDA SEN CARLOS JEREISSATI (AEROPORTO), ;, ; ;;;Colisão;Luz do Dia;Bom;Seca;Meio de Quadra;;Longo da via;0;0;2;0;2;0;0;0;0;0;0;0;0;(-38.52685 -3.783753);
356186;2020-02-17 06:12:00;AVENIDA AUGUSTO DOS ANJOS, 312;, ; 312;;;Queda;Luz do Dia;;;Meio de Quadra;;Longo da via;0;1;0;1;0;0;0;0;0;0;0;0;0;(-38.571749 -3.771936);
355697;2020-02-17 06:11:00;AVENIDA 13 DE MAIO, ;RUA JAIME BENEVOLO, ; ;;;Colisão Transversal;Luz do Dia;Chuva;Molhada;Cruz;Semáforo;Cruzamento;0;1;1;1;1;0;0;0;0;0;0;0;0;(-38.530741 -3.748122);
356185;2020-02-17 02:24:00;AVENIDA MIN JOSE AMERICO, 513;, ; 513;;;Queda;;;;Meio de Quadra;;Longo da via;0;1;0;1;0;0;0;0;0;0;0;0;0;(-38.4951334 -3.8109348);
356184;2020-02-17 02:03:00;RUA STA TEREZINHA UI 806, 115;, ; 115;;;Queda;;;;Meio de Quadra;;Longo da via;0;1;0;0;0;0;0;0;0;1;0;0;0;(-38.58946 -3.7901);
356183;2020-02-17 00:13:00;RUA BOM JESUS (GRANJA LISBOA), ;RUA MARIA JULIA, ; ;;;Colisão;;;;Cruz;Pare;Cruzamento;0;1;1;1;1;0;0;0;0;0;0;0;0;(-38.600603 -3.79464);
356182;2020-02-16 23:56:00;RUA PEDRO DANTAS, 446;, ; 446;;;Atropelamento;;;;Meio de Quadra;;Longo da via;0;1;1;0;1;0;0;0;0;0;0;0;0;(-38.5215674 -3.78597536);
355691;2020-02-16 23:02:00;RUA AFONSO LOPES, 251;RUA PEDRO WILSON (ITAPERI), ; 251;;;Colisão Transversal;Via Iluminada;Bom;Seca;;;Cruzamento;0;1;1;1;1;0;0;0;0;0;0;0;0;(-38.5474421 -3.790636);
356181;2020-02-16 21:01:00;RUA NETUNO, 1244;, ; 1244;;;Queda;;;;Meio de Quadra;;Longo da via;0;1;0;1;0;0;0;0;0;0;0;0;0;(-38.5711574 -3.7606437);
356180;2020-02-16 20:33:00;RUA SERGIPE, 1244;, ; 1244;;;Colisão;;;;Meio de Quadra;;Longo da via;0;1;1;1;1;0;0;0;0;0;0;0;0;(-38.5695287 -3.7614025);
359042;2020-02-16 20:26:00;RUA BOA VENTURA, ;RUA PEDRO DANTAS, ; ;;;Colisão Transversal;Via Iluminada;Bom;Seca;Cruz;Pare;Cruzamento;0;2;0;1;1;0;0;0;0;0;0;0;0;(-38.523885 -3.785562);
356179;2020-02-16 20:19:00;AVENIDA GODOFREDO MACIEL, 2575;, ; 2575;;;Colisão;;;;Meio de Quadra;;Longo da via;0;1;1;1;1;0;0;0;0;0;0;0;0;(-38.5704756 -3.7982952);
356178;2020-02-16 20:03:00;RUA TEBAS, 959;, ; 959;;;Colisão;;;;Meio de Quadra;;Longo da via;0;2;0;2;0;0;0;0;0;0;0;0;0;(-38.62173 -3.8157);
356177;2020-02-16 19:56:00;RUA 11 CJ HAB ST S JOAO, 456;, ; 456;;;Colisão;;;;Meio de Quadra;;Longo da via;0;1;1;1;1;0;0;0;0;0;0;0;0;(-38.5171346 -3.8361693);
356176;2020-02-16 19:36:00;AVENIDA JOR THOMAZ COELHO, 3469;, ; 3469;;;Colisão;;;;Meio de Quadra;;Longo da via;0;1;1;1;1;0;0;0;0;0;0;0;0;(-38.5271497 -3.82957);
356175;2020-02-16 19:18:00;AVENIDA EDUARDO GIRAO, ;AVENIDA DOS EXPEDICIONARIOS, ; ;;;Queda;;;;Cruz;Semáforo;Cruzamento;0;1;0;0;0;0;0;0;0;1;0;0;0;(-38.536849 -3.750712);
356174;2020-02-16 18:33:00;AVENIDA CONTORNO LESTE D71, 8;, ; 8;;;Colisão;;;;Meio de Quadra;;Longo da via;0;1;1;0;1;0;0;0;0;1;0;0;0;(-38.58393037 -3.81462575);
356173;2020-02-16 18:30:00;RUA PEDRO MARTINS, 370;, ; 370;;;Atropelamento;Anoitecer;;;Meio de Quadra;;Longo da via;1;0;1;0;0;0;0;1;0;0;0;0;0;(-38.6013962 -3.79948696);
355769;2020-02-16 18:00:00;AVENIDA ALBERTO CRAVEIRO, ;, ; ;;;Colisão Traseira;Via Iluminada;Bom;Seca;Meio de Quadra;Semáforo;Longo da via;0;1;1;1;1;0;0;0;0;0;0;0;0;(0 0);
356172;2020-02-16 17:41:00;AVENIDA MIN JOSE AMERICO, 80;, ; 80;;;Colisão;Anoitecer;;;Meio de Quadra;;Longo da via;0;1;1;1;1;0;0;0;0;0;0;0;0;(-38.498418 -3.8124155);
356171;2020-02-16 16:17:00;RUA SAQUAREMA, 256;, ; 256;;;Queda;Luz do Dia;;;Meio de Quadra;;Longo da via;0;1;0;1;0;0;0;0;0;0;0;0;0;(-38.5254323 -3.84324716);
355696;2020-02-16 16:12:00;RUA PRO RAIMUNDO ARRUDA, ;RUA AZEVEDO BOLAO, ; ;;;Colisão Transversal;Luz do Dia;Bom;Seca;Cruz;Gesto;Cruzamento;0;2;0;2;0;0;0;0;0;0;0;0;0;(-38.551701 -3.735414);
356168;2020-02-16 15:27:00;RUA DIADEMA, 267;, ; 267;;;Choque c/ Obstáculo Fixo;Luz do Dia;;;Meio de Quadra;;Longo da via;0;1;0;0;1;0;0;0;0;0;0;0;0;(-38.52255879 -3.844779722);
355770;2020-02-16 15:00:00;AVENIDA CEL CARVALHO, ;RUA RIO JURUA, ; ;;;Colisão;Luz do Dia;Bom;Seca;T;Semáforo;Cruzamento;0;1;1;0;0;0;1;0;0;1;0;0;0;(-38.590807 -3.706322);
356167;2020-02-16 13:52:00;RUA PRO OTAVIO LOBO, ;RUA LAURO NOGUEIRA, ; ;;;Atropelamento;Luz do Dia;;;Cruz;Semáforo;Cruzamento;0;1;1;0;1;0;0;0;0;0;0;0;0;(-38.476452 -3.740673);
356166;2020-02-16 13:50:00;RUA NOSSA SRA DAS GRACAS, 525;, ; 525;;;Colisão;Luz do Dia;;;Meio de Quadra;;Longo da via;0;2;0;2;0;0;0;0;0;0;0;0;0;(-38.553 -3.71031);
356165;2020-02-16 13:39:00;AVENIDA E CJ JOSE WALTER, ;AVENIDA L CJ JOSE WALTER, ; ;;;Colisão;Luz do Dia;;;Cruz;Pare;Cruzamento;0;1;1;1;1;0;0;0;0;0;0;0;0;(-38.5582 -3.83316);
356158;2020-02-16 12:14:00;AVENIDA ENG SANTANA JUNIOR, 383;, ; 383;;;Atropelamento;Luz do Dia;;;Meio de Quadra;;Longo da via;0;1;1;0;1;0;0;0;0;0;0;0;0;(-38.48012 -3.73261);
356157;2020-02-16 11:54:00;RUA ALUISIO AZEVEDO, 577;, ; 577;;;Atropelamento;Luz do Dia;;;Meio de Quadra;;Longo da via;0;2;0;0;0;0;0;0;0;0;0;0;0;(-38.5780175 -3.77081319);
356156;2020-02-16 11:41:00;RUA CAP HUGO BEZERRA, 1131;, ; 1131;;;Queda;Luz do Dia;;;Meio de Quadra;;Longo da via;0;1;0;1;0;0;0;0;0;0;0;0;0;(-38.51315619 -3.820329452);
355694;2020-02-16 09:00:00;RUA MARIA JULIA ROCHA, 684;RUA OSCAR FRANCA, ; 684;;;Não informado;Luz do Dia;Nublado;Seca;;;Cruzamento;0;1;1;1;1;0;0;0;0;0;0;0;0;(-38.59974 -3.79189);
356155;2020-02-16 08:04:00;TRAVESSA RIO DE JANEIRO, ;RUA VITORIA (AV. PERIMETRAL), ; ;;;Colisão;Luz do Dia;;;;;Cruzamento;0;1;1;1;1;0;0;0;0;0;0;0;0;(-38.590369 -3.768826);
356154;2020-02-16 08:03:00;AVENIDA JOR THOMAZ COELHO, 1578;, ; 1578;;;Colisão;Luz do Dia;;;Meio de Quadra;;Longo da via;0;1;1;1;1;0;0;0;0;0;0;0;0;(-38.50913561 -3.829904271);
356153;2020-02-16 07:59:00;AVENIDA 13 DE MAIO, ;RUA JAIME BENEVOLO, ; ;;;Colisão;Luz do Dia;;;Cruz;Semáforo;Cruzamento;0;2;1;0;1;0;0;1;0;0;0;0;0;(-38.530741 -3.748122);
356151;2020-02-16 07:49:00;AVENIDA AUGUSTO DOS ANJOS, 1885;, ; 1885;;;Colisão;Luz do Dia;;;Meio de Quadra;;Longo da via;0;2;1;1;1;0;0;0;0;0;0;0;0;(-38.5812181 -3.7825374);
355935;2020-02-16 07:45:00;RD BR 222, ;, ; ;;;Colisão Transversal;Luz do Dia;Chuva;Molhada;Meio de Quadra;;Longo da via;0;0;3;0;2;0;0;0;0;0;0;0;0;(-38.57814693 -3.737698444);
355692;2020-02-16 07:40:00;RUA ZACARIAS GONDIM, ;RUA PRO TEODORICO, ; ;;;Não informado;Amanhecer;Chuva;Molhada;Cruz;Pare;Cruzamento;0;0;1;0;1;0;0;0;0;0;0;0;0;(-38.558121 -3.76708);
359043;2020-02-16 07:20:00;AVENIDA JOSE BASTOS, ;RUA TAVARES IRACEMA, ; ;;;Colisão Transversal;Luz do Dia;Bom;Seca;T;Não Há Controle;Cruzamento;0;1;1;1;1;0;0;0;0;0;0;0;0;(-38.55277 -3.752313);
356150;2020-02-16 06:34:00;RUA HONORIO VIEIRA, 1507;, ; 1507;;;Colisão;Luz do Dia;;;Meio de Quadra;;Longo da via;0;1;1;1;1;0;0;0;0;0;0;0;0;(0 0);
355934;2020-02-16 06:10:00;RD BR 116, ;, ; ;;;Choque c/ Obstáculo Fixo;Luz do Dia;Chuva;Molhada;Meio de Quadra;;Longo da via;0;0;1;0;1;0;0;0;0;0;0;0;0;(-38.506787 -3.796502);
355693;2020-02-16 03:49:00;RUA ALBERTO MAGNO, ;RUA ALAN KARDEC, ; ;;;Colisão;Via Iluminada;Nublado;Seca;Cruz;Pare;Cruzamento;0;2;1;1;1;0;0;0;0;0;0;0;0;(-38.549918 -3.764796);
356149;2020-02-16 02:39:00;AVENIDA GAL OSORIO DE PAIVA, ;, ; ;;;Colisão;;;;Meio de Quadra;;Longo da via;0;2;1;1;1;0;0;0;0;0;0;0;0;(0 0);
356148;2020-02-16 02:22:00;AVENIDA PRS CASTELO BRANCO, 6281;, ; 6281;;;Atropelamento;;;;Meio de Quadra;;Longo da via;0;1;1;1;0;0;0;0;0;0;0;0;0;(-38.586 -3.70089);
356147;2020-02-16 01:23:00;RUA AMARO JOSE DE SOUZA, 360;, ; 360;;;Queda;;;;Meio de Quadra;;Longo da via;0;1;0;1;0;0;0;0;0;0;0;0;0;(-38.567141 -3.8255305);
355933;2020-02-15 23:15:00;RD BR 116, ;, ; ;;;Choque c/ Obstáculo Fixo;;Chuva;Molhada;Meio de Quadra;;Longo da via;0;1;0;0;1;0;0;0;0;0;0;0;0;(-38.504865 -3.830837);
356146;2020-02-15 22:13:00;AVENIDA GAL OSORIO DE PAIVA, 1805;, ; 1805;;;Colisão;;;;Meio de Quadra;;Longo da via;0;1;1;1;1;0;0;0;0;0;0;0;0;(-38.578294 -3.783103);
356145;2020-02-15 22:01:00;AVENIDA CENTRAL, 1036;, ; 1036;;;Queda;;;;Meio de Quadra;;Longo da via;0;1;0;1;0;0;0;0;0;0;0;0;0;(-38.53771 -3.81473);
356144;2020-02-15 21:33:00;AVENIDA 13 DE MAIO, 858;, ; 858;;;Atropelamento;;;;Meio de Quadra;;Longo da via;0;1;1;0;1;0;0;0;0;0;0;0;0;(-38.5271516 -3.7511884);
355606;2020-02-15 20:40:00;AVENIDA SEN CARLOS JEREISSATI (AEROPORTO), 114;, ; 114;;;Atropelamento;;;Seca;Meio de Quadra;;Longo da via;0;2;0;1;0;0;0;0;0;0;0;0;0;(-38.51715 -3.78388);
356143;2020-02-15 18:55:00;AVENIDA DEP PAULINO ROCHA, 1001;, ; 1001;;;Colisão;;;;Meio de Quadra;;Longo da via;0;1;1;1;1;0;0;0;0;0;0;0;0;(-38.5084 -3.80762);
356142;2020-02-15 18:48:00;AVENIDA JOR JOAO RAMOS, 1260;, ; 1260;;;Atropelamento;;;;Meio de Quadra;;Longo da via;0;1;1;1;0;0;0;0;0;0;0;0;0;(0 0);
355760;2020-02-15 18:46:00;RUA GUILHERME PESSOA, ;RUA VICENTE NOBRE MACEDO, ; ;;;Colisão Transversal;Via Iluminada;Bom;Seca;Cruz;Pare;Cruzamento;1;1;1;1;0;0;0;1;0;0;0;0;0;(-38.484654 -3.827498);
356141;2020-02-15 18:20:00;RUA TIRADENTES, 762;, ; 762;;;Atropelamento;Anoitecer;;;Meio de Quadra;;Longo da via;0;1;1;1;0;0;0;0;0;0;0;0;0;(-38.550861 -3.74047);
356123;2020-02-15 17:45:00;RUA TEODOMIRO DE CASTRO, 2880;, ; 2880;;;Colisão;Anoitecer;;;Meio de Quadra;;Longo da via;0;1;1;0;0;0;0;0;0;0;0;0;0;(-38.57076 -3.71946);
356140;2020-02-15 17:45:00;RUA JOAQUIM FROTA, ;TRAVESSA RAFAEL TOBIAS, ; ;;;Colisão;Anoitecer;;;;;Cruzamento;0;1;1;1;1;0;0;0;0;0;0;0;0;(-38.4718 -3.80136);
355759;2020-02-15 16:10:00;AVENIDA SGT HERMINIO SAMPAIO, ;RUA ARISTIDES B NETO, ; ;;;Colisão Lateral;Luz do Dia;Nublado;Seca;Duplo T;Pare;Cruzamento;0;1;1;1;1;0;0;0;0;0;0;0;0;(-38.55582 -3.725509);
356120;2020-02-15 15:30:00;AVENIDA SGT HERMINIO SAMPAIO, 4530;, ; 4530;;;Colisão;Luz do Dia;;;Meio de Quadra;;Longo da via;0;2;1;0;1;0;0;0;0;1;0;0;0;(-38.580411 -3.731982);
356118;2020-02-15 15:11:00;AVENIDA SEN FERNANDES TAVORA, 2433;, ; 2433;;;Queda;Luz do Dia;;;Meio de Quadra;;Longo da via;0;1;0;1;0;0;0;0;0;0;0;0;0;(-38.593889 -3.755953);
356117;2020-02-15 13:20:00;RUA PEDRO DE SOUZA, 339;, ; 339;;;Colisão;Luz do Dia;;;Meio de Quadra;;Longo da via;0;1;1;1;1;0;0;0;0;0;0;0;0;(-38.49872 -3.85254);
356115;2020-02-15 12:38:00;AVENIDA A CJ JOSE WALTER, ;AVENIDA JOAO DE ARAUJO LIMA, ; ;;;Colisão;Luz do Dia;;;Cruz;Pare;Cruzamento;0;1;1;1;1;0;0;0;0;0;0;0;0;(-38.558691 -3.823474);
356114;2020-02-15 11:22:00;RUA VASCO DE ATAIDE, ;, ; ;;;Queda;Luz do Dia;;;Meio de Quadra;;Longo da via;0;1;0;0;0;0;0;0;0;1;0;0;0;(0 0);
356113;2020-02-15 10:50:00;AVENIDA SEN VIRGILIO TAVORA, 2620;, ; 2620;;;Queda;Luz do Dia;;;Meio de Quadra;;Longo da via;0;1;0;0;0;0;0;0;0;1;0;0;0;(-38.4973535 -3.749978);
356111;2020-02-15 10:08:00;AVENIDA EDILSON B SOARES, 36;, ; 36;;;Colisão;Luz do Dia;;;Meio de Quadra;;Longo da via;0;2;1;1;1;0;0;0;0;0;0;0;0;(-38.4854424 -3.78986765);
356110;2020-02-15 09:02:00;AVENIDA CONTORNO NORTE D71, 1699;, ; 1699;;;Colisão;Luz do Dia;;;Meio de Quadra;;Longo da via;0;1;1;1;0;0;1;0;0;0;0;0;0;(-38.590849 -3.810137);
355690;2020-02-15 09:00:00;RUA AZEVEDO BOLAO, ;RUA PEDRO DE QUEIROZ, ; ;;;Colisão Transversal;Luz do Dia;Nublado;Seca;Cruz;Pare;Cruzamento;0;1;1;1;1;0;0;0;0;0;0;0;0;(-38.560344 -3.7372);
356109;2020-02-15 08:42:00;RUA JOSE FACANHA, 4160;, ; 4160;;;Queda;Luz do Dia;;;Meio de Quadra;;Longo da via;0;2;0;1;0;0;0;0;0;0;0;0;0;(-38.55498 -3.75419);
356108;2020-02-15 07:07:00;RUA PEDRO MARTINS, 937;, ; 937;;;Colisão;Luz do Dia;;;Meio de Quadra;;Longo da via;0;1;1;1;1;0;0;0;0;0;0;0;0;(-38.6049812 -3.79790229);
356107;2020-02-15 07:00:00;AVENIDA BEZERRA DE MENEZES, 480;, ; 480;;;Queda;Luz do Dia;;;Meio de Quadra;;Longo da via;0;1;0;1;0;0;0;0;0;0;0;0;0;(-38.5492078 -3.73250868);
356106;2020-02-15 03:42:00;RUA ENG JAIME ROLEMBERG, 90;, ; 90;;;Queda;;;;Meio de Quadra;;Longo da via;0;1;0;1;0;0;0;0;0;0;0;0;0;(-38.5612 -3.80164);
356105;2020-02-15 03:39:00;AVENIDA WASHINGTON SOARES, ;RUA VALMIR PONTES, ; ;;;Capotamento;;;;Cruz;Semáforo;Cruzamento;0;2;0;0;1;0;0;0;0;0;0;0;0;(-38.482016 -3.771482);
356737;2020-02-15 03:20:00;AVENIDA MR HULL, ;, ; ;;;Colisão;;;;Meio de Quadra;;Longo da via;0;2;0;0;2;0;0;0;0;0;0;0;0;(0 0);
356104;2020-02-15 03:15:00;AVENIDA A CJ CEARA, 1360;, ; 1360;;;Atropelamento;;;;Meio de Quadra;;Longo da via;0;1;1;0;1;0;0;0;0;0;0;0;0;(-38.605404 -3.77327767);
356103;2020-02-15 02:05:00;AVENIDA JOR THOMAZ COELHO, 1578;, ; 1578;;;Colisão;;;;Meio de Quadra;;Longo da via;0;2;0;0;0;0;0;0;0;0;0;0;0;(-38.50913561 -3.829904271);
356101;2020-02-15 00:02:00;RUA QUINTINO CUNHA, 127;, ; 127;;;Colisão;;;;Meio de Quadra;;Longo da via;0;1;1;2;0;0;0;0;0;0;0;0;0;(-38.57979 -3.75096);
356100;2020-02-15 00:02:00;RUA BAR CRATO, ;RUA HENRIQUE ELERY, ; ;;;Colisão;;;;Cruz;Pare;Cruzamento;0;1;1;2;0;0;0;0;0;0;0;0;0;(-38.561002 -3.721622);
356099;2020-02-15 00:01:00;AVENIDA CESAR CALS, 433;, ; 433;;;Colisão;;;;Meio de Quadra;;Longo da via;0;2;1;1;1;0;0;0;0;0;0;0;0;(-38.464155 -3.721545);
357065;2020-02-14 23:51:00;RUA ALVARO MARTINS, 393;, ; 393;;;Colisão;;;;Meio de Quadra;;Longo da via;0;1;0;2;0;0;0;0;0;0;0;0;0;(-38.5420601 -3.7488979);
357063;2020-02-14 23:48:00;AVENIDA JOR THOMAZ COELHO, 2760;, ; 2760;;;Colisão;;;;Meio de Quadra;;Longo da via;0;2;0;0;0;0;0;0;0;0;1;0;0;(-38.519424 -3.828396);
357061;2020-02-14 23:29:00;AVENIDA BEZERRA DE MENEZES, ;AVENIDA OLAVO BILAC, ; ;;;Colisão;;;;;;Cruzamento;0;1;0;0;1;0;0;0;0;1;0;0;0;(-38.564151 -3.735601);
357056;2020-02-14 23:05:00;AVENIDA CENTRAL IU 309, 31;, ; 31;;;Queda;;;;Meio de Quadra;;Longo da via;0;1;0;1;0;0;0;0;0;0;0;0;0;(-38.5388367 -3.8091696);
355932;2020-02-14 22:55:00;RD BR 222, ;, ; ;;;Colisão Lateral;;Bom;Seca;Meio de Quadra;;Longo da via;0;2;0;2;0;0;0;0;0;0;0;0;0;(-38.57814693 -3.737698444);
356903;2020-02-14 20:50:00;AVENIDA CEL CARVALHO, 956;, ; 956;;;Colisão;;;;Meio de Quadra;;Longo da via;0;2;0;0;2;0;0;0;0;0;0;0;0;(-38.58971 -3.71083);