COD_ACIDENTE;DATA;LOG1;LOG2;NUMERO;BAIRRO;AMC;NATUREZA;ILUMINACAO;TEMPO;SUPERFICIEPISTA;TIPOCRUZAMENTO;CONTROLETRAFEGO;USOSOLO;MORTOS;FERIDOS;ILESOS;MOTOCICLETA;AUTOMOVEL;MICROONIBUS;CAMINHAO;ONIBUS;CICLOMOTOR;BICICLETA;OUTROS;TREM;TRACAOANIMAL;COORDENADAS
357054;2020-02-14 20:29:00;RUA ENG LUIS MONTENEGRO, 600;, ; 600;;;Colisão;;;;Meio de Quadra;;Longo da via;0;1;0;1;1;0;0;0;0;0;0;0;0;(-38.61807 -3.81411);
357052;2020-02-14 20:06:00;RUA DEP MOREIRA DA ROCHA, ;RUA SILVA PAULET, ; ;;;Colisão;;;;Cruz;Pare;Cruzamento;0;1;0;1;1;0;0;0;0;0;0;0;0;(-38.503194 -3.727526);
357049;2020-02-14 19:34:00;RUA ANTONIO BARBOSA, 1572;, ; 1572;;;Colisão;;;;Meio de Quadra;;Longo da via;0;1;0;1;1;0;0;0;0;0;0;0;0;(-38.56519 -3.83254);
357048;2020-02-14 18:54:00;AVENIDA GODOFREDO MACIEL, 5200;, ; 5200;;;Colisão;;;;Meio de Quadra;;Longo da via;0;1;0;0;1;0;0;0;0;1;0;0;0;(-38.577065 -3.819605);
355689;2020-02-14 18:29:00;AVENIDA DIOGUINHO, ;RUA FRANCISCO TEIXEIRA DE ALCANTARA, ; ;;;Colisão Transversal;Anoitecer;Bom;Seca;Cruz;Pare;Cruzamento;0;2;1;1;1;0;0;0;0;0;0;0;0;(-38.455721 -3.737233);
355605;2020-02-14 17:00:00;RD CE-040, ;, ; ;;;Engavetamento;Anoitecer;;Seca;Meio de Quadra;;Longo da via;0;3;0;0;3;0;0;0;0;0;0;0;0;(-38.48303286 -3.817159445);
357047;2020-02-14 15:49:00;RUA CEL FABRICIANO, ;RUA ARI MAIA, ; ;;;Colisão;Luz do Dia;;;Cruz;Pare;Cruzamento;0;1;1;1;1;0;0;0;0;0;0;0;0;(-38.620267 -3.779362);
357046;2020-02-14 15:27:00;RUA SOLON PINHEIRO, ;AVENIDA DUQ CAXIAS, ; ;;;Colisão;Luz do Dia;;;Cruz;Semáforo;Cruzamento;0;1;1;1;1;0;0;0;0;0;0;0;0;(-38.527034 -3.732704);
355604;2020-02-14 14:10:00;AVENIDA SEN CARLOS JEREISSATI (AEROPORTO), ;, ; ;;;Colisão;Luz do Dia;;;Meio de Quadra;;Longo da via;0;2;0;1;1;0;0;0;0;0;0;0;0;(0 0);
357045;2020-02-14 14:09:00;RUA PRO HERIBALDO COSTA, 1490;, ; 1490;;;Colisão;Luz do Dia;;;Meio de Quadra;;Longo da via;0;1;0;1;1;0;0;0;0;0;0;0;0;(-38.586471 -3.764961);
357044;2020-02-14 13:45:00;AVENIDA BEZERRA DE MENEZES, 1665;, ; 1665;;;Colisão;Luz do Dia;;;Meio de Quadra;;Longo da via;0;1;0;1;1;0;0;0;0;0;0;0;0;(-38.55966 -3.734661);
355695;2020-02-14 13:30:00;RUA JOSE MENDONCA, ;RUA STA ADELIA, ; ;;;Colisão Transversal;Luz do Dia;Bom;Seca;Cruz;Pare;Cruzamento;0;1;1;1;1;0;0;0;0;0;0;0;0;(-38.602545 -3.759043);
355688;2020-02-14 13:30:00;AVENIDA ANTONIO SALES, 2460;, ; 2460;;;Colisão Lateral;Luz do Dia;Bom;Seca;Meio de Quadra;Não Há Controle;Longo da via;0;0;2;0;2;0;0;0;0;0;0;0;0;(-38.5017947 -3.745624);
356902;2020-02-14 13:26:00;AVENIDA JOR THOMAZ COELHO, 3173;, ; 3173;;;Colisão;Luz do Dia;;;Meio de Quadra;;Longo da via;0;1;1;1;0;0;1;0;0;0;0;0;0;(-38.52303147 -3.828973233);
357042;2020-02-14 13:10:00;RUA PRO VIRGILIO DE MORAIS, 500;, ; 500;;;Colisão;Luz do Dia;;;Meio de Quadra;;Longo da via;0;1;0;1;0;0;1;0;0;0;0;0;0;(-38.59698 -3.75296695);
357041;2020-02-14 12:31:00;RUA BERNARDO MANUEL, 9930;, ; 9930;;;Colisão;Luz do Dia;;;Meio de Quadra;;Longo da via;0;1;0;1;1;0;0;0;0;0;0;0;0;(-38.5529818 -3.80395312);
357040;2020-02-14 11:42:00;AVENIDA HIS RAIMUNDO GIRAO, 363;, ; 363;;;Colisão;Luz do Dia;;;Meio de Quadra;;Longo da via;0;1;1;1;1;0;0;0;0;0;0;0;0;(-38.512645 -3.7206256);
357039;2020-02-14 10:48:00;RUA ADOLFO PINHEIRO, 320;, ; 320;;;Colisão;Luz do Dia;;;Meio de Quadra;;Longo da via;0;1;0;1;1;0;0;0;0;0;0;0;0;(-38.5103469 -3.75037398);
357038;2020-02-14 10:35:00;AVENIDA JOVITA FEITOSA, 2255;, ; 2255;;;Colisão;Luz do Dia;;;Meio de Quadra;;Longo da via;0;2;1;1;1;0;0;0;0;0;0;0;0;(-38.557484 -3.740049);
356897;2020-02-14 10:30:00;RUA ROMEU ALDIGUERI, ;, ; ;;;Colisão;Luz do Dia;;;Meio de Quadra;;Longo da via;0;2;0;0;2;0;0;0;0;0;0;0;0;(0 0);
357036;2020-02-14 08:42:00;AVENIDA BENJAMIM BRASIL, 1080;, ; 1080;;;Colisão;Luz do Dia;;;Meio de Quadra;;Longo da via;0;1;0;1;1;0;0;0;0;0;0;0;0;(-38.56522 -3.8054);
357033;2020-02-14 08:39:00;RUA ALBERTO MAGNO, ;RUA SAMUEL UCHOA, ; ;;;Atropelamento;Luz do Dia;;;Cruz;Não Há Controle;Cruzamento;0;1;1;0;0;0;0;1;0;0;0;0;0;(-38.5429 -3.7566085);
355758;2020-02-14 08:35:00;AVENIDA PRO GOMES DE MATOS, 216;, ; 216;;;Atropelamento;Luz do Dia;Nublado;Seca;Meio de Quadra;;Longo da via;0;1;1;0;0;1;0;0;0;0;0;0;0;(-38.5458958 -3.7617338);
357028;2020-02-14 07:44:00;AVENIDA BENJAMIM BRASIL, 1137;, ; 1137;;;Colisão;Luz do Dia;;;Meio de Quadra;;Longo da via;0;1;0;1;1;0;0;0;0;0;0;0;0;(-38.56482 -3.80552);
357027;2020-02-14 07:15:00;RUA DIOGO CORREIA, 329;, ; 329;;;Colisão;Luz do Dia;;;Meio de Quadra;;Longo da via;0;1;0;1;1;0;0;0;0;0;0;0;0;(-38.590102 -3.770996);
357026;2020-02-14 07:14:00;AVENIDA JOAO PESSOA, 4693;, ; 4693;;;Colisão;Luz do Dia;;;Meio de Quadra;;Longo da via;0;1;0;1;1;0;0;0;0;0;0;0;0;(-38.552383 -3.7554684);
355687;2020-02-14 06:40:00;RUA GAL CLARINDO DE QUEIROZ, ;RUA VINTE QUATRO DE MAIO, ; ;;;Colisão Transversal;Luz do Dia;Bom;Seca;;;Cruzamento;0;2;1;0;1;0;0;1;0;0;0;0;0;(-38.533634 -3.7316349);
356895;2020-02-14 01:45:00;RUA PARAGUACU D45, 1213;, ; 1213;;;Colisão;;;;Meio de Quadra;;Longo da via;0;2;0;1;1;0;0;0;0;0;0;0;0;(-38.5391658 -3.78571889);
356102;2020-02-14 00:13:00;RUA JUAZEIRO DO NORTE, 20;, ; 20;;;Colisão;;;;;;Longo da via;0;1;1;1;1;0;0;0;0;0;0;0;0;(-38.4931909 -3.72737629);
357025;2020-02-13 23:56:00;AVENIDA I CJ JOSE WALTER, ;AVENIDA A CJ JOSE WALTER, ; ;;;Colisão;;;;Cruz;Pare;Cruzamento;0;1;0;2;0;0;0;0;0;0;0;0;0;(-38.550935 -3.825834);
357023;2020-02-13 22:27:00;RD BR 116, ;, ; ;;;Queda;;;;Meio de Quadra;;Longo da via;0;1;0;1;0;0;0;0;0;0;0;0;0;(0 0);
357022;2020-02-13 22:25:00;AVENIDA PRS COSTA E SILVA, ;, ; ;;;Colisão;;;;Meio de Quadra;;Longo da via;0;1;1;1;1;0;0;0;0;0;0;0;0;(0 0);
357021;2020-02-13 22:10:00;AVENIDA JOSE BASTOS, ;, ; ;;;Colisão;;;;Meio de Quadra;;Longo da via;0;1;0;2;0;0;0;0;0;0;0;0;0;(0 0);
357019;2020-02-13 21:58:00;AVENIDA GOV RAUL BARBOSA, ;RUA FLORO BARTOLOMEU, ; ;;;Queda;;;;Meio de Quadra;Não Há Controle;Cruzamento;0;2;0;1;0;0;0;0;0;0;0;0;0;(-38.504629 -3.759723);
357017;2020-02-13 21:37:00;AVENIDA H CJ CEARA, ;, ; ;;;Colisão;;;;Meio de Quadra;;Longo da via;0;2;0;0;0;0;0;0;0;0;1;0;0;(0 0);
357016;2020-02-13 20:59:00;RUA CATOLE, 2590;, ; 2590;;;Colisão;;;;Meio de Quadra;;Longo da via;0;1;0;2;0;0;0;0;0;0;0;0;0;(-38.5219175 -3.85249952);
355686;2020-02-13 20:40:00;AVENIDA ROGACIANO LEITE, ;RUA RICARDO A BRAGA, ; ;;;Colisão Transversal;Via Iluminada;Bom;Seca;Cruz;Pare;Cruzamento;0;2;1;1;1;0;0;0;0;0;0;0;0;(-38.503315 -3.786671);
357014;2020-02-13 20:18:00;AVENIDA WENEFRIDO MELO, 859;, ; 859;;;Colisão;;;;Meio de Quadra;;Longo da via;0;1;0;1;1;0;0;0;0;0;0;0;0;(0 0);
357012;2020-02-13 20:16:00;RD QUARTO ANEL VIARIO, 2380;, ; 2380;;;Atropelamento;;;;Meio de Quadra;;Longo da via;0;1;0;0;1;0;0;0;0;0;0;0;0;(-38.501507 -3.870553);
357011;2020-02-13 20:09:00;RUA CARLOS AMORA, ;, ; ;;;Queda;;;;Meio de Quadra;;Longo da via;0;1;0;0;0;0;0;0;0;1;0;0;0;(0 0);
357009;2020-02-13 20:02:00;RUA PRO CARVALHO, 3020;, ; 3020;;;Colisão;;;;Meio de Quadra;;Longo da via;0;1;0;1;1;0;0;0;0;0;0;0;0;(-38.515335 -3.750745);
357008;2020-02-13 19:34:00;AVENIDA GODOFREDO MACIEL, ;, ; ;;;Colisão;;;;Meio de Quadra;;Longo da via;0;1;0;2;0;0;0;0;0;0;0;0;0;(0 0);
357006;2020-02-13 18:55:00;RUA MANUEL CASTELO BRANCO, 841;, ; 841;;;Colisão;;;;Meio de Quadra;;Longo da via;0;1;0;1;1;0;0;0;0;0;0;0;0;(-38.487276 -3.833153);
357004;2020-02-13 18:36:00;RUA DEMETRIO MENEZES, ;, ; ;;;Acidente Pessoal;;;;Meio de Quadra;;Longo da via;0;1;0;0;0;0;0;1;0;0;0;0;0;(0 0);
356894;2020-02-13 18:00:00;RUA ALBERTO MAGNO, 1590;, ; 1590;;;Colisão;Anoitecer;;;Meio de Quadra;;Longo da via;0;2;0;0;1;0;0;1;0;0;0;0;0;(-38.552417 -3.767991);
355685;2020-02-13 17:45:00;AVENIDA JOSE BASTOS, 3786;, ; 3786;;;Colisão Lateral;Anoitecer;Nublado;Molhada;Meio de Quadra;Semáforo;Longo da via;0;1;2;1;2;0;0;0;0;0;0;0;0;(-38.5523795 -3.751924);
356996;2020-02-13 17:05:00;RD BR 116, ;, ; ;;;Queda;Anoitecer;;;Meio de Quadra;;Longo da via;0;1;0;1;0;0;0;0;0;0;0;0;0;(0 0);
356986;2020-02-13 16:15:00;AVENIDA GAL OSORIO DE PAIVA, 1870;, ; 1870;;;Queda;Luz do Dia;;;Meio de Quadra;;Longo da via;0;1;0;1;0;0;0;0;0;0;0;0;0;(-38.578949 -3.783465);
355684;2020-02-13 15:20:00;AVENIDA D CJ JOSE WALTER, ;AVENIDA J CJ JOSE WALTER, ; ;;;Colisão Transversal;Luz do Dia;Nublado;Molhada;T;Dê Preferência;Cruzamento;0;1;1;0;0;0;0;1;0;1;0;0;0;(-38.555832 -3.831599);
355931;2020-02-13 15:15:00;RD BR 020, ;, ; ;;;Choque c/ Obstáculo Fixo;Luz do Dia;Chuva;Molhada;Meio de Quadra;;Longo da via;0;0;1;0;0;0;0;0;0;0;0;0;0;(-38.507 -3.869);
355683;2020-02-13 14:10:00;AVENIDA JOAO PESSOA, 3577;, ; 3577;;;Engavetamento;Luz do Dia;Chuva;Molhada;Meio de Quadra;Não Há Controle;Longo da via;0;1;1;0;2;0;0;0;0;0;0;0;0;(-38.54383 -3.74623);
356893;2020-02-13 13:14:00;RUA DOM SEBASTIAO LEME, ;RUA DR JOSE VITOR, ; ;;;Colisão;Luz do Dia;;;Cruz;Pare;Cruzamento;0;2;0;0;2;0;0;0;0;0;0;0;0;(-38.526 -3.747703);
355930;2020-02-13 13:00:00;RD BR 116, 10000;, ; 10000;;;Colisão Traseira;Luz do Dia;Chuva;Molhada;Meio de Quadra;;Longo da via;0;1;1;1;1;0;0;0;0;0;0;0;0;(-38.503373 -3.834435);
356983;2020-02-13 11:52:00;RUA JOAQUIM DOS ANJOS, 879;, ; 879;;;Queda;Luz do Dia;;;Meio de Quadra;;Longo da via;0;1;0;1;0;0;0;0;0;0;0;0;0;(-38.5691981 -3.83098816);
356981;2020-02-13 11:39:00;RUA GUSTAVO SAMPAIO, ;RUA GAL PIRAGIBE, ; ;;;Colisão;Luz do Dia;;;Cruz;Pare;Cruzamento;0;1;0;1;1;0;0;0;0;0;0;0;0;(-38.558398 -3.735661);
356980;2020-02-13 11:22:00;AVENIDA PONTES VIEIRA, ;RUA BARBOSA DE FREITAS, ; ;;;Atropelamento;Luz do Dia;;;Cruz;Semáforo;Cruzamento;0;1;1;0;1;0;0;0;0;0;0;0;0;(-38.502094 -3.751381);
356978;2020-02-13 11:16:00;TRAVESSA TR ANTENOR ALMEIDA, 36;, ; 36;;;Colisão;Luz do Dia;;;Meio de Quadra;;Longo da via;0;1;0;2;0;0;0;0;0;0;0;0;0;(-38.57694 -3.72472);
356977;2020-02-13 10:31:00;RUA BAR ARATANHA, 1323;, ; 1323;;;Colisão;Luz do Dia;;;Meio de Quadra;;Longo da via;0;1;0;1;1;0;0;0;0;0;0;0;0;(-38.5302007 -3.74433057);
355757;2020-02-13 10:30:00;AVENIDA AMERICO BARREIRA, ;RUA SERGIPE, ; ;;;Engavetamento;Luz do Dia;Chuva;Molhada;T;Semáforo;Cruzamento;0;0;3;0;3;0;0;0;0;0;0;0;0;(-38.5666 -3.76369);
356975;2020-02-13 10:29:00;AVENIDA DEP PAULINO ROCHA, 1333;, ; 1333;;;Colisão;Luz do Dia;;;Meio de Quadra;;Longo da via;0;1;0;0;2;0;0;0;0;0;0;0;0;(-38.50873 -3.809115);
356973;2020-02-13 08:58:00;AVENIDA DR SILAS MUNGUBA, 4500;, ; 4500;;;Colisão;Luz do Dia;;;Meio de Quadra;;Longo da via;0;1;0;2;0;0;0;0;0;0;0;0;0;(-38.535043 -3.79309);
356970;2020-02-13 08:54:00;AVENIDA JOSE BASTOS, ;, ; ;;;Colisão;Luz do Dia;;;Meio de Quadra;;Longo da via;0;2;0;0;2;0;0;0;0;0;0;0;0;(0 0);
356972;2020-02-13 08:54:00;RUA ALBERTO MAGNO, 952;, ; 952;;;Queda;Luz do Dia;;;Meio de Quadra;;Longo da via;0;1;0;1;0;0;0;0;0;0;0;0;0;(-38.5484566 -3.76315378);
356969;2020-02-13 08:50:00;AVENIDA BAR STUDART, 168;, ; 168;;;Queda;Luz do Dia;;;Meio de Quadra;;Longo da via;0;1;0;1;0;0;0;0;0;0;0;0;0;(-38.5035583 -3.72511983);
356968;2020-02-13 08:44:00;RUA JOAO REGINO, ;, ; ;;;Colisão;Luz do Dia;;;Meio de Quadra;;Longo da via;0;1;0;1;1;0;0;0;0;0;0;0;0;(0 0);
356967;2020-02-13 08:40:00;RUA PINTO MADEIRA, ;AVENIDA DOM MANUEL, ; ;;;Colisão;Luz do Dia;;;Cruz;Semáforo;Cruzamento;0;1;0;1;1;0;0;0;0;0;0;0;0;(-38.521957 -3.730964);
356958;2020-02-13 08:29:00;AVENIDA OLAVO BILAC, 1111;, ; 1111;;;Colisão;Luz do Dia;;;Meio de Quadra;;Longo da via;0;1;0;0;1;0;0;0;0;1;0;0;0;(-38.5647052 -3.73060352);
356957;2020-02-13 08:07:00;RUA PDE MORORO, 1493;, ; 1493;;;Atropelamento;Luz do Dia;;;Meio de Quadra;;Longo da via;0;1;0;0;1;0;0;0;0;0;0;0;0;(-38.538837 -3.729924);
356956;2020-02-13 08:02:00;AVENIDA MR HULL, 2013;, ; 2013;;;Queda;Luz do Dia;;;Meio de Quadra;;Longo da via;0;1;0;1;0;0;0;0;0;0;0;0;0;(-38.56968 -3.73686);
356955;2020-02-13 07:34:00;RUA OLIVEIRA FILHO, 470;, ; 470;;;Queda;Luz do Dia;;;Meio de Quadra;;Longo da via;0;2;0;1;0;0;0;0;0;0;0;0;0;(-38.46624 -3.72224);
356954;2020-02-13 07:29:00;RUA PRO TEODORICO, 337;, ; 337;;;Colisão;Luz do Dia;;;Meio de Quadra;;Longo da via;0;1;0;0;0;0;0;0;0;0;1;0;0;(-38.556436 -3.767686);
356953;2020-02-13 06:58:00;AVENIDA FRE CIRILO, 4186;, ; 4186;;;Colisão;Luz do Dia;;;Meio de Quadra;;Longo da via;0;1;0;1;1;0;0;0;0;0;0;0;0;(-38.495969667 -3.820634083);
356952;2020-02-13 06:55:00;RUA CEL JOAO CORREIA, 19000;, ; 19000;;;Colisão;Luz do Dia;;;Meio de Quadra;;Longo da via;0;1;0;1;1;0;0;0;0;0;0;0;0;(0 0);
356951;2020-02-13 06:24:00;AVENIDA DUQ CAXIAS, 2136;, ; 2136;;;Acidente Pessoal;Luz do Dia;;;Meio de Quadra;;Longo da via;0;1;0;1;0;0;0;0;0;0;0;0;0;(-38.543143 -3.727484);
355756;2020-02-13 03:50:00;AVENIDA GAL OSORIO DE PAIVA, ;RUA OSCAR FRANCA, ; ;;;Colisão Transversal;Via Iluminada;Chuva;Molhada;T;Semáforo;Cruzamento;0;1;1;1;1;0;0;0;0;0;0;0;0;(-38.592113 -3.794473);
356950;2020-02-13 00:31:00;AVENIDA FRANCISCO SA, 7630;, ; 7630;;;Colisão;;;;Meio de Quadra;;Longo da via;0;1;0;1;1;0;0;0;0;0;0;0;0;(-38.5867465 -3.705954);
356949;2020-02-12 23:50:00;RUA 6, 1391;, ; 1391;;;Colisão;;;;Meio de Quadra;;Longo da via;0;1;0;1;0;0;1;0;0;0;0;0;0;(-38.59685 -3.73424);
356948;2020-02-12 22:33:00;AVENIDA FRANCISCO SA, 5445;, ; 5445;;;Acidente Pessoal;;;;Meio de Quadra;;Longo da via;0;1;0;1;0;0;0;0;0;0;0;0;0;(-38.572931694 -3.712081613);
356947;2020-02-12 22:24:00;AVENIDA SANTOS DUMONT, ;RUA FONSECA LOBO, ; ;;;Colisão;;;;Cruz;Pare;Cruzamento;0;1;0;1;1;0;0;0;0;0;0;0;0;(-38.489602 -3.739062);
356946;2020-02-12 20:43:00;AVENIDA SIQUEIRA CAMPOS, 1360;, ; 1360;;;Atropelamento;;;;Meio de Quadra;;Longo da via;0;2;0;1;0;0;0;0;0;0;0;0;0;(-38.628151 -3.813542);
355681;2020-02-12 19:58:00;AVENIDA BENJAMIM BRASIL, 2112;, ; 2112;;;Colisão Transversal;Via Iluminada;Bom;Seca;Meio de Quadra;Não Há Controle;Longo da via;0;2;0;1;1;0;0;0;0;0;0;0;0;(-38.558229 -3.808292);
356942;2020-02-12 19:49:00;AVENIDA DR THEBERGE, 300;, ; 300;;;Colisão;;;;Meio de Quadra;;Longo da via;0;1;0;0;2;0;0;0;0;0;0;0;0;(-38.562446118 -3.707029647);
355682;2020-02-12 19:45:00;AVENIDA GOV PARSIFAL BARROSO, ;RUA HAROLDO TORRES, ; ;;;Colisão Lateral;Via Iluminada;Bom;Seca;T;Pare;Cruzamento;0;2;2;1;2;0;0;0;0;0;0;0;0;(-38.56928 -3.72975);
356945;2020-02-12 18:26:00;RUA BRUMADO, 58;, ; 58;;;Colisão;Anoitecer;;;Meio de Quadra;;Longo da via;0;1;0;1;1;0;0;0;0;0;0;0;0;(-38.5972301 -3.81359843);
356944;2020-02-12 18:24:00;RUA LEONEL CHAVES, 519;, ; 519;;;Colisão;Anoitecer;;;Meio de Quadra;;Longo da via;0;1;0;1;1;0;0;0;0;0;0;0;0;(-38.574894 -3.768681);
356943;2020-02-12 18:00:00;RUA POE MARIO LINHARES (J.WALTER), 567;, ; 567;;;Queda;Anoitecer;;;Meio de Quadra;;Longo da via;0;2;0;0;0;0;0;0;0;1;0;0;0;(-38.55534 -3.8222);
356941;2020-02-12 17:48:00;AVENIDA MON TABOSA, 1400;, ; 1400;;;Colisão;Anoitecer;;;Meio de Quadra;;Longo da via;0;1;0;1;1;0;0;0;0;0;0;0;0;(-38.506833 -3.724369);
356940;2020-02-12 17:27:00;RUA ANTONIO NOGUEIRA, 271;, ; 271;;;Colisão;Anoitecer;;;Meio de Quadra;;Longo da via;0;2;0;0;0;0;0;0;0;0;1;0;0;(-38.59007 -3.74235);
356939;2020-02-12 15:35:00;RUA PDE PEDRO DE ALENCAR, 1465;, ; 1465;;;Colisão;Luz do Dia;;;Meio de Quadra;;Longo da via;0;1;1;1;0;0;0;1;0;0;0;0;0;(-38.494244 -3.840803);
356938;2020-02-12 15:30:00;AVENIDA ABOLICAO, 5301;, ; 5301;;;Colisão;Luz do Dia;;;Meio de Quadra;;Longo da via;0;1;0;1;0;0;1;0;0;0;0;0;0;(0 0);
356937;2020-02-12 15:25:00;RUA DR AMADEU SA, 605;, ; 605;;;Colisão;Luz do Dia;;;Meio de Quadra;;Longo da via;0;2;0;0;0;0;0;0;0;0;0;0;0;(0 0);
356936;2020-02-12 15:10:00;AVENIDA MAJ ASSIS, 2251;, ; 2251;;;Colisão;Luz do Dia;;;Meio de Quadra;;Longo da via;0;1;0;1;1;0;0;0;0;0;0;0;0;(-38.6001014 -3.72068761);
356935;2020-02-12 15:10:00;RUA WILSON PEREIRA, ;RUA PRO JOSE HENRIQUE, ; ;;;Colisão;Luz do Dia;;;Cruz;Não Há Controle;Cruzamento;0;1;0;1;1;0;0;0;0;0;0;0;0;(-38.47779 -3.830787);
355680;2020-02-12 14:19:00;RUA POMPILIO GOMES, 1024;, ; 1024;;;Colisão Traseira;Luz do Dia;Bom;Seca;Meio de Quadra;Não Há Controle;Longo da via;0;1;1;1;0;0;0;1;0;0;0;0;0;(0 0);
356934;2020-02-12 13:08:00;AVENIDA AUGUSTO DOS ANJOS, 2250;, ; 2250;;;Colisão;Luz do Dia;;;Meio de Quadra;;Longo da via;0;1;0;0;0;0;0;0;0;0;1;0;0;(-38.584272 -3.786273);
355929;2020-02-12 12:20:00;RD BR 116, 15000;, ; 15000;;;Tombamento;Luz do Dia;Bom;Seca;Meio de Quadra;;Longo da via;0;1;1;1;0;0;0;0;0;0;0;0;0;(-38.501113 -3.882329);
356933;2020-02-12 12:09:00;AVENIDA PERIMETRAL, 317;, ; 317;;;Colisão;Luz do Dia;;;Meio de Quadra;;Longo da via;0;1;1;1;1;0;0;0;0;0;0;0;0;(0 0);
355679;2020-02-12 12:00:00;AVENIDA GAL OSORIO DE PAIVA, 112;, ; 112;;;Colisão Traseira;Luz do Dia;Bom;Seca;Meio de Quadra;Não Há Controle;Longo da via;0;1;1;1;1;0;0;0;0;0;0;0;0;(-38.5640045 -3.773611);
356932;2020-02-12 11:54:00;AVENIDA GAL OSORIO DE PAIVA, ;, ; ;;;Colisão;Luz do Dia;;;Meio de Quadra;;Longo da via;0;1;0;1;1;0;0;0;0;0;0;0;0;(0 0);
356931;2020-02-12 10:57:00;RUA MARANHAO, ;RUA MATO GROSSO, ; ;;;Colisão;Luz do Dia;;;Cruz;Pare;Cruzamento;0;1;0;0;1;0;0;0;0;1;0;0;0;(-38.56389 -3.75687);
355928;2020-02-12 10:20:00;RD BR 116, 7000;, ; 7000;;;Colisão Traseira;Luz do Dia;Bom;Seca;Meio de Quadra;;Longo da via;0;1;3;0;1;0;1;0;0;0;0;0;0;(-38.5115614 -3.786276359);
355678;2020-02-12 09:57:00;RUA CECIL SALGADO, ;RUA GEORGE CAVALCANTE, ; ;;;Colisão Transversal;Luz do Dia;Bom;Seca;Cruz;Pare;Cruzamento;0;1;1;0;2;0;0;0;0;0;0;0;0;(-38.592748 -3.723349);
356929;2020-02-12 09:56:00;AVENIDA JOAO PESSOA, 6931;, ; 6931;;;Colisão;Luz do Dia;;;Meio de Quadra;;Longo da via;0;1;0;0;0;0;0;0;0;0;1;0;0;(-38.561016 -3.7703369);
356926;2020-02-12 09:55:00;AVENIDA B CJ HAB ST SAO JOAO, 452;, ; 452;;;Queda;Luz do Dia;;;Meio de Quadra;;Longo da via;0;1;0;1;0;0;0;0;0;0;0;0;0;(-38.5190471 -3.84989547);
356925;2020-02-12 09:19:00;AVENIDA LUCIANO CARNEIRO, 1320;, ; 1320;;;Queda;Luz do Dia;;;Meio de Quadra;;Longo da via;0;1;0;1;0;0;0;0;0;0;0;0;0;(-38.534917 -3.759152);
356924;2020-02-12 08:49:00;RUA COS LAFAYETE, 52;, ; 52;;;Colisão;Luz do Dia;;;Meio de Quadra;;Longo da via;0;1;0;0;1;0;0;0;0;1;0;0;0;(-38.578119 -3.718419);
356890;2020-02-12 08:20:00;LOGRADOURO SEM NOME, ;, ; ;;;Colisão;Luz do Dia;;;Meio de Quadra;;Longo da via;0;2;0;0;2;0;0;0;0;0;0;0;0;(0 0);
356923;2020-02-12 07:58:00;AVENIDA GOV RAUL BARBOSA, ;, ; ;;;Colisão;Luz do Dia;;;Meio de Quadra;;Longo da via;0;1;0;1;1;0;0;0;0;0;0;0;0;(0 0);
356922;2020-02-12 07:42:00;AVENIDA GODOFREDO MACIEL, 3441;, ; 3441;;;Colisão;Luz do Dia;;;Meio de Quadra;;Longo da via;0;1;0;1;1;0;0;0;0;0;0;0;0;(-38.57278 -3.805644);
356921;2020-02-12 07:19:00;RUA CEL VIRGILIO NOGUEIRA (BOM JARDIM), 791;, ; 791;;;Colisão;Luz do Dia;;;Meio de Quadra;;Longo da via;0;2;0;2;0;0;0;0;0;0;0;0;0;(-38.60929 -3.7907);
356920;2020-02-12 07:08:00;RUA PDE PEDRO DE ALENCAR, 781;, ; 781;;;Colisão;Luz do Dia;;;Meio de Quadra;;Longo da via;0;1;0;1;1;0;0;0;0;0;0;0;0;(-38.494118 -3.834885);
356919;2020-02-12 06:57:00;AVENIDA DOMINGOS OLIMPIO, 187;, ; 187;;;Queda;Luz do Dia;;;Meio de Quadra;;Longo da via;0;1;0;0;0;0;0;0;0;1;0;0;0;(-38.52614279 -3.738145421);
355677;2020-02-12 04:50:00;RUA RAIMUNDO NERY, ;AVENIDA GAL OSORIO DE PAIVA, ; ;;;Colisão;Amanhecer;Bom;Seca;Cruz;Semáforo;Cruzamento;0;2;0;1;1;0;0;0;0;0;0;0;0;(-38.588065 -3.790306);
355755;2020-02-12 04:00:00;AVENIDA FILOMENO GOMES, 619;, ; 619;;;Atropelamento;Via Iluminada;Bom;Seca;Meio de Quadra;Não Há Controle;Longo da via;0;1;1;0;1;0;0;0;0;0;0;0;0;(-38.5413687 -3.72031391);
356918;2020-02-12 02:30:00;RUA CARLOS CHAGAS, 183;, ; 183;;;Atropelamento;;;;Meio de Quadra;;Longo da via;0;1;1;0;1;0;0;0;0;0;0;0;0;(-38.5819819 -3.78105837);
355676;2020-02-12 00:50:00;AVENIDA ABOLICAO, ;AVENIDA BEIRA MAR, ; ;;;Choque c/ Obstáculo Fixo;Via Iluminada;Bom;Seca;T;Semáforo;Cruzamento;0;1;0;1;0;0;0;0;0;0;0;0;0;(-38.478759 -3.721576);