COD_ACIDENTE;DATA;LOG1;LOG2;NUMERO;BAIRRO;AMC;NATUREZA;ILUMINACAO;TEMPO;SUPERFICIEPISTA;TIPOCRUZAMENTO;CONTROLETRAFEGO;USOSOLO;MORTOS;FERIDOS;ILESOS;MOTOCICLETA;AUTOMOVEL;MICROONIBUS;CAMINHAO;ONIBUS;CICLOMOTOR;BICICLETA;OUTROS;TREM;TRACAOANIMAL;COORDENADAS
356917;2020-02-12 00:45:00;RUA SAO RAIMUNDO (PIRAMBU), 499;, ; 499;;;Queda;;;;Meio de Quadra;;Longo da via;0;2;0;0;0;0;0;0;0;1;0;0;0;(-38.55575 -3.70861);
356916;2020-02-11 23:33:00;AVENIDA PRO JOSE ARTHUR CARVALHO, 2810;, ; 2810;;;Queda;;;;Meio de Quadra;;Longo da via;0;1;0;1;0;0;0;0;0;0;0;0;0;(-38.454326438 -3.823364405);
356915;2020-02-11 22:44:00;AVENIDA FRANCISCO SA, ;, ; ;;;Colisão;;;;Meio de Quadra;;Longo da via;0;2;0;1;1;0;0;0;0;0;0;0;0;(0 0);
356913;2020-02-11 21:36:00;RUA MARIA GOMES DE SA, 1330;, ; 1330;;;Colisão;;;;Meio de Quadra;;Longo da via;0;1;0;1;1;0;0;0;0;0;0;0;0;(-38.5828585 -3.82476);
355675;2020-02-11 21:22:00;AVENIDA FRE CIRILO, ;RUA FREDERICO SEVERO, ; ;;;Colisão Transversal;Via Iluminada;Bom;Seca;Meio de Quadra;;Cruzamento;0;1;1;1;1;0;0;0;0;0;0;0;0;(-38.496307 -3.81987);
356888;2020-02-11 21:21:00;AVENIDA ENG HUMBERTO MONTE, ;, ; ;;;Colisão;;;;Meio de Quadra;;Longo da via;0;1;0;0;1;0;0;0;0;0;0;0;0;(0 0);
356912;2020-02-11 19:36:00;RUA PRO JOAQUIM NOGUEIRA D29, 333;, ; 333;;;Colisão;;;;Meio de Quadra;;Longo da via;0;1;1;1;1;0;0;0;0;0;0;0;0;(-38.589885 -3.742722);
356911;2020-02-11 19:13:00;RUA ENG JOAO NOGUEIRA, 253;, ; 253;;;Queda;;;;Meio de Quadra;;Longo da via;0;2;0;1;0;0;0;0;0;0;0;0;0;(-38.5587532 -3.71315455);
355926;2020-02-11 19:00:00;RD BR 116, 1000;, ; 1000;;;Tombamento;;Bom;Seca;Meio de Quadra;;Longo da via;0;1;0;1;0;0;0;0;0;0;0;0;0;(-38.518702 -3.762554);
355927;2020-02-11 19:00:00;RD BR 116, 14000;, ; 14000;;;Atropelamento;;Nublado;Seca;Meio de Quadra;;Longo da via;0;1;1;0;1;0;0;0;0;0;0;0;0;(-38.499242 -3.873523);
356887;2020-02-11 19:00:00;RUA VICENTE LEITE, ;RUA REPUBLICA DO LIBANO, ; ;;;Colisão;;;;Cruz;Pare;Cruzamento;0;2;0;1;1;0;0;0;0;0;0;0;0;(-38.493841 -3.732224);
356907;2020-02-11 18:46:00;AVENIDA SEN FERNANDES TAVORA, 2432;, ; 2432;;;Colisão;;;;Meio de Quadra;;Longo da via;0;1;0;1;1;0;0;0;0;0;0;0;0;(-38.593889 -3.755953);
356909;2020-02-11 18:46:00;RUA DRACON BARRETO, ;RUA JOAQUIM ALBANO, ; ;;;Colisão;;;;Cruz;Pare;Cruzamento;0;1;0;1;1;0;0;0;0;0;0;0;0;(-38.57902 -3.735202);
356901;2020-02-11 18:33:00;AVENIDA N CJ JOSE WALTER, 1631;, ; 1631;;;Colisão;;;;Meio de Quadra;;Longo da via;0;1;0;0;1;0;0;0;0;1;0;0;0;(-38.4911628 -3.7759129);
356898;2020-02-11 18:32:00;AVENIDA JOAO DE ARAUJO LIMA, 1631;, ; 1631;;;Queda;;;;Meio de Quadra;;Longo da via;0;1;0;0;0;0;0;0;0;1;0;0;0;(-38.561249 -3.83602);
356896;2020-02-11 18:29:00;RUA ELISEU ORIA, ;RUA RANGEL PESTANA, ; ;;;Colisão;Anoitecer;;;Cruz;Não Há Controle;Cruzamento;0;1;0;0;1;0;0;0;0;1;0;0;0;(-38.47784 -3.79047);
356892;2020-02-11 18:25:00;RUA CEL JOAO CORREIA, 2005;, ; 2005;;;Colisão;Anoitecer;;;Meio de Quadra;;Longo da via;0;1;0;0;0;0;0;0;0;0;1;0;0;(-38.60984 -3.79016);
356891;2020-02-11 18:09:00;RUA DOMINGOS JAGUARIBE, 186;, ; 186;;;Atropelamento;Anoitecer;;;Meio de Quadra;;Longo da via;0;1;1;0;1;0;0;0;0;0;0;0;0;(-38.5300986 -3.76770852);
355673;2020-02-11 16:59:00;RUA DES GOMES PARENTE, 605;, ; 605;;;Choque c/ Obstáculo Fixo;Luz do Dia;Bom;Seca;Meio de Quadra;Não Há Controle;Longo da via;0;1;0;0;0;0;0;0;0;0;0;0;0;(-38.57522 -3.7741063);
356884;2020-02-11 16:52:00;AVENIDA JOAO PESSOA, ;AVENIDA CARNEIRO DE MENDONCA, ; ;;;Colisão;Luz do Dia;;;T;Semáforo;Cruzamento;0;2;0;0;0;0;0;0;0;0;1;0;0;(-38.559808 -3.767222);
356879;2020-02-11 16:49:00;RUA OLIVEIRA SOBRINHO, ;RUA ARACA, ; ;;;Colisão;Luz do Dia;;;Cruz;Pare;Cruzamento;0;1;0;1;1;0;0;0;0;0;0;0;0;(-38.584227 -3.783359);
356878;2020-02-11 15:42:00;AVENIDA PRS COSTA E SILVA, 1734;, ; 1734;;;Colisão;Luz do Dia;;;Meio de Quadra;;Longo da via;0;1;0;0;0;0;0;0;0;0;1;0;0;(-38.565394 -3.817618);
355672;2020-02-11 15:14:00;RUA TAVARES COUTINHO, ;RUA CASTRO MONTE, ; ;;;Colisão Lateral;Luz do Dia;Bom;Seca;Cruz;Pare;Cruzamento;0;1;0;1;1;0;0;0;0;0;0;0;0;(-38.486053 -3.7324963);
356877;2020-02-11 14:40:00;RUA CAP DAKIR, 127;, ; 127;;;Colisão;Luz do Dia;;;Meio de Quadra;;Longo da via;0;1;0;1;1;0;0;0;0;0;0;0;0;(-38.5130373 -3.76312725);
355674;2020-02-11 14:30:00;RUA PRO HERIBALDO COSTA, ;RUA CURITIBA, ; ;;;Colisão Lateral;Luz do Dia;Bom;Seca;Cruz;Pare;Cruzamento;0;1;1;1;1;0;0;0;0;0;0;0;0;(-38.583853 -3.759992);
355671;2020-02-11 13:39:00;RUA SOUSA GIRAO, ;RUA CEL SOLON, ; ;;;Colisão Transversal;Luz do Dia;Bom;Seca;Cruz;Pare;Cruzamento;0;1;1;1;1;0;0;0;0;0;0;0;0;(-38.524978 -3.742763);
356876;2020-02-11 13:38:00;AVENIDA ALBERTO CRAVEIRO, 1341;, ; 1341;;;Queda;Luz do Dia;;;Meio de Quadra;;Longo da via;0;2;0;1;0;0;0;0;0;0;0;0;0;(-38.51740185 -3.792153769);
356875;2020-02-11 12:41:00;RUA VINTE E QUATRO DE MAIO, 1255;, ; 1255;;;Colisão;Luz do Dia;;;Meio de Quadra;;Longo da via;0;2;0;1;1;0;0;0;0;0;0;0;0;(-38.533848 -3.732626);
356863;2020-02-11 12:20:00;AVENIDA EDUARDO GIRAO, ;RUA JORGE DUMAR, ; ;;;Queda;Luz do Dia;;;Cruz;Semáforo;Cruzamento;0;1;0;1;0;0;0;0;0;0;0;0;0;(-38.538695 -3.749691);
355670;2020-02-11 11:36:00;RUA CASTRO E SILVA, 599;, ; 599;;;Choque c/ Obstáculo Fixo;Luz do Dia;Bom;Seca;Cruz;Semáforo;Longo da via;0;0;1;0;1;0;0;0;0;0;0;0;0;(-38.530653 -3.722746);
355669;2020-02-11 11:21:00;RUA PROF. MANOEL LOURENCO, ;, ; ;;;Queda;Luz do Dia;Bom;Seca;Meio de Quadra;Não Há Controle;Longo da via;0;1;0;1;0;0;0;0;0;0;0;0;0;(-38.57258 -3.7623014);
356862;2020-02-11 10:52:00;AVENIDA ALBERTO CRAVEIRO, ;, ; ;;;Colisão;Luz do Dia;;;Meio de Quadra;;Longo da via;0;1;0;1;1;0;0;0;0;0;0;0;0;(0 0);
355668;2020-02-11 10:40:00;RUA PEREIRA DE MIRANDA, 575;, ; 575;;;Colisão Lateral;Luz do Dia;Nublado;Seca;Meio de Quadra;Não Há Controle;Longo da via;0;1;1;1;1;0;0;0;0;0;0;0;0;(-38.4808266 -3.7401393);
355667;2020-02-11 10:13:00;RUA BARBOSA DE FREITAS, 2645;, ; 2645;;;Colisão Lateral;Luz do Dia;Bom;Seca;Meio de Quadra;Não Há Controle;Longo da via;0;1;1;1;1;0;0;0;0;0;0;0;0;(-38.50182 -3.7507033);
356861;2020-02-11 09:08:00;AVENIDA PRS JUSCELINO KUBITSCHEK (PASSARÉ), ;, ; ;;;Colisão;Luz do Dia;;;Meio de Quadra;;Longo da via;0;1;0;2;0;0;0;0;0;0;0;0;0;(0 0);
356860;2020-02-11 08:37:00;RUA BARBOSA DE FREITAS, 2645;, ; 2645;;;Colisão;Luz do Dia;;;Meio de Quadra;;Longo da via;0;1;0;1;1;0;0;0;0;0;0;0;0;(-38.50182 -3.7507033);
356858;2020-02-11 08:03:00;AVENIDA DR SILAS MUNGUBA, 4850;, ; 4850;;;Queda;Luz do Dia;;;Meio de Quadra;;Longo da via;0;1;0;1;0;0;0;0;0;0;0;0;0;(-38.5324458 -3.795669154);
356857;2020-02-11 07:58:00;RUA SEBASTIAO DE ABREU, ;, ; ;;;Colisão;Luz do Dia;;;Meio de Quadra;;Longo da via;0;1;1;1;1;0;0;0;0;0;0;0;0;(0 0);
356853;2020-02-11 07:50:00;RUA MARIA QUINTINO, 184;, ; 184;;;Queda;Luz do Dia;;;Meio de Quadra;;Longo da via;0;1;0;1;0;0;0;0;0;0;0;0;0;(-38.49999 -3.85074);
356852;2020-02-11 07:39:00;RUA MACAPA, 633;, ; 633;;;Queda;Luz do Dia;;;Meio de Quadra;;Longo da via;0;1;0;1;0;0;0;0;0;0;0;0;0;(-38.59209 -3.75432);
356851;2020-02-11 07:34:00;RUA PDE JOAO PIAMARTA, ;RUA DULCINEIA GONDIM, ; ;;;Queda;Luz do Dia;;;T;;Cruzamento;0;1;0;1;0;0;0;0;0;0;0;0;0;(-38.54268 -3.76088);
356850;2020-02-11 07:31:00;RUA BAR ARACATI, 1100;, ; 1100;;;Colisão;Luz do Dia;;;Meio de Quadra;;Longo da via;0;1;0;1;1;0;0;0;0;0;0;0;0;(-38.5112983 -3.73093206);
355609;2020-02-11 07:25:00;RUA GAL ALIPIO DOS SANTOS, 344;, ; 344;;;Colisão Lateral;Luz do Dia;Bom;Molhada;Meio de Quadra;Pare;Longo da via;0;1;1;1;1;0;0;0;0;0;0;0;0;(-38.5882633 -3.72978703);
356847;2020-02-11 06:48:00;RUA JOAO CORDEIRO, 740;, ; 740;;;Atropelamento;Luz do Dia;;;Meio de Quadra;;Longo da via;0;1;1;1;0;0;0;0;0;0;0;0;0;(-38.51265 -3.72438);
356849;2020-02-11 06:48:00;RUA EMILIO DE MENESES, 151;, ; 151;;;Colisão;Luz do Dia;;;Meio de Quadra;;Longo da via;0;1;0;2;0;0;0;0;0;0;0;0;0;(-38.5831526 -3.782958);
356845;2020-02-11 06:44:00;AVENIDA SEN FERNANDES TAVORA, 1253;, ; 1253;;;Queda;Luz do Dia;;;Meio de Quadra;;Longo da via;0;1;0;1;0;0;0;0;0;0;0;0;0;(-38.585743 -3.7599535);
356844;2020-02-11 06:32:00;RUA BAR ARACATI, 1108;, ; 1108;;;Acidente Pessoal;Luz do Dia;;;Meio de Quadra;;Longo da via;0;1;0;1;0;0;0;0;0;0;0;0;0;(-38.5114145 -3.73128731);
355610;2020-02-11 06:30:00;RUA CEL MATOS DOURADO, ;AVENIDA MR HULL, ; ;;;Outros;Luz do Dia;Chuva;Molhada;Outros;Não Há Controle;Cruzamento;1;0;1;1;0;0;1;0;0;0;0;0;0;(-38.585377 -3.738743);
356835;2020-02-11 02:30:00;AVENIDA ENG SANTANA JUNIOR, 2277;, ; 2277;;;Queda;;;;Meio de Quadra;;Longo da via;0;1;0;1;0;0;0;0;0;0;0;0;0;(-38.486538 -3.742678);
356889;2020-02-11 00:40:00;RUA SEN ROBERT KENNEDY, ;RUA ESTEVAO DE CAMPOS, ; ;;;Colisão;;;;Cruz;Pare;Cruzamento;0;1;1;1;1;0;0;0;0;0;0;0;0;(-38.579516 -3.705131);
356834;2020-02-10 21:17:00;RUA DES HERMES PARAHYBA, 696;, ; 696;;;Colisão;;;;Meio de Quadra;;Longo da via;0;1;0;1;1;0;0;0;0;0;0;0;0;(-38.589909 -3.713614);
356833;2020-02-10 19:42:00;RUA VALPARAISO, ;, ; ;;;Colisão;;;;Meio de Quadra;;Longo da via;0;1;0;0;0;0;0;0;0;0;1;0;0;(0 0);
355666;2020-02-10 19:30:00;RUA VALPARAISO, ;RUA LUCIANO ALVES, ; ;;;Colisão Transversal;Via Iluminada;Bom;Seca;Meio de Quadra;Pare;Cruzamento;0;1;1;0;1;0;0;0;0;0;0;0;0;(-38.51096 -3.8492);
356832;2020-02-10 19:23:00;RUA PORTO VELHO, 765;, ; 765;;;Colisão;;;;Meio de Quadra;;Longo da via;0;1;0;1;1;0;0;0;0;0;0;0;0;(-38.58778 -3.765567);
356831;2020-02-10 18:49:00;RUA BAR RIO BRANCO, 750;, ; 750;;;Colisão;;;;Meio de Quadra;;Longo da via;0;1;0;1;1;0;0;0;0;0;0;0;0;(-38.527752 -3.724879);
356830;2020-02-10 16:13:00;RUA MON BRUNO, 1550;, ; 1550;;;Colisão;Luz do Dia;;;Meio de Quadra;;Longo da via;0;1;0;2;0;0;0;0;0;0;0;0;0;(-38.51057 -3.736);
356829;2020-02-10 15:19:00;AVENIDA SEN CARLOS JEREISSATI (AEROPORTO), ;, ; ;;;Colisão;Luz do Dia;;;Meio de Quadra;;Longo da via;0;1;0;1;1;0;0;0;0;0;0;0;0;(0 0);
356827;2020-02-10 14:21:00;RUA DOM JOAQUIM DE MELO, 240;, ; 240;;;Colisão;Luz do Dia;;;Meio de Quadra;;Longo da via;0;2;0;1;1;0;0;0;0;0;0;0;0;(-38.5469447 -3.73967089);
356826;2020-02-10 14:14:00;RUA STA TEREZINHA DO MEN JES E DA SAG FACE, ;, ; ;;;Queda;Luz do Dia;;;Meio de Quadra;;Longo da via;0;1;0;1;0;0;0;0;0;0;0;0;0;(0 0);
355601;2020-02-10 13:50:00;RD CE-040, ;, ; ;;;Colisão;Luz do Dia;;Seca;Meio de Quadra;;Longo da via;0;2;0;0;2;0;0;0;0;0;0;0;0;(-38.47204254 -3.857690949);
356825;2020-02-10 12:51:00;RUA PRA FRANCISCA ALMEIDA DE SOUSA, 530;, ; 530;;;Queda;Luz do Dia;;;Meio de Quadra;;Longo da via;0;1;0;1;0;0;0;0;0;0;0;0;0;(-38.45539 -3.7522);
356824;2020-02-10 12:42:00;AVENIDA SEN FERNANDES TAVORA, 3281;, ; 3281;;;Queda;Luz do Dia;;;Meio de Quadra;;Longo da via;0;1;0;1;0;0;0;0;0;0;0;0;0;(-38.601696 -3.754492);
355663;2020-02-10 12:15:00;AVENIDA A CJ CEARA, ;RUA VITAL BRASIL, ; ;;;Colisão Transversal;Luz do Dia;Bom;Seca;Meio de Quadra;Pare;Cruzamento;0;2;1;1;1;0;0;0;0;0;0;0;0;(-38.606052 -3.775816);
356883;2020-02-10 12:10:00;RUA OTO DE ALENCAR, 121;, ; 121;;;Atropelamento;Luz do Dia;;;Meio de Quadra;;Longo da via;0;1;1;0;0;0;0;0;0;0;0;0;0;(-38.5401744 -3.72331361);
356822;2020-02-10 11:34:00;RUA JOAQUIM ALBANO, ;RUA DRACON BARRETO, ; ;;;Colisão;Luz do Dia;;;Cruz;Pare;Cruzamento;0;1;0;0;2;0;0;0;0;0;0;0;0;(-38.57899 -3.735122);
356821;2020-02-10 11:29:00;AVENIDA L CJ JOSE WALTER, 561;, ; 561;;;Capotamento;Luz do Dia;;;Meio de Quadra;;Longo da via;0;1;0;0;0;0;0;0;0;0;1;0;0;(-38.55791 -3.8326);
356820;2020-02-10 11:13:00;RUA BERNARDO MANUEL, 12874;, ; 12874;;;Colisão;Luz do Dia;;;Meio de Quadra;;Longo da via;0;1;0;1;1;0;0;0;0;0;0;0;0;(-38.559261 -3.825955);
356819;2020-02-10 10:51:00;AVENIDA DOS JANGADEIROS, 754;, ; 754;;;Colisão;Luz do Dia;;;Meio de Quadra;;Longo da via;0;2;0;2;0;0;0;0;0;0;0;0;0;(-38.4782038 -3.7250245);
355664;2020-02-10 10:40:00;AVENIDA PASTEUR, 206;, ; 206;;;Colisão;Luz do Dia;Bom;Seca;Meio de Quadra;Não Há Controle;Longo da via;0;0;2;0;2;0;0;0;0;0;0;0;0;(-38.557911 -3.7079415);
356882;2020-02-10 08:40:00;RD BR 116, 8000;, ; 8000;;;Colisão;Luz do Dia;;;Meio de Quadra;;Longo da via;0;2;0;0;0;0;0;0;0;0;0;0;0;(-38.503269 -3.822018);
356818;2020-02-10 08:24:00;RUA VENEZA, 861;, ; 861;;;Colisão;Luz do Dia;;;Meio de Quadra;;Longo da via;0;1;0;1;1;0;0;0;0;0;0;0;0;(-38.49273 -3.83635);
355608;2020-02-10 08:20:00;RUA SILVA BAIMA, ;RUA ANTONIO IVO, ; ;;;Colisão Transversal;Luz do Dia;Nublado;Seca;Cruz;Pare;Cruzamento;0;0;2;0;2;0;0;0;0;0;0;0;0;(-38.579692 -3.757168);
356816;2020-02-10 08:07:00;AVENIDA DEP PAULINO ROCHA, 2035;, ; 2035;;;Colisão;Luz do Dia;;;Meio de Quadra;;Longo da via;0;1;0;1;1;0;0;0;0;0;0;0;0;(-38.51481 -3.81136);
356817;2020-02-10 08:07:00;RUA BRAGANCA, 565;, ; 565;;;Queda;Luz do Dia;;;Meio de Quadra;;Longo da via;0;1;0;1;0;0;0;0;0;0;0;0;0;(-38.5961456 -3.77919402);
355925;2020-02-10 07:30:00;RD BR 116, 8000;, ; 8000;;;Colisão Traseira;Luz do Dia;Nublado;Seca;Meio de Quadra;;Longo da via;0;0;3;0;0;0;0;0;0;0;0;0;0;(-38.503269 -3.822018);
356815;2020-02-10 07:26:00;RUA MATOS VASCONCELOS, 1055;, ; 1055;;;Colisão;Luz do Dia;;;Meio de Quadra;;Longo da via;0;1;0;1;1;0;0;0;0;0;0;0;0;(-38.5539617 -3.75505953);
356814;2020-02-10 07:21:00;AVENIDA BENJAMIM BRASIL, 685;, ; 685;;;Atropelamento;Luz do Dia;;;Meio de Quadra;;Longo da via;0;1;1;0;0;0;0;0;0;1;0;0;0;(-38.56668 -3.80493);
356813;2020-02-10 07:14:00;AVENIDA DR THEBERGE, 448;, ; 448;;;Colisão;Luz do Dia;;;Meio de Quadra;;Longo da via;0;1;0;1;1;0;0;0;0;0;0;0;0;(-38.56272 -3.707899);
356811;2020-02-10 07:04:00;AVENIDA GODOFREDO MACIEL, 2220;, ; 2220;;;Colisão;Luz do Dia;;;Meio de Quadra;;Longo da via;0;1;0;1;1;0;0;0;0;0;0;0;0;(-38.56967 -3.79527);
356812;2020-02-10 07:04:00;RUA WAGNER MARINHO, 1185;, ; 1185;;;Colisão;Luz do Dia;;;Meio de Quadra;;Longo da via;0;1;0;0;2;0;0;0;0;0;0;0;0;(-38.57376 -3.83337);
355661;2020-02-10 07:01:00;AVENIDA IMPERADOR, 1347;, ; 1347;;;Colisão;Luz do Dia;Chuva;Molhada;Meio de Quadra;Semáforo;Longo da via;0;1;1;0;2;0;0;0;0;0;0;0;0;(-38.536179 -3.733045);
356810;2020-02-10 06:45:00;AVENIDA OLAVO BILAC, ;, ; ;;;Atropelamento;Luz do Dia;;;Meio de Quadra;;Longo da via;0;1;0;1;0;0;0;0;0;0;0;0;0;(0 0);
356809;2020-02-10 06:36:00;AVENIDA ENG HUMBERTO MONTE, 1645;, ; 1645;;;Queda;Luz do Dia;;;Meio de Quadra;;Longo da via;0;1;0;1;0;0;0;0;0;0;0;0;0;(-38.56286816 -3.746262211);
356807;2020-02-10 04:58:00;AVENIDA PERIMETRAL, 2190;, ; 2190;;;Queda;;;;Meio de Quadra;;Longo da via;0;1;0;1;0;0;0;0;0;0;0;0;0;(0 0);
356880;2020-02-10 02:15:00;RUA PIAUI, ;RUA TIMBAUBA, ; ;;;Colisão;;;;;;Cruzamento;0;2;0;1;1;0;0;0;0;0;0;0;0;(-38.57054 -3.75414);
356806;2020-02-10 01:04:00;AVENIDA JOSE TAVARES, 1710;, ; 1710;;;Colisão;;;;Meio de Quadra;;Longo da via;0;1;0;1;1;0;0;0;0;0;0;0;0;(0 0);
355659;2020-02-10 01:02:00;RUA TEODOMIRO DE CASTRO, ;RUA FRANCISCO CALACA, ; ;;;Colisão;Via Iluminada;Bom;Seca;T;Pare;Cruzamento;0;1;1;0;1;0;0;0;0;0;0;0;0;(-38.57438 -3.717748);
356805;2020-02-10 00:28:00;RUA CARLOS AMORA, ;, ; ;;;Queda;;;;Meio de Quadra;;Longo da via;0;1;0;0;0;0;0;0;0;1;0;0;0;(0 0);
356799;2020-02-09 23:23:00;RUA GUSTAVO BARROSO, 1092;, ; 1092;;;Colisão;;;;Meio de Quadra;;Longo da via;0;1;0;1;1;0;0;0;0;0;0;0;0;(-38.60044 -3.78561);
356798;2020-02-09 23:01:00;RUA GAL ALIPIO DOS SANTOS, 120;, ; 120;;;Colisão;;;;Meio de Quadra;;Longo da via;0;1;0;1;1;0;0;0;0;0;0;0;0;(-38.5864678 -3.7289801);
355660;2020-02-09 22:57:00;RUA PIAUI, ;RUA TIMBAUBA, ; ;;;Colisão Transversal;Via Iluminada;Chuva;Seca;Outros;Não Há Controle;Cruzamento;0;1;0;1;1;0;0;0;0;0;0;0;0;(-38.57054 -3.75414);
356796;2020-02-09 22:35:00;AVENIDA GODOFREDO MACIEL, 364;, ; 364;;;Queda;;;;Meio de Quadra;;Longo da via;0;1;0;0;0;0;0;0;0;1;0;0;0;(-38.564715 -3.779532);
356795;2020-02-09 22:22:00;AVENIDA CONTORNO NORTE D71, 1660;, ; 1660;;;Colisão;;;;Meio de Quadra;;Longo da via;0;1;0;1;1;0;0;0;0;0;0;0;0;(-38.590849 -3.810137);
355658;2020-02-09 22:11:00;AVENIDA DOM LUIS, ;RUA BARBOSA DE FREITAS, ; ;;;Colisão Transversal;Via Iluminada;Bom;Seca;Cruz;Semáforo;Cruzamento;0;2;0;1;1;0;0;0;0;0;0;0;0;(-38.496396 -3.733564);
356794;2020-02-09 22:06:00;RUA CON DE CASTRO, 2648;, ; 2648;;;Colisão;;;;Meio de Quadra;;Longo da via;0;1;0;1;1;0;0;0;0;0;0;0;0;(-38.580437 -3.79258);
356793;2020-02-09 22:02:00;TERM TERMINAL DO ANTONIO BEZERRA, ;, ; ;;;Colisão;;;;Meio de Quadra;;Longo da via;0;1;0;1;1;0;0;0;0;0;0;0;0;(0 0);
355924;2020-02-09 20:55:00;RD BR 116, 12000;, ; 12000;;;Queda;;Bom;Seca;Meio de Quadra;;Longo da via;0;1;1;1;0;0;0;0;0;0;0;0;0;(-38.496066 -3.85574);
355657;2020-02-09 20:42:00;RUA MIN ALBUQUERQUE LIMA, ;RUA 541 B CJ CEARA, ; ;;;Colisão Lateral;Via Iluminada;Bom;Seca;Cruz;Pare;Cruzamento;0;2;0;1;1;0;0;0;0;0;0;0;0;(-38.60028 -3.77065);
356792;2020-02-09 20:12:00;RUA JOSE BUSON, 635;, ; 635;;;Queda;;;;Meio de Quadra;;Longo da via;0;1;0;1;0;0;0;0;0;0;0;0;0;(-38.5115443 -3.76362903);
356791;2020-02-09 19:46:00;AVENIDA FILOMENO GOMES, ;RUA SAO PAULO, ; ;;;Colisão;;;;Cruz;Semáforo;Cruzamento;0;1;0;1;1;0;0;0;0;0;0;0;0;(-38.5412 -3.721539);
356790;2020-02-09 19:15:00;RUA SAO LUCAS, 201;, ; 201;;;Queda;;;;Meio de Quadra;;Longo da via;0;1;0;1;0;0;0;0;0;0;0;0;0;(-38.58431 -3.81877);
356789;2020-02-09 18:11:00;RUA JOSE VILAR, 935;, ; 935;;;Colisão;Anoitecer;;;Meio de Quadra;;Longo da via;0;1;0;1;1;0;0;0;0;0;0;0;0;(-38.50392 -3.73347178);
356788;2020-02-09 18:05:00;RUA EMILIA GONCALVES, 1156;, ; 1156;;;Atropelamento;Anoitecer;;;Meio de Quadra;;Longo da via;0;1;0;0;1;0;0;0;0;0;0;0;0;(-38.592955 -3.732547);
355656;2020-02-09 14:30:00;AVENIDA F CJ JOSE WALTER, ;AVENIDA L CJ JOSE WALTER, ; ;;;Colisão Transversal;Luz do Dia;Nublado;Seca;Rotatória;Dê Preferência;Cruzamento;0;1;1;1;1;0;0;0;0;0;0;0;0;(-38.558805 -3.835328);
356787;2020-02-09 14:15:00;RUA MON HIPOLITO BRASIL, 1340;, ; 1340;;;Queda;Luz do Dia;;;Meio de Quadra;;Longo da via;0;1;0;0;0;0;0;0;0;1;0;0;0;(-38.58054 -3.75799);
356786;2020-02-09 13:40:00;AVENIDA L CJ JOSE WALTER, ;AVENIDA E CJ JOSE WALTER, ; ;;;Colisão;Luz do Dia;;;Cruz;Pare;Cruzamento;0;1;1;1;1;0;0;0;0;0;0;0;0;(-38.5582 -3.83316);
356785;2020-02-09 13:38:00;RUA PEDRO SAMPAIO, 911;, ; 911;;;Atropelamento;Luz do Dia;;;Meio de Quadra;;Longo da via;0;1;0;0;1;0;0;0;0;0;0;0;0;(-38.59754 -3.72349);
356784;2020-02-09 12:45:00;AVENIDA HILDEBRANDO DE MELO, 1520;, ; 1520;;;Colisão;Luz do Dia;;;Meio de Quadra;;Longo da via;0;1;0;2;0;0;0;0;0;0;0;0;0;(-38.58897 -3.72172);
356782;2020-02-09 12:40:00;RUA VALPARAISO, 250;, ; 250;;;Choque c/ Obstáculo Fixo;Luz do Dia;;;Meio de Quadra;;Longo da via;1;1;0;1;0;0;0;0;0;0;0;0;0;(-38.5231455 -3.84597);
356781;2020-02-09 12:22:00;AVENIDA MOZART PINHEIRO DE LUCENA, 2291;, ; 2291;;;Atropelamento;Luz do Dia;;;Meio de Quadra;;Longo da via;0;1;0;0;1;0;0;0;0;0;0;0;0;(-38.597166235 -3.723468922);
356780;2020-02-09 10:46:00;RUA MONTE PASCOAL, 1151;, ; 1151;;;Colisão;Luz do Dia;;;Meio de Quadra;;Longo da via;0;1;0;1;1;0;0;0;0;0;0;0;0;(-38.4831422 -3.7573634);
356773;2020-02-09 08:05:00;AVENIDA C CJ CEARA, 600;, ; 600;;;Colisão;Luz do Dia;;;Meio de Quadra;;Longo da via;0;1;1;1;1;0;0;0;0;0;0;0;0;(-38.6105385 -3.76434);
356772;2020-02-09 06:57:00;AVENIDA PERIMETRAL, 5717;, ; 5717;;;Queda;Luz do Dia;;;Meio de Quadra;;Longo da via;0;1;0;1;0;0;0;0;0;0;0;0;0;(0 0);
356771;2020-02-09 02:13:00;AVENIDA GAL OSORIO DE PAIVA, 7484;, ; 7484;;;Queda;;;;Meio de Quadra;;Longo da via;0;1;0;1;0;0;0;0;0;0;0;0;0;(-38.61473 -3.81751);
356770;2020-02-09 01:49:00;RUA TABULEIRO DO NORTE, 197;, ; 197;;;Queda;;;;Meio de Quadra;;Longo da via;0;1;0;1;0;0;0;0;0;0;0;0;0;(-38.5611161 -3.75928522);
356769;2020-02-09 00:35:00;AVENIDA PRO JOSE ARTHUR CARVALHO, 1250;, ; 1250;;;Colisão;;;;Meio de Quadra;;Longo da via;0;1;0;1;1;0;0;0;0;0;0;0;0;(-38.470341 -3.8269785);
356750;2020-02-09 00:17:00;AVENIDA BEZERRA DE MENEZES, 1334;, ; 1334;;;Atropelamento;;;;Meio de Quadra;;Longo da via;0;1;0;1;0;0;0;0;0;0;0;0;0;(-38.556619 -3.7340417);