COD_ACIDENTE;DATA;LOG1;LOG2;NUMERO;BAIRRO;AMC;NATUREZA;ILUMINACAO;TEMPO;SUPERFICIEPISTA;TIPOCRUZAMENTO;CONTROLETRAFEGO;USOSOLO;MORTOS;FERIDOS;ILESOS;MOTOCICLETA;AUTOMOVEL;MICROONIBUS;CAMINHAO;ONIBUS;CICLOMOTOR;BICICLETA;OUTROS;TREM;TRACAOANIMAL;COORDENADAS
359544;2020-02-08 23:21:00;AVENIDA PRS CASTELO BRANCO, 2998;, ; 2998;;;Colisão;;;;Meio de Quadra;;Longo da via;1;0;0;1;1;0;0;0;0;0;0;0;0;(-38.5557699 -3.71184214);
355599;2020-02-08 23:20:00;AVENIDA SEN CARLOS JEREISSATI (AEROPORTO), ;, ; ;;;Queda;;;Seca;Meio de Quadra;;Longo da via;0;1;0;1;0;0;0;0;0;0;0;0;0;(-38.550907 -3.77402);
356749;2020-02-08 22:53:00;RUA MARANHAO, ;RUA RIO GRANDE DO SUL, ; ;;;Colisão;;;;Cruz;Pare;Cruzamento;0;1;0;1;1;0;0;0;0;0;0;0;0;(-38.565689 -3.755695);
355923;2020-02-08 22:30:00;RD BR 116, ;, ; ;;;Colisão Lateral;;Bom;Seca;Meio de Quadra;;Longo da via;0;0;3;0;2;0;0;0;0;0;0;0;0;(-38.506787 -3.796502);
356736;2020-02-08 21:37:00;AVENIDA MR HULL, ;, ; ;;;Colisão;;;;Meio de Quadra;;Longo da via;0;1;0;1;1;0;0;0;0;0;0;0;0;(0 0);
356735;2020-02-08 21:33:00;AVENIDA DOMINGOS OLIMPIO, 200;, ; 200;;;Atropelamento;;;;Meio de Quadra;;Longo da via;0;1;0;0;1;0;0;0;0;0;0;0;0;(-38.52623 -3.73803);
356734;2020-02-08 21:16:00;RUA ALBANO AMARAL, 354;, ; 354;;;Colisão;;;;Meio de Quadra;;Longo da via;0;1;1;1;0;0;1;0;0;0;0;0;0;(-38.5783669 -3.79817735);
356733;2020-02-08 20:45:00;AVENIDA PRS COSTA E SILVA, 1960;, ; 1960;;;Colisão;;;;Meio de Quadra;;Longo da via;0;1;0;1;1;0;0;0;0;0;0;0;0;(-38.5642115 -3.81830548);
356728;2020-02-08 20:24:00;RUA ANTONIO ARRUDA, 1700;, ; 1700;;;Colisão;;;;Meio de Quadra;;Longo da via;0;2;0;1;1;0;0;0;0;0;0;0;0;(-38.594686 -3.72245943);
355665;2020-02-08 20:02:00;AVENIDA GAL OSORIO DE PAIVA, 5386;, ; 5386;;;Colisão Traseira;Via Iluminada;Bom;Seca;Meio de Quadra;Não Há Controle;Longo da via;0;1;1;0;2;0;0;0;0;0;0;0;0;(-38.602059 -3.804708);
355653;2020-02-08 19:43:00;RUA FRANCISCO MATOS, ;RUA VILEBALDO AGUIAR, ; ;;;Colisão Transversal;Via Iluminada;Bom;Seca;Cruz;Gesto;Cruzamento;0;3;0;1;3;0;0;0;0;0;0;0;0;(-38.46993 -3.74629);
356727;2020-02-08 19:30:00;RUA STA MARIA GORETE, 2778;, ; 2778;;;Colisão;;;;Meio de Quadra;;Longo da via;0;1;0;1;1;0;0;0;0;0;0;0;0;(-38.60299 -3.72797);
356726;2020-02-08 17:43:00;AVENIDA GAL OSORIO DE PAIVA, 3995;, ; 3995;;;Colisão;Anoitecer;;;Meio de Quadra;;Longo da via;0;1;0;1;1;0;0;0;0;0;0;0;0;(-38.5901721 -3.792504267);
356725;2020-02-08 16:35:00;AVENIDA SEN FERNANDES TAVORA, 2433;, ; 2433;;;Colisão;Luz do Dia;;;Meio de Quadra;;Longo da via;0;1;0;2;0;0;0;0;0;0;0;0;0;(-38.593889 -3.755953);
356724;2020-02-08 15:54:00;RUA ANTONIO NERY, ;RUA TEODORO DE CASTRO, ; ;;;Colisão;Luz do Dia;;;Cruz;Pare;Cruzamento;0;1;0;2;0;0;0;0;0;0;0;0;0;(-38.600953 -3.780899);
356723;2020-02-08 15:30:00;RUA FRE MANSUETO, 1472;, ; 1472;;;Colisão;Luz do Dia;;;Meio de Quadra;;Longo da via;0;1;0;1;1;0;0;0;0;0;0;0;0;(-38.4885406 -3.73720228);
356696;2020-02-08 15:24:00;RUA VITORIA (AV. PERIMETRAL), 1491;, ; 1491;;;Colisão;Luz do Dia;;;Meio de Quadra;;Longo da via;0;1;1;1;1;0;0;0;0;0;0;0;0;(-38.5886219 -3.76534373);
355662;2020-02-08 15:20:00;AVENIDA CONTORNO SUL, ;AVENIDA A CJ ESPERANCA, ; ;;;Atropelamento;Luz do Dia;Bom;Seca;Meio de Quadra;Não Há Controle;Cruzamento;0;1;1;0;0;0;0;1;0;0;0;0;0;(-38.59063 -3.81606);
355654;2020-02-08 15:17:00;AVENIDA VIS RIO BRANCO, 1209;, ; 1209;;;Colisão;Luz do Dia;Bom;Seca;Meio de Quadra;Semáforo;Longo da via;0;1;0;1;0;0;0;0;0;0;0;0;0;(-38.5250342 -3.7313916);
356695;2020-02-08 15:16:00;AVENIDA BEZERRA DE MENEZES, ;, ; ;;;Colisão;Luz do Dia;;;Meio de Quadra;;Longo da via;0;1;0;0;0;0;0;0;0;0;1;0;0;(0 0);
356694;2020-02-08 15:04:00;AVENIDA DR SILAS MUNGUBA, 3661;, ; 3661;;;Queda;Luz do Dia;;;Meio de Quadra;;Longo da via;0;1;0;1;0;0;0;0;0;0;0;0;0;(-38.541032412 -3.790136412);
356693;2020-02-08 12:40:00;AVENIDA BAR STUDART, 2988;, ; 2988;;;Colisão;Luz do Dia;;;Meio de Quadra;;Longo da via;0;1;0;1;1;0;0;0;0;0;0;0;0;(-38.5114635 -3.749839);
356692;2020-02-08 12:04:00;RUA DELMIRO FARIAS, 1501;, ; 1501;;;Colisão;Luz do Dia;;;Meio de Quadra;;Longo da via;0;1;0;1;1;0;0;0;0;0;0;0;0;(-38.551292 -3.746867);
356691;2020-02-08 11:51:00;AVENIDA C CJ CEARA, 1065;, ; 1065;;;Colisão;Luz do Dia;;;Meio de Quadra;;Longo da via;0;1;0;0;0;0;0;0;0;0;1;0;0;(-38.6125145 -3.7680815);
356874;2020-02-08 11:47:00;AVENIDA 13 DE MAIO, ;RUA PAULA RODRIGUES, ; ;;;Colisão;Luz do Dia;;;T;Semáforo;Cruzamento;0;2;0;1;1;0;0;0;0;0;0;0;0;(-38.52626 -3.7524834);
356690;2020-02-08 11:41:00;AVENIDA PRS CASTELO BRANCO, ;, ; ;;;Colisão;Luz do Dia;;;Meio de Quadra;;Longo da via;0;1;0;0;0;0;0;0;0;0;1;0;0;(0 0);
355652;2020-02-08 11:17:00;AVENIDA 13 DE MAIO, 497;, ; 497;;;Colisão Traseira;Luz do Dia;Bom;Molhada;Outros;Semáforo;Longo da via;0;1;1;1;1;0;0;0;0;0;0;0;0;(-38.5258 -3.7523756);
356689;2020-02-08 11:11:00;AVENIDA A CJ ESPERANCA, ;AVENIDA F CJ ESPERANCA, ; ;;;Atropelamento;Luz do Dia;;;Cruz;Semáforo;Cruzamento;0;1;1;0;0;0;1;0;0;0;0;0;0;(-38.588326 -3.8177302);
355789;2020-02-08 10:47:00;RUA VINTE QUATRO DE MAIO, 80;, ; 80;;;Queda;Luz do Dia;;;Meio de Quadra;;Longo da via;0;1;0;1;0;0;0;0;0;0;0;0;0;(-38.57391 -3.83671);
355788;2020-02-08 09:55:00;RUA BERNARDO MANUEL, ;AVENIDA PRS COSTA E SILVA, ; ;;;Colisão;Luz do Dia;;;Cruz;Semáforo;Cruzamento;0;1;0;1;1;0;0;0;0;0;0;0;0;(-38.558276 -3.821079);
355787;2020-02-08 09:23:00;RUA RIO GRANDE DO NORTE, ;RUA MINAS GERAIS, ; ;;;Queda;Luz do Dia;;;Cruz;Pare;Cruzamento;0;1;0;1;0;0;0;0;0;0;0;0;0;(-38.5668 -3.75911);
355786;2020-02-08 08:57:00;RUA 8 DE JUNHO UI 601, 431;, ; 431;;;Atropelamento;Luz do Dia;;;Meio de Quadra;;Longo da via;0;1;0;0;1;0;0;0;0;0;0;0;0;(-38.58005 -3.75119);
355785;2020-02-08 08:15:00;AVENIDA ENG HUMBERTO MONTE, ;, ; ;;;Queda;Luz do Dia;;;Meio de Quadra;;Longo da via;0;1;0;1;0;0;0;0;0;0;0;0;0;(0 0);
355784;2020-02-08 08:05:00;AVENIDA SGT HERMINIO SAMPAIO, 1122;, ; 1122;;;Queda;Luz do Dia;;;Meio de Quadra;;Longo da via;0;1;0;1;0;0;0;0;0;0;0;0;0;(-38.55060546 -3.724652808);
355783;2020-02-08 07:03:00;AVENIDA DR SILAS MUNGUBA, ;, ; ;;;Colisão;Luz do Dia;;;Meio de Quadra;;Longo da via;0;1;0;0;2;0;0;0;0;0;0;0;0;(0 0);
355607;2020-02-08 07:00:00;AVENIDA DEP PAULINO ROCHA, ;AVENIDA ALBERTO CRAVEIRO, ; ;;;Colisão Frontal;Luz do Dia;Nublado;Molhada;Rotatória;Outros;Cruzamento;0;0;2;0;2;0;0;0;0;0;0;0;0;(-38.524782 -3.807229);
356872;2020-02-08 05:40:00;RUA ALAN KARDEC, ;, ; ;;;Colisão;Amanhecer;;;Meio de Quadra;;Longo da via;0;1;0;0;1;0;0;0;0;0;0;0;0;(0 0);
355922;2020-02-08 05:30:00;RD BR 116, 5000;, ; 5000;;;Choque c/ Obstáculo Fixo;Amanhecer;Chuva;Molhada;Meio de Quadra;;Longo da via;0;0;1;0;1;0;0;0;0;0;0;0;0;(-38.506787 -3.796502);
355782;2020-02-08 04:34:00;RUA CON DE CASTRO, 9463;, ; 9463;;;Queda;;;;Meio de Quadra;;Longo da via;0;1;0;1;0;0;0;0;0;0;0;0;0;(0 0);
355562;2020-02-08 04:30:00;RUA ALBERTO MAGNO, ;RUA ALAN KARDEC, ; ;;;Colisão Transversal;Amanhecer;Outros;Outros;Cruz;Pare;Cruzamento;0;2;0;0;2;0;0;0;0;0;0;0;0;(-38.549918 -3.764796);
355651;2020-02-08 03:04:00;AVENIDA GOV PARSIFAL BARROSO, ;, ; ;;;Choque c/ Obstáculo Fixo;Via Iluminada;Bom;Seca;Meio de Quadra;Não Há Controle;Longo da via;0;1;0;0;1;0;0;0;0;0;0;0;0;(-38.56902 -3.735738);
355655;2020-02-08 01:12:00;AVENIDA PRS CASTELO BRANCO, 2989;, ; 2989;;;Colisão;Via Iluminada;Bom;Seca;Outros;Não Há Controle;Longo da via;0;2;0;1;1;0;0;0;0;0;0;0;0;(-38.5559047 -3.711822);
355781;2020-02-08 01:02:00;RUA NOVA FORTALEZA (MONDUBIM), 277;, ; 277;;;Queda;;;;Meio de Quadra;;Longo da via;0;2;0;1;0;0;0;0;0;0;0;0;0;(-38.5694134 -3.8406719);
355780;2020-02-08 00:29:00;RUA RODRIGUES ANDRADE, 362;, ; 362;;;Queda;;;;Meio de Quadra;;Longo da via;0;1;0;1;0;0;0;0;0;0;0;0;0;(-38.5638113 -3.763197);
355779;2020-02-08 00:23:00;AVENIDA LINEU MACHADO, 1140;, ; 1140;;;Colisão;;;;Meio de Quadra;;Longo da via;0;1;0;1;1;0;0;0;0;0;0;0;0;(-38.5788763 -3.76964964);
356688;2020-02-07 23:35:00;AVENIDA PRS CASTELO BRANCO, ;AVENIDA DR THEBERGE, ; ;;;Colisão;;;;Cruz;Semáforo;Cruzamento;0;2;0;1;1;0;0;0;0;0;0;0;0;(-38.563456 -3.710079);
356687;2020-02-07 23:06:00;AVENIDA ANTONIO SALES, 2435;, ; 2435;;;Colisão;;;;Meio de Quadra;;Longo da via;0;1;0;1;1;0;0;0;0;0;0;0;0;(-38.502213 -3.7455807);
356686;2020-02-07 22:37:00;RUA CON DE CASTRO, 3006;, ; 3006;;;Colisão;;;;Meio de Quadra;;Longo da via;0;1;0;1;1;0;0;0;0;0;0;0;0;(-38.5828049 -3.79514416);
356685;2020-02-07 22:16:00;AVENIDA WASHINGTON SOARES, ;, ; ;;;Atropelamento;;;;Meio de Quadra;;Longo da via;0;1;0;0;1;0;0;0;0;0;0;0;0;(0 0);
356684;2020-02-07 22:01:00;RUA DOM HENRIQUE, 365;, ; 365;;;Colisão;;;;Meio de Quadra;;Longo da via;0;1;0;1;1;0;0;0;0;0;0;0;0;(-38.580887 -3.788134);
356683;2020-02-07 21:13:00;RUA MONTE LIBANO, 586;, ; 586;;;Colisão;;;;Meio de Quadra;;Longo da via;0;2;1;0;2;0;0;0;0;0;0;0;0;(-38.5623565 -3.82525316);
356682;2020-02-07 20:50:00;RUA FRE MARCELINO, 1776;, ; 1776;;;Colisão;;;;Meio de Quadra;;Longo da via;0;1;0;1;1;0;0;0;0;0;0;0;0;(-38.558169 -3.750088);
356681;2020-02-07 18:45:00;RUA MON CARNEIRO DA CUNHA, 39;, ; 39;;;Colisão;;;;Meio de Quadra;;Longo da via;0;1;0;1;1;0;0;0;0;0;0;0;0;(-38.5043707 -3.7721054);
355561;2020-02-07 18:00:00;RUA JOR NERTAM MACEDO, 309;, ; 309;;;Outros;Via Iluminada;Bom;Seca;Meio de Quadra;Pare;Longo da via;0;0;1;0;1;0;0;0;0;0;0;0;0;(-38.4767749 -3.75014888);
356871;2020-02-07 17:50:00;AVENIDA OLIVEIRA PAIVA, ;, ; ;;;Colisão;Anoitecer;;;Meio de Quadra;;Longo da via;0;2;0;1;1;0;0;0;0;0;0;0;0;(0 0);
356680;2020-02-07 17:32:00;RUA OSCAR ARARIPE, ;RUA FRANCISCO PAIVA, ; ;;;Colisão;Anoitecer;;;Cruz;Pare;Cruzamento;0;1;0;1;1;0;0;0;0;0;0;0;0;(-38.612966 -3.786795);
356679;2020-02-07 17:29:00;RUA GERALDO BARBOSA, 770;, ; 770;;;Colisão;Anoitecer;;;Meio de Quadra;;Longo da via;0;1;0;1;1;0;0;0;0;0;0;0;0;(-38.5992785 -3.79278847);
356678;2020-02-07 17:05:00;RUA 41 CJ JOSE WALTER, ;AVENIDA C CJ JOSE WALTER, ; ;;;Colisão;Anoitecer;;;Cruz;Pare;Cruzamento;0;2;0;1;1;0;0;0;0;0;0;0;0;(-38.557167 -3.828279);
356677;2020-02-07 16:20:00;RUA SOBREIRA FILHO, 374;, ; 374;;;Queda;Luz do Dia;;;Meio de Quadra;;Longo da via;0;1;0;0;0;0;0;0;0;1;0;0;0;(-38.5826679 -3.77928753);
356676;2020-02-07 16:19:00;AVENIDA DOS JANGADEIROS, 960;, ; 960;;;Colisão;Luz do Dia;;;Meio de Quadra;;Longo da via;0;2;0;1;1;0;0;0;0;0;0;0;0;(-38.47881 -3.72588);
356675;2020-02-07 16:01:00;AVENIDA GAL OSORIO DE PAIVA, ;RUA LEAO DO NORTE, ; ;;;Colisão;Luz do Dia;;;Outros;Outros;Cruzamento;0;1;0;1;1;0;0;0;0;0;0;0;0;(-38.57823 -3.78314);
356509;2020-02-07 14:32:00;RUA TULIPA, ;RUA SAO BERNARDO, ; ;;;Colisão;Luz do Dia;;;T;Outros;Cruzamento;0;1;0;1;1;0;0;0;0;0;0;0;0;(-38.578675 -3.712139);
356508;2020-02-07 14:22:00;RUA GUILHERME PESSOA, 870;, ; 870;;;Colisão;Luz do Dia;;;Meio de Quadra;;Longo da via;0;1;0;2;0;0;0;0;0;0;0;0;0;(-38.4878125 -3.82711922);
355598;2020-02-07 12:15:00;RD CE-040, 8808;, ; 8808;;;Colisão;Luz do Dia;;Seca;Meio de Quadra;;Longo da via;0;3;0;1;2;0;0;0;0;0;0;0;0;(-38.48153832 -3.825515822);
356507;2020-02-07 12:02:00;RUA MARCONDES PEREIRA, 1460;, ; 1460;;;Colisão;Luz do Dia;;;Meio de Quadra;;Longo da via;0;1;0;1;1;0;0;0;0;0;0;0;0;(-38.5045418 -3.75021221);
355597;2020-02-07 12:00:00;RD CE-040, ;, ; ;;;Colisão;Luz do Dia;;Seca;Meio de Quadra;;Longo da via;0;2;0;0;2;0;0;0;0;0;0;0;0;(-38.48033084 -3.791613156);
355553;2020-02-07 10:51:00;RUA PEREIRA FILGUEIRAS, ;RUA DNA LEOPOLDINA, ; ;;;Colisão Lateral;Luz do Dia;Bom;Molhada;Cruz;Pare;Cruzamento;0;0;2;0;1;0;0;1;0;0;0;0;0;(-38.518167 -3.726647);
356506;2020-02-07 10:47:00;AVENIDA JOR THOMAZ COELHO, 1850;, ; 1850;;;Queda;Luz do Dia;;;Meio de Quadra;;Longo da via;0;1;0;0;0;0;0;0;0;1;0;0;0;(-38.511181 -3.829318);
356505;2020-02-07 10:33:00;RUA SOLON PINHEIRO, 1070;, ; 1070;;;Colisão;Luz do Dia;;;Meio de Quadra;;Longo da via;0;1;0;1;1;0;0;0;0;0;0;0;0;(-38.506924 -3.7357206);
355649;2020-02-07 09:24:00;AVENIDA SANTOS DUMONT, ;RUA BARBOSA DE FREITAS, ; ;;;Colisão Transversal;Luz do Dia;Bom;Seca;Cruz;Semáforo;Cruzamento;0;1;0;1;1;0;0;0;0;0;0;0;0;(-38.497363 -3.736551);
355595;2020-02-07 09:00:00;RD CE-040, ;, ; ;;;Colisão;Luz do Dia;;Seca;Meio de Quadra;;Longo da via;0;2;0;0;1;1;0;0;0;0;0;0;0;(-38.47953463 -3.800595823);
355648;2020-02-07 08:42:00;AVENIDA JOSE BASTOS, 3390;, ; 3390;;;Não informado;Luz do Dia;Bom;Seca;Meio de Quadra;Não Há Controle;Longo da via;0;1;0;0;1;0;0;0;0;0;0;0;0;(-38.5487826 -3.7482325);
356504;2020-02-07 08:17:00;RUA STA ROSA D20/21 (JACARECANGA), 493;, ; 493;;;Colisão;Luz do Dia;;;Meio de Quadra;;Longo da via;0;1;1;1;0;0;0;0;0;1;0;0;0;(-38.55341 -3.71363083);
356503;2020-02-07 07:25:00;RUA CURITIBA, ;RUA ARACAJU, ; ;;;Colisão;Luz do Dia;;;Cruz;Pare;Cruzamento;0;2;1;1;1;0;0;0;0;0;0;0;0;(-38.58685 -3.7584);
355646;2020-02-07 07:17:00;AVENIDA GAL MURILO BORGES, ;, ; ;;;Colisão Traseira;Luz do Dia;Bom;Seca;Meio de Quadra;Não Há Controle;Longo da via;0;3;0;0;2;0;0;0;0;1;0;0;0;(0 0);
355647;2020-02-07 07:00:00;RUA TEN BENEVOLO, ;RUA CARLOS VASCONCELOS, ; ;;;Colisão Transversal;Luz do Dia;Bom;Seca;Cruz;Semáforo;Cruzamento;0;2;1;0;2;0;0;0;0;0;0;0;0;(-38.509174 -3.727989);
356501;2020-02-07 06:42:00;AVENIDA GAL MURILO BORGES, ;, ; ;;;Atropelamento;Luz do Dia;;;Meio de Quadra;;Longo da via;0;1;1;0;1;0;0;0;0;0;0;0;0;(0 0);
356495;2020-02-06 23:25:00;RUA BANVAR BEZERRA, ;, ; ;;;Colisão;;;;Meio de Quadra;;Longo da via;0;1;1;1;1;0;0;0;0;0;0;0;0;(0 0);
356494;2020-02-06 23:13:00;RUA PARANA, 739;, ; 739;;;Colisão;;;;Meio de Quadra;;Longo da via;0;1;0;2;0;0;0;0;0;0;0;0;0;(-38.5682386 -3.7570778);
356492;2020-02-06 22:48:00;AVENIDA GAL OSORIO DE PAIVA, ;, ; ;;;Queda;;;;Meio de Quadra;;Longo da via;0;1;0;1;0;0;0;0;0;0;0;0;0;(0 0);
356488;2020-02-06 21:50:00;RUA LUIZ AZEVEDO, 468;, ; 468;;;Colisão;;;;Meio de Quadra;;Longo da via;0;1;0;1;1;0;0;0;0;0;0;0;0;(-38.47745 -3.73513);
355644;2020-02-06 21:00:00;AVENIDA DR THEBERGE, 638;, ; 638;;;Colisão Lateral;Via Iluminada;Bom;Seca;Meio de Quadra;Semáforo;Longo da via;0;0;2;0;2;0;0;0;0;0;0;0;0;(-38.563181432 -3.709275838);
356487;2020-02-06 20:22:00;AVENIDA PERIMETRAL, 2000;, ; 2000;;;Colisão;;;;Meio de Quadra;;Longo da via;0;1;0;1;1;0;0;0;0;0;0;0;0;(0 0);
355642;2020-02-06 19:27:00;AVENIDA AGUANAMBI, 1733;, ; 1733;;;Colisão Lateral;Anoitecer;Bom;Seca;Meio de Quadra;Não Há Controle;Longo da via;0;1;2;1;1;0;0;1;0;0;0;0;0;(-38.523567 -3.7524998);
356483;2020-02-06 19:19:00;AVENIDA WASHINGTON SOARES, 405;, ; 405;;;Colisão;;;;Meio de Quadra;;Longo da via;0;1;0;0;0;0;0;0;0;0;1;0;0;(-38.487459 -3.757966);
356476;2020-02-06 18:51:00;RUA BERNARDO MANUEL, 9195;, ; 9195;;;Colisão;;;;Meio de Quadra;;Longo da via;0;1;0;1;1;0;0;0;0;0;0;0;0;(-38.5518604 -3.80016187);
356470;2020-02-06 18:33:00;RUA ANTONIO BARBOSA, ;RUA ANTONIO PEREIRA, ; ;;;Colisão;;;;Cruz;Não Há Controle;Cruzamento;0;2;0;2;0;0;0;0;0;0;0;0;0;(-38.565289 -3.832952);
356467;2020-02-06 17:02:00;AVENIDA EDILSON B SOARES, 1471;, ; 1471;;;Atropelamento;Anoitecer;;;Meio de Quadra;;Longo da via;0;1;1;0;1;0;0;0;0;0;0;0;0;(-38.472805 -3.788781);
356463;2020-02-06 16:47:00;AVENIDA PRUDENTE BRASIL, 529;, ; 529;;;Colisão;Luz do Dia;;;Meio de Quadra;;Longo da via;0;1;0;1;1;0;0;0;0;0;0;0;0;(-38.5335375 -3.80704027);
355548;2020-02-06 16:40:00;AVENIDA CEL CARVALHO, 2421;, ; 2421;;;Atropelamento;Luz do Dia;Bom;Seca;Meio de Quadra;Semáforo;Longo da via;1;1;1;0;0;0;0;1;0;0;0;0;0;(-38.586255 -3.723796);
355650;2020-02-06 16:33:00;AVENIDA 13 DE MAIO, 2081;, ; 2081;;;Colisão Lateral;Luz do Dia;Bom;Seca;Meio de Quadra;Semáforo;Longo da via;0;0;2;0;1;0;0;1;0;0;0;0;0;(-38.535383 -3.744162);
356456;2020-02-06 16:26:00;RUA COSTA ARAUJO, ;RUA BAR ARATANHA, ; ;;;Colisão;Luz do Dia;;;Cruz;Pare;Cruzamento;0;1;0;1;1;0;0;0;0;0;0;0;0;(-38.531099 -3.746946);
356455;2020-02-06 16:08:00;AVENIDA 13 DE MAIO, ;AVENIDA DOS EXPEDICIONARIOS, ; ;;;Colisão;Luz do Dia;;;;;Cruzamento;0;1;1;0;1;0;0;1;0;0;0;0;0;(-38.534947 -3.7444587);
356454;2020-02-06 15:54:00;AVENIDA GAL OSORIO DE PAIVA, 1127;, ; 1127;;;Queda;Luz do Dia;;;Meio de Quadra;;Longo da via;0;1;1;1;0;0;0;0;0;0;0;0;0;(-38.57207319 -3.779145525);
356453;2020-02-06 15:53:00;AVENIDA DA INDEPENDENCIA, 2445;, ; 2445;;;Atropelamento;Luz do Dia;;;Meio de Quadra;;Longo da via;0;1;1;1;0;0;0;0;0;0;0;0;0;(-38.601931 -3.723683);
355640;2020-02-06 15:10:00;RUA JULIO IBIAPINA, 233;, ; 233;;;Colisão Traseira;Luz do Dia;Bom;Seca;Meio de Quadra;Pare;Longo da via;0;1;1;1;1;0;0;0;0;0;0;0;0;(-38.491155 -3.727527);
356452;2020-02-06 14:21:00;AVENIDA SEN VIRGILIO TAVORA, 10;, ; 10;;;Colisão;Luz do Dia;;;Meio de Quadra;;Longo da via;0;1;0;1;0;0;1;0;0;0;0;0;0;(-38.49577 -3.74502);
356451;2020-02-06 13:58:00;RUA CON DE CASTRO, 399;, ; 399;;;Atropelamento;Luz do Dia;;;Meio de Quadra;;Longo da via;0;1;0;1;0;0;0;0;0;0;0;0;0;(-38.5666201 -3.77753983);
355641;2020-02-06 13:30:00;AVENIDA DOS EXPEDICIONARIOS, ;RUA ARMANDO MONTEIRO, ; ;;;Colisão Lateral;Luz do Dia;Bom;Seca;Cruz;Pare;Cruzamento;0;1;2;1;2;0;0;0;0;0;0;0;0;(-38.540372 -3.76223);
355639;2020-02-06 13:05:00;RUA WALDIR DIOGO, 700;, ; 700;;;Colisão Lateral;Luz do Dia;Bom;Seca;Meio de Quadra;Não Há Controle;Longo da via;0;1;1;1;1;0;0;0;0;0;0;0;0;(-38.5841501 -3.805156443);
356421;2020-02-06 12:40:00;AVENIDA GODOFREDO MACIEL, 3181;, ; 3181;;;Colisão;Luz do Dia;;;Meio de Quadra;;Longo da via;0;1;0;1;1;0;0;0;0;0;0;0;0;(-38.57204 -3.803264);
355551;2020-02-06 12:30:00;AVENIDA BEZERRA DE MENEZES, 1198;, ; 1198;;;Colisão;Luz do Dia;Chuva;Molhada;Meio de Quadra;Não Há Controle;Longo da via;0;1;1;1;1;0;0;0;0;0;0;0;0;(-38.5555822 -3.73383174);
356450;2020-02-06 12:07:00;RUA MOZART ANSELMO (D65), 111;, ; 111;;;Queda;Luz do Dia;;;Meio de Quadra;;Longo da via;0;1;0;1;0;0;0;0;0;0;0;0;0;(-38.48282 -3.84966);
356420;2020-02-06 11:42:00;AVENIDA JOAO PESSOA, 4961;, ; 4961;;;Colisão;Luz do Dia;;;Meio de Quadra;;Longo da via;1;0;1;2;0;0;0;0;0;0;0;0;0;(-38.55221 -3.75553);
356419;2020-02-06 11:37:00;AVENIDA PRS CASTELO BRANCO, 2667;, ; 2667;;;Queda;Luz do Dia;;;Meio de Quadra;;Longo da via;0;1;0;1;0;0;0;0;0;0;0;0;0;(-38.5516863 -3.71279448);
356418;2020-02-06 11:33:00;RUA JOSE MENDONCA, 935;, ; 935;;;Colisão;Luz do Dia;;;Meio de Quadra;;Longo da via;0;1;0;2;0;0;0;0;0;0;0;0;0;(-38.601848562 -3.755298697);
356417;2020-02-06 11:14:00;AVENIDA ZEZE DIOGO, ;, ; ;;;Colisão;Luz do Dia;;;Meio de Quadra;;Longo da via;0;1;0;1;1;0;0;0;0;0;0;0;0;(0 0);
356416;2020-02-06 10:10:00;RUA STA CATARINA (BELA VISTA / PAN AMERICANO), 992;, ; 992;;;Colisão;Luz do Dia;;;Meio de Quadra;;Longo da via;0;1;1;1;0;0;0;0;0;1;0;0;0;(-38.5661793 -3.75514655);
356415;2020-02-06 08:37:00;AVENIDA JOSE BASTOS, ;, ; ;;;Queda;Luz do Dia;;;Meio de Quadra;;Longo da via;0;1;0;1;0;0;0;0;0;0;0;0;0;(0 0);
356386;2020-02-06 08:36:00;RUA CEL DIONISIO ALENCAR, 2103;, ; 2103;;;Atropelamento;Luz do Dia;;;Meio de Quadra;;Longo da via;0;1;0;0;1;0;0;0;0;0;0;0;0;(0 0);
355546;2020-02-06 08:30:00;AVENIDA BEZERRA DE MENEZES, 2216;, ; 2216;;;Colisão Lateral;Luz do Dia;Nublado;Molhada;Meio de Quadra;Semáforo;Longo da via;1;0;1;1;0;0;1;0;0;0;0;0;0;(-38.5643832 -3.73565289);
355589;2020-02-06 08:00:00;RD CE-040, 85;, ; 85;;;Colisão;Luz do Dia;;Seca;Meio de Quadra;;Longo da via;0;2;0;1;1;0;0;0;0;0;0;0;0;(-38.48033084 -3.791613156);
356385;2020-02-06 07:55:00;RD BR 116, 13000;, ; 13000;;;Colisão;Luz do Dia;;;Meio de Quadra;;Longo da via;0;1;0;1;1;0;0;0;0;0;0;0;0;(-38.497727 -3.86467);
356384;2020-02-06 07:55:00;RUA VICENTE LEITE, ;AVENIDA ANTONIO SALES, ; ;;;Colisão;Luz do Dia;;;Cruz;Pare;Cruzamento;0;1;0;1;1;0;0;0;0;0;0;0;0;(-38.498468 -3.746656);
356383;2020-02-06 07:22:00;RUA CEL MATOS DOURADO, 500;, ; 500;;;Colisão;Luz do Dia;;;Meio de Quadra;;Longo da via;0;1;0;1;1;0;0;0;0;0;0;0;0;(-38.58519 -3.74359);