COD_ACIDENTE;DATA;LOG1;LOG2;NUMERO;BAIRRO;AMC;NATUREZA;ILUMINACAO;TEMPO;SUPERFICIEPISTA;TIPOCRUZAMENTO;CONTROLETRAFEGO;USOSOLO;MORTOS;FERIDOS;ILESOS;MOTOCICLETA;AUTOMOVEL;MICROONIBUS;CAMINHAO;ONIBUS;CICLOMOTOR;BICICLETA;OUTROS;TREM;TRACAOANIMAL;COORDENADAS
356382;2020-02-06 06:58:00;RUA JOSE FACANHA, 692;, ; 692;;;Queda;Luz do Dia;;;Meio de Quadra;;Longo da via;0;1;0;1;0;0;0;0;0;0;0;0;0;(-38.5573958 -3.752019);
356346;2020-02-06 06:48:00;RUA JOSE MENDONCA, ;RUA NOSSA SRA APARECIDA, ; ;;;Atropelamento;Luz do Dia;;;Cruz;Pare;Cruzamento;0;1;0;1;0;0;0;0;0;0;0;0;0;(-38.602332 -3.757921);
356345;2020-02-06 06:03:00;AVENIDA PERIMETRAL, 3602;, ; 3602;;;Colisão;Luz do Dia;;;Meio de Quadra;;Longo da via;0;2;0;1;0;0;0;0;0;0;0;0;0;(0 0);
356343;2020-02-05 20:11:00;RUA DOM XISTO ALBANO, 2210;, ; 2210;;;Queda;;;;Meio de Quadra;;Longo da via;0;1;0;1;0;0;0;0;0;0;0;0;0;(-38.5890381 -3.80071792);
355638;2020-02-05 19:34:00;AVENIDA GAL OSORIO DE PAIVA, 5899;, ; 5899;;;Atropelamento;Via Iluminada;Nublado;Seca;Meio de Quadra;;Longo da via;0;1;1;1;0;0;0;0;0;0;0;0;0;(-38.605249 -3.808013);
356340;2020-02-05 19:28:00;RUA PORFIRIO SAMPAIO, 2258;, ; 2258;;;Atropelamento;;;;Meio de Quadra;;Longo da via;0;1;1;1;0;0;0;0;0;0;0;0;0;(-38.5524117 -3.74024508);
355584;2020-02-05 18:55:00;AVENIDA ENG SANTANA JUNIOR, 1;, ; 1;;;Colisão;;;Outros;Meio de Quadra;;Longo da via;0;2;0;0;2;0;0;0;0;0;0;0;0;(-38.488415 -3.7443256);
356339;2020-02-05 18:11:00;RUA EDITE BRAGA, ;RUA PRO TEODORICO, ; ;;;Colisão;Anoitecer;;;Cruz;Pare;Cruzamento;0;1;0;1;1;0;0;0;0;0;0;0;0;(-38.553772 -3.768643);
356335;2020-02-05 17:40:00;AVENIDA AUGUSTO DOS ANJOS, 644;, ; 644;;;Queda;Anoitecer;;;Meio de Quadra;;Longo da via;0;1;0;1;0;0;0;0;0;0;0;0;0;(-38.57367915 -3.773991926);
356337;2020-02-05 17:40:00;RUA MACEIO, ;RUA MON HIPOLITO BRASIL, ; ;;;Colisão;Anoitecer;;;;;Cruzamento;0;1;0;2;0;0;0;0;0;0;0;0;0;(-38.586016 -3.755063);
355580;2020-02-05 17:08:00;AVENIDA SEN CARLOS JEREISSATI (AEROPORTO), 1;, ; 1;;;Colisão;Anoitecer;;Outros;Meio de Quadra;;Longo da via;0;2;0;0;1;0;0;0;0;0;0;0;0;(-38.540424 -3.778928);
356334;2020-02-05 16:23:00;AVENIDA N CJ JOSE WALTER, 1475;, ; 1475;;;Colisão;Luz do Dia;;;Meio de Quadra;;Longo da via;0;1;1;1;0;0;0;0;0;1;0;0;0;(-38.4921449 -3.7756002);
356333;2020-02-05 13:06:00;RUA DEMETRIO MENEZES, 3625;, ; 3625;;;Queda;Luz do Dia;;;Meio de Quadra;;Longo da via;0;1;0;1;0;0;0;0;0;0;0;0;0;(-38.584159 -3.735205);
356332;2020-02-05 12:48:00;RUA MARIA JOSE TEIXEIRA, 302;, ; 302;;;Queda;Luz do Dia;;;Meio de Quadra;;Longo da via;0;1;0;1;0;0;0;0;0;0;0;0;0;(-38.5936515 -3.72735325);
355578;2020-02-05 12:30:00;AVENIDA SEN CARLOS JEREISSATI (AEROPORTO), ;, ; ;;;Colisão;Luz do Dia;;Seca;Meio de Quadra;;Longo da via;0;2;0;0;2;0;0;0;0;0;0;0;0;(-38.544038 -3.779641);
356331;2020-02-05 12:05:00;RUA JOAQUIM NABUCO, ;AVENIDA SANTOS DUMONT, ; ;;;Queda;Luz do Dia;;;Cruz;Semáforo;Cruzamento;0;1;0;1;0;0;0;0;0;0;0;0;0;(-38.501285 -3.735295);
356330;2020-02-05 12:04:00;AVENIDA BAR STUDART, 410;, ; 410;;;Colisão;Luz do Dia;;;Meio de Quadra;;Longo da via;0;1;0;1;1;0;0;0;0;0;0;0;0;(-38.504238 -3.727254);
355579;2020-02-05 11:40:00;AVENIDA MIN JOSE AMERICO, 2;, ; 2;;;Colisão;Luz do Dia;;Seca;Meio de Quadra;;Longo da via;0;3;0;0;3;0;0;0;0;0;0;0;0;(-38.49932 -3.81291);
356329;2020-02-05 08:13:00;AVENIDA DR SILAS MUNGUBA, 1409;, ; 1409;;;Colisão;Luz do Dia;;;Meio de Quadra;;Longo da via;0;1;0;1;1;0;0;0;0;0;0;0;0;(-38.55391 -3.78395);
356328;2020-02-05 07:33:00;RUA PRA HELOISA F LIMA, 640;, ; 640;;;Colisão;Luz do Dia;;;Meio de Quadra;;Longo da via;0;1;0;2;0;0;0;0;0;0;0;0;0;(-38.4997282 -3.7958217);
356327;2020-02-05 07:27:00;RUA ULISSES BEZERRA, ;, ; ;;;Colisão;Luz do Dia;;;Meio de Quadra;;Longo da via;0;1;0;1;1;0;0;0;0;0;0;0;0;(0 0);
356326;2020-02-05 06:48:00;AVENIDA ROGACIANO LEITE, 1020;, ; 1020;;;Colisão;Luz do Dia;;;Meio de Quadra;;Longo da via;0;1;0;1;1;0;0;0;0;0;0;0;0;(-38.496414 -3.7663147);
356325;2020-02-05 06:48:00;RD BR 222, ;, ; ;;;Colisão;Luz do Dia;;;Meio de Quadra;;Longo da via;0;1;0;2;0;0;0;0;0;0;0;0;0;(0 0);
355645;2020-02-05 02:20:00;RUA TRES MARIAS, ;RUA ANTONIO FIUZA, ; ;;;Colisão;Via Iluminada;Chuva;Molhada;Meio de Quadra;Semáforo;Cruzamento;0;2;0;2;0;0;0;0;0;0;0;0;0;(-38.55259 -3.77116);
356324;2020-02-04 21:50:00;RUA JACI, 777;, ; 777;;;Colisão;;;;Meio de Quadra;;Longo da via;0;1;0;2;0;0;0;0;0;0;0;0;0;(-38.58519 -3.71376);
355538;2020-02-04 21:20:00;RUA SILVA PAULET, ;RUA TEN BENEVOLO, ; ;;;Choque c/ Obstáculo Fixo;Via Iluminada;Nublado;Seca;Cruz;Pare;Cruzamento;0;0;1;0;0;0;0;0;0;0;1;0;0;(-38.503888 -3.729724);
355636;2020-02-04 20:08:00;AVENIDA DR SILAS MUNGUBA, ;AVENIDA PRS JUSCELINO KUBITSCHEK (PASSARÉ), ; ;;;Colisão Transversal;Via Iluminada;Chuva;Molhada;Rotatória;Dê Preferência;Cruzamento;0;1;1;1;1;0;0;0;0;0;0;0;0;(-38.52933 -3.80213);
356322;2020-02-04 19:32:00;RUA ESV PINHEIRO, ;RUA PAULO FIRMEZA, ; ;;;Colisão;;;;Cruz;Pare;Cruzamento;0;1;0;1;1;0;0;0;0;0;0;0;0;(-38.50786 -3.756694);
356321;2020-02-04 18:42:00;RD BR 222, ;, ; ;;;Colisão;;;;Meio de Quadra;;Longo da via;0;1;0;1;0;0;1;0;0;0;0;0;0;(0 0);
356320;2020-02-04 18:20:00;AVENIDA LEITE BARBOSA, ;, ; ;;;Queda;Anoitecer;;;Meio de Quadra;;Longo da via;0;1;0;1;0;0;0;0;0;0;0;0;0;(0 0);
355637;2020-02-04 18:00:00;AVENIDA AUGUSTO DOS ANJOS, 1659;, ; 1659;;;Colisão Lateral;Via Iluminada;Chuva;Molhada;Meio de Quadra;Não Há Controle;Longo da via;0;1;0;0;2;0;0;0;0;0;0;0;0;(-38.579816 -3.780923);
356319;2020-02-04 17:09:00;AVENIDA PRO JOSE ARTHUR CARVALHO, 8092;, ; 8092;;;Colisão;Anoitecer;;;Meio de Quadra;;Longo da via;0;1;0;2;0;0;0;0;0;0;0;0;0;(0 0);
355635;2020-02-04 16:57:00;RUA MELO DE OLIVEIRA, ;ESTRADA PICI, ; ;;;Choque c/ Obstáculo Fixo;Luz do Dia;Bom;Seca;Outros;Não Há Controle;Cruzamento;0;1;1;0;1;0;0;0;0;0;0;0;0;(-38.57633 -3.76889);
355634;2020-02-04 14:20:00;RUA BAR SOBRAL, 174;, ; 174;;;Não informado;Luz do Dia;Chuva;Molhada;Meio de Quadra;Não Há Controle;Longo da via;0;0;1;1;1;0;0;0;0;0;0;0;0;(-38.55155 -3.76846);
356317;2020-02-04 13:07:00;RUA SOBRAL D03, 68;, ; 68;;;Colisão;Luz do Dia;;;Meio de Quadra;;Longo da via;0;1;0;1;1;0;0;0;0;0;0;0;0;(-38.5241715 -3.725234);
356316;2020-02-04 11:34:00;AVENIDA GAL OSORIO DE PAIVA, 2053;, ; 2053;;;Colisão;Luz do Dia;;;Meio de Quadra;;Longo da via;0;1;0;1;1;0;0;0;0;0;0;0;0;(-38.580521 -3.784506);
355576;2020-02-04 11:30:00;RD CE-040, ;, ; ;;;Colisão;Luz do Dia;;Seca;Meio de Quadra;;Longo da via;0;3;0;0;3;0;0;0;0;0;0;0;0;(-38.4817994 -3.773616148);
356315;2020-02-04 11:25:00;RUA RECANTO VERDE, 1387;, ; 1387;;;Colisão;Luz do Dia;;;Meio de Quadra;;Longo da via;0;1;0;1;1;0;0;0;0;0;0;0;0;(-38.5116 -3.8386);
356274;2020-02-04 10:28:00;AVENIDA A CJ CEARA, 172;, ; 172;;;Atropelamento;Luz do Dia;;;Meio de Quadra;;Longo da via;0;1;0;1;0;0;0;0;0;0;0;0;0;(-38.60153 -3.76702);
356264;2020-02-04 09:45:00;RUA ANTENOR ROCHA ALEXANDRE, 650;, ; 650;;;Choque c/ Obstáculo Fixo;Luz do Dia;;;Meio de Quadra;;Longo da via;0;1;0;0;1;0;0;0;0;0;0;0;0;(-38.4807396 -3.79200742);
356840;2020-02-04 09:05:00;RUA DR ALMEIDA LUSTOSA (MONDUBIM), 2267;, ; 2267;;;Colisão;Luz do Dia;;;Meio de Quadra;;Longo da via;0;2;0;0;2;0;0;0;0;0;0;0;0;(0 0);
356263;2020-02-04 08:51:00;RUA MILTON BARBOSA DE SOUZA, 50;, ; 50;;;Colisão;Luz do Dia;;;Meio de Quadra;;Longo da via;0;1;0;1;1;0;0;0;0;0;0;0;0;(-38.56782 -3.78673);
356262;2020-02-04 08:43:00;AVENIDA BENJAMIM BRASIL, 622;, ; 622;;;Queda;Luz do Dia;;;Meio de Quadra;;Longo da via;0;1;0;1;0;0;0;0;0;0;0;0;0;(-38.5673395 -3.8047095);
356261;2020-02-04 08:09:00;RUA URUCUTUBA, 1672;, ; 1672;;;Colisão;Luz do Dia;;;Meio de Quadra;;Longo da via;0;2;0;1;0;0;0;0;0;0;1;0;0;(-38.6114824 -3.79807587);
356260;2020-02-04 08:06:00;AVENIDA OLIVEIRA PAIVA, 2051;, ; 2051;;;Colisão;Luz do Dia;;;Meio de Quadra;;Longo da via;0;1;0;2;0;0;0;0;0;0;0;0;0;(-38.488224 -3.796189);
356249;2020-02-04 07:27:00;AVENIDA PRS CASTELO BRANCO, 3746;, ; 3746;;;Queda;Luz do Dia;;;Meio de Quadra;;Longo da via;0;1;0;1;0;0;0;0;0;0;0;0;0;(-38.565876 -3.7092476);
355633;2020-02-04 07:15:00;RUA DR THOMPSON BULCAO, ;, ; ;;;Colisão Traseira;Luz do Dia;Nublado;Molhada;Meio de Quadra;Não Há Controle;Longo da via;0;2;0;0;2;0;0;0;0;0;0;0;0;(-38.489918 -3.7703042);
356248;2020-02-04 04:18:00;RUA BERNARDO MANUEL, 10161;, ; 10161;;;Atropelamento;;;;Meio de Quadra;;Longo da via;0;1;0;0;0;0;0;0;0;0;1;0;0;(-38.554091 -3.80752484);
356247;2020-02-03 23:25:00;AVENIDA I CJ JOSE WALTER, ;RUA 48 CJ JOSE WALTER, ; ;;;Colisão;;;;T;Não Há Controle;Cruzamento;0;1;0;1;1;0;0;0;0;0;0;0;0;(-38.552695 -3.831579);
356244;2020-02-03 22:59:00;RUA CAMELIA, 267;, ; 267;;;Queda;;;;Meio de Quadra;;Longo da via;0;1;0;0;0;0;0;0;0;1;0;0;0;(-38.563924 -3.708885);
355632;2020-02-03 22:02:00;AVENIDA SGT HERMINIO SAMPAIO, 3790;, ; 3790;;;Colisão Lateral;Via Iluminada;Bom;Seca;Meio de Quadra;Não Há Controle;Longo da via;0;0;2;0;2;0;0;0;0;0;0;0;0;(-38.574437 -3.729636);
356242;2020-02-03 21:11:00;AVENIDA BEZERRA DE MENEZES, 3000;, ; 3000;;;Atropelamento;;;;Meio de Quadra;;Longo da via;0;1;0;0;1;0;0;0;0;0;0;0;0;(-38.5654353 -3.7357445);
356240;2020-02-03 19:12:00;RUA GONTRAN GIFFONI, 100;, ; 100;;;Colisão;;;;Meio de Quadra;;Longo da via;0;1;0;1;1;0;0;0;0;0;0;0;0;(-38.494942 -3.766426);
356238;2020-02-03 18:51:00;AVENIDA JOSE JATAHY, ;AVENIDA FRANCISCO SA, ; ;;;Colisão;;;;T;Pare;Cruzamento;0;2;0;0;0;0;0;0;0;0;1;0;0;(-38.5467873 -3.720876);
355631;2020-02-03 18:25:00;AVENIDA DEP PAULINO ROCHA, ;RUA ENF JOAQUIM PINTO, ; ;;;Colisão Transversal;Via Iluminada;Bom;Seca;T;Pare;Cruzamento;0;1;1;1;1;0;0;0;0;0;0;0;0;(-38.507774 -3.803203);
356221;2020-02-03 17:58:00;RUA MANOEL AGUIAR PONTES, 1342;, ; 1342;;;Queda;Anoitecer;;;Meio de Quadra;;Longo da via;0;1;0;1;0;0;0;0;0;0;0;0;0;(-38.5161 -3.80827);
356207;2020-02-03 17:34:00;AVENIDA DEP PAULINO ROCHA, 1001;, ; 1001;;;Colisão;Anoitecer;;;Meio de Quadra;;Longo da via;0;1;0;1;1;0;0;0;0;0;0;0;0;(-38.5084 -3.80762);
356202;2020-02-03 17:03:00;AVENIDA JOSE JATAHY, ;AVENIDA FRANCISCO SA, ; ;;;Colisão;Anoitecer;;;T;Pare;Cruzamento;0;1;0;0;0;0;0;0;0;0;1;0;0;(-38.5467873 -3.720876);
356802;2020-02-03 16:30:00;RUA CESAR ROSSAS, ;, ; ;;;Colisão;Luz do Dia;;;Meio de Quadra;;Longo da via;0;2;0;1;1;0;0;0;0;0;0;0;0;(0 0);
356191;2020-02-03 16:22:00;AVENIDA PRS CASTELO BRANCO, ;, ; ;;;Colisão;Luz do Dia;;;Meio de Quadra;;Longo da via;0;1;0;1;1;0;0;0;0;0;0;0;0;(0 0);
355628;2020-02-03 15:45:00;RUA ALUISIO AZEVEDO, 600;, ; 600;;;Colisão Lateral;Luz do Dia;Bom;Seca;Cruz;Pare;Longo da via;0;1;1;1;1;0;0;0;0;0;0;0;0;(-38.578296 -3.770664);
356190;2020-02-03 15:17:00;RUA MIGUEL COUTO, ;RUA BAR AQUIRAZ, ; ;;;Colisão;Luz do Dia;;;Cruz;Pare;Cruzamento;0;1;0;1;1;0;0;0;0;0;0;0;0;(-38.487996 -3.837441);
356189;2020-02-03 14:36:00;RUA DEP MATOSO FILHO, 1231;, ; 1231;;;Colisão;Luz do Dia;;;Meio de Quadra;;Longo da via;0;1;1;1;1;0;0;0;0;0;0;0;0;(-38.5948397 -3.73422416);
356188;2020-02-03 14:20:00;AVENIDA PRUDENTE BRASIL, 1064;, ; 1064;;;Colisão;Luz do Dia;;;Meio de Quadra;;Longo da via;0;1;0;0;0;0;0;0;0;0;1;0;0;(-38.53503505 -3.811429908);
355573;2020-02-03 14:00:00;AVENIDA ENG SANTANA JUNIOR, 2;, ; 2;;;Colisão;Luz do Dia;;Seca;Meio de Quadra;;Longo da via;0;0;2;0;1;0;0;1;0;0;0;0;0;(-38.47797 -3.729);
355629;2020-02-03 13:50:00;RUA CESAR ROSSAS, ;RUA EDITE BRAGA, ; ;;;Colisão Transversal;Luz do Dia;Bom;Seca;Cruz;Pare;Cruzamento;0;1;0;1;1;0;0;0;0;0;0;0;0;(-38.553869 -3.768906);
356187;2020-02-03 13:40:00;RUA JOAO FONSECA, ;RUA BANDEIRA DE MELO, ; ;;;Colisão;Luz do Dia;;;;;Cruzamento;0;2;0;2;0;0;0;0;0;0;0;0;0;(-38.52327 -3.78773);
356139;2020-02-03 12:53:00;RUA PRO HERIBALDO COSTA, ;RUA PORTO ALEGRE, ; ;;;Colisão;Luz do Dia;;;Cruz;Não Há Controle;Cruzamento;0;1;0;1;1;0;0;0;0;0;0;0;0;(-38.585433 -3.762997);
356138;2020-02-03 11:58:00;RUA SEN POMPEU, 474;, ; 474;;;Colisão;Luz do Dia;;;Meio de Quadra;;Longo da via;0;1;1;1;1;0;0;0;0;0;0;0;0;(-38.528393 -3.7227916);
356124;2020-02-03 11:39:00;RUA ELISEU ORIA, 339;, ; 339;;;Atropelamento;Luz do Dia;;;Meio de Quadra;;Longo da via;1;0;1;0;1;0;0;0;0;0;0;0;0;(-38.477771 -3.7913148);
356122;2020-02-03 11:20:00;AVENIDA AUGUSTO DOS ANJOS, 489;, ; 489;;;Colisão;Luz do Dia;;;Meio de Quadra;;Longo da via;0;1;0;1;1;0;0;0;0;0;0;0;0;(-38.5727921 -3.773047);
356800;2020-02-03 10:00:00;RUA DES JOSE GIL DE CARVALHO, ;, ; ;;;Colisão;Luz do Dia;;;Meio de Quadra;;Longo da via;0;1;0;0;1;0;0;0;0;0;0;0;0;(0 0);
355575;2020-02-03 09:40:00;AVENIDA SEN CARLOS JEREISSATI (AEROPORTO), 1;, ; 1;;;Engavetamento;Luz do Dia;;Seca;Meio de Quadra;;Longo da via;0;4;0;0;4;0;0;0;0;0;0;0;0;(-38.540424 -3.778928);
356121;2020-02-03 09:36:00;RUA 4 PQ BOATAN, 960;, ; 960;;;Colisão;Luz do Dia;;;Meio de Quadra;;Longo da via;0;1;0;1;1;0;0;0;0;0;0;0;0;(-38.59643 -3.73468);
355625;2020-02-03 09:04:00;AVENIDA ROGACIANO LEITE, 473;, ; 473;;;Colisão Traseira;Luz do Dia;Bom;Seca;Meio de Quadra;Não Há Controle;Longo da via;0;1;1;1;1;0;0;0;0;0;0;0;0;(-38.493993 -3.762693);
356119;2020-02-03 08:46:00;RUA URUCUTUBA, 1550;, ; 1550;;;Colisão;Luz do Dia;;;Meio de Quadra;;Longo da via;0;1;0;1;1;0;0;0;0;0;0;0;0;(-38.6089326 -3.797684);
355627;2020-02-03 08:15:00;AVENIDA HERACLITO GRACA, 300;, ; 300;;;Engavetamento;Luz do Dia;Nublado;Seca;Meio de Quadra;Semáforo;Longo da via;0;2;2;0;3;0;0;0;0;0;0;0;0;(-38.52178 -3.73426);
356116;2020-02-03 08:11:00;AVENIDA ANTONIO SALES, ;RUA BARBOSA DE FREITAS, ; ;;;Colisão;Luz do Dia;;;Cruz;Semáforo;Cruzamento;0;1;1;1;1;0;0;0;0;0;0;0;0;(-38.500407 -3.746051);
356112;2020-02-03 08:01:00;AVENIDA LINEU MACHADO, ;ESTRADA PICI, ; ;;;Colisão;Luz do Dia;;;Duplo T;Não Há Controle;Cruzamento;0;2;0;1;1;0;0;0;0;0;0;0;0;(-38.577683 -3.767407);
355624;2020-02-03 08:00:00;AVENIDA PRO GOMES DE MATOS, ;RUA VASCO DA GAMA, ; ;;;Colisão Transversal;Luz do Dia;Bom;Seca;Cruz;Pare;Cruzamento;0;1;0;1;1;0;0;0;0;0;0;0;0;(-38.547335 -3.763166);
355626;2020-02-03 07:45:00;RUA BAR CRATO, ;RUA DEMOSTENES CARVALHO, ; ;;;Colisão;Luz do Dia;Nublado;Seca;Cruz;Pare;Cruzamento;0;2;1;1;1;0;0;0;0;0;0;0;0;(-38.560305 -3.721441);
355630;2020-02-03 07:40:00;RUA DES JOSE GIL DE CARVALHO, 135;, ; 135;;;Colisão Lateral;Luz do Dia;Bom;Seca;Meio de Quadra;Não Há Controle;Longo da via;0;1;1;1;1;0;0;0;0;0;0;0;0;(-38.4928433 -3.80139125);
356087;2020-02-03 07:32:00;AVENIDA BORGES DE MELO, 1287;, ; 1287;;;Queda;Luz do Dia;;;Meio de Quadra;;Longo da via;0;1;0;1;0;0;0;0;0;0;0;0;0;(-38.530674 -3.7596865);
356086;2020-02-03 07:22:00;AVENIDA BEIRA MAR, 4777;, ; 4777;;;Colisão;Luz do Dia;;;Meio de Quadra;;Longo da via;0;1;0;2;0;0;0;0;0;0;0;0;0;(-38.478558 -3.7213953);
356085;2020-02-03 07:14:00;AVENIDA MR HULL, ;, ; ;;;Colisão;Luz do Dia;;;Meio de Quadra;;Longo da via;0;2;0;1;1;0;0;0;0;0;0;0;0;(0 0);
356084;2020-02-03 07:03:00;AVENIDA JOSE JATAHY, 305;, ; 305;;;Atropelamento;Luz do Dia;;;Meio de Quadra;;Longo da via;0;1;0;1;0;0;0;0;0;0;0;0;0;(-38.54307274 -3.740661282);
356083;2020-02-03 06:20:00;AVENIDA 13 DE MAIO, ;, ; ;;;Queda;Luz do Dia;;;Meio de Quadra;;Longo da via;0;1;0;1;0;0;0;0;0;0;0;0;0;(0 0);
356082;2020-02-03 06:19:00;AVENIDA I CJ JOSE WALTER, ;, ; ;;;Colisão;Luz do Dia;;;Meio de Quadra;;Longo da via;0;2;1;0;0;0;0;1;0;1;0;0;0;(0 0);
355568;2020-02-03 06:10:00;AVENIDA ENG SANTANA JUNIOR, 1;, ; 1;;;Colisão;Luz do Dia;;Seca;Meio de Quadra;;Longo da via;0;2;0;0;2;0;0;0;0;0;0;0;0;(-38.488415 -3.7443256);
355623;2020-02-03 02:51:00;AVENIDA JOSE JATAHY, ;AVENIDA 13 DE MAIO, ; ;;;Choque c/ Obstáculo Fixo;Via Iluminada;Bom;Seca;Cruz;Semáforo;Cruzamento;0;1;0;0;1;0;0;0;0;0;0;0;0;(-38.54374 -3.73723);
356081;2020-02-02 23:48:00;RUA PEDRO A ALBUQUERQUE, 588;, ; 588;;;Atropelamento;;;;Meio de Quadra;;Longo da via;0;1;0;1;0;0;0;0;0;0;0;0;0;(-38.51529 -3.74852);
356080;2020-02-02 23:18:00;RUA PRO GOMES BRASIL, 555;, ; 555;;;Colisão;;;;Meio de Quadra;;Longo da via;0;1;0;0;0;0;0;0;0;0;1;0;0;(-38.570328 -3.7705245);
356079;2020-02-02 22:59:00;RUA AFONSO HENRIQUE, 440;, ; 440;;;Queda;;;;Meio de Quadra;;Longo da via;0;1;0;1;0;0;0;0;0;0;0;0;0;(-38.4888558 -3.8248682);
356078;2020-02-02 22:12:00;RUA EDSON MARTINS, 1845;, ; 1845;;;Queda;;;;Meio de Quadra;;Longo da via;0;1;0;1;0;0;0;0;0;0;0;0;0;(-38.6082855 -3.78755785);
356077;2020-02-02 22:11:00;AVENIDA RUI BARBOSA, 5170;, ; 5170;;;Queda;;;;Meio de Quadra;;Longo da via;0;1;0;1;0;0;0;0;0;0;0;0;0;(0 0);
356076;2020-02-02 22:00:00;AVENIDA PDE ANTONIO TOMAS, 850;, ; 850;;;Atropelamento;;;;Meio de Quadra;;Longo da via;0;1;0;0;1;0;0;0;0;0;0;0;0;(-38.495728 -3.741435);
356074;2020-02-02 21:19:00;AVENIDA 9 CJ PEQ MONDUBIM, 69;, ; 69;;;Colisão;;;;Meio de Quadra;;Longo da via;0;1;0;1;1;0;0;0;0;0;0;0;0;(-38.5804154 -3.8167254);
355622;2020-02-02 21:15:00;AVENIDA PRS CASTELO BRANCO, 5684;, ; 5684;;;Choque c/ Obstáculo Fixo;Via Iluminada;Bom;Seca;Meio de Quadra;Não Há Controle;Longo da via;0;1;0;0;1;0;0;0;0;0;0;0;0;(-38.58168 -3.702828);
356073;2020-02-02 20:31:00;RUA CACILDA BECKER, 368;, ; 368;;;Queda;;;;Meio de Quadra;;Longo da via;0;1;0;0;0;0;0;0;0;1;0;0;0;(-38.58870255 -3.772243677);
356072;2020-02-02 20:06:00;AVENIDA C CJ CEARA, ;RUA 410 CJ CEARA, ; ;;;Colisão;;;;T;Outros;Cruzamento;0;1;0;1;1;0;0;0;0;0;0;0;0;(-38.608656 -3.760403);
356071;2020-02-02 20:05:00;AVENIDA DR THEBERGE, 1168;, ; 1168;;;Colisão;;;;Meio de Quadra;;Longo da via;0;1;0;1;1;0;0;0;0;0;0;0;0;(-38.564407 -3.713004);
356070;2020-02-02 19:35:00;AVENIDA JOAO DE ARAUJO LIMA, 61;, ; 61;;;Colisão;;;;Meio de Quadra;;Longo da via;0;1;0;0;2;0;0;0;0;0;0;0;0;(-38.55816 -3.82226);
356069;2020-02-02 19:15:00;RUA JOSE MENDONCA, ;RUA STA ADELIA, ; ;;;Colisão;;;;Cruz;Pare;Cruzamento;0;1;0;1;1;0;0;0;0;0;0;0;0;(-38.602545 -3.759043);
356068;2020-02-02 18:44:00;AVENIDA GODOFREDO MACIEL, ;, ; ;;;Colisão;;;;Meio de Quadra;;Longo da via;0;1;1;0;1;0;0;0;0;1;0;0;0;(0 0);
356067;2020-02-02 18:17:00;AVENIDA MR HULL, ;, ; ;;;Queda;Anoitecer;;;Meio de Quadra;;Longo da via;0;1;0;1;0;0;0;0;0;0;0;0;0;(0 0);
356066;2020-02-02 17:32:00;AVENIDA GODOFREDO MACIEL, 4358;, ; 4358;;;Queda;Anoitecer;;;Meio de Quadra;;Longo da via;0;1;0;1;0;0;0;0;0;0;0;0;0;(-38.5751795 -3.8133115);
356065;2020-02-02 17:04:00;AVENIDA AUGUSTO DOS ANJOS, 180;, ; 180;;;Colisão;Anoitecer;;;Meio de Quadra;;Longo da via;0;1;0;1;1;0;0;0;0;0;0;0;0;(-38.570652 -3.770583);
356064;2020-02-02 17:02:00;AVENIDA DIOGUINHO, 2125;, ; 2125;;;Atropelamento;Anoitecer;;;Meio de Quadra;;Longo da via;0;1;0;1;0;0;0;0;0;0;0;0;0;(-38.456756 -3.735343);
355619;2020-02-02 16:50:00;AVENIDA DEP PAULINO ROCHA, 1963;, ; 1963;;;Colisão Traseira;Luz do Dia;Bom;Seca;Meio de Quadra;Pare;Longo da via;0;3;0;0;3;0;0;0;0;0;0;0;0;(-38.51418 -3.81152);
356063;2020-02-02 16:43:00;AVENIDA PRS CASTELO BRANCO, ;, ; ;;;Queda;Luz do Dia;;;Meio de Quadra;;Longo da via;0;1;0;1;0;0;0;0;0;0;0;0;0;(0 0);
356062;2020-02-02 16:41:00;RUA PRO VICENTE SILVEIRA, ;RUA ALM RUFINO, ; ;;;Colisão;Luz do Dia;;;Cruz;Pare;Cruzamento;0;1;0;1;1;0;0;0;0;0;0;0;0;(-38.538534 -3.766138);
356061;2020-02-02 16:01:00;RUA MON AGOSTINHO, 865;, ; 865;;;Queda;Luz do Dia;;;Meio de Quadra;;Longo da via;0;1;0;1;0;0;0;0;0;0;0;0;0;(-38.58539 -3.79094);
355537;2020-02-02 16:00:00;AVENIDA AUGUSTO DOS ANJOS, ;RUA LEONEL CHAVES, ; ;;;Colisão Lateral;Luz do Dia;Bom;Seca;T;Semáforo;Cruzamento;0;0;2;1;1;0;0;0;0;0;0;0;0;(-38.570877 -3.771013);
355567;2020-02-02 16:00:00;RD CE-040, ;, ; ;;;Colisão;Luz do Dia;;Seca;Meio de Quadra;;Longo da via;0;3;0;1;2;0;0;0;0;0;0;0;0;(-38.46893682 -3.866093254);
355620;2020-02-02 15:30:00;AVENIDA PRS COSTA E SILVA, ;, ; ;;;Engavetamento;Luz do Dia;Bom;Seca;;;Longo da via;0;1;2;1;2;0;0;0;0;0;0;0;0;(0 0);