COD_ACIDENTE;DATA;LOG1;LOG2;NUMERO;BAIRRO;AMC;NATUREZA;ILUMINACAO;TEMPO;SUPERFICIEPISTA;TIPOCRUZAMENTO;CONTROLETRAFEGO;USOSOLO;MORTOS;FERIDOS;ILESOS;MOTOCICLETA;AUTOMOVEL;MICROONIBUS;CAMINHAO;ONIBUS;CICLOMOTOR;BICICLETA;OUTROS;TREM;TRACAOANIMAL;COORDENADAS
356060;2020-02-02 14:19:00;AVENIDA WENEFRIDO MELO, 70;, ; 70;;;Colisão;Luz do Dia;;;Meio de Quadra;;Longo da via;0;1;1;1;1;0;0;0;0;0;0;0;0;(-38.5782115 -3.80859274);
356059;2020-02-02 14:12:00;RUA HELIO CARACAS, 45;, ; 45;;;Queda;Luz do Dia;;;Meio de Quadra;;Longo da via;0;1;0;0;0;0;0;0;0;1;0;0;0;(-38.54441 -3.71991);
355617;2020-02-02 14:11:00;AVENIDA DOMINGOS OLIMPIO, ;RUA SOLON PINHEIRO, ; ;;;Colisão Traseira;Luz do Dia;Bom;Seca;Cruz;Semáforo;Cruzamento;0;2;0;0;3;0;0;0;0;0;0;0;0;(-38.52865 -3.737409);
355618;2020-02-02 13:30:00;RUA JOSE MENELEU D41, ;RUA INGLATERRA, ; ;;;Colisão Lateral;Luz do Dia;Bom;Seca;Cruz;Pare;Cruzamento;0;2;0;1;1;0;0;0;0;0;0;0;0;(-38.55999 -3.78337);
356058;2020-02-02 13:22:00;RUA NAT FEIJO, 172;, ; 172;;;Colisão;Luz do Dia;;;Meio de Quadra;;Longo da via;0;1;0;1;1;0;0;0;0;0;0;0;0;(-38.54922 -3.72335);
356057;2020-02-02 11:33:00;AVENIDA CEL CARVALHO, ;, ; ;;;Colisão;Luz do Dia;;;Meio de Quadra;;Longo da via;0;1;0;1;1;0;0;0;0;0;0;0;0;(0 0);
356056;2020-02-02 10:40:00;RUA TULIPA NEGRA, 1060;, ; 1060;;;Colisão;Luz do Dia;;;Meio de Quadra;;Longo da via;0;1;2;1;1;0;0;0;0;0;0;0;0;(-38.5911 -3.82399);
356783;2020-02-02 08:32:00;RUA PASCOAL BARROSO, ;, ; ;;;Colisão;Luz do Dia;;;Meio de Quadra;;Longo da via;0;2;0;0;2;0;0;0;0;0;0;0;0;(0 0);
356055;2020-02-02 07:20:00;AVENIDA DOMINGOS OLIMPIO, ;RUA BAR RIO BRANCO, ; ;;;Queda;Luz do Dia;;;Cruz;Semáforo;Cruzamento;0;1;0;1;0;0;0;0;0;0;0;0;0;(-38.531494 -3.736579);
355616;2020-02-02 06:58:00;RUA PORTO ALEGRE, 1156;, ; 1156;;;Colisão Frontal;Luz do Dia;Chuva;Molhada;Meio de Quadra;Não Há Controle;Longo da via;0;1;1;1;0;0;0;1;0;0;0;0;0;(-38.5888503 -3.76117757);
356054;2020-02-02 05:16:00;AVENIDA PRS COSTA E SILVA, 3159;, ; 3159;;;Colisão;Amanhecer;;;Meio de Quadra;;Longo da via;0;1;1;0;1;0;0;0;0;1;0;0;0;(-38.55358 -3.82241);
356053;2020-02-02 04:32:00;RUA ANARIO BRAGA, 737;, ; 737;;;Queda;;;;Meio de Quadra;;Longo da via;0;1;0;1;0;0;0;0;0;0;0;0;0;(-38.5927647 -3.73708065);
356052;2020-02-02 04:08:00;AVENIDA JOSE BASTOS, 3250;, ; 3250;;;Colisão;;;;Meio de Quadra;;Longo da via;0;1;0;1;1;0;0;0;0;0;0;0;0;(-38.548835 -3.7483715);
355523;2020-02-02 03:00:00;RUA JOSE MENELEU D41, ;RUA INGLATERRA, ; ;;;Colisão Transversal;Via Iluminada;Chuva;Molhada;Cruz;Pare;Cruzamento;1;1;0;1;0;0;0;0;0;0;1;0;0;(-38.55999 -3.78337);
356051;2020-02-02 02:45:00;RUA CEL FABRICIANO, 3143;, ; 3143;;;Colisão;;;;Meio de Quadra;;Longo da via;0;2;0;0;0;0;0;0;0;0;1;0;0;(-38.616117 -3.78048917);
356050;2020-02-02 02:24:00;RUA AGAMENON, ;, ; ;;;Queda;;;;Meio de Quadra;;Longo da via;0;1;0;1;0;0;0;0;0;0;0;0;0;(0 0);
355524;2020-02-02 01:30:00;AVENIDA AUGUSTO DOS ANJOS, 1947;, ; 1947;;;Colisão Traseira;Via Iluminada;Bom;Seca;Meio de Quadra;Não Há Controle;Longo da via;0;0;3;0;3;0;0;0;0;0;0;0;0;(-38.581387 -3.782734);
356049;2020-02-02 00:36:00;AVENIDA PRS COSTA E SILVA, 127;, ; 127;;;Colisão;;;;Meio de Quadra;;Longo da via;0;1;0;1;1;0;0;0;0;0;0;0;0;(-38.55832 -3.83748);
356048;2020-02-02 00:32:00;RUA 115 CJ CEARA, ;, ; ;;;Atropelamento;;;;Meio de Quadra;;Longo da via;0;1;0;1;0;0;0;0;0;0;0;0;0;(0 0);
355621;2020-02-02 00:00:00;AVENIDA BERNARDO MANUEL, 41;, ; 41;;;Colisão Lateral;Via Iluminada;Bom;Seca;Meio de Quadra;Não Há Controle;Longo da via;0;1;0;0;2;0;0;0;0;0;0;0;0;(-38.55949 -3.82677);
356020;2020-02-01 22:57:00;RUA ALBERTO MAGNO, 1521;, ; 1521;;;Colisão;;;;Meio de Quadra;;Longo da via;0;1;0;2;0;0;0;0;0;0;0;0;0;(-38.5519118 -3.767127);
356019;2020-02-01 22:45:00;AVENIDA WENEFRIDO MELO, ;, ; ;;;Atropelamento;;;;Meio de Quadra;;Longo da via;0;1;0;0;0;0;0;0;0;0;1;0;0;(0 0);
355921;2020-02-01 22:15:00;RD BR 222, ;, ; ;;;Colisão Traseira;;;;Meio de Quadra;;Longo da via;0;1;1;1;1;0;0;0;0;0;0;0;0;(-38.57814693 -3.737698444);
356018;2020-02-01 22:00:00;RUA CEL MATOS DOURADO, 1291;, ; 1291;;;Colisão;;;;Meio de Quadra;;Longo da via;0;1;0;1;1;0;0;0;0;0;0;0;0;(-38.583666 -3.751127);
356017;2020-02-01 21:48:00;AVENIDA CEL CARVALHO, ;, ; ;;;Colisão;;;;Meio de Quadra;;Longo da via;0;1;0;1;1;0;0;0;0;0;0;0;0;(0 0);
356016;2020-02-01 21:18:00;AVENIDA PRO GOMES DE MATOS, 587;, ; 587;;;Colisão;;;;Meio de Quadra;;Longo da via;0;1;0;1;1;0;0;0;0;0;0;0;0;(-38.543675 -3.758895);
356004;2020-02-01 21:13:00;AVENIDA GAL OSORIO DE PAIVA, 2982;, ; 2982;;;Queda;Luz do Dia;;;Meio de Quadra;;Longo da via;0;1;0;1;0;0;0;0;0;0;0;0;0;(-38.587028 -3.789256);
356015;2020-02-01 19:56:00;AVENIDA ALBERTO CRAVEIRO, 507;, ; 507;;;Queda;;;;Meio de Quadra;;Longo da via;0;1;0;1;0;0;0;0;0;0;0;0;0;(-38.516476 -3.782591);
356014;2020-02-01 19:15:00;AVENIDA CEL CARVALHO, ;, ; ;;;Atropelamento;;;;Meio de Quadra;;Longo da via;0;1;0;1;0;0;0;0;0;0;0;0;0;(0 0);
355614;2020-02-01 18:59:00;AVENIDA ANTONIO JUSTA, ;RUA LEONARDO MOTA, ; ;;;Colisão Traseira;Via Iluminada;Bom;Seca;Cruz;Pare;Cruzamento;0;3;0;2;0;0;0;0;0;0;0;0;0;(-38.493542 -3.727945);
355536;2020-02-01 18:29:00;RD CE-040, ;, ; ;;;Colisão;Anoitecer;;Seca;Meio de Quadra;;Longo da via;0;2;0;0;2;0;0;0;0;0;0;0;0;(-38.48303286 -3.817159445);
356012;2020-02-01 17:39:00;AVENIDA SGT HERMINIO SAMPAIO, ;RUA VIRGILIO BRIGIDO, ; ;;;Colisão;Anoitecer;;;T;Semáforo Intermitente;Cruzamento;0;1;0;1;1;0;0;0;0;0;0;0;0;(-38.57034 -3.728096);
355613;2020-02-01 17:19:00;AVENIDA PRS JUSCELINO KUBITSCHEK (PASSARÉ), ;AVENIDA DEP PAULINO ROCHA, ; ;;;Colisão Traseira;Luz do Dia;Bom;Seca;Rotatória;Não Há Controle;Cruzamento;0;1;1;1;1;0;0;0;0;0;0;0;0;(-38.524782 -3.807229);
356011;2020-02-01 17:03:00;AVENIDA WASHINGTON SOARES, 3150;, ; 3150;;;Colisão;Anoitecer;;;Meio de Quadra;;Longo da via;0;1;0;1;1;0;0;0;0;0;0;0;0;(-38.47468 -3.85298);
355535;2020-02-01 17:00:00;RD CE-040, ;, ; ;;;Colisão;Anoitecer;;Seca;Meio de Quadra;;Longo da via;0;3;0;0;3;0;0;0;0;0;0;0;0;(-38.48303286 -3.817159445);
356010;2020-02-01 17:00:00;AVENIDA DIOGUINHO, 110;, ; 110;;;Atropelamento;Anoitecer;;;Meio de Quadra;;Longo da via;1;0;1;0;1;0;0;0;0;0;0;0;0;(-38.46149 -3.72672);
356009;2020-02-01 16:48:00;AVENIDA DR SILAS MUNGUBA, ;, ; ;;;Colisão;Luz do Dia;;;Meio de Quadra;;Longo da via;0;2;0;1;0;0;0;0;0;0;1;0;0;(0 0);
355534;2020-02-01 16:30:00;RD CE-040, ;, ; ;;;Queda;Luz do Dia;;Seca;Meio de Quadra;;Longo da via;0;1;0;1;0;0;0;0;0;0;0;0;0;(-38.48246582 -3.834450897);
355612;2020-02-01 16:02:00;RUA JULIO IBIAPINA, ;AVENIDA ABOLICAO, ; ;;;Colisão Transversal;Luz do Dia;Bom;Seca;Cruz;Semáforo;Cruzamento;0;1;1;1;1;0;0;0;0;0;0;0;0;(-38.49129 -3.726679);
355643;2020-02-01 16:02:00;AVENIDA PRS JUSCELINO KUBITSCHEK (PASSARÉ), 5451;, ; 5451;;;Colisão Traseira;Luz do Dia;Bom;Seca;Meio de Quadra;Não Há Controle;Longo da via;0;1;1;1;1;0;0;0;0;0;0;0;0;(-38.536779 -3.823338);
356008;2020-02-01 15:44:00;RUA SEN ALENCAR, 1574;, ; 1574;;;Atropelamento;Luz do Dia;;;Meio de Quadra;;Longo da via;0;2;0;0;0;0;0;0;0;0;1;0;0;(-38.5392985 -3.72126363);
356006;2020-02-01 15:25:00;AVENIDA AUGUSTO DOS ANJOS, 150;, ; 150;;;Colisão;Luz do Dia;;;Meio de Quadra;;Longo da via;0;2;0;1;1;0;0;0;0;0;0;0;0;(-38.570522 -3.770374);
356005;2020-02-01 15:18:00;AVENIDA JOSE TAVARES, 1279;, ; 1279;;;Colisão;Luz do Dia;;;Meio de Quadra;;Longo da via;0;1;0;1;1;0;0;0;0;0;0;0;0;(0 0);
356001;2020-02-01 15:04:00;TRAVESSA WALDIR DIOGO, ;RUA PDE RODOLFO, ; ;;;Colisão;Luz do Dia;;;;;Cruzamento;0;1;0;1;1;0;0;0;0;0;0;0;0;(-38.583522 -3.806446);
355999;2020-02-01 14:56:00;RUA TEODOMIRO DE CASTRO, 629;, ; 629;;;Colisão;Luz do Dia;;;Meio de Quadra;;Longo da via;0;1;0;0;0;0;0;0;0;0;1;0;0;(-38.56935 -3.72042);
355981;2020-02-01 14:53:00;RUA JOSE CARLOS GURGEL NOGUEIRA, 84;, ; 84;;;Colisão;Luz do Dia;;;Meio de Quadra;;Longo da via;0;2;0;0;1;0;1;0;0;0;0;0;0;(-38.473817 -3.732903);
355980;2020-02-01 14:42:00;RUA 15 DE NOVEMBRO, ;RUA ALM RUBIM, ; ;;;Colisão;Luz do Dia;;;Cruz;Pare;Cruzamento;0;1;0;2;0;0;0;0;0;0;0;0;0;(-38.555939 -3.768907);
355979;2020-02-01 10:49:00;AVENIDA PRO GOMES DE MATOS, 1666;, ; 1666;;;Colisão;Luz do Dia;;;Meio de Quadra;;Longo da via;0;1;0;1;1;0;0;0;0;0;0;0;0;(-38.549894 -3.766147);
355611;2020-02-01 10:02:00;RUA PESSOA ANTA, 76;, ; 76;;;Colisão Traseira;Luz do Dia;Bom;Seca;Meio de Quadra;Não Há Controle;Longo da via;0;0;1;0;1;0;0;1;0;0;0;0;0;(-38.522453 -3.7212217);
355978;2020-02-01 10:01:00;RUA AURELIANO LEAL, 300;, ; 300;;;Queda;Luz do Dia;;;Meio de Quadra;;Longo da via;0;1;0;0;0;0;0;0;0;1;0;0;0;(-38.58503 -3.82391);
355615;2020-02-01 09:28:00;AVENIDA HERACLITO GRACA, ;RUA RODRIGUES JUNIOR, ; ;;;Colisão Transversal;Luz do Dia;Bom;Seca;Cruz;Pare;Cruzamento;0;1;1;1;1;0;0;0;0;0;0;0;0;(-38.521831 -3.734374);
355975;2020-02-01 08:43:00;RUA CEL FRANCISCO PEREIRA (MESSEJANA), 401;, ; 401;;;Colisão;Luz do Dia;;;Meio de Quadra;;Longo da via;0;2;1;1;1;0;0;0;0;0;0;0;0;(-38.49303 -3.83245);
355973;2020-02-01 08:36:00;AVENIDA GAL OSORIO DE PAIVA, 3470;, ; 3470;;;Atropelamento;Luz do Dia;;;Meio de Quadra;;Longo da via;0;1;0;1;0;0;0;0;0;0;0;0;0;(-38.5892 -3.7914603);
355967;2020-02-01 08:31:00;RUA BAR SOBRAL, 613;, ; 613;;;Colisão;Luz do Dia;;;Meio de Quadra;;Longo da via;0;1;1;1;1;0;0;0;0;0;0;0;0;(-38.5544755 -3.76685142);
355966;2020-02-01 07:37:00;RUA MANUEL SATIRO, 1156;, ; 1156;;;Colisão;Luz do Dia;;;Meio de Quadra;;Longo da via;0;1;0;1;1;0;0;0;0;0;0;0;0;(-38.5782548 -3.80802853);
355961;2020-02-01 07:29:00;AVENIDA F CJ CEARA, 406;, ; 406;;;Queda;Luz do Dia;;;Meio de Quadra;;Longo da via;0;1;0;1;0;0;0;0;0;0;0;0;0;(-38.6062205 -3.76405474);
355941;2020-02-01 05:08:00;RUA CON DE CASTRO, 4677;, ; 4677;;;Acidente Pessoal;Amanhecer;;;Meio de Quadra;;Longo da via;0;1;0;1;0;0;0;0;0;0;0;0;0;(-38.5932526 -3.80644835);
355939;2020-02-01 04:39:00;RUA CASIMIRO DE ABREU, 15;, ; 15;;;Queda;;;;Meio de Quadra;;Longo da via;0;1;0;0;0;0;0;0;0;1;0;0;0;(-38.560984 -3.77981);
355768;2020-02-01 04:33:00;AVENIDA AUGUSTO DOS ANJOS, 1702;, ; 1702;;;Colisão;;;;Meio de Quadra;;Longo da via;0;1;0;1;1;0;0;0;0;0;0;0;0;(-38.579816 -3.780923);
355767;2020-02-01 02:15:00;RUA JOAQUIM NABUCO, 2451;, ; 2451;;;Colisão;;;;Meio de Quadra;;Longo da via;0;1;0;1;1;0;0;0;0;0;0;0;0;(-38.505006 -3.74684927);
356779;2020-02-01 00:58:00;AVENIDA FRANCISCO SA, ;RUA FRANCISCO CALACA, ; ;;;Colisão;;;;Y;Pare;Cruzamento;0;2;0;0;1;0;0;1;0;0;0;0;0;(-38.572275 -3.71231);
355766;2020-02-01 00:50:00;RUA CEL ALEXANDRINO, 515;, ; 515;;;Atropelamento;;;;Meio de Quadra;;Longo da via;0;1;0;0;1;0;0;0;0;0;0;0;0;(-38.5533629 -3.76464204);
356764;2020-02-01 00:42:00;RUA PRO OTAVIO LOBO, ;, ; ;;;Colisão;;;;Meio de Quadra;;Longo da via;0;2;0;0;0;0;0;0;0;0;0;0;0;(0 0);
355765;2020-02-01 00:32:00;AVENIDA PRO JOSE ARTHUR CARVALHO, ;, ; ;;;Queda;;;;Meio de Quadra;;Longo da via;0;1;0;1;0;0;0;0;0;0;0;0;0;(0 0);
355761;2020-02-01 00:08:00;AVENIDA ODILON GUIMARAES, ;, ; ;;;Queda;;;;Meio de Quadra;;Longo da via;0;1;0;1;0;0;0;0;0;0;0;0;0;(0 0);
354751;2020-01-31 22:38:00;RUA 35 CJ HAB ST S JOAO, ;RUA VERDE 2 CJ ST S.JOAO, ; ;;;Atropelamento;;;;;;Cruzamento;0;1;1;0;1;0;0;0;0;0;0;0;0;(-38.519026 -3.846687);
354752;2020-01-31 22:21:00;RUA ALBERTO MAGNO, ;RUA DOM CARLOTO TAVORA, ; ;;;Colisão;;;;Cruz;Pare;Cruzamento;0;1;1;1;1;0;0;0;0;0;0;0;0;(-38.553495 -3.770832);
354757;2020-01-31 21:31:00;RUA JOSE MENDONCA, 1278;, ; 1278;;;Colisão;;;;Meio de Quadra;;Longo da via;0;1;1;1;1;0;0;0;0;0;0;0;0;(-38.6013585 -3.75275);
354758;2020-01-31 21:30:00;AVENIDA AUGUSTO DOS ANJOS, ;, ; ;;;Colisão;;;;Meio de Quadra;;Longo da via;0;3;0;1;1;0;0;0;0;0;0;0;0;(0 0);
354759;2020-01-31 20:26:00;RUA PORTO VELHO, ;RUA VITORIA (AV. PERIMETRAL), ; ;;;Colisão;;;;Cruz;Semáforo;Cruzamento;0;1;1;1;1;0;0;0;0;0;0;0;0;(-38.588528 -3.76517);
354760;2020-01-31 20:22:00;AVENIDA DR THEBERGE, 1258;, ; 1258;;;Colisão;;;;Meio de Quadra;;Longo da via;0;1;1;1;1;0;0;0;0;0;0;0;0;(-38.56458 -3.71362);
354761;2020-01-31 20:02:00;AVENIDA PAROARAS, 1191;, ; 1191;;;Colisão;;;;Meio de Quadra;;Longo da via;0;1;1;1;1;0;0;0;0;0;0;0;0;(-38.534098 -3.814729);
354762;2020-01-31 19:56:00;RUA ANDRADE FURTADO, 1069;, ; 1069;;;Atropelamento;;;;Meio de Quadra;;Longo da via;0;1;1;1;0;0;0;0;0;0;0;0;0;(-38.479651 -3.74575);
354766;2020-01-31 18:44:00;RUA DNA MENDINHA, 1548;, ; 1548;;;Atropelamento;;;;Meio de Quadra;;Longo da via;0;1;1;1;0;0;0;0;0;0;0;0;0;(-38.572984 -3.717205);
361472;2020-01-31 18:30:00;RUA VIRGILIO NETO, 1388;, ; 1388;;;Atropelamento;Anoitecer;;;Meio de Quadra;;Longo da via;1;1;0;1;0;0;0;0;0;0;0;0;0;(-38.567469 -3.834077);
354769;2020-01-31 18:30:00;RUA SEN ALVARO ADOLFO, ;RUA DRACON BARRETO, ; ;;;Queda;Anoitecer;;;;;Cruzamento;0;1;0;1;0;0;0;0;0;0;0;0;0;(-38.57727 -3.73306);
354765;2020-01-31 18:06:00;AVENIDA AUGUSTO DOS ANJOS, ;AVENIDA SEN FERNANDES TAVORA, ; ;;;Colisão;Anoitecer;;;;;Cruzamento;0;1;1;0;0;0;0;0;0;0;0;0;0;(-38.570427 -3.770153);
354774;2020-01-31 17:44:00;RUA HONORINA MAIA, 239;, ; 239;;;Atropelamento;Anoitecer;;;Meio de Quadra;;Longo da via;0;1;1;0;0;0;0;1;0;0;0;0;0;(-38.50147 -3.85075);
354775;2020-01-31 17:34:00;RUA CLEIA, ;RUA GERALDO SOARES, ; ;;;Colisão;Anoitecer;;;T;Não Há Controle;Cruzamento;0;1;1;1;1;0;0;0;0;0;0;0;0;(-38.50809 -3.8260553);
354746;2020-01-31 16:30:00;RUA PDE PERDIGAO SAMPAIO, ;RUA ANARIO BRAGA, ; ;;;Colisão Lateral;Luz do Dia;Nublado;Material Derrapante;Cruz;Pare;Cruzamento;0;3;1;0;1;0;0;0;0;0;0;1;0;(-38.59518 -3.73639);
354594;2020-01-31 16:30:00;RD CE-040, ;, ; ;;;Colisão;Luz do Dia;;;Meio de Quadra;;Longo da via;0;2;0;0;2;0;0;0;0;0;0;0;0;(-38.4817994 -3.773616148);
354792;2020-01-31 16:13:00;AVENIDA PRS CASTELO BRANCO, 999;, ; 999;;;Colisão;Luz do Dia;;;Meio de Quadra;;Longo da via;0;1;1;1;1;0;0;0;0;0;0;0;0;(-38.53251 -3.719141);
354793;2020-01-31 15:05:00;AVENIDA SEN FERNANDES TAVORA, 790;, ; 790;;;Colisão;Luz do Dia;;;Meio de Quadra;;Longo da via;0;1;1;1;1;0;0;0;0;0;0;0;0;(-38.57967 -3.76344);
354745;2020-01-31 13:44:00;RUA LIVINO DE CARVALHO, 185;RUA PARQUE IPIRANGA, ; 185;;;Não informado;Luz do Dia;Chuva;Molhada;Meio de Quadra;Pare;Cruzamento;0;1;1;1;1;0;0;0;0;0;0;0;0;(-38.56023 -3.7705817);
354795;2020-01-31 12:09:00;AVENIDA BEZERRA DE MENEZES, 113;, ; 113;;;Queda;Luz do Dia;;;Meio de Quadra;;Longo da via;0;1;0;1;0;0;0;0;0;0;0;0;0;(-38.5457604 -3.7317813);
354744;2020-01-31 10:44:00;RUA ERICO MOTA, ;RUA DAMIAO FERNANDES, ; ;;;Colisão;Luz do Dia;Chuva;Molhada;Cruz;Pare;Cruzamento;0;2;1;0;2;0;0;0;0;0;0;0;0;(-38.56113 -3.74448);
354799;2020-01-31 10:34:00;AVENIDA MIN JOSE AMERICO, 1000;, ; 1000;;;Colisão;Luz do Dia;;;Meio de Quadra;;Longo da via;0;1;1;1;1;0;0;0;0;0;0;0;0;(-38.4912085 -3.8090986);
354800;2020-01-31 10:33:00;RUA DOS TREVOS, 612;, ; 612;;;Queda;Luz do Dia;;;Meio de Quadra;;Longo da via;0;1;0;1;0;0;0;0;0;0;0;0;0;(-38.59581 -3.80145);
354741;2020-01-31 07:00:00;AVENIDA PRS CASTELO BRANCO, ;RUA FRANCISCO CORDEIRO, ; ;;;Colisão Transversal;Luz do Dia;Chuva;Molhada;Cruz;Semáforo;Cruzamento;0;2;0;1;1;0;0;0;0;0;0;0;0;(-38.550593 -3.713113);
354742;2020-01-31 06:15:00;AVENIDA DOMINGOS OLIMPIO, ;RUA SEN POMPEU, ; ;;;Colisão Transversal;Luz do Dia;Chuva;Molhada;Cruz;Semáforo;Cruzamento;0;2;1;1;0;0;0;1;0;0;0;0;0;(-38.532455 -3.736254);
354740;2020-01-31 04:45:00;RUA VITAL BRASIL, ;RUA ANSELMO NOGUEIRA, ; ;;;Colisão Transversal;Via Iluminada;Chuva;Molhada;Cruz;Semáforo;Cruzamento;0;0;1;0;1;0;0;1;0;0;0;0;0;(-38.587181 -3.781072);
354801;2020-01-31 03:35:00;AVENIDA I CJ JOSE WALTER, 901;, ; 901;;;Colisão;;;;Meio de Quadra;;Longo da via;0;1;1;1;1;0;0;0;0;0;0;0;0;(-38.552844 -3.8321628);
354802;2020-01-31 03:14:00;AVENIDA SEN CARLOS JEREISSATI (AEROPORTO), ;, ; ;;;Atropelamento;;;;Meio de Quadra;;Longo da via;0;1;1;0;1;0;0;0;0;0;0;0;0;(0 0);
354803;2020-01-30 20:52:00;RUA AUSTRIA, 377;, ; 377;;;Não informado;;;;Meio de Quadra;;Longo da via;0;1;1;0;0;0;0;0;0;0;0;1;0;(-38.5742806 -3.78914678);
354804;2020-01-30 18:58:00;RUA CARLOS VASCONCELOS, 137;, ; 137;;;Queda;;;;Meio de Quadra;;Longo da via;0;1;0;0;0;0;0;0;0;1;0;0;0;(-38.507612 -3.723149);
354808;2020-01-30 18:57:00;AVENIDA CEL CARVALHO, ;RUA COS LAFAYETE, ; ;;;Colisão;;;;;;Cruzamento;0;1;1;2;0;0;0;0;0;0;0;0;0;(-38.587938 -3.717512);
354811;2020-01-30 18:46:00;AVENIDA AMERICO BARREIRA, ;, ; ;;;Colisão;;;;Meio de Quadra;;Longo da via;0;1;1;1;1;0;0;0;0;0;0;0;0;(0 0);
354738;2020-01-30 18:31:00;AVENIDA DOMINGOS OLIMPIO, ;RUA FLORIANO PEIXOTO, ; ;;;Engavetamento;Via Iluminada;Bom;Seca;Cruz;Gesto;Cruzamento;0;1;2;0;3;0;0;0;0;0;0;0;0;(-38.530313 -3.736976);
354739;2020-01-30 17:45:00;AVENIDA JOSE BASTOS, 4699;, ; 4699;;;Colisão;Anoitecer;Bom;Seca;Outros;Semáforo;Longo da via;0;1;1;1;1;0;0;0;0;0;0;0;0;(-38.559071 -3.757183);
354812;2020-01-30 15:57:00;RUA 3 DE MAIO, 1373;, ; 1373;;;Queda;Luz do Dia;;;Meio de Quadra;;Longo da via;0;1;0;0;0;0;0;0;0;1;0;0;0;(-38.56577 -3.74795);
354814;2020-01-30 15:03:00;RUA ALM RUBIM, ;RUA VILA LOBOS, ; ;;;Atropelamento;Luz do Dia;;;Cruz;Pare;Cruzamento;0;1;1;0;0;0;0;1;0;0;0;0;0;(-38.557081 -3.772137);
354815;2020-01-30 14:16:00;RUA SOUSA PINTO, 613;, ; 613;;;Queda;Luz do Dia;;;Meio de Quadra;;Longo da via;0;1;0;0;0;0;0;0;0;1;0;0;0;(-38.5135307 -3.76269752);
354816;2020-01-30 14:14:00;RUA EQUADOR, 846;, ; 846;;;Colisão;Luz do Dia;;;Meio de Quadra;;Longo da via;0;1;1;1;1;0;0;0;0;0;0;0;0;(-38.5526555 -3.774843);
354817;2020-01-30 13:33:00;RUA JOAO CORDEIRO, ;RUA ROCHA LIMA, ; ;;;Colisão;Luz do Dia;;;Cruz;Pare;Cruzamento;0;1;1;1;1;0;0;0;0;0;0;0;0;(-38.517275 -3.738);
354736;2020-01-30 13:14:00;AVENIDA CEL CARVALHO, ;AVENIDA SGT HERMINIO SAMPAIO, ; ;;;Colisão Transversal;Luz do Dia;Bom;Seca;Cruz;Semáforo;Cruzamento;0;1;1;1;1;0;0;0;0;0;0;0;0;(-38.5842851 -3.7338104);
354818;2020-01-30 13:11:00;AVENIDA JOSE BASTOS, 3910;, ; 3910;;;Colisão;Luz do Dia;;;Meio de Quadra;;Longo da via;0;1;1;1;1;0;0;0;0;0;0;0;0;(-38.553085 -3.7526255);
354820;2020-01-30 12:34:00;RUA STA TEREZINHA DO MEN JES E DA SAG FACE, ;, ; ;;;Colisão;Luz do Dia;;;Meio de Quadra;;Longo da via;0;1;1;0;1;0;0;0;0;1;0;0;0;(0 0);
354819;2020-01-30 12:32:00;RUA URUCUTUBA, 1515;, ; 1515;;;Colisão;Luz do Dia;;;Meio de Quadra;;Longo da via;0;1;1;1;1;0;0;0;0;0;0;0;0;(-38.6085287 -3.79762475);
354821;2020-01-30 12:11:00;RUA EDUARDO PORTO, ;RUA PDE PEDRO DE ALENCAR, ; ;;;Atropelamento;Luz do Dia;;;;;Cruzamento;0;1;1;1;0;0;0;0;0;0;0;0;0;(-38.494029 -3.832741);
355602;2020-01-30 12:00:00;RUA GAL BEZERRIL, ;RUA CASTRO E SILVA, ; ;;;Não informado;Luz do Dia;;;Cruz;Pare;Cruzamento;0;1;0;0;0;0;0;0;0;0;0;0;0;(-38.525536 -3.724461);
354737;2020-01-30 12:00:00;RUA MELO DE OLIVEIRA, ;RUA ALUISIO AZEVEDO, ; ;;;Colisão Transversal;Luz do Dia;Bom;Seca;Cruz;Pare;Cruzamento;0;1;2;1;1;0;0;0;0;0;0;0;0;(-38.577486 -3.771098);
354735;2020-01-30 11:59:00;AVENIDA JOR THOMAZ COELHO, 2550;, ; 2550;;;Colisão Transversal;Luz do Dia;Nublado;Seca;Meio de Quadra;Não Há Controle;Longo da via;0;2;1;2;0;1;0;0;0;0;0;0;0;(-38.517019746 -3.828152895);
354822;2020-01-30 11:34:00;AVENIDA TEN LISBOA, 1214;, ; 1214;;;Atropelamento;Luz do Dia;;;Meio de Quadra;;Longo da via;0;1;1;0;0;0;0;0;0;0;0;1;0;(-38.5759665 -3.72786125);
354823;2020-01-30 11:34:00;RUA URUCUTUBA, ;RUA CEL VIRGILIO NOGUEIRA (BOM JARDIM), ; ;;;Queda;Luz do Dia;;;Cruz;Não Há Controle;Cruzamento;0;1;0;0;0;0;0;0;0;1;0;0;0;(-38.6117457 -3.7980796);
354592;2020-01-30 11:00:00;RD CE-040, 2567;, ; 2567;;;Colisão;Luz do Dia;;;Meio de Quadra;;Longo da via;0;1;2;0;1;0;0;1;0;0;0;0;0;(-38.47606989 -3.84962623);
354824;2020-01-30 10:52:00;AVENIDA MIN JOSE AMERICO, ;, ; ;;;Queda;Luz do Dia;;;Meio de Quadra;;Longo da via;0;1;0;1;0;0;0;0;0;0;0;0;0;(0 0);
354591;2020-01-30 10:00:00;RD CE-040, ;, ; ;;;Colisão;Luz do Dia;;;Meio de Quadra;;Longo da via;0;2;0;0;1;0;1;0;0;0;0;0;0;(-38.4817994 -3.773616148);