COD_ACIDENTE;DATA;LOG1;LOG2;NUMERO;BAIRRO;AMC;NATUREZA;ILUMINACAO;TEMPO;SUPERFICIEPISTA;TIPOCRUZAMENTO;CONTROLETRAFEGO;USOSOLO;MORTOS;FERIDOS;ILESOS;MOTOCICLETA;AUTOMOVEL;MICROONIBUS;CAMINHAO;ONIBUS;CICLOMOTOR;BICICLETA;OUTROS;TREM;TRACAOANIMAL;COORDENADAS
354825;2020-01-30 10:00:00;AVENIDA GAL OSORIO DE PAIVA, 4477;, ; 4477;;;Colisão;Luz do Dia;;;Meio de Quadra;;Longo da via;0;1;1;1;1;0;0;0;0;0;0;0;0;(-38.5953 -3.797746);
354743;2020-01-30 09:06:00;AVENIDA DOLOR BARREIRA, ;AVENIDA SANTOS DUMONT, ; ;;;Colisão Transversal;Luz do Dia;Bom;Seca;Cruz;Pare;Cruzamento;0;1;1;1;1;0;0;0;0;0;0;0;0;(-38.463794 -3.747363);
354827;2020-01-30 09:03:00;AVENIDA PRS COSTA E SILVA, ;, ; ;;;Colisão;Luz do Dia;;;Meio de Quadra;;Longo da via;0;1;1;1;1;0;0;0;0;0;0;0;0;(0 0);
354845;2020-01-30 08:52:00;AVENIDA DOMINGOS OLIMPIO, 2009;, ; 2009;;;Queda;Luz do Dia;;;Meio de Quadra;;Longo da via;0;1;0;1;0;0;0;0;0;0;0;0;0;(-38.541015 -3.733409);
354826;2020-01-30 08:38:00;AVENIDA SIQUEIRA CAMPOS, 894;, ; 894;;;Colisão;Luz do Dia;;;Meio de Quadra;;Longo da via;0;1;1;2;0;0;0;0;0;0;0;0;0;(-38.622995 -3.817509);
354850;2020-01-30 07:58:00;RUA PDE VALDEVINO, 1740;, ; 1740;;;Queda;Luz do Dia;;;Meio de Quadra;;Longo da via;0;1;0;1;0;0;0;0;0;0;0;0;0;(-38.508998 -3.74159647);
354852;2020-01-30 07:55:00;RUA GERALDO MAGALHAES, ;, ; ;;;Queda;Luz do Dia;;;Meio de Quadra;;Longo da via;0;1;0;1;0;0;0;0;0;0;0;0;0;(0 0);
354857;2020-01-30 07:52:00;RUA CARLOS VASCONCELOS, ;RUA PDE LUIS FIGUEIRA, ; ;;;Colisão;Luz do Dia;;;Outros;Outros;Cruzamento;0;1;1;1;1;0;0;0;0;0;0;0;0;(-38.510962 -3.733509);
354858;2020-01-30 07:39:00;RUA EDITE BRAGA, ;RUA CESAR ROSSAS, ; ;;;Colisão;Luz do Dia;;;Cruz;Pare;Cruzamento;0;1;1;1;1;0;0;0;0;0;0;0;0;(-38.553869 -3.768906);
354859;2020-01-30 07:19:00;AVENIDA JOVITA FEITOSA, ;RUA JOSE SOMBRA, ; ;;;Colisão;Luz do Dia;;;T;Semáforo;Cruzamento;0;1;1;1;1;0;0;0;0;0;0;0;0;(-38.546301 -3.737763);
354597;2020-01-30 07:00:00;RD BR 116, 5300;, ; 5300;;;Colisão Lateral;Luz do Dia;Nublado;Seca;Meio de Quadra;;Longo da via;0;0;2;0;1;0;0;1;0;0;0;0;0;(-38.506787 -3.796502);
354864;2020-01-30 06:50:00;AVENIDA PRS COSTA E SILVA, 680;, ; 680;;;Não informado;Luz do Dia;;;Meio de Quadra;;Longo da via;0;1;0;1;0;0;0;0;0;0;0;0;0;(-38.5732388 -3.81231706);
354860;2020-01-30 06:43:00;RUA DEMETRIO MENEZES, 3622;, ; 3622;;;Queda;Luz do Dia;;;Meio de Quadra;;Longo da via;0;1;0;1;0;0;0;0;0;0;0;0;0;(-38.584166 -3.735123);
354861;2020-01-30 06:21:00;AVENIDA AGUANAMBI, 176;, ; 176;;;Colisão;Luz do Dia;;;Meio de Quadra;;Longo da via;0;1;1;1;0;0;0;0;0;1;0;0;0;(-38.52452722 -3.738421973);
354865;2020-01-30 06:14:00;RUA DIOGO CORREIA, 2268;, ; 2268;;;Atropelamento;Luz do Dia;;;Meio de Quadra;;Longo da via;0;1;1;0;1;0;0;0;0;0;0;0;0;(-38.5901674 -3.7708751);
354867;2020-01-30 02:31:00;RUA MAJ WEYNE, ;RUA CARLOS CAMARA, ; ;;;Queda;;;;Cruz;Pare;Cruzamento;0;1;0;1;0;0;0;0;0;0;0;0;0;(-38.544497 -3.7486);
354868;2020-01-29 23:47:00;RUA 12 PQ SANTANA, 147;, ; 147;;;Colisão;;;;Meio de Quadra;;Longo da via;0;1;1;1;1;0;0;0;0;0;0;0;0;(-38.58174 -3.81317);
354869;2020-01-29 23:10:00;RUA COS ESTELITA, 67;, ; 67;;;Queda;;;;Meio de Quadra;;Longo da via;0;2;0;1;0;0;0;0;0;0;0;0;0;(-38.5386218 -3.72153445);
354875;2020-01-29 22:00:00;RUA TULIPA, 777;, ; 777;;;Atropelamento;;;;Meio de Quadra;;Longo da via;0;3;0;1;0;0;0;0;0;0;0;0;0;(-38.580621 -3.71737358);
354870;2020-01-29 20:56:00;RUA MON HIPOLITO BRASIL, ;, ; ;;;Colisão;;;;Meio de Quadra;;Longo da via;0;1;1;0;0;0;0;0;0;0;0;0;0;(0 0);
359438;2020-01-29 20:40:00;RUA 860 CJ CEARA, ;, ; ;;;Colisão;;;;Meio de Quadra;;Longo da via;1;0;0;1;0;0;0;0;0;0;0;0;0;(-38.599143 -3.769338);
354874;2020-01-29 20:33:00;RUA NOSSA SRA DAS GRACAS, 942;, ; 942;;;Colisão;;;;Meio de Quadra;;Longo da via;0;1;1;1;1;0;0;0;0;0;0;0;0;(-38.55642312 -3.709373882);
354876;2020-01-29 19:46:00;AVENIDA DOMINGOS OLIMPIO, 1301;, ; 1301;;;Atropelamento;;;;Meio de Quadra;;Longo da via;0;1;1;1;0;0;0;0;0;0;0;0;0;(-38.535219 -3.735278);
354878;2020-01-29 19:26:00;LOGRADOURO SEM NOME, ;, ; ;;;Atropelamento;;;;Meio de Quadra;;Longo da via;0;1;1;1;0;0;0;0;0;0;0;0;0;(0 0);
354733;2020-01-29 18:42:00;RUA FRANCISCO DOMINGOS, ;RUA LUZIA MOREIRA, ; ;;;Choque c/ Obstáculo Fixo;Via Iluminada;Bom;Seca;Cruz;Gesto;Cruzamento;0;1;0;0;1;0;0;0;0;0;0;0;0;(-38.59244 -3.77735);
354590;2020-01-29 18:20:00;RD CE-060, ;, ; ;;;Colisão;Anoitecer;;;Meio de Quadra;;Longo da via;0;2;0;0;1;0;1;0;0;0;0;0;0;(-38.582111 -3.834064);
354881;2020-01-29 17:58:00;RUA ELISEU ORIA, ;AVENIDA COS GOMES DE FREITAS (SAPIRANGA/COITE), ; ;;;Colisão;Anoitecer;;;Cruz;Pare;Cruzamento;0;2;0;2;0;0;0;0;0;0;0;0;0;(-38.477418 -3.795487);
354883;2020-01-29 17:55:00;RUA CEL VIRGILIO NOGUEIRA (BOM JARDIM), ;RUA NEREIDE, ; ;;;Colisão;Anoitecer;;;Cruz;Não Há Controle;Cruzamento;0;2;0;2;0;0;0;0;0;0;0;0;0;(-38.60945 -3.791);
354734;2020-01-29 17:30:00;RUA EQUADOR, ;RUA LIVINO DE CARVALHO, ; ;;;Colisão Transversal;Anoitecer;Bom;Seca;Cruz;Pare;Cruzamento;0;1;1;0;2;0;0;0;0;0;0;0;0;(-38.552222 -3.773482);
354884;2020-01-29 17:17:00;RUA OSCAR ARARIPE, 3200;, ; 3200;;;Colisão;Anoitecer;;;Meio de Quadra;;Longo da via;0;1;1;1;1;0;0;0;0;0;0;0;0;(-38.6192492 -3.7849166);
354589;2020-01-29 17:10:00;RD CE-060, ;, ; ;;;Colisão;Anoitecer;;;Meio de Quadra;;Longo da via;0;2;0;0;2;0;0;0;0;0;0;0;0;(-38.582111 -3.834064);
354895;2020-01-29 16:02:00;AVENIDA GAL OSORIO DE PAIVA, 2000;, ; 2000;;;Colisão;Luz do Dia;;;Meio de Quadra;;Longo da via;0;1;1;1;1;0;0;0;0;0;0;0;0;(-38.58003 -3.784199);
354896;2020-01-29 15:59:00;RUA EDUARDO ANGELIM, 726;, ; 726;;;Colisão;Luz do Dia;;;Meio de Quadra;;Longo da via;0;1;1;1;1;0;0;0;0;0;0;0;0;(-38.5463414 -3.76510482);
354897;2020-01-29 14:36:00;AVENIDA C CJ CEARA, 1879;, ; 1879;;;Colisão;Luz do Dia;;;Meio de Quadra;;Longo da via;0;1;1;0;0;0;0;0;0;0;0;0;0;(-38.615964 -3.774855);
354904;2020-01-29 14:30:00;RUA SOLON PINHEIRO, 775;, ; 775;;;Queda;Luz do Dia;;;Meio de Quadra;;Longo da via;0;2;0;1;0;0;0;0;0;0;0;0;0;(-38.5286382 -3.73737538);
354732;2020-01-29 14:20:00;AVENIDA H CJ CEARA, ;RUA DUAS NACOES, ; ;;;Colisão Transversal;Luz do Dia;Bom;Seca;Outros;Pare;Cruzamento;0;0;2;0;2;0;0;0;0;0;0;0;0;(-38.60262 -3.77895);
354588;2020-01-29 14:20:00;RD CE-060, ;, ; ;;;Colisão;Luz do Dia;;;Meio de Quadra;;Longo da via;0;2;0;0;2;0;0;0;0;0;0;0;0;(-38.582111 -3.834064);
354918;2020-01-29 14:07:00;RUA DR FERNANDO AUGUSTO, 251;, ; 251;;;Colisão;Luz do Dia;;;Meio de Quadra;;Longo da via;0;2;0;2;0;0;0;0;0;0;0;0;0;(-38.5960257 -3.79538404);
354920;2020-01-29 13:03:00;AVENIDA IMPERADOR, ;AVENIDA DUQ CAXIAS, ; ;;;Colisão;Luz do Dia;;;Cruz;Semáforo;Cruzamento;0;1;1;1;1;0;0;0;0;0;0;0;0;(-38.535297 -3.730048);
354921;2020-01-29 12:21:00;RUA LEONARDO MOTA, 2507;, ; 2507;;;Colisão;Luz do Dia;;;Meio de Quadra;;Longo da via;0;1;1;1;1;0;0;0;0;0;0;0;0;(-38.499748 -3.747308);
354922;2020-01-29 11:04:00;AVENIDA AUGUSTO DOS ANJOS, 352;, ; 352;;;Colisão;Luz do Dia;;;Meio de Quadra;;Longo da via;0;1;1;1;1;0;0;0;0;0;0;0;0;(-38.5720675 -3.7722755);
354923;2020-01-29 09:07:00;AVENIDA DES MOREIRA, 2621;, ; 2621;;;Colisão;Luz do Dia;;;Meio de Quadra;;Longo da via;0;1;1;1;1;0;0;0;0;0;0;0;0;(-38.502237 -3.7483936);
354924;2020-01-29 08:33:00;AVENIDA CARAPINIMA, 1734;, ; 1734;;;Queda;Luz do Dia;;;Meio de Quadra;;Longo da via;0;1;0;1;0;0;0;0;0;0;0;0;0;(-38.5370295 -3.73688125);
354925;2020-01-29 08:17:00;RUA GAL SAMPAIO, ;RUA SEN ALENCAR, ; ;;;Colisão;Luz do Dia;;;Cruz;Semáforo;Cruzamento;0;1;1;1;0;0;0;1;0;0;0;0;0;(-38.529984 -3.724192);
354926;2020-01-29 07:42:00;AVENIDA F CJ ESPERANCA, 103;, ; 103;;;Colisão;Luz do Dia;;;Meio de Quadra;;Longo da via;0;1;1;0;0;0;0;0;0;0;0;0;0;(-38.5868483 -3.81576846);
354928;2020-01-29 07:25:00;RUA ANTONIO COSTA MENDES (PQ SÃO JOSÉ), ;RUA PLACIDO DE CASTRO, ; ;;;Colisão;Luz do Dia;;;Cruz;Não Há Controle;Cruzamento;0;1;1;1;1;0;0;0;0;0;0;0;0;(-38.584743 -3.79105);
354930;2020-01-29 07:18:00;RUA GUANABARA, ;RUA RIO GRANDE DO NORTE, ; ;;;Colisão;Luz do Dia;;;Cruz;Pare;Cruzamento;0;1;1;1;1;0;0;0;0;0;0;0;0;(-38.569353 -3.757469);
354932;2020-01-29 07:09:00;RUA TULIPA NEGRA, ;RUA PRO CABRAL, ; ;;;Colisão;Luz do Dia;;;;;Cruzamento;0;2;0;2;0;0;0;0;0;0;0;0;0;(-38.59585 -3.82073);
354933;2020-01-29 07:07:00;AVENIDA FRANCISCO SA, 2368;, ; 2368;;;Colisão;Luz do Dia;;;Meio de Quadra;;Longo da via;0;1;1;0;1;0;0;0;0;1;0;0;0;(-38.5473763 -3.7205288);
354934;2020-01-29 06:24:00;RUA ALUISIO AZEVEDO, 145;, ; 145;;;Colisão;Luz do Dia;;;Meio de Quadra;;Longo da via;0;1;1;0;0;0;0;0;0;0;0;0;0;(-38.5743244 -3.77279583);
354935;2020-01-29 06:24:00;RUA BAR RIO BRANCO, ;RUA SAO PAULO, ; ;;;Colisão;Luz do Dia;;;Cruz;Semáforo;Cruzamento;0;1;1;0;0;0;0;0;0;0;0;0;0;(-38.528071 -3.725856);
354568;2020-01-29 05:55:00;AVENIDA PRS COSTA E SILVA, ;AVENIDA M CJ JOSE WALTER, ; ;;;Colisão Transversal;Amanhecer;Bom;Seca;T;Pare;Cruzamento;0;2;1;1;1;0;0;0;0;0;0;0;0;(-38.554973 -3.822098);
354936;2020-01-29 05:51:00;AVENIDA JOAO PESSOA, 5439;, ; 5439;;;Colisão;Amanhecer;;;Meio de Quadra;;Longo da via;0;1;1;0;0;0;0;0;0;0;0;0;0;(-38.55508 -3.75871);
354937;2020-01-29 05:47:00;AVENIDA GAL OSORIO DE PAIVA, 7530;, ; 7530;;;Colisão;Amanhecer;;;Meio de Quadra;;Longo da via;0;1;1;1;1;0;0;0;0;0;0;0;0;(-38.614823 -3.817881);
354938;2020-01-28 22:35:00;AVENIDA WASHINGTON SOARES, 70;, ; 70;;;Colisão;;;;Meio de Quadra;;Longo da via;0;1;1;1;1;0;0;0;0;0;0;0;0;(-38.4903015 -3.7572685);
354939;2020-01-28 20:30:00;RUA RIO GRANDE DO SUL, 389;, ; 389;;;Colisão;;;;Meio de Quadra;;Longo da via;0;1;1;0;0;0;0;0;0;0;0;0;0;(-38.5638043 -3.75275253);
354567;2020-01-28 20:09:00;RUA AFONSO LOPES, ;RUA ACARAPE, ; ;;;Colisão Transversal;;Bom;;Cruz;Não Há Controle;Cruzamento;0;2;0;1;1;0;0;0;0;0;0;0;0;(-38.550292 -3.799906);
354940;2020-01-28 19:26:00;AVENIDA DA UNIVERSIDADE, 3099;, ; 3099;;;Colisão;;;;Meio de Quadra;;Longo da via;0;1;1;0;0;0;0;0;0;0;0;0;0;(-38.5408473 -3.74287627);
354942;2020-01-28 18:36:00;AVENIDA BORGES DE MELO, 404;, ; 404;;;Colisão;;;;Meio de Quadra;;Longo da via;0;1;1;1;1;0;0;0;0;0;0;0;0;(-38.521961 -3.7611395);
354943;2020-01-28 17:30:00;AVENIDA ALBERTO CRAVEIRO, 1111;, ; 1111;;;Queda;Anoitecer;;;Meio de Quadra;;Longo da via;0;1;0;0;0;0;0;0;0;1;0;0;0;(-38.517162 -3.788055);
354944;2020-01-28 17:22:00;RUA VILEBALDO AGUIAR, ;RUA BATISTA DE OLIVEIRA, ; ;;;Colisão;Anoitecer;;;Não Informado;Pare;Cruzamento;0;1;1;0;1;0;0;0;0;1;0;0;0;(-38.480134 -3.743019);
354941;2020-01-28 17:12:00;AVENIDA GODOFREDO MACIEL, 6239;, ; 6239;;;Colisão;Anoitecer;;;Meio de Quadra;;Longo da via;0;2;0;1;1;0;0;0;0;0;0;0;0;(-38.5806856 -3.83015352);
354975;2020-01-28 14:59:00;AVENIDA JOSE BASTOS, ;, ; ;;;Colisão;Luz do Dia;;;Meio de Quadra;;Longo da via;0;2;0;1;1;0;0;0;0;0;0;0;0;(0 0);
354731;2020-01-28 14:43:00;AVENIDA BAR STUDART, ;RUA COSTA BARROS, ; ;;;Colisão Transversal;Luz do Dia;Bom;Seca;Cruz;Semáforo;Cruzamento;0;1;1;1;1;0;0;0;0;0;0;0;0;(-38.505837 -3.732231);
354988;2020-01-28 13:31:00;RUA CAETANO SILVA (A. NUNES), 1060;, ; 1060;;;Queda;Luz do Dia;;;Meio de Quadra;;Longo da via;0;1;0;0;0;0;0;0;0;1;0;0;0;(0 0);
354730;2020-01-28 13:18:00;AVENIDA DES MOREIRA, 2262;, ; 2262;;;Colisão Traseira;Luz do Dia;Bom;Seca;Meio de Quadra;Não Há Controle;Longo da via;0;1;1;1;1;0;0;0;0;0;0;0;0;(-38.501209 -3.745134);
354989;2020-01-28 12:57:00;AVENIDA ROGACIANO LEITE, 2300;, ; 2300;;;Colisão;Luz do Dia;;;Meio de Quadra;;Longo da via;0;1;1;2;0;0;0;0;0;0;0;0;0;(-38.4999884 -3.7754075);
354990;2020-01-28 12:20:00;AVENIDA MIN JOSE AMERICO, 587;, ; 587;;;Colisão;Luz do Dia;;;Meio de Quadra;;Longo da via;0;1;1;1;1;0;0;0;0;0;0;0;0;(-38.4944257 -3.8104117);
354991;2020-01-28 11:44:00;AVENIDA GODOFREDO MACIEL, 5200;, ; 5200;;;Colisão;Luz do Dia;;;Meio de Quadra;;Longo da via;0;1;1;1;1;0;0;0;0;0;0;0;0;(-38.577065 -3.819605);
354992;2020-01-28 11:37:00;RUA RUBENS MONTE D43, 409;, ; 409;;;Colisão;Luz do Dia;;;Meio de Quadra;;Longo da via;0;1;1;1;1;0;0;0;0;0;0;0;0;(-38.566943 -3.801844);
354993;2020-01-28 10:28:00;AVENIDA ENG ALBERTO SA, 569;, ; 569;;;Colisão;Luz do Dia;;;Meio de Quadra;;Longo da via;0;1;1;1;1;0;0;0;0;0;0;0;0;(-38.4750421 -3.73479144);
354994;2020-01-28 09:58:00;RUA ILDEFONSO ALBANO, ;, ; ;;;Colisão;Luz do Dia;;;Meio de Quadra;;Longo da via;0;1;1;1;1;0;0;0;0;0;0;0;0;(0 0);
355014;2020-01-28 08:58:00;RUA L CJ VILA VELHA, 1234;, ; 1234;;;Colisão;Luz do Dia;;;Meio de Quadra;;Longo da via;0;1;1;1;1;0;0;0;0;0;0;0;0;(0 0);
355015;2020-01-28 08:25:00;RUA MONTE FLOR, 1260;, ; 1260;;;Colisão;Luz do Dia;;;Meio de Quadra;;Longo da via;0;2;1;1;1;0;0;0;0;0;0;0;0;(-38.57592 -3.8375);
354587;2020-01-28 07:26:00;RD CE-040, ;, ; ;;;Colisão;Luz do Dia;;;Meio de Quadra;;Longo da via;0;3;0;0;3;0;0;0;0;0;0;0;0;(-38.4817994 -3.773616148);
355016;2020-01-28 07:25:00;RD BR 116, ;, ; ;;;Colisão;Luz do Dia;;;Meio de Quadra;;Longo da via;0;1;1;1;1;0;0;0;0;0;0;0;0;(0 0);
354965;2020-01-28 07:18:00;AVENIDA PERIMETRAL, 1878;, ; 1878;;;Colisão;Luz do Dia;;;Meio de Quadra;;Longo da via;0;1;1;1;1;0;0;0;0;0;0;0;0;(0 0);
355017;2020-01-28 06:19:00;RUA BOA VISTA, 3202;, ; 3202;;;Colisão;Luz do Dia;;;Meio de Quadra;;Longo da via;0;1;1;1;1;0;0;0;0;0;0;0;0;(0 0);
354552;2020-01-27 23:40:00;RUA EQUADOR, ;RUA DOM CARLOTO TAVORA, ; ;;;Colisão Lateral;;Nublado;Seca;Cruz;Pare;Cruzamento;0;1;1;1;1;0;0;0;0;0;0;0;0;(-38.551645 -3.7715);
355018;2020-01-27 21:44:00;RUA OSCAR FRANCA, 3555;, ; 3555;;;Atropelamento;;;;Meio de Quadra;;Longo da via;0;1;1;0;1;0;0;0;0;0;0;0;0;(-38.623274 -3.784538);
354593;2020-01-27 21:30:00;AVENIDA SEN CARLOS JEREISSATI (AEROPORTO), ;, ; ;;;Colisão;;;;Meio de Quadra;;Longo da via;0;2;0;0;2;0;0;0;0;0;0;0;0;(-38.544038 -3.779641);
355019;2020-01-27 19:50:00;RUA PEDRO DE QUEIROZ, 640;, ; 640;;;Colisão;;;;Meio de Quadra;;Longo da via;0;1;1;2;0;0;0;0;0;0;0;0;0;(-38.559509 -3.741235);
354729;2020-01-27 19:46:00;AVENIDA GOV RAUL BARBOSA, 7450;, ; 7450;;;Colisão Lateral;Via Iluminada;Bom;Seca;Meio de Quadra;Semáforo;Longo da via;0;2;1;0;3;0;0;0;0;0;0;0;0;(-38.5133004 -3.77677197);
355020;2020-01-27 19:34:00;AVENIDA CEL CARVALHO, ;AVENIDA DA INDEPENDENCIA, ; ;;;Atropelamento;;;;Cruz;Gesto;Cruzamento;0;1;1;1;0;0;0;0;0;0;0;0;0;(-38.584952 -3.728711);
355021;2020-01-27 19:30:00;RUA PRO VIRGILIO DE MORAIS, 614;, ; 614;;;Colisão;;;;Meio de Quadra;;Longo da via;0;1;1;0;0;0;0;0;0;0;0;0;0;(-38.5971769 -3.753974323);
355022;2020-01-27 18:50:00;RUA ROSA CRUZ, 307;, ; 307;;;Colisão;;;;Meio de Quadra;;Longo da via;0;2;0;0;0;0;0;0;0;0;0;0;0;(-38.5661296 -3.79903288);
355023;2020-01-27 18:30:00;AVENIDA DEP PAULINO ROCHA, 2175;, ; 2175;;;Atropelamento;Anoitecer;;;Meio de Quadra;;Longo da via;0;1;1;1;0;0;0;0;0;0;0;0;0;(-38.516602 -3.810831);
355024;2020-01-27 18:28:00;RUA ASSUNCAO, 757;, ; 757;;;Colisão;Anoitecer;;;Meio de Quadra;;Longo da via;0;1;1;2;0;0;0;0;0;0;0;0;0;(-38.5294553 -3.73691467);
355025;2020-01-27 17:56:00;AVENIDA ROGACIANO LEITE, 2471;, ; 2471;;;Colisão;Anoitecer;;;Meio de Quadra;;Longo da via;0;1;1;1;1;0;0;0;0;0;0;0;0;(-38.500913 -3.777915);
355030;2020-01-27 17:52:00;AVENIDA HERACLITO GRACA, 1245;, ; 1245;;;Atropelamento;Anoitecer;;;Meio de Quadra;;Longo da via;0;1;1;0;1;0;0;0;0;0;0;0;0;(-38.514339 -3.736795);
354728;2020-01-27 17:40:00;RUA FRANCISCO BENTO, ;RUA DNA LIBANIA R. MELO NUNES, ; ;;;Colisão Transversal;Anoitecer;Bom;Seca;;;Cruzamento;0;1;1;1;1;0;0;0;0;0;0;0;0;(-38.57662 -3.81233);
355031;2020-01-27 17:17:00;RUA GAL CLARINDO DE QUEIROZ, ;AVENIDA IMPERADOR, ; ;;;Colisão;Anoitecer;;;Cruz;Semáforo;Cruzamento;0;1;1;1;1;0;0;0;0;0;0;0;0;(-38.535566 -3.730962);
355032;2020-01-27 16:40:00;AVENIDA CASTELO DE CASTRO, 1552;, ; 1552;;;Queda;Luz do Dia;;;Meio de Quadra;;Longo da via;0;1;0;0;0;0;0;0;0;1;0;0;0;(-38.52155599 -3.843355353);
355033;2020-01-27 16:33:00;RUA 39 CJ NOVA ASSUNCAO, 39;, ; 39;;;Queda;Luz do Dia;;;Meio de Quadra;;Longo da via;0;1;0;0;0;0;0;0;0;1;0;0;0;(-38.5120701 -3.85115);
355034;2020-01-27 16:17:00;RUA BOM JESUS (GRANJA LISBOA), 1743;, ; 1743;;;Queda;Luz do Dia;;;Meio de Quadra;;Longo da via;0;1;0;0;0;0;0;0;0;1;0;0;0;(-38.607869 -3.792274);
355035;2020-01-27 16:03:00;AVENIDA CEL CARVALHO, ;RUA RIO TAPAJOS, ; ;;;Colisão;Luz do Dia;;;T;Não Há Controle;Cruzamento;0;1;1;1;1;0;0;0;0;0;0;0;0;(-38.590312 -3.708154);
355036;2020-01-27 15:48:00;RUA ANTONIO FERREIRA, ;RUA ANTONIO FARIAS, ; ;;;Colisão;Luz do Dia;;;Cruz;Não Há Controle;Cruzamento;0;1;1;1;1;0;0;0;0;0;0;0;0;(-38.52826 -3.80018);
354727;2020-01-27 15:29:00;AVENIDA ALM HENRIQUE SABOIA, 505;, ; 505;;;Colisão Traseira;Luz do Dia;Nublado;Seca;Meio de Quadra;Não Há Controle;Longo da via;0;2;1;2;1;0;0;0;0;0;0;0;0;(-38.495514 -3.7510834);
355037;2020-01-27 15:06:00;AVENIDA ABOLICAO, ;RUA VIS MAUA, ; ;;;Colisão;Luz do Dia;;;Cruz;Pare;Cruzamento;0;1;1;0;1;0;0;0;1;0;0;0;0;(-38.496477 -3.727006);
354586;2020-01-27 14:20:00;RD CE-040, ;, ; ;;;Colisão;Luz do Dia;;;Meio de Quadra;;Longo da via;0;2;0;0;2;0;0;0;0;0;0;0;0;(-38.47873348 -3.809596804);
355038;2020-01-27 13:30:00;RUA DOURADO D69, ;, ; ;;;Colisão;Luz do Dia;;;Meio de Quadra;;Longo da via;0;1;1;1;1;0;0;0;0;0;0;0;0;(0 0);
354726;2020-01-27 12:42:00;RUA HERBENE, ;RUA MANUEL ARRUDA, ; ;;;Colisão Transversal;Luz do Dia;Bom;Seca;Cruz;Pare;Cruzamento;0;1;1;1;1;0;0;0;0;0;0;0;0;(-38.504019 -3.828948);
354725;2020-01-27 12:08:00;RUA STA LIDUINA D42, ;RUA JOAO AMORA, ; ;;;Colisão Transversal;Luz do Dia;Bom;Seca;Cruz;Semáforo;Cruzamento;0;2;0;2;0;0;0;0;0;0;0;0;0;(-38.585104 -3.799663);
354585;2020-01-27 11:00:00;AVENIDA SEN CARLOS JEREISSATI (AEROPORTO), ;, ; ;;;Colisão;Luz do Dia;;;Meio de Quadra;;Longo da via;0;2;0;0;1;0;0;0;0;0;0;0;0;(-38.544038 -3.779641);
355039;2020-01-27 10:54:00;RUA DR CORREIA LIMA, 1319;, ; 1319;;;Queda;Luz do Dia;;;Meio de Quadra;;Longo da via;0;1;0;1;0;0;0;0;0;0;0;0;0;(-38.45881 -3.79261);
355040;2020-01-27 10:48:00;RUA SEN POMPEU, 2508;, ; 2508;;;Queda;Luz do Dia;;;Meio de Quadra;;Longo da via;0;1;0;1;0;0;0;0;0;0;0;0;0;(-38.533725 -3.740458);
355041;2020-01-27 10:14:00;AVENIDA GAL OSORIO DE PAIVA, 7775;, ; 7775;;;Queda;Luz do Dia;;;Meio de Quadra;;Longo da via;0;1;0;1;0;0;0;0;0;0;0;0;0;(-38.617259 -3.820401);
354724;2020-01-27 09:46:00;RUA PRO COSTA MENDES, ;RUA FRANCISCA CLOTILDE, ; ;;;Colisão;Luz do Dia;Bom;Seca;Cruz;Pare;Cruzamento;0;2;2;1;1;0;0;0;0;0;0;0;0;(-38.556137 -3.746335);
355042;2020-01-27 09:37:00;RUA MANUEL MOURA, 251;, ; 251;;;Colisão;Luz do Dia;;;Meio de Quadra;;Longo da via;0;1;1;1;1;0;0;0;0;0;0;0;0;(-38.5803 -3.71555);
354723;2020-01-27 09:04:00;RUA JOAO CORDEIRO, ;RUA ROCHA LIMA, ; ;;;Colisão Lateral;Luz do Dia;Bom;Seca;Cruz;Pare;Cruzamento;0;2;0;1;1;0;0;0;0;0;0;0;0;(-38.517275 -3.738);
355043;2020-01-27 09:02:00;AVENIDA PASTEUR, ;RUA CRUZEIRO DO SUL, ; ;;;Colisão;Luz do Dia;;;Cruz;Pare;Cruzamento;0;1;1;1;1;0;0;0;0;0;0;0;0;(-38.559868 -3.714003);
355044;2020-01-27 08:20:00;AVENIDA OLIVEIRA PAIVA, ;, ; ;;;Queda;Luz do Dia;;;Meio de Quadra;;Longo da via;0;1;0;1;0;0;0;0;0;0;0;0;0;(0 0);
355045;2020-01-27 08:10:00;AVENIDA FRANCISCO SA, 6365;, ; 6365;;;Queda;Luz do Dia;;;Meio de Quadra;;Longo da via;0;1;0;1;0;0;0;0;0;0;0;0;0;(-38.58141646 -3.709143451);
355046;2020-01-27 06:47:00;RUA PRO COSTA MENDES, 1264;, ; 1264;;;Colisão;Luz do Dia;;;Meio de Quadra;;Longo da via;0;1;1;1;1;0;0;0;0;0;0;0;0;(-38.550652 -3.75132232);
355047;2020-01-27 06:43:00;RUA PAPI JUNIOR, 268;, ; 268;;;Não informado;Luz do Dia;;;Meio de Quadra;;Longo da via;0;1;1;1;0;0;0;0;0;0;0;0;0;(-38.547926 -3.741672);
354722;2020-01-27 06:40:00;RUA PRO GOMES BRASIL, ;RUA CANDIDO HOLANDA, ; ;;;Colisão;Luz do Dia;Bom;Seca;T;Não Há Controle;Cruzamento;0;2;1;1;0;0;0;1;0;0;0;0;0;(-38.569527 -3.7715852);