COD_ACIDENTE;DATA;LOG1;LOG2;NUMERO;BAIRRO;AMC;NATUREZA;ILUMINACAO;TEMPO;SUPERFICIEPISTA;TIPOCRUZAMENTO;CONTROLETRAFEGO;USOSOLO;MORTOS;FERIDOS;ILESOS;MOTOCICLETA;AUTOMOVEL;MICROONIBUS;CAMINHAO;ONIBUS;CICLOMOTOR;BICICLETA;OUTROS;TREM;TRACAOANIMAL;COORDENADAS
355048;2020-01-27 06:39:00;RUA ASP MENDES, ;, ; ;;;Colisão;Luz do Dia;;;Meio de Quadra;;Longo da via;0;1;1;1;1;0;0;0;0;0;0;0;0;(0 0);
355049;2020-01-27 06:30:00;RUA CARLOS VASCONCELOS, 146;, ; 146;;;Queda;Luz do Dia;;;Meio de Quadra;;Longo da via;0;1;0;0;0;0;0;0;0;1;0;0;0;(-38.5076428 -3.72324417);
355050;2020-01-27 05:53:00;AVENIDA ALBERTO CRAVEIRO, 430;, ; 430;;;Queda;Amanhecer;;;Meio de Quadra;;Longo da via;0;1;0;1;0;0;0;0;0;0;0;0;0;(-38.516476 -3.782591);
355051;2020-01-26 23:33:00;AVENIDA ABOLICAO, 4970;, ; 4970;;;Atropelamento;;;;Meio de Quadra;;Longo da via;0;1;1;0;1;0;0;0;0;0;0;0;0;(0 0);
355052;2020-01-26 23:28:00;RUA JOSE BUSON, 908;, ; 908;;;Queda;;;;Meio de Quadra;;Longo da via;0;1;0;1;0;0;0;0;0;0;0;0;0;(-38.50895 -3.76323);
354720;2020-01-26 21:12:00;AVENIDA CEL CARVALHO, ;RUA ROSINHA SAMPAIO, ; ;;;Colisão;Via Iluminada;Bom;Seca;Cruz;Semáforo;Cruzamento;0;2;1;1;1;0;0;0;0;0;0;0;0;(-38.585413 -3.726938);
355053;2020-01-26 19:39:00;AVENIDA PRS CASTELO BRANCO, ;, ; ;;;Queda;;;;Meio de Quadra;;Longo da via;0;1;0;1;0;0;0;0;0;0;0;0;0;(0 0);
354599;2020-01-26 19:20:00;RD BR 116, 6700;, ; 6700;;;Atropelamento;Via Iluminada;Nublado;Seca;Meio de Quadra;;Longo da via;0;2;0;1;0;0;0;0;0;0;0;0;0;(-38.503053 -3.804691);
355054;2020-01-26 19:00:00;AVENIDA ROGACIANO LEITE, 318;, ; 318;;;Atropelamento;;;;Meio de Quadra;;Longo da via;0;1;1;0;1;0;0;0;0;0;0;0;0;(-38.4929329 -3.7608316);
355055;2020-01-26 18:36:00;RUA NOVO LAR, 1232;, ; 1232;;;Queda;;;;Meio de Quadra;;Longo da via;0;1;0;1;0;0;0;0;0;0;0;0;0;(-38.57625 -3.70052);
355060;2020-01-26 18:35:00;AVENIDA GAL OSORIO DE PAIVA, 4239;, ; 4239;;;Colisão;;;;Meio de Quadra;;Longo da via;0;1;1;1;1;0;0;0;0;0;0;0;0;(-38.59349 -3.79586769);
355061;2020-01-26 17:16:00;RUA CARLOS JUACABA, ;, ; ;;;Colisão;Anoitecer;;;Meio de Quadra;;Longo da via;0;1;1;0;0;0;0;0;0;0;0;0;0;(0 0);
355062;2020-01-26 17:02:00;RUA CEL VIRGILIO NOGUEIRA (BOM JARDIM), 1093;, ; 1093;;;Queda;Anoitecer;;;Meio de Quadra;;Longo da via;0;1;0;1;0;0;0;0;0;0;0;0;0;(-38.60975 -3.79206);
355066;2020-01-26 16:56:00;RUA TEOFREDO GOIANA, ;RUA TEN NICOLAU, ; ;;;Atropelamento;Luz do Dia;;;;;Cruzamento;0;1;1;0;1;0;0;0;0;0;0;0;0;(-38.50526 -3.78918);
354601;2020-01-26 15:55:00;RD BR 020, ;, ; ;;;Colisão;Luz do Dia;Nublado;Molhada;Meio de Quadra;;Longo da via;0;0;7;0;2;0;0;0;0;0;0;0;0;(0 0);
355072;2020-01-26 15:21:00;RUA 23 DE JUNHO, 1008;, ; 1008;;;Atropelamento;Luz do Dia;;;Meio de Quadra;;Longo da via;0;1;1;0;1;0;0;0;0;0;0;0;0;(-38.600738 -3.7840015);
355087;2020-01-26 15:06:00;RUA CON DE CASTRO, 405;, ; 405;;;Queda;Luz do Dia;;;Meio de Quadra;;Longo da via;0;1;0;0;0;0;0;0;0;1;0;0;0;(-38.5666671 -3.77758968);
355089;2020-01-26 14:51:00;AVENIDA ENG HUMBERTO MONTE, ;, ; ;;;Choque c/ Obstáculo Fixo;Luz do Dia;;;Meio de Quadra;;Longo da via;0;1;0;0;1;0;0;0;0;0;0;0;0;(0 0);
355091;2020-01-26 14:43:00;AVENIDA PRS COSTA E SILVA, ;RUA BERNARDO MANUEL, ; ;;;Colisão;Luz do Dia;;;Cruz;Semáforo;Cruzamento;0;1;1;1;1;0;0;0;0;0;0;0;0;(-38.558276 -3.821079);
355099;2020-01-26 14:15:00;RUA ILDEFONSO ALBANO, 2600;, ; 2600;;;Queda;Luz do Dia;;;Meio de Quadra;;Longo da via;0;1;0;1;0;0;0;0;0;0;0;0;0;(-38.516714 -3.743726);
355111;2020-01-26 13:39:00;AVENIDA DA INDEPENDENCIA, 754;, ; 754;;;Colisão;Luz do Dia;;;Meio de Quadra;;Longo da via;0;1;1;0;0;0;0;0;0;0;0;0;0;(-38.58743 -3.72787);
355113;2020-01-26 13:12:00;AVENIDA PRO GOMES DE MATOS, 1326;, ; 1326;;;Colisão;Luz do Dia;;;Meio de Quadra;;Longo da via;0;1;1;1;1;0;0;0;0;0;0;0;0;(-38.547984118 -3.763915912);
354584;2020-01-26 12:48:00;RD CE-040, 7263;, ; 7263;;;Colisão;Luz do Dia;;;Meio de Quadra;;Longo da via;0;1;2;0;2;0;0;0;0;0;0;0;0;(-38.48303286 -3.817159445);
355116;2020-01-26 12:19:00;AVENIDA JOVITA FEITOSA, 1086;, ; 1086;;;Colisão;Luz do Dia;;;Meio de Quadra;;Longo da via;0;1;1;1;1;0;0;0;0;0;0;0;0;(-38.553877 -3.739343);
355118;2020-01-26 10:58:00;RUA NEREU RAMOS, 70;, ; 70;;;Queda;Luz do Dia;;;Meio de Quadra;;Longo da via;0;1;0;1;0;0;0;0;0;0;0;0;0;(-38.5673435 -3.787056);
355117;2020-01-26 10:44:00;AVENIDA PERIMETRAL, ;, ; ;;;Queda;Luz do Dia;;;Meio de Quadra;;Longo da via;0;1;0;1;0;0;0;0;0;0;0;0;0;(0 0);
355119;2020-01-26 09:59:00;RUA COS GOUVEIA, ;RUA ENG JOAO NOGUEIRA, ; ;;;Colisão;Luz do Dia;;;Cruz;Pare;Cruzamento;0;1;1;1;1;0;0;0;0;0;0;0;0;(-38.564143 -3.717019);
355120;2020-01-26 09:35:00;AVENIDA WASHINGTON SOARES, 6055;, ; 6055;;;Queda;Luz do Dia;;;Meio de Quadra;;Longo da via;0;1;0;1;0;0;0;0;0;0;0;0;0;(-38.479154 -3.812163);
355121;2020-01-26 09:23:00;AVENIDA MAE LISBOA, 2049;, ; 2049;;;Queda;Luz do Dia;;;Meio de Quadra;;Longo da via;0;1;0;0;0;0;0;0;0;1;0;0;0;(-38.461197 -3.807628);
355122;2020-01-26 09:04:00;AVENIDA JOSE BASTOS, 5365;, ; 5365;;;Colisão;Luz do Dia;;;Meio de Quadra;;Longo da via;0;1;1;1;1;0;0;0;0;0;0;0;0;(-38.563351 -3.758796);
354719;2020-01-26 09:00:00;AVENIDA ENG HUMBERTO MONTE, 692;, ; 692;;;Não informado;Luz do Dia;Chuva;Molhada;Meio de Quadra;Não Há Controle;Longo da via;0;2;0;1;0;0;0;1;0;0;0;0;0;(-38.5579074 -3.75230485);
355123;2020-01-26 06:57:00;AVENIDA MOZART PINHEIRO DE LUCENA, 472;, ; 472;;;Queda;Luz do Dia;;;Meio de Quadra;;Longo da via;0;1;0;1;0;0;0;0;0;0;0;0;0;(-38.592257 -3.70645);
355124;2020-01-26 06:38:00;AVENIDA RAD JOSE LIMA VERDE, 1268;, ; 1268;;;Não informado;Luz do Dia;;;Meio de Quadra;;Longo da via;0;1;0;1;0;0;0;0;0;0;0;0;0;(-38.591564 -3.70342);
355125;2020-01-26 04:50:00;AVENIDA AUGUSTO DOS ANJOS, 1659;, ; 1659;;;Colisão;;;;Meio de Quadra;;Longo da via;0;4;0;2;0;0;0;0;0;0;0;0;0;(-38.579816 -3.780923);
355126;2020-01-26 03:08:00;AVENIDA I CJ JOSE WALTER, 1020;, ; 1020;;;Queda;;;;Meio de Quadra;;Longo da via;0;1;0;1;0;0;0;0;0;0;0;0;0;(-38.55314 -3.8330545);
355127;2020-01-26 02:51:00;AVENIDA DR SILAS MUNGUBA, 5255;, ; 5255;;;Colisão;;;;Meio de Quadra;;Longo da via;0;1;1;0;0;0;0;0;0;0;0;0;0;(-38.530752 -3.799334);
355128;2020-01-26 02:28:00;AVENIDA CENTRAL CJ CEARA, 406;, ; 406;;;Colisão;;;;Meio de Quadra;;Longo da via;0;2;0;2;0;0;0;0;0;0;0;0;0;(-38.47215 -3.75071);
355129;2020-01-26 01:22:00;RUA FARIAS LEMOS, 1136;, ; 1136;;;Queda;;;;Meio de Quadra;;Longo da via;0;2;0;1;0;0;0;0;0;0;0;0;0;(-38.49266 -3.81714);
354718;2020-01-26 00:40:00;AVENIDA ENG SANTANA JUNIOR, 1315;, ; 1315;;;Choque c/ Obstáculo Fixo;Via Iluminada;Bom;Seca;Meio de Quadra;Não Há Controle;Longo da via;1;0;0;1;0;0;0;0;0;0;0;0;0;(-38.484333143 -3.739237857);
355130;2020-01-26 00:32:00;RUA PEDRO LAZAR, ;, ; ;;;Colisão;;;;Meio de Quadra;;Longo da via;0;1;1;0;2;0;0;0;0;0;0;0;0;(0 0);
354582;2020-01-26 00:22:00;AVENIDA MIN JOSE AMERICO, ;, ; ;;;Colisão;;;;Meio de Quadra;;Longo da via;0;2;0;0;2;0;0;0;0;0;0;0;0;(0 0);
354583;2020-01-26 00:00:00;AVENIDA SEN CARLOS JEREISSATI (AEROPORTO), ;, ; ;;;Choque c/ Obstáculo Fixo;;;;Meio de Quadra;;Longo da via;0;1;0;0;1;0;0;0;0;0;0;0;0;(0 0);
355132;2020-01-25 23:40:00;AVENIDA WASHINGTON SOARES, ;, ; ;;;Colisão;;;;Meio de Quadra;;Longo da via;0;1;1;0;0;0;0;0;0;0;0;0;0;(0 0);
355134;2020-01-25 23:15:00;AVENIDA CONTORNO OESTE D71, ;AVENIDA CONTORNO SUL D71, ; ;;;Colisão;;;;;;Cruzamento;0;1;1;2;0;0;0;0;0;0;0;0;0;(-38.59757 -3.84022);
355136;2020-01-25 22:57:00;RUA PRO RAIMUNDO ARRUDA, ;, ; ;;;Colisão;;;;Meio de Quadra;;Longo da via;0;1;1;0;2;0;0;0;0;0;0;0;0;(0 0);
355137;2020-01-25 22:14:00;RUA FRE GALVAO D64, ;, ; ;;;Queda;;;;Meio de Quadra;;Longo da via;0;2;0;1;0;0;0;0;0;0;0;0;0;(0 0);
355138;2020-01-25 21:18:00;AVENIDA OLIVEIRA PAIVA, ;RUA CHICO LEMOS, ; ;;;Queda;;;;Cruz;Semáforo;Cruzamento;0;1;0;1;0;0;0;0;0;0;0;0;0;(-38.497091 -3.795857);
355139;2020-01-25 21:03:00;RUA POMPILIO GOMES, ;RUA MARIA AMALIA, ; ;;;Colisão;;;;Cruz;Semáforo;Cruzamento;0;1;1;1;1;0;0;0;0;0;0;0;0;(-38.520415 -3.812754);
355140;2020-01-25 20:47:00;RUA VICENTE DE CASTRO FILHO, 1750;, ; 1750;;;Colisão;;;;Meio de Quadra;;Longo da via;0;1;1;0;2;0;0;0;0;0;0;0;0;(-38.48355 -3.7821716);
355141;2020-01-25 19:41:00;RUA LAURO NOGUEIRA, 1201;, ; 1201;;;Colisão;;;;Meio de Quadra;;Longo da via;0;1;1;1;1;0;0;0;0;0;0;0;0;(-38.47504 -3.74109);
355142;2020-01-25 18:39:00;AVENIDA SANTOS DUMONT, ;RUA ANTONIO AUGUSTO, ; ;;;Colisão;;;;Cruz;Pare;Cruzamento;0;1;1;1;1;0;0;0;0;0;0;0;0;(-38.513733 -3.731222);
355143;2020-01-25 17:56:00;AVENIDA CARNEIRO DE MENDONCA, 1852;, ; 1852;;;Colisão;Anoitecer;;;Meio de Quadra;;Longo da via;0;1;1;2;0;0;0;0;0;0;0;0;0;(-38.5750051 -3.75994914);
355144;2020-01-25 17:12:00;AVENIDA ODILON GUIMARAES, ;, ; ;;;Colisão;Anoitecer;;;Meio de Quadra;;Longo da via;0;1;1;1;1;0;0;0;0;0;0;0;0;(0 0);
355145;2020-01-25 16:52:00;RUA SEN ALENCAR, 311;, ; 311;;;Colisão;Luz do Dia;;;Meio de Quadra;;Longo da via;0;1;1;1;1;0;0;0;0;0;0;0;0;(-38.528911 -3.724526);
355146;2020-01-25 16:13:00;RUA CEL JOAO CORREIA, 1801;, ; 1801;;;Atropelamento de Animal;Luz do Dia;;;Meio de Quadra;;Longo da via;0;1;0;1;0;0;0;0;0;0;0;0;0;(-38.6076765 -3.79079537);
355173;2020-01-25 15:34:00;RUA PEREIRA COUTINHO, 997;, ; 997;;;Colisão;Luz do Dia;;;Meio de Quadra;;Longo da via;0;1;1;1;1;0;0;0;0;0;0;0;0;(-38.486337 -3.7325901);
355175;2020-01-25 15:13:00;AVENIDA DR SILAS MUNGUBA, 4493;, ; 4493;;;Colisão;Luz do Dia;;;Meio de Quadra;;Longo da via;0;1;1;2;0;0;0;0;0;0;0;0;0;(-38.5352876 -3.79284267);
355177;2020-01-25 14:31:00;TRAVESSA RIO DE JANEIRO, ;RUA PRO HERIBALDO COSTA, ; ;;;Colisão;Luz do Dia;;;Cruz;Não Há Controle;Cruzamento;0;1;1;1;1;0;0;0;0;0;0;0;0;(-38.588887 -3.769584);
355179;2020-01-25 13:52:00;AVENIDA AUGUSTO DOS ANJOS, 2089;, ; 2089;;;Colisão;Luz do Dia;;;Meio de Quadra;;Longo da via;0;1;1;0;0;0;0;0;0;0;0;0;0;(-38.582329 -3.78382);
355184;2020-01-25 13:30:00;RUA ENG JAIME ROLEMBERG, 277;, ; 277;;;Colisão;Luz do Dia;;;Meio de Quadra;;Longo da via;0;1;1;1;1;0;0;0;0;0;0;0;0;(-38.56229 -3.80261);
355188;2020-01-25 13:29:00;RUA MONTE LIBANO, 280;, ; 280;;;Colisão;Luz do Dia;;;Meio de Quadra;;Longo da via;0;1;2;1;1;0;0;0;0;0;0;0;0;(-38.560749 -3.823193);
354717;2020-01-25 13:23:00;RUA DR JOAQUIM BENTO, ;RUA TOME DE SOUZA, ; ;;;Colisão Transversal;Luz do Dia;Bom;Seca;T;Não Há Controle;Cruzamento;0;1;1;1;1;0;0;0;0;0;0;0;0;(-38.486128 -3.828285);
354716;2020-01-25 13:06:00;RUA DR JOSE LOURENCO, ;RUA PINHO PESSOA, ; ;;;Não informado;Luz do Dia;Bom;Seca;Cruz;Pare;Cruzamento;0;2;0;0;2;0;0;0;0;0;0;0;0;(-38.511254 -3.745487);
355194;2020-01-25 12:56:00;AVENIDA DOS EXPEDICIONARIOS, 4680;, ; 4680;;;Colisão;Luz do Dia;;;Meio de Quadra;;Longo da via;0;1;1;1;1;0;0;0;0;0;0;0;0;(-38.539477 -3.759299);
355196;2020-01-25 12:42:00;AVENIDA A CJ CEARA, ;AVENIDA H CJ CEARA, ; ;;;Colisão;Luz do Dia;;;Cruz;Semáforo;Cruzamento;0;1;1;2;0;0;0;0;0;0;0;0;0;(-38.605924 -3.775146);
355199;2020-01-25 11:04:00;AVENIDA MAJ ASSIS, ;RUA ALBERTO FERREIRA, ; ;;;Atropelamento;Luz do Dia;;;Cruz;Pare;Cruzamento;0;1;1;1;0;0;0;0;0;0;0;0;0;(-38.583403 -3.72405);
355200;2020-01-25 10:40:00;RUA MANUEL CASTELO BRANCO, 248;, ; 248;;;Atropelamento;Luz do Dia;;;Meio de Quadra;;Longo da via;0;1;1;1;0;0;0;0;0;0;0;0;0;(-38.49185 -3.83197);
354548;2020-01-25 10:09:00;AVENIDA CEL CARVALHO, ;RUA RIO TAPAJOS, ; ;;;Colisão Lateral;Luz do Dia;Bom;Seca;T;Não Há Controle;Cruzamento;0;1;1;1;1;0;0;0;0;0;0;0;0;(-38.590312 -3.708154);
355201;2020-01-25 09:31:00;RD BR 116, 13000;, ; 13000;;;Colisão;Luz do Dia;;;Meio de Quadra;;Longo da via;0;1;1;1;1;0;0;0;0;0;0;0;0;(-38.497727 -3.86467);
354715;2020-01-25 08:09:00;RUA MARANHAO, ;RUA STA CATARINA (BELA VISTA / PAN AMERICANO), ; ;;;Colisão Lateral;Luz do Dia;Bom;Seca;;;Cruzamento;0;1;1;1;1;0;0;0;0;0;0;0;0;(-38.566283 -3.755315);
355202;2020-01-25 07:34:00;RUA LONDRINA, ;RUA ITAJAI, ; ;;;Colisão;Luz do Dia;;;Cruz;Pare;Cruzamento;0;1;1;1;1;0;0;0;0;0;0;0;0;(-38.595597 -3.783176);
355203;2020-01-25 05:42:00;RUA MAL DEODORO, 686;, ; 686;;;Colisão;Amanhecer;;;Meio de Quadra;;Longo da via;0;2;1;1;1;0;0;0;0;0;0;0;0;(-38.535963 -3.74172);
354714;2020-01-25 04:02:00;RUA PESSOA ANTA, ;RUA GUILHERME BLHUM, ; ;;;Colisão Lateral;Via Iluminada;Bom;Seca;T;Não Há Controle;Cruzamento;0;1;1;1;1;0;0;0;0;0;0;0;0;(-38.522017 -3.721113);
355204;2020-01-25 03:13:00;AVENIDA JOSE BASTOS, ;, ; ;;;Queda;;;;Meio de Quadra;;Longo da via;0;1;0;1;0;0;0;0;0;0;0;0;0;(0 0);
355343;2020-01-24 23:04:00;RUA PRO COSTA MENDES, 917;, ; 917;;;Colisão;;;;Meio de Quadra;;Longo da via;0;2;0;0;0;0;0;0;0;0;0;0;0;(-38.548336 -3.7534518);
355342;2020-01-24 22:02:00;RUA CAROLINA SUCUPIRA, 1820;, ; 1820;;;Colisão;;;;Meio de Quadra;;Longo da via;0;1;1;1;1;0;0;0;0;0;0;0;0;(-38.49814 -3.74179);
354713;2020-01-24 20:27:00;RUA JACINTO MATOS, ;RUA MON DANTAS, ; ;;;Colisão;Via Iluminada;Bom;Seca;Cruz;Semáforo;Cruzamento;0;2;1;0;2;0;0;0;0;0;0;0;0;(-38.5468 -3.719714);
355341;2020-01-24 20:21:00;RUA PRO HERIBALDO COSTA, ;RUA PORTO ALEGRE, ; ;;;Colisão;;;;Cruz;Não Há Controle;Cruzamento;0;1;1;1;1;0;0;0;0;0;0;0;0;(-38.585433 -3.762997);
354547;2020-01-24 19:53:00;AVENIDA ANTONIO JUSTA, ;AVENIDA SEN VIRGILIO TAVORA, ; ;;;Colisão Lateral;;Bom;Seca;Cruz;Semáforo;Cruzamento;0;1;1;1;1;0;0;0;0;0;0;0;0;(-38.490692 -3.728875);
355340;2020-01-24 19:51:00;RUA PORTO VELHO, 1832;, ; 1832;;;Queda;;;;Meio de Quadra;;Longo da via;0;1;0;1;0;0;0;0;0;0;0;0;0;(-38.594715 -3.761949);
355339;2020-01-24 18:57:00;AVENIDA WASHINGTON LUIS, 35;, ; 35;;;Colisão;;;;Meio de Quadra;;Longo da via;0;1;1;1;1;0;0;0;0;0;0;0;0;(-38.5891172 -3.717481);
355338;2020-01-24 18:40:00;RUA COSTA BARROS, 787;, ; 787;;;Atropelamento de Animal;;;;Meio de Quadra;;Longo da via;0;2;0;1;0;0;0;0;0;0;0;0;0;(-38.5166543 -3.728699);
355337;2020-01-24 18:00:00;AVENIDA JOSE BASTOS, 3000;, ; 3000;;;Colisão;Anoitecer;;;Meio de Quadra;;Longo da via;0;1;1;0;0;0;0;0;0;0;0;0;0;(-38.5472955 -3.746855);
355336;2020-01-24 17:42:00;AVENIDA ABOLICAO, 3877;, ; 3877;;;Colisão;Anoitecer;;;Meio de Quadra;;Longo da via;0;1;1;2;0;0;0;0;0;0;0;0;0;(-38.48346 -3.7249706);
355335;2020-01-24 17:26:00;RUA LUIS VIEIRA, 490;, ; 490;;;Colisão;Anoitecer;;;Meio de Quadra;;Longo da via;0;1;1;1;1;0;0;0;0;0;0;0;0;(-38.587389 -3.79404);
355334;2020-01-24 16:43:00;RUA SAO BERNARDO DE CAMPOS, 344;, ; 344;;;Colisão;Luz do Dia;;;Meio de Quadra;;Longo da via;0;1;1;1;1;0;0;0;0;0;0;0;0;(-38.47544 -3.72174);
354711;2020-01-24 16:38:00;RUA VALMIR PONTES, ;RUA XIV JAO ESMEC, ; ;;;Não informado;Luz do Dia;Bom;Seca;Meio de Quadra;Não Há Controle;Cruzamento;0;2;0;0;2;0;0;0;0;0;0;0;0;(-38.59619 -3.72725);
355333;2020-01-24 16:30:00;RUA AFONSO HENRIQUE, 911;, ; 911;;;Colisão;Luz do Dia;;;Meio de Quadra;;Longo da via;0;1;1;1;1;0;0;0;0;0;0;0;0;(-38.484761 -3.82540326);
355332;2020-01-24 15:56:00;AVENIDA PRS JUSCELINO KUBITSCHEK (PASSARÉ), ;, ; ;;;Colisão;Luz do Dia;;;Meio de Quadra;;Longo da via;0;1;1;1;1;0;0;0;0;0;0;0;0;(0 0);
354710;2020-01-24 15:22:00;AVENIDA PRS COSTA E SILVA, 2403;, ; 2403;;;Colisão Lateral;Luz do Dia;Bom;Seca;Meio de Quadra;Não Há Controle;Longo da via;0;1;1;1;1;0;0;0;0;0;0;0;0;(-38.560997 -3.8197656);
355330;2020-01-24 15:07:00;RUA DOM JERONIMO D06, 899;, ; 899;;;Colisão;Luz do Dia;;;Meio de Quadra;;Longo da via;0;1;1;1;1;0;0;0;0;0;0;0;0;(-38.5421997 -3.73928243);
357686;2020-01-24 15:02:00;RD QUARTO ANEL VIARIO, ;, ; ;;;Colisão;Luz do Dia;;;Meio de Quadra;;Longo da via;0;4;1;0;1;0;0;1;0;0;0;0;0;(0 0);
354602;2020-01-24 14:50:00;RD BR 020, ;, ; ;;;Colisão Transversal;Luz do Dia;Bom;Seca;Meio de Quadra;;Longo da via;0;2;2;0;1;0;1;0;0;0;0;0;0;(-38.524 -3.863);
354712;2020-01-24 14:45:00;RUA ASSUNCAO, 757;, ; 757;;;Colisão Lateral;Luz do Dia;Bom;Seca;Meio de Quadra;Semáforo;Longo da via;0;2;0;1;1;0;0;0;0;0;0;0;0;(-38.5294553 -3.73691467);
354709;2020-01-24 14:23:00;AVENIDA PRO GOMES DE MATOS, ;RUA ANDRE CHAVES, ; ;;;Colisão Transversal;Luz do Dia;Bom;Seca;Cruz;Semáforo;Cruzamento;0;1;2;1;0;0;0;1;0;0;0;0;0;(-38.541533 -3.756396);
354603;2020-01-24 14:20:00;RD BR 222, 3100;, ; 3100;;;Colisão Traseira;Luz do Dia;Bom;Seca;Meio de Quadra;;Longo da via;0;1;1;1;1;0;0;0;0;0;0;0;0;(-38.59594097 -3.740300848);
355325;2020-01-24 14:12:00;AVENIDA PRS COSTA E SILVA, ;, ; ;;;Colisão;Luz do Dia;;;Meio de Quadra;;Longo da via;0;1;1;2;0;0;0;0;0;0;0;0;0;(0 0);
354708;2020-01-24 13:38:00;AVENIDA HERACLITO GRACA, 826;, ; 826;;;Não informado;Luz do Dia;Bom;Seca;Meio de Quadra;Semáforo;Longo da via;0;2;0;0;1;0;0;0;0;0;0;0;0;(-38.517456 -3.735774);
355324;2020-01-24 12:32:00;AVENIDA DUQ CAXIAS, 137;, ; 137;;;Atropelamento;Luz do Dia;;;Meio de Quadra;;Longo da via;0;1;1;0;1;0;0;0;0;0;0;0;0;(-38.52601 -3.7330947);
355596;2020-01-24 12:20:00;AVENIDA JOSE SABOIA, 1006;, ; 1006;;;Colisão;Luz do Dia;;;Meio de Quadra;;Longo da via;0;2;0;0;2;0;0;0;0;0;0;0;0;(-38.4654182 -3.71877278);
355323;2020-01-24 11:21:00;RUA NICOLAU COELHO, 250;, ; 250;;;Colisão;Luz do Dia;;;Meio de Quadra;;Longo da via;0;1;1;1;1;0;0;0;0;0;0;0;0;(-38.4921607 -3.81325535);
355321;2020-01-24 11:18:00;AVENIDA JOVITA FEITOSA, 125;, ; 125;;;Colisão;Luz do Dia;;;Meio de Quadra;;Longo da via;0;2;0;2;0;0;0;0;0;0;0;0;0;(-38.544748 -3.737437);
355320;2020-01-24 11:07:00;RUA CEL JOAO OLIVEIRA, 250;, ; 250;;;Colisão;Luz do Dia;;;Meio de Quadra;;Longo da via;0;1;1;1;1;0;0;0;0;0;0;0;0;(-38.492463 -3.822281);
355319;2020-01-24 11:02:00;AVENIDA GAL OSORIO DE PAIVA, 2384;, ; 2384;;;Colisão;Luz do Dia;;;Meio de Quadra;;Longo da via;0;1;1;2;0;0;0;0;0;0;0;0;0;(-38.5830958 -3.78614497);
355317;2020-01-24 10:19:00;AVENIDA GAL OSORIO DE PAIVA, 1645;, ; 1645;;;Atropelamento;Luz do Dia;;;Meio de Quadra;;Longo da via;0;1;1;1;0;0;0;0;0;0;0;0;0;(-38.5765621 -3.78201277);
355315;2020-01-24 10:06:00;AVENIDA ENG LEAL LIMA VERDE (SAPIRANGA/COITE), 2505;, ; 2505;;;Colisão;Luz do Dia;;;Meio de Quadra;;Longo da via;0;1;1;0;0;0;0;0;0;0;0;0;0;(-38.47436335 -3.811237596);
355311;2020-01-24 09:40:00;RUA MANUEL DE QUEIROZ, ;RUA BENTO ALBUQUERQUE, ; ;;;Colisão;Luz do Dia;;;Cruz;Pare;Cruzamento;0;1;1;2;0;0;0;0;0;0;0;0;0;(-38.467393 -3.748837);
354707;2020-01-24 09:35:00;RUA JULIO CESAR D12, ;RUA DELMIRO FARIAS, ; ;;;Colisão Transversal;Luz do Dia;Bom;Seca;Cruz;Pare;Cruzamento;0;1;1;0;2;0;0;0;0;0;0;0;0;(-38.54507 -3.752508);
355309;2020-01-24 09:10:00;RUA OSCAR ROMERO, 502;, ; 502;;;Outros;Luz do Dia;;;Meio de Quadra;;Longo da via;0;1;1;0;0;0;0;1;0;0;0;0;0;(-38.5719 -3.83211);
355212;2020-01-24 08:56:00;AVENIDA ENG SANTANA JUNIOR, 699;, ; 699;;;Atropelamento;Luz do Dia;;;Meio de Quadra;;Longo da via;0;1;1;0;1;0;0;0;0;0;0;0;0;(-38.4812369 -3.73431815);
355211;2020-01-24 08:05:00;RUA HOLANDA, ;RUA CARLOS JUACABA, ; ;;;Colisão;Luz do Dia;;;T;Pare;Cruzamento;0;1;1;1;1;0;0;0;0;0;0;0;0;(-38.563551 -3.795545);
355210;2020-01-24 07:57:00;RUA ILDEFONSO ALBANO, 2540;, ; 2540;;;Queda;Luz do Dia;;;Meio de Quadra;;Longo da via;0;1;0;1;0;0;0;0;0;0;0;0;0;(-38.516695 -3.743663);
355209;2020-01-24 07:50:00;RUA VITAL BRASIL, 1132;, ; 1132;;;Colisão;Luz do Dia;;;Meio de Quadra;;Longo da via;0;2;0;0;0;0;0;0;0;0;0;0;0;(-38.591569 -3.779826);
355208;2020-01-24 07:26:00;RUA GETULIO VARGAS, 2664;, ; 2664;;;Colisão;Luz do Dia;;;Meio de Quadra;;Longo da via;0;2;0;2;0;0;0;0;0;0;0;0;0;(0 0);
355207;2020-01-24 07:01:00;AVENIDA CARNEIRO DE MENDONCA, 694;, ; 694;;;Colisão;Luz do Dia;;;Meio de Quadra;;Longo da via;0;1;1;1;1;0;0;0;0;0;0;0;0;(-38.565815077 -3.764600078);
355206;2020-01-24 06:27:00;RUA CON DE CASTRO, 2836;, ; 2836;;;Colisão;Luz do Dia;;;Meio de Quadra;;Longo da via;0;1;1;0;1;0;0;0;0;1;0;0;0;(-38.5816869 -3.793937);
355205;2020-01-24 00:43:00;RUA ANGELICA GURGEL, ;, ; ;;;Colisão;;;;Meio de Quadra;;Longo da via;0;1;1;1;1;0;0;0;0;0;0;0;0;(0 0);