COD_ACIDENTE;DATA;LOG1;LOG2;NUMERO;BAIRRO;AMC;NATUREZA;ILUMINACAO;TEMPO;SUPERFICIEPISTA;TIPOCRUZAMENTO;CONTROLETRAFEGO;USOSOLO;MORTOS;FERIDOS;ILESOS;MOTOCICLETA;AUTOMOVEL;MICROONIBUS;CAMINHAO;ONIBUS;CICLOMOTOR;BICICLETA;OUTROS;TREM;TRACAOANIMAL;COORDENADAS
355533;2020-01-23 23:09:00;AVENIDA BEZERRA DE MENEZES, ;, ; ;;;Colisão;;;;Meio de Quadra;;Longo da via;0;3;0;1;1;0;0;0;0;0;0;0;0;(0 0);
354605;2020-01-23 23:00:00;RD BR 222, ;, ; ;;;Colisão Lateral;Via Iluminada;Bom;Seca;Meio de Quadra;;Longo da via;0;2;1;1;1;0;0;0;0;0;0;0;0;(-38.569197 -3.736664);
354581;2020-01-23 22:30:00;AVENIDA SEN CARLOS JEREISSATI (AEROPORTO), ;, ; ;;;Colisão;;;;Meio de Quadra;;Longo da via;0;1;1;0;1;0;1;0;0;0;0;0;0;(-38.52685 -3.783753);
354579;2020-01-23 22:00:00;RD CE-025, ;, ; ;;;Colisão;;;;Meio de Quadra;;Longo da via;0;2;0;1;1;0;0;0;0;0;0;0;0;(-38.46108452 -3.807634505);
355532;2020-01-23 21:19:00;RUA VALPARAISO, ;, ; ;;;Colisão;;;;Meio de Quadra;;Longo da via;0;2;0;0;1;0;0;0;0;1;0;0;0;(0 0);
355531;2020-01-23 20:27:00;RUA JULIO CESAR D12, 2194;, ; 2194;;;Colisão;;;;Meio de Quadra;;Longo da via;0;2;0;1;1;0;0;0;0;0;0;0;0;(-38.551326 -3.760264);
355530;2020-01-23 18:17:00;AVENIDA SGT HERMINIO SAMPAIO, 1823;, ; 1823;;;Colisão;Anoitecer;;;Meio de Quadra;;Longo da via;0;2;0;1;1;0;0;0;0;0;0;0;0;(-38.557016 -3.725727);
355529;2020-01-23 17:51:00;AVENIDA OLIVEIRA PAIVA, 890;, ; 890;;;Colisão;Anoitecer;;;Meio de Quadra;;Longo da via;0;2;0;1;1;0;0;0;0;0;0;0;0;(-38.49814 -3.7963686);
355528;2020-01-23 17:48:00;AVENIDA JOR THOMAZ COELHO, 1860;, ; 1860;;;Colisão;Anoitecer;;;Meio de Quadra;;Longo da via;0;1;0;0;0;0;0;0;0;0;0;0;0;(-38.511181 -3.829318);
355527;2020-01-23 17:47:00;RD QUARTO ANEL VIARIO, ;RD BR 116, ; ;;;Queda;Anoitecer;;;;;Cruzamento;0;1;0;1;0;0;0;0;0;0;0;0;0;(-38.49842 -3.87148);
354607;2020-01-23 17:30:00;RD BR 116, 4700;, ; 4700;;;Colisão Traseira;Anoitecer;Bom;Seca;Meio de Quadra;;Longo da via;0;2;0;2;0;0;0;0;0;0;0;0;0;(-38.503869 -3.802354);
355526;2020-01-23 17:06:00;RUA CASTRO E SILVA, 26;, ; 26;;;Colisão;Anoitecer;;;Meio de Quadra;;Longo da via;0;2;0;1;1;0;0;0;0;0;0;0;0;(-38.525594 -3.724369);
354706;2020-01-23 16:49:00;RUA JOAO CORDEIRO, ;RUA ROCHA LIMA, ; ;;;Colisão Transversal;Luz do Dia;Bom;Seca;Cruz;Pare;Cruzamento;0;1;3;0;3;0;0;0;0;0;0;0;0;(-38.517275 -3.738);
355525;2020-01-23 16:37:00;RUA ESPIRITO SANTO, 918;, ; 918;;;Colisão;Luz do Dia;;;Meio de Quadra;;Longo da via;0;1;1;2;0;0;0;0;0;0;0;0;0;(-38.570182 -3.756095);
355593;2020-01-23 16:30:00;RUA TRILHO, 334;, ; 334;;;Colisão;Luz do Dia;;;Meio de Quadra;;Longo da via;0;1;0;0;1;0;0;0;0;0;0;0;0;(-38.53261 -3.71961);
355507;2020-01-23 16:11:00;AVENIDA JOSE JATAHY, ;AVENIDA FRANCISCO SA, ; ;;;Colisão;Luz do Dia;;;T;Pare;Cruzamento;0;1;0;0;0;0;0;0;0;0;0;0;0;(-38.5467873 -3.720876);
355506;2020-01-23 15:37:00;RUA NELSON COELHO, 288;, ; 288;;;Queda;Luz do Dia;;;Meio de Quadra;;Longo da via;0;1;0;1;0;0;0;0;0;0;0;0;0;(-38.463828 -3.827993);
354705;2020-01-23 15:08:00;AVENIDA ABOLICAO, 4036;, ; 4036;;;Queda;Luz do Dia;Bom;Seca;Meio de Quadra;Não Há Controle;Longo da via;0;1;1;0;0;0;0;1;0;0;0;0;0;(-38.481323 -3.7235396);
354703;2020-01-23 14:31:00;AVENIDA DEP PAULINO ROCHA, ;, ; ;;;Choque c/ Obstáculo Fixo;Luz do Dia;Bom;Seca;Meio de Quadra;Não Há Controle;Longo da via;0;0;1;0;1;0;0;0;0;0;0;0;0;(-38.51709 -3.8106072);
355505;2020-01-23 13:41:00;AVENIDA H CJ CEARA, 1535;, ; 1535;;;Colisão;Luz do Dia;;;Meio de Quadra;;Longo da via;0;1;0;0;0;0;0;0;0;0;0;0;0;(-38.611523 -3.775983);
355504;2020-01-23 13:41:00;AVENIDA DOS EXPEDICIONARIOS, ;RUA ALM RUFINO, ; ;;;Queda;Luz do Dia;;;Cruz;Semáforo;Cruzamento;0;1;0;1;0;0;0;0;0;0;0;0;0;(-38.541286 -3.765289);
354704;2020-01-23 13:30:00;AVENIDA JOAO PESSOA, 5061;, ; 5061;;;Colisão Traseira;Luz do Dia;Bom;Seca;Meio de Quadra;Não Há Controle;Longo da via;0;0;2;0;2;0;0;0;0;0;0;0;0;(-38.552846 -3.75615);
355503;2020-01-23 13:04:00;RUA VALPARAISO, 101;, ; 101;;;Colisão;Luz do Dia;;;Meio de Quadra;;Longo da via;0;2;0;1;1;0;0;0;0;0;0;0;0;(-38.5215639 -3.8464528);
355502;2020-01-23 12:23:00;AVENIDA JOSE LEON, 1133;, ; 1133;;;Colisão;Luz do Dia;;;Meio de Quadra;;Longo da via;0;2;0;1;1;0;0;0;0;0;0;0;0;(-38.5012271 -3.787962);
355501;2020-01-23 12:06:00;AVENIDA PERIMETRAL, 351;, ; 351;;;Colisão;Luz do Dia;;;Meio de Quadra;;Longo da via;0;2;0;1;1;0;0;0;0;0;0;0;0;(0 0);
355500;2020-01-23 11:46:00;RUA PRO GOMES BRASIL, 149;, ; 149;;;Atropelamento;Luz do Dia;;;Meio de Quadra;;Longo da via;0;2;0;0;1;0;0;0;0;0;0;0;0;(-38.5674548 -3.77428571);
355499;2020-01-23 10:23:00;RUA ALVARO DE ALENCAR, 500;, ; 500;;;Atropelamento;Luz do Dia;;;Meio de Quadra;;Longo da via;0;1;1;1;0;0;0;0;0;0;0;0;0;(-38.5580158 -3.71584471);
355497;2020-01-23 09:09:00;AVENIDA DOS EXPEDICIONARIOS, 5005;, ; 5005;;;Colisão;Luz do Dia;;;Meio de Quadra;;Longo da via;0;2;0;1;1;0;0;0;0;0;0;0;0;(-38.540839 -3.763679);
354702;2020-01-23 09:09:00;RUA MON HIPOLITO BRASIL, 223;, ; 223;;;Colisão Transversal;Luz do Dia;Nublado;Seca;Meio de Quadra;Não Há Controle;Longo da via;0;1;1;1;1;0;0;0;0;0;0;0;0;(-38.5754364 -3.760711);
355496;2020-01-23 08:47:00;RUA CACHOEIRA ALEGRE, 576;, ; 576;;;Colisão;Luz do Dia;;;Meio de Quadra;;Longo da via;0;2;0;1;1;0;0;0;0;0;0;0;0;(-38.58214 -3.82519);
355494;2020-01-23 08:20:00;AVENIDA CESAR CALS, 1457;, ; 1457;;;Colisão;Luz do Dia;;;Meio de Quadra;;Longo da via;0;1;1;1;1;0;0;0;0;0;0;0;0;(-38.459395 -3.730496);
355492;2020-01-23 07:40:00;AVENIDA DEP PAULINO ROCHA, 2171;, ; 2171;;;Colisão;Luz do Dia;;;Meio de Quadra;;Longo da via;0;2;0;2;0;0;0;0;0;0;0;0;0;(-38.51592 -3.81109);
354578;2020-01-23 07:30:00;RD CE-040, ;, ; ;;;Colisão;Luz do Dia;;;Meio de Quadra;;Longo da via;0;2;0;0;2;0;0;0;0;0;0;0;0;(-38.4810839 -3.782614325);
354608;2020-01-23 07:30:00;RD BR 116, 2700;, ; 2700;;;Colisão Traseira;Luz do Dia;Bom;Seca;Meio de Quadra;;Longo da via;0;0;2;0;1;0;1;0;0;0;0;0;0;(-38.51678 -3.771391);
355489;2020-01-23 07:25:00;RUA EMILIO DE MENESES, 1368;, ; 1368;;;Colisão;Luz do Dia;;;Meio de Quadra;;Longo da via;0;2;0;1;1;0;0;0;0;0;0;0;0;(-38.5937518 -3.7799742);
355487;2020-01-23 06:51:00;AVENIDA PERIMETRAL, 5676;, ; 5676;;;Colisão;Luz do Dia;;;Meio de Quadra;;Longo da via;0;2;0;1;1;0;0;0;0;0;0;0;0;(0 0);
355486;2020-01-23 06:12:00;AVENIDA JOSE BASTOS, ;, ; ;;;Queda;Luz do Dia;;;Meio de Quadra;;Longo da via;0;1;0;1;0;0;0;0;0;0;0;0;0;(0 0);
355485;2020-01-22 23:41:00;RUA JOSE ABILIO, 1575;, ; 1575;;;Colisão;;;;Meio de Quadra;;Longo da via;0;2;0;1;1;0;0;0;0;0;0;0;0;(-38.605802 -3.781846);
355484;2020-01-22 22:55:00;RUA BAR ARATANHA, 1515;, ; 1515;;;Atropelamento;;;;Meio de Quadra;;Longo da via;0;2;0;0;0;0;0;0;0;0;0;0;0;(-38.5309 -3.746372);
354546;2020-01-22 22:20:00;AVENIDA JOR THOMAZ COELHO, 3159;, ; 3159;;;Colisão Lateral;Via Iluminada;Bom;Seca;Meio de Quadra;Não Há Controle;Longo da via;0;2;0;2;0;0;0;0;0;0;0;0;0;(-38.522686 -3.828967);
355482;2020-01-22 20:58:00;RUA FLORIANOPOLIS, 1127;, ; 1127;;;Queda;;;;Meio de Quadra;;Longo da via;0;1;0;1;0;0;0;0;0;0;0;0;0;(-38.5857942 -3.76154472);
354543;2020-01-22 18:00:00;RUA ELVIRA PINHO, ;RUA EDITE BRAGA, ; ;;;Colisão Lateral;Anoitecer;Bom;Seca;Cruz;Pare;Cruzamento;0;1;1;0;1;0;0;0;0;0;0;0;0;(-38.553552 -3.768064);
355481;2020-01-22 16:44:00;RUA MOZART PINTO, 240;, ; 240;;;Colisão;Luz do Dia;;;Meio de Quadra;;Longo da via;0;2;0;2;0;0;0;0;0;0;0;0;0;(-38.5520211 -3.72691131);
354576;2020-01-22 15:55:00;RD CE-040, ;, ; ;;;Colisão;Luz do Dia;;;Meio de Quadra;;Longo da via;0;2;0;0;1;0;0;0;0;0;0;0;0;(-38.46893682 -3.866093254);
355480;2020-01-22 15:55:00;AVENIDA PERIMETRAL, ;, ; ;;;Colisão;Luz do Dia;;;Meio de Quadra;;Longo da via;0;1;1;1;0;0;0;0;0;1;0;0;0;(0 0);
355479;2020-01-22 14:42:00;AVENIDA PERIMETRAL, 531;, ; 531;;;Colisão;Luz do Dia;;;Meio de Quadra;;Longo da via;0;2;0;1;1;0;0;0;0;0;0;0;0;(0 0);
355478;2020-01-22 14:25:00;AVENIDA AUGUSTO DOS ANJOS, 2171;, ; 2171;;;Colisão;Luz do Dia;;;Meio de Quadra;;Longo da via;0;2;0;1;1;0;0;0;0;0;0;0;0;(-38.583225 -3.784861);
355477;2020-01-22 14:03:00;RUA NEREU RAMOS, ;RUA MONACO, ; ;;;Colisão;Luz do Dia;;;Cruz;Pare;Cruzamento;0;2;0;1;1;0;0;0;0;0;0;0;0;(-38.569609 -3.786229);
354701;2020-01-22 13:52:00;AVENIDA OLIVEIRA PAIVA, 3024;, ; 3024;;;Atropelamento;Luz do Dia;Bom;Seca;Meio de Quadra;Semáforo;Longo da via;0;2;0;1;0;0;0;0;0;0;0;0;0;(-38.4801668 -3.7957231);
355592;2020-01-22 12:24:00;RUA LUCIANO MAGALHAES, ;RUA SIGEFREDO PINHEIRO, ; ;;;Colisão;Luz do Dia;;;T;Pare;Cruzamento;0;1;0;0;2;0;0;0;0;0;0;0;0;(-38.52752 -3.75779);
354700;2020-01-22 10:25:00;RUA METON DE ALENCAR, ;RUA BAR ARATANHA, ; ;;;Colisão Transversal;Luz do Dia;Bom;Seca;Cruz;Pare;Cruzamento;0;2;0;1;1;0;0;0;0;0;0;0;0;(-38.527028 -3.734847);
355460;2020-01-22 10:19:00;AVENIDA BEZERRA DE MENEZES, 1219;, ; 1219;;;Queda;Luz do Dia;;;Meio de Quadra;;Longo da via;0;1;0;1;0;0;0;0;0;0;0;0;0;(-38.555714 -3.733857);
355458;2020-01-22 09:46:00;AVENIDA WASHINGTON SOARES, 9284;, ; 9284;;;Colisão;Luz do Dia;;;Meio de Quadra;;Longo da via;0;2;0;1;1;0;0;0;0;0;0;0;0;(-38.482475 -3.83233);
355457;2020-01-22 09:04:00;AVENIDA AMERICO BARREIRA, 4855;, ; 4855;;;Colisão;Luz do Dia;;;Meio de Quadra;;Longo da via;0;2;0;1;1;0;0;0;0;0;0;0;0;(-38.559834 -3.7573712);
355455;2020-01-22 08:59:00;AVENIDA DIOGUINHO, ;, ; ;;;Colisão;Luz do Dia;;;Meio de Quadra;;Longo da via;0;2;0;1;1;0;0;0;0;0;0;0;0;(0 0);
355453;2020-01-22 08:46:00;RUA DR THOMPSON BULCAO, 830;, ; 830;;;Queda;Luz do Dia;;;Meio de Quadra;;Longo da via;0;1;0;1;0;0;0;0;0;0;0;0;0;(-38.49578 -3.76835);
354699;2020-01-22 08:00:00;AVENIDA VICENTE DE CASTRO, 5700;, ; 5700;;;Capotamento;Luz do Dia;Bom;Seca;Meio de Quadra;Não Há Controle;Longo da via;0;1;0;0;1;0;0;0;0;0;0;0;0;(-38.474109 -3.71513);
354575;2020-01-22 08:00:00;AVENIDA MIN JOSE AMERICO, ;, ; ;;;Colisão;Luz do Dia;;;Meio de Quadra;;Longo da via;0;2;0;0;2;0;0;0;0;0;0;0;0;(0 0);
354609;2020-01-22 07:10:00;RD BR 116, 2000;, ; 2000;;;Colisão Traseira;Luz do Dia;Bom;Seca;Meio de Quadra;;Longo da via;0;1;2;2;1;0;0;0;0;0;0;0;0;(-38.51678 -3.771391);
355447;2020-01-22 06:02:00;AVENIDA BEZERRA DE MENEZES, 340;, ; 340;;;Colisão;Luz do Dia;;;Meio de Quadra;;Longo da via;0;1;0;1;0;0;0;0;0;0;0;0;0;(-38.5478543 -3.7322254);
355445;2020-01-22 05:51:00;AVENIDA PONTES VIEIRA, 80;, ; 80;;;Colisão;Amanhecer;;;Meio de Quadra;;Longo da via;0;2;0;2;0;0;0;0;0;0;0;0;0;(-38.518345 -3.7532277);
355443;2020-01-22 05:30:00;AVENIDA SGT HERMINIO SAMPAIO, ;, ; ;;;Colisão;Amanhecer;;;Meio de Quadra;;Longo da via;0;2;0;1;1;0;0;0;0;0;0;0;0;(0 0);
355440;2020-01-22 02:11:00;AVENIDA JOR THOMAZ COELHO, 2570;, ; 2570;;;Atropelamento;;;;Meio de Quadra;;Longo da via;0;2;0;0;1;0;0;0;0;0;0;0;0;(-38.51724911 -3.82818263);
354577;2020-01-22 00:00:00;AVENIDA SEN CARLOS JEREISSATI (AEROPORTO), ;, ; ;;;Colisão;;;;Meio de Quadra;;Longo da via;0;2;0;0;1;0;0;1;0;0;0;0;0;(-38.52685 -3.783753);
355437;2020-01-21 22:17:00;AVENIDA GAL OSORIO DE PAIVA, 4431;, ; 4431;;;Colisão;;;;Meio de Quadra;;Longo da via;0;1;1;1;1;0;0;0;0;0;0;0;0;(-38.595034 -3.797478);
355435;2020-01-21 20:47:00;RUA MANUEL TEOFILO, 85;, ; 85;;;Colisão;;;;Meio de Quadra;;Longo da via;0;1;1;0;2;0;0;0;0;0;0;0;0;(-38.55926 -3.78094);
355433;2020-01-21 20:43:00;RUA ESMERALDA (CJ HAB NOVO BARROSO), ;, ; ;;;Colisão;;;;Meio de Quadra;;Longo da via;0;1;0;0;0;0;0;0;0;0;0;0;0;(0 0);
355431;2020-01-21 19:12:00;AVENIDA FRE CIRILO, 3480;, ; 3480;;;Atropelamento;;;;Meio de Quadra;;Longo da via;0;2;0;1;0;0;0;0;0;0;0;0;0;(-38.498509116 -3.814847116);
355427;2020-01-21 19:08:00;AVENIDA PRS CASTELO BRANCO, ;AVENIDA FILOMENO GOMES, ; ;;;Atropelamento;;;;T;Semáforo;Cruzamento;0;1;1;1;0;0;0;0;0;0;0;0;0;(-38.541982 -3.715542);
355426;2020-01-21 18:35:00;RUA GABRIEL FIUZA, 552;, ; 552;;;Colisão;;;;Meio de Quadra;;Longo da via;0;2;0;1;1;0;0;0;0;0;0;0;0;(-38.5810173 -3.78601384);
355424;2020-01-21 18:21:00;RUA BOLIVIA, ;RUA 21 DE ABRIL D27, ; ;;;Colisão;Anoitecer;;;Cruz;Pare;Cruzamento;0;2;0;1;1;0;0;0;0;0;0;0;0;(-38.565614 -3.744812);
355421;2020-01-21 18:11:00;RUA BERNARDO MANUEL, 7536;, ; 7536;;;Colisão;Anoitecer;;;Meio de Quadra;;Longo da via;0;2;0;1;1;0;0;0;0;0;0;0;0;(-38.546927 -3.784073);
355423;2020-01-21 18:11:00;RUA JOAO FIRMINO, ;RUA CEL ALEXANDRINO, ; ;;;Atropelamento;Anoitecer;;;Cruz;Pare;Cruzamento;0;2;0;1;0;0;0;0;0;0;0;0;0;(-38.554922 -3.763514);
355420;2020-01-21 18:06:00;RUA POMPILIO GOMES, 1590;, ; 1590;;;Colisão;Anoitecer;;;Meio de Quadra;;Longo da via;0;2;0;1;1;0;0;0;0;0;0;0;0;(-38.52115445 -3.825699848);
355591;2020-01-21 18:00:00;AVENIDA CEL CARVALHO, ;, ; ;;;Não informado;Anoitecer;;;Meio de Quadra;;Longo da via;0;1;0;1;0;0;0;0;0;0;0;0;0;(0 0);
354610;2020-01-21 18:00:00;RD BR 222, 1300;, ; 1300;;;Queda;Anoitecer;Bom;Seca;Meio de Quadra;;Longo da via;0;0;1;1;0;0;0;0;0;0;0;0;0;(-38.57814693 -3.737698444);
355418;2020-01-21 17:53:00;RUA BERNARDO MANUEL, ;, ; ;;;Colisão;Anoitecer;;;Meio de Quadra;;Longo da via;0;2;0;1;1;0;0;0;0;0;0;0;0;(0 0);
355416;2020-01-21 17:48:00;RUA BOLIVIA, 119;, ; 119;;;Colisão;Anoitecer;;;Meio de Quadra;;Longo da via;0;2;0;1;1;0;0;0;0;0;0;0;0;(-38.5655304 -3.74470424);
355414;2020-01-21 17:31:00;AVENIDA H CJ CEARA, ;, ; ;;;Colisão;Anoitecer;;;Meio de Quadra;;Longo da via;0;2;0;0;1;0;0;0;0;1;0;0;0;(0 0);
354541;2020-01-21 17:00:00;AVENIDA PRS JUSCELINO KUBITSCHEK (PASSARÉ), ;RUA MARINHO E SILVA, ; ;;;Colisão Transversal;Anoitecer;Bom;Seca;T;Pare;Cruzamento;0;1;1;1;0;0;0;1;0;0;0;0;0;(-38.53525 -3.82144);
355411;2020-01-21 16:54:00;AVENIDA MR HULL, 146;, ; 146;;;Colisão;Luz do Dia;;;Meio de Quadra;;Longo da via;0;2;0;1;1;0;0;0;0;0;0;0;0;(-38.56956 -3.7366);
354697;2020-01-21 16:32:00;AVENIDA PRS JUSCELINO KUBITSCHEK (PASSARÉ), ;, ; ;;;Não informado;Luz do Dia;Bom;Seca;Meio de Quadra;Semáforo;Longo da via;0;0;1;0;2;0;0;0;0;0;0;0;0;(-38.5360485 -3.8223655);
355408;2020-01-21 15:56:00;RUA PARANAI, ;RUA IPAUMIRIM D72, ; ;;;Colisão;Luz do Dia;;;;;Cruzamento;0;2;0;1;1;0;0;0;0;0;0;0;0;(-38.56749 -3.82997);
354698;2020-01-21 15:36:00;RUA PDE BARBOSA DE JESUS, ;RUA NAPOLEAO LAUREANO, ; ;;;Colisão Transversal;Luz do Dia;Bom;Seca;Cruz;Pare;Cruzamento;0;2;0;1;1;0;0;0;0;0;0;0;0;(-38.52854 -3.748917);
355407;2020-01-21 15:11:00;AVENIDA AUGUSTO DOS ANJOS, ;RUA FRE SERAFIM, ; ;;;Colisão;Luz do Dia;;;T;Pare;Cruzamento;0;2;0;1;1;0;0;0;0;0;0;0;0;(-38.5779 -3.778743);
354696;2020-01-21 13:10:00;RUA JULIO AZEVEDO, ;RUA BENTO ALBUQUERQUE, ; ;;;Não informado;Luz do Dia;Bom;Seca;Cruz;Pare;Cruzamento;0;1;0;1;0;1;0;0;0;0;0;0;0;(-38.482854 -3.743861);
355405;2020-01-21 11:56:00;RUA PRO EDGAR DE ARRUDA, ;RUA MANAUS, ; ;;;Colisão;Luz do Dia;;;Cruz;Pare;Cruzamento;0;2;0;2;0;0;0;0;0;0;0;0;0;(-38.591676 -3.754542);
355392;2020-01-21 11:23:00;RUA FRANCISCO GLICERIO, ;RUA FRANCFORT, ; ;;;Colisão;Luz do Dia;;;Cruz;Pare;Cruzamento;0;2;0;1;1;0;0;0;0;0;0;0;0;(-38.581599 -3.794567);
354695;2020-01-21 09:38:00;AVENIDA DR THEBERGE, ;RUA LIRIO, ; ;;;Colisão;Luz do Dia;Bom;Seca;T;Pare;Cruzamento;0;1;1;1;0;1;0;0;0;0;0;0;0;(-38.564313 -3.712704);
355390;2020-01-21 09:36:00;RUA CARLOS AMORA, 24;, ; 24;;;Queda;Luz do Dia;;;Meio de Quadra;;Longo da via;0;1;0;1;0;0;0;0;0;0;0;0;0;(-38.564342 -3.7743165);
355389;2020-01-21 08:56:00;RUA SGT JOAO PINHEIRO, ;, ; ;;;Atropelamento;Luz do Dia;;;Meio de Quadra;;Longo da via;0;2;0;0;1;0;0;0;0;0;0;0;0;(0 0);
354611;2020-01-21 08:00:00;RD BR 116, 500;, ; 500;;;Colisão;Luz do Dia;Bom;Seca;Meio de Quadra;;Longo da via;0;1;3;1;3;0;0;0;0;0;0;0;0;(-38.5071923 -3.7960359);
355387;2020-01-21 07:38:00;RUA FRE ODILON, 1662;, ; 1662;;;Colisão;Luz do Dia;;;Meio de Quadra;;Longo da via;0;2;0;1;1;0;0;0;0;0;0;0;0;(-38.57259 -3.73323);
355385;2020-01-21 07:15:00;AVENIDA ENG HUMBERTO MONTE, 1440;, ; 1440;;;Queda;Luz do Dia;;;Meio de Quadra;;Longo da via;0;1;0;1;0;0;0;0;0;0;0;0;0;(-38.561773 -3.747542);
355383;2020-01-21 07:09:00;AVENIDA WASHINGTON SOARES, 100;, ; 100;;;Colisão;Luz do Dia;;;Meio de Quadra;;Longo da via;0;2;0;1;1;0;0;0;0;0;0;0;0;(-38.489953 -3.757331);
355382;2020-01-21 06:57:00;RUA PDE MORORO, 580;, ; 580;;;Colisão;Luz do Dia;;;Meio de Quadra;;Longo da via;0;2;0;1;1;0;0;0;0;0;0;0;0;(-38.5363838 -3.72187988);
355381;2020-01-21 06:34:00;AVENIDA GAL OSORIO DE PAIVA, ;, ; ;;;Colisão;Luz do Dia;;;Meio de Quadra;;Longo da via;0;2;0;1;1;0;0;0;0;0;0;0;0;(0 0);
355379;2020-01-21 05:18:00;AVENIDA PERIMETRAL, 1428;, ; 1428;;;Colisão;Amanhecer;;;Meio de Quadra;;Longo da via;0;2;0;1;1;0;0;0;0;0;0;0;0;(0 0);
355378;2020-01-21 04:55:00;AVENIDA N CJ JOSE WALTER, 571;, ; 571;;;Colisão;;;;Meio de Quadra;;Longo da via;0;2;0;2;0;0;0;0;0;0;0;0;0;(-38.4999692 -3.7730679);
355376;2020-01-21 00:31:00;AVENIDA DES MOREIRA, ;RUA DES LEITE ALBUQUERQUE, ; ;;;Colisão;;;;Cruz;Semáforo;Cruzamento;0;2;0;1;1;0;0;0;0;0;0;0;0;(-38.498678 -3.73722);
355374;2020-01-20 23:24:00;AVENIDA FRANCISCO SA, 1771;, ; 1771;;;Colisão;;;;Meio de Quadra;;Longo da via;0;1;0;0;0;0;0;0;0;0;0;0;0;(-38.54158 -3.722579);
355369;2020-01-20 20:34:00;RUA CHICO MENDES, 1051;, ; 1051;;;Queda;;;;Meio de Quadra;;Longo da via;0;1;0;1;0;0;0;0;0;0;0;0;0;(-38.57143 -3.83292);
355371;2020-01-20 20:34:00;AVENIDA PERIMETRAL, 665;, ; 665;;;Queda;;;;Meio de Quadra;;Longo da via;0;1;0;1;0;0;0;0;0;0;0;0;0;(0 0);
355368;2020-01-20 19:36:00;RUA ANA BILHAR, ;RUA OSVALDO CRUZ (ALDEOTA), ; ;;;Colisão;;;;Cruz;Semáforo;Cruzamento;0;2;0;1;1;0;0;0;0;0;0;0;0;(-38.498091 -3.728699);
355367;2020-01-20 19:19:00;RUA REPUBLICA DO LIBANO, 800;, ; 800;;;Atropelamento;;;;Meio de Quadra;;Longo da via;0;2;0;0;1;0;0;0;0;0;0;0;0;(-38.492865 -3.73254);
355366;2020-01-20 18:24:00;RUA MON AGOSTINHO, 1406;, ; 1406;;;Colisão;Anoitecer;;;Meio de Quadra;;Longo da via;0;2;0;2;0;0;0;0;0;0;0;0;0;(-38.5888946 -3.79434892);
355365;2020-01-20 18:21:00;AVENIDA PERIMETRAL, ;, ; ;;;Colisão;Anoitecer;;;Meio de Quadra;;Longo da via;0;1;0;0;0;0;0;0;0;0;0;0;0;(0 0);
355299;2020-01-20 18:14:00;RUA STO AGOSTINHO D71, 1406;, ; 1406;;;Colisão;Anoitecer;;;Meio de Quadra;;Longo da via;0;2;0;2;0;0;0;0;0;0;0;0;0;(-38.602209 -3.80606);
355298;2020-01-20 18:10:00;AVENIDA WASHINGTON SOARES, 4000;, ; 4000;;;Colisão;Anoitecer;;;Meio de Quadra;;Longo da via;0;1;1;0;1;0;0;0;0;1;0;0;0;(-38.480259 -3.791968);
354694;2020-01-20 17:45:00;AVENIDA BEZERRA DE MENEZES, 1051;, ; 1051;;;Atropelamento;Via Iluminada;Bom;Seca;Meio de Quadra;Semáforo;Longo da via;1;0;1;0;0;0;0;1;0;0;0;0;0;(-38.554319 -3.733569);
355297;2020-01-20 16:48:00;RUA CON DE CASTRO, ;RUA MAJ MONTENEGRO, ; ;;;Colisão;Luz do Dia;;;;;Cruzamento;0;2;0;1;1;0;0;0;0;0;0;0;0;(-38.58038 -3.792522);
355295;2020-01-20 16:07:00;AVENIDA PERIMETRAL, 2706;, ; 2706;;;Colisão;Luz do Dia;;;Meio de Quadra;;Longo da via;0;2;0;1;1;0;0;0;0;0;0;0;0;(0 0);
355294;2020-01-20 16:01:00;RUA ANTONIO DIVINO, 294;, ; 294;;;Colisão;Luz do Dia;;;Meio de Quadra;;Longo da via;0;2;0;1;1;0;0;0;0;0;0;0;0;(-38.5618 -3.80522);
355292;2020-01-20 15:18:00;AVENIDA JOSE BASTOS, 3200;, ; 3200;;;Colisão;Luz do Dia;;;Meio de Quadra;;Longo da via;0;2;0;1;1;0;0;0;0;0;0;0;0;(-38.5480735 -3.7476155);
354693;2020-01-20 14:22:00;RUA VERBENA, ;RUA EMILIO DE MENESES, ; ;;;Colisão Lateral;Luz do Dia;Bom;Seca;Cruz;Semáforo;Cruzamento;0;2;0;1;1;0;0;0;0;0;0;0;0;(-38.588838 -3.781344);
355291;2020-01-20 14:08:00;AVENIDA IMPERADOR, 405;, ; 405;;;Atropelamento;Luz do Dia;;;Meio de Quadra;;Longo da via;0;2;0;0;1;0;0;0;0;0;0;0;0;(-38.5337966 -3.72497237);
355290;2020-01-20 13:40:00;RUA JOAQUIM NABUCO, ;RUA DES LEITE ALBUQUERQUE, ; ;;;Colisão;Luz do Dia;;;Cruz;Pare;Cruzamento;0;2;0;1;1;0;0;0;0;0;0;0;0;(-38.501621 -3.736273);
355287;2020-01-20 13:05:00;RUA ADOLFO CAMINHA, ;, ; ;;;Colisão;Luz do Dia;;;Meio de Quadra;;Longo da via;0;2;0;1;1;0;0;0;0;0;0;0;0;(0 0);