COD_ACIDENTE;DATA;LOG1;LOG2;NUMERO;BAIRRO;AMC;NATUREZA;ILUMINACAO;TEMPO;SUPERFICIEPISTA;TIPOCRUZAMENTO;CONTROLETRAFEGO;USOSOLO;MORTOS;FERIDOS;ILESOS;MOTOCICLETA;AUTOMOVEL;MICROONIBUS;CAMINHAO;ONIBUS;CICLOMOTOR;BICICLETA;OUTROS;TREM;TRACAOANIMAL;COORDENADAS
355286;2020-01-20 13:03:00;RUA ANTERO QUENTAL, ;, ; ;;;Colisão;Luz do Dia;;;Meio de Quadra;;Longo da via;0;2;0;1;1;0;0;0;0;0;0;0;0;(0 0);
355285;2020-01-20 12:47:00;AVENIDA ENG LEAL LIMA VERDE (SAPIRANGA/COITE), 639;, ; 639;;;Colisão;Luz do Dia;;;Meio de Quadra;;Longo da via;0;2;0;1;1;0;0;0;0;0;0;0;0;(-38.47562 -3.79411);
354692;2020-01-20 12:30:00;AVENIDA CARAPINIMA, 2424;, ; 2424;;;Colisão Lateral;Luz do Dia;Bom;Seca;Meio de Quadra;Não Há Controle;Longo da via;0;1;1;1;0;0;1;0;0;0;0;0;0;(-38.54117 -3.740936);
355284;2020-01-20 10:58:00;AVENIDA VIS RIO BRANCO, ;, ; ;;;Colisão;Luz do Dia;;;Meio de Quadra;;Longo da via;0;2;0;1;1;0;0;0;0;0;0;0;0;(0 0);
355283;2020-01-20 10:55:00;RUA ITALIA D43, 673;, ; 673;;;Colisão;Luz do Dia;;;Meio de Quadra;;Longo da via;0;2;0;1;1;0;0;0;0;0;0;0;0;(-38.56401347 -3.790516);
354691;2020-01-20 10:49:00;RUA COM LUIS RIBEIRO, 257;, ; 257;;;Choque c/ Obstáculo Fixo;Luz do Dia;Bom;Seca;Meio de Quadra;Dê Preferência;Longo da via;0;1;0;0;1;0;0;0;0;0;0;0;0;(-38.54886 -3.72199);
354689;2020-01-20 10:33:00;RUA JOAO FIRMINO, 130;, ; 130;;;Colisão Transversal;Luz do Dia;Bom;Seca;Meio de Quadra;Não Há Controle;Longo da via;0;1;2;0;3;0;0;0;0;0;0;0;0;(-38.551741 -3.759885);
355587;2020-01-20 09:00:00;RUA PERNAMBUCO, ;, ; ;;;Colisão;Luz do Dia;;;Meio de Quadra;;Longo da via;0;2;0;1;1;0;0;0;0;0;0;0;0;(0 0);
355600;2020-01-20 09:00:00;RUA CANDIDO HOLANDA, ;, ; ;;;Colisão;Luz do Dia;;;Meio de Quadra;;Longo da via;0;1;2;1;1;0;0;1;0;0;0;0;0;(0 0);
354690;2020-01-20 08:35:00;RUA CIDADE ECOLOGICA, 635;, ; 635;;;Capotamento;Luz do Dia;Bom;Seca;Meio de Quadra;Não Há Controle;Longo da via;0;2;0;0;2;0;0;0;0;0;0;0;0;(-38.46431 -3.77379);
354687;2020-01-20 07:31:00;AVENIDA EDUARDO GIRAO, 375;, ; 375;;;Colisão Traseira;Luz do Dia;Bom;Seca;Meio de Quadra;Não Há Controle;Longo da via;0;1;1;1;1;0;0;0;0;0;0;0;0;(-38.5396027 -3.74889593);
355279;2020-01-20 07:30:00;RUA PERNAMBUCO, ;, ; ;;;Colisão;Luz do Dia;;;Meio de Quadra;;Longo da via;0;1;0;0;0;0;0;0;0;0;0;0;0;(0 0);
355277;2020-01-20 07:08:00;AVENIDA PERIMETRAL, 875;, ; 875;;;Colisão;Luz do Dia;;;Meio de Quadra;;Longo da via;0;1;0;0;0;0;0;0;0;0;0;0;0;(0 0);
355269;2020-01-20 07:05:00;AVENIDA MR HULL, 5764;, ; 5764;;;Colisão;Luz do Dia;;;Meio de Quadra;;Longo da via;0;2;0;1;1;0;0;0;0;0;0;0;0;(-38.59534 -3.740213);
355267;2020-01-20 07:01:00;RUA L CJ VILA VELHA, 1230;, ; 1230;;;Colisão;Luz do Dia;;;Meio de Quadra;;Longo da via;0;2;0;1;1;0;0;0;0;0;0;0;0;(0 0);
354619;2020-01-20 06:40:00;RD BR 222, ;, ; ;;;Colisão Lateral;Luz do Dia;Bom;Seca;Meio de Quadra;;Longo da via;0;1;2;1;2;0;0;0;0;0;0;0;0;(-38.59594097 -3.740300848);
355266;2020-01-20 06:07:00;AVENIDA ALM BARROSO, ;, ; ;;;Atropelamento;Luz do Dia;;;Meio de Quadra;;Longo da via;0;1;1;0;1;0;0;0;0;0;0;0;0;(0 0);
355588;2020-01-20 04:45:00;RUA CON DE CASTRO, ;RUA JOAQUIM ALFREDO, ; ;;;Atropelamento;;;;T;Pare;Cruzamento;0;2;0;0;0;0;0;0;0;0;0;0;0;(-38.59021 -3.80303);
355265;2020-01-20 03:05:00;RUA CON DE CASTRO, 4309;, ; 4309;;;Atropelamento;;;;Meio de Quadra;;Longo da via;0;2;0;0;1;0;0;0;0;0;0;0;0;(-38.590213 -3.80306);
355264;2020-01-20 00:43:00;AVENIDA H CJ CEARA, 1535;, ; 1535;;;Colisão;;;;Meio de Quadra;;Longo da via;0;2;0;1;1;0;0;0;0;0;0;0;0;(-38.611523 -3.775983);
355262;2020-01-20 00:36:00;RUA GUILHERME ROCHA, 748;, ; 748;;;Atropelamento;;;;Meio de Quadra;;Longo da via;0;1;1;0;1;0;0;0;0;0;0;0;0;(-38.53311454 -3.725312819);
355261;2020-01-19 23:27:00;AVENIDA AMERICO BARREIRA, ;, ; ;;;Colisão;;;;Meio de Quadra;;Longo da via;0;2;0;1;1;0;0;0;0;0;0;0;0;(0 0);
355260;2020-01-19 22:44:00;AVENIDA GAL OSORIO DE PAIVA, 4176;, ; 4176;;;Atropelamento;;;;Meio de Quadra;;Longo da via;0;2;0;0;1;0;0;0;0;0;0;0;0;(-38.592384 -3.7946212);
355258;2020-01-19 22:05:00;AVENIDA CEL CARVALHO, 2954;, ; 2954;;;Colisão;;;;Meio de Quadra;;Longo da via;0;2;0;1;1;0;0;0;0;0;0;0;0;(-38.584931 -3.728791);
355257;2020-01-19 21:08:00;RUA JULIO SILVA, 440;, ; 440;;;Queda;;;;Meio de Quadra;;Longo da via;0;1;0;1;0;0;0;0;0;0;0;0;0;(-38.45462 -3.74537);
355255;2020-01-19 21:07:00;AVENIDA BAR STUDART, 575;, ; 575;;;Colisão;;;;Meio de Quadra;;Longo da via;0;2;0;1;1;0;0;0;0;0;0;0;0;(-38.50476 -3.7292);
355254;2020-01-19 20:43:00;AVENIDA DA INDEPENDENCIA, 2621;, ; 2621;;;Colisão;;;;Meio de Quadra;;Longo da via;0;1;0;0;0;0;0;0;0;0;0;0;0;(-38.60332 -3.72327906);
355585;2020-01-19 20:20:00;AVENIDA GAL OSORIO DE PAIVA, ;RUA OSCAR FRANCA, ; ;;;Colisão;;;;T;Semáforo;Cruzamento;0;1;0;0;0;0;0;0;0;0;0;0;0;(-38.592113 -3.794473);
354686;2020-01-19 19:26:00;AVENIDA GAL OSORIO DE PAIVA, ;, ; ;;;Colisão Transversal;Via Iluminada;Bom;Seca;Meio de Quadra;Não Há Controle;Longo da via;0;1;1;1;1;0;0;0;0;0;0;0;0;(-38.59222 -3.794599);
355253;2020-01-19 19:24:00;AVENIDA DR SILAS MUNGUBA, 6201;, ; 6201;;;Atropelamento;;;;Meio de Quadra;;Longo da via;0;2;0;0;1;0;0;0;0;0;0;0;0;(-38.5261707 -3.8058538);
355252;2020-01-19 18:52:00;RUA PDE MORORO, 300;, ; 300;;;Colisão;;;;Meio de Quadra;;Longo da via;0;1;0;0;0;0;0;0;0;0;0;0;0;(-38.535664 -3.719627);
355251;2020-01-19 18:10:00;RUA DR JOAQUIM BENTO, 575;, ; 575;;;Colisão;Anoitecer;;;Meio de Quadra;;Longo da via;0;2;0;2;0;0;0;0;0;0;0;0;0;(-38.5482637 -3.7844949);
354574;2020-01-19 18:00:00;RD CE-040, ;, ; ;;;Colisão;Anoitecer;;;Meio de Quadra;;Longo da via;0;3;0;1;2;0;0;0;0;0;0;0;0;(-38.48246582 -3.834450897);
355250;2020-01-19 17:37:00;AVENIDA WASHINGTON SOARES, ;, ; ;;;Colisão;Anoitecer;;;Meio de Quadra;;Longo da via;0;2;0;1;1;0;0;0;0;0;0;0;0;(0 0);
355249;2020-01-19 17:36:00;AVENIDA BEIRA MAR, ;, ; ;;;Queda;Anoitecer;;;Meio de Quadra;;Longo da via;0;1;0;0;0;0;0;0;0;1;0;0;0;(0 0);
355248;2020-01-19 17:07:00;AVENIDA GAL OSORIO DE PAIVA, 7823;, ; 7823;;;Colisão;Anoitecer;;;Meio de Quadra;;Longo da via;0;2;0;1;1;0;0;0;0;0;0;0;0;(-38.617391 -3.820533);
355247;2020-01-19 16:41:00;RUA DOM JERONIMO D06, 795;, ; 795;;;Queda;Luz do Dia;;;Meio de Quadra;;Longo da via;0;1;0;0;0;0;0;0;0;1;0;0;0;(-38.54217 -3.73861);
355246;2020-01-19 16:00:00;RUA GUSTAVO SAMPAIO, ;RUA PEDRO DE QUEIROZ, ; ;;;Colisão;Luz do Dia;;;Cruz;Pare;Cruzamento;0;2;0;1;1;0;0;0;0;0;0;0;0;(-38.560577 -3.736097);
355245;2020-01-19 14:57:00;RUA RIO GRANDE DO SUL, ;RUA MARANHAO, ; ;;;Colisão;Luz do Dia;;;Cruz;Pare;Cruzamento;0;1;1;1;0;0;0;0;0;0;0;0;1;(-38.565689 -3.755695);
355244;2020-01-19 14:07:00;RUA DOM QUINTINO, ;RUA DOM HELIO CAMPOS D21, ; ;;;Colisão;Luz do Dia;;;Duplo T;Pare;Cruzamento;0;1;0;0;0;0;0;0;0;0;0;0;0;(-38.55471 -3.71106);
355243;2020-01-19 13:50:00;RUA SEN POMPEU, ;, ; ;;;Queda;Luz do Dia;;;Meio de Quadra;;Longo da via;0;1;0;1;0;0;0;0;0;0;0;0;0;(0 0);
355242;2020-01-19 13:21:00;RUA MON SALAZAR, ;RUA CAP MELO, ; ;;;Colisão;Luz do Dia;;;Cruz;Semáforo;Cruzamento;0;2;0;1;1;0;0;0;0;0;0;0;0;(-38.51318 -3.756019);
355241;2020-01-19 04:14:00;AVENIDA DIOGUINHO, 146;, ; 146;;;Queda;;;;Meio de Quadra;;Longo da via;0;1;0;1;0;0;0;0;0;0;0;0;0;(-38.46146 -3.72678);
355240;2020-01-19 02:45:00;AVENIDA ABOLICAO, ;RUA FRE MANSUETO, ; ;;;Colisão;;;;Cruz;Semáforo;Cruzamento;0;2;0;1;1;0;0;0;0;0;0;0;0;(-38.489324 -3.726368);
355238;2020-01-19 02:40:00;AVENIDA CEL CARVALHO, 1457;, ; 1457;;;Queda;;;;Meio de Quadra;;Longo da via;0;1;0;1;0;0;0;0;0;0;0;0;0;(-38.5884811 -3.71532556);
355237;2020-01-19 02:28:00;AVENIDA DR SILAS MUNGUBA, 1181;, ; 1181;;;Colisão;;;;Meio de Quadra;;Longo da via;0;2;0;1;1;0;0;0;0;0;0;0;0;(-38.555434 -3.782377);
355235;2020-01-19 02:18:00;AVENIDA BEZERRA DE MENEZES, ;RUA PRO JOSE DE BARCELOS, ; ;;;Colisão;;;;Cruz;Semáforo;Cruzamento;0;2;0;1;1;0;0;0;0;0;0;0;0;(-38.551066 -3.732898);
355232;2020-01-19 01:35:00;RUA BIAS MENDES, ;, ; ;;;Queda;;;;Meio de Quadra;;Longo da via;0;1;0;1;0;0;0;0;0;0;0;0;0;(0 0);
355231;2020-01-18 22:36:00;RUA BOA VISTA, ;RUA PRO HERIBALDO COSTA, ; ;;;Colisão;;;;Cruz;Pare;Cruzamento;0;2;0;2;0;0;0;0;0;0;0;0;0;(-38.588035 -3.767974);
355230;2020-01-18 22:36:00;RUA PRO HERIBALDO COSTA, ;, ; ;;;Colisão;;;;Meio de Quadra;;Longo da via;0;2;0;1;1;0;0;0;0;0;0;0;0;(0 0);
355227;2020-01-18 22:15:00;RUA VITAL BRASIL, 1871;, ; 1871;;;Colisão;;;;Meio de Quadra;;Longo da via;0;1;0;0;0;0;0;0;0;0;0;0;0;(-38.597614 -3.77812019);
354685;2020-01-18 22:11:00;AVENIDA ABOLICAO, 3690;, ; 3690;;;Colisão Traseira;Via Iluminada;Bom;Seca;Meio de Quadra;Não Há Controle;Longo da via;0;1;1;1;1;0;0;0;0;0;0;0;0;(-38.486613 -3.725907);
355225;2020-01-18 21:57:00;RUA NOSSA SRA DAS GRACAS, 654;, ; 654;;;Colisão;;;;Meio de Quadra;;Longo da via;0;2;0;2;0;0;0;0;0;0;0;0;0;(-38.5542724 -3.70984438);
355223;2020-01-18 21:19:00;AVENIDA ABOLICAO, 3690;, ; 3690;;;Colisão;;;;Meio de Quadra;;Longo da via;0;2;0;2;0;0;0;0;0;0;0;0;0;(-38.486613 -3.725907);
355221;2020-01-18 19:46:00;RUA ARACAJU, 1366;, ; 1366;;;Colisão;;;;Meio de Quadra;;Longo da via;0;1;0;0;0;0;0;0;0;0;0;0;0;(-38.5898784 -3.76413989);
354684;2020-01-18 19:43:00;AVENIDA FRE CIRILO, ;RUA LETICIA, ; ;;;Colisão Lateral;Via Iluminada;Bom;Seca;Cruz;Semáforo;Cruzamento;0;1;1;1;1;0;0;0;0;0;0;0;0;(-38.495262 -3.822257);
355220;2020-01-18 19:42:00;AVENIDA EDUARDO GIRAO, 375;, ; 375;;;Queda;;;;Meio de Quadra;;Longo da via;0;1;0;0;0;0;0;0;0;1;0;0;0;(-38.5396027 -3.74889593);
355190;2020-01-18 19:33:00;AVENIDA ANTONIO SALES, ;, ; ;;;Colisão;;;;Meio de Quadra;;Longo da via;0;2;0;0;2;0;0;0;0;0;0;0;0;(0 0);
355189;2020-01-18 19:03:00;AVENIDA LUIZ VIEIRA, ;, ; ;;;Colisão;;;;Meio de Quadra;;Longo da via;0;2;0;1;1;0;0;0;0;0;0;0;0;(0 0);
355187;2020-01-18 18:58:00;AVENIDA DOLOR BARREIRA, 550;, ; 550;;;Colisão;;;;Meio de Quadra;;Longo da via;0;1;0;0;0;0;0;0;0;0;0;0;0;(-38.4723732 -3.72977471);
355186;2020-01-18 18:47:00;AVENIDA AUGUSTO DOS ANJOS, 747;, ; 747;;;Colisão;;;;Meio de Quadra;;Longo da via;0;2;0;1;1;0;0;0;0;0;0;0;0;(-38.57404 -3.77445);
355185;2020-01-18 18:17:00;RUA AVARE, 500;, ; 500;;;Atropelamento;Anoitecer;;;Meio de Quadra;;Longo da via;0;2;0;1;0;0;0;0;0;0;0;0;0;(-38.5256806 -3.84364571);
355108;2020-01-18 17:27:00;RUA MARTINS DE LIMA, 902;, ; 902;;;Colisão;Anoitecer;;;Meio de Quadra;;Longo da via;0;1;1;1;1;0;0;0;0;0;0;0;0;(-38.60177 -3.82824);
355105;2020-01-18 17:01:00;AVENIDA JOSE BASTOS, ;, ; ;;;Colisão;Anoitecer;;;Meio de Quadra;;Longo da via;0;2;0;1;1;0;0;0;0;0;0;0;0;(0 0);
354688;2020-01-18 16:47:00;AVENIDA PRS COSTA E SILVA, ;AVENIDA GODOFREDO MACIEL, ; ;;;Choque c/ Obstáculo Fixo;Luz do Dia;Bom;Seca;Cruz;Semáforo;Cruzamento;0;0;1;0;0;0;0;0;0;0;0;0;0;(-38.574739 -3.811743);
355103;2020-01-18 16:06:00;RUA VINTE E QUATRO DE MAIO, ;, ; ;;;Colisão;Luz do Dia;;;Meio de Quadra;;Longo da via;0;2;0;1;1;0;0;0;0;0;0;0;0;(0 0);
355100;2020-01-18 15:22:00;RUA LUIS VIEIRA, 911;, ; 911;;;Colisão;Luz do Dia;;;Meio de Quadra;;Longo da via;0;2;0;1;1;0;0;0;0;0;0;0;0;(-38.58871 -3.79083);
355098;2020-01-18 15:22:00;RUA MANUEL CASTELO BRANCO, ;RUA CEL GUILHERME ALENCAR, ; ;;;Colisão;Luz do Dia;;;Cruz;Pare;Cruzamento;0;1;1;1;1;0;0;0;0;0;0;0;0;(-38.491829 -3.831934);
355095;2020-01-18 14:43:00;RUA GAL CASTELO BRANCO (CID. FUNCIONARIOS), ;, ; ;;;Colisão;Luz do Dia;;;Meio de Quadra;;Longo da via;0;1;0;0;0;0;0;0;0;0;0;0;0;(0 0);
355093;2020-01-18 14:42:00;RUA DA PAZ, 1602;, ; 1602;;;Colisão;Luz do Dia;;;Meio de Quadra;;Longo da via;0;3;0;1;0;0;0;0;0;1;0;0;0;(-38.62819 -3.80895);
355090;2020-01-18 14:27:00;AVENIDA MR HULL, 53222;, ; 53222;;;Atropelamento;Luz do Dia;;;Meio de Quadra;;Longo da via;0;2;0;1;0;0;0;0;0;0;0;0;0;(0 0);
355088;2020-01-18 14:09:00;RUA EMILIA GONCALVES, ;RUA DEP MATOSO FILHO, ; ;;;Colisão;Luz do Dia;;;Cruz;Pare;Cruzamento;0;2;0;2;0;0;0;0;0;0;0;0;0;(-38.592575 -3.7334);
355079;2020-01-18 14:05:00;RUA CON DE CASTRO, 4218;, ; 4218;;;Colisão;Luz do Dia;;;Meio de Quadra;;Longo da via;0;1;0;0;0;0;0;0;0;0;0;0;0;(-38.5898769 -3.80267762);
355078;2020-01-18 12:59:00;RUA DAS BELAS, ;, ; ;;;Colisão;Luz do Dia;;;Meio de Quadra;;Longo da via;0;1;0;0;0;0;0;0;0;0;0;0;0;(0 0);
355077;2020-01-18 12:52:00;RUA PESSOA ANTA, 129;, ; 129;;;Colisão;Luz do Dia;;;Meio de Quadra;;Longo da via;0;2;0;1;1;0;0;0;0;0;0;0;0;(-38.521782 -3.7210238);
355076;2020-01-18 12:14:00;AVENIDA LUCIANO CARNEIRO, 2120;, ; 2120;;;Atropelamento;Luz do Dia;;;Meio de Quadra;;Longo da via;0;2;0;0;1;0;0;0;0;0;0;0;0;(-38.537219 -3.766658);
357587;2020-01-18 12:07:00;AVENIDA CONTORNO NORTE D71, 1263;, ; 1263;;;Colisão;Luz do Dia;;;Meio de Quadra;;Longo da via;0;1;1;0;1;0;0;0;0;1;0;0;0;(-38.588621 -3.812899);
355075;2020-01-18 11:33:00;RUA GUSTAVO BRAGA, 535;, ; 535;;;Colisão;Luz do Dia;;;Meio de Quadra;;Longo da via;0;2;0;1;1;0;0;0;0;0;0;0;0;(-38.555496 -3.74838184);
354974;2020-01-18 10:06:00;AVENIDA ENG HUMBERTO MONTE, ;RUA JOSE PONTES, ; ;;;Colisão;Luz do Dia;;;Cruz;Semáforo;Cruzamento;0;2;0;2;0;0;0;0;0;0;0;0;0;(-38.568553 -3.739413);
354973;2020-01-18 09:36:00;AVENIDA MAE LISBOA, 3477;, ; 3477;;;Queda;Luz do Dia;;;Meio de Quadra;;Longo da via;0;1;0;1;0;0;0;0;0;0;0;0;0;(-38.5633229 -3.7197106);
354970;2020-01-18 09:30:00;AVENIDA ODILON GUIMARAES, 1427;, ; 1427;;;Colisão;Luz do Dia;;;Meio de Quadra;;Longo da via;0;2;0;1;1;0;0;0;0;0;0;0;0;(-38.479326 -3.825424);
354969;2020-01-18 08:53:00;RUA JOAO FIRMINO, ;RUA IRM BAZET, ; ;;;Colisão;Luz do Dia;;;Cruz;Pare;Cruzamento;0;2;0;1;1;0;0;0;0;0;0;0;0;(-38.554308 -3.762808);
355583;2020-01-18 08:00:00;AVENIDA BEZERRA DE MENEZES, ;RUA CEL MOZART GONDIM, ; ;;;Colisão;Luz do Dia;;;Cruz;Semáforo;Cruzamento;0;2;0;1;1;0;0;0;0;0;0;0;0;(-38.558651 -3.734449);
354967;2020-01-18 08:00:00;RUA TOMAS CAVALCANTE, 570;, ; 570;;;Colisão;Luz do Dia;;;Meio de Quadra;;Longo da via;0;2;0;2;0;0;0;0;0;0;0;0;0;(-38.5958477 -3.75492322);
354966;2020-01-18 07:39:00;AVENIDA WASHINGTON SOARES, 6450;, ; 6450;;;Colisão;Luz do Dia;;;Meio de Quadra;;Longo da via;0;2;0;1;1;0;0;0;0;0;0;0;0;(-38.481533 -3.815152);
354964;2020-01-18 06:58:00;AVENIDA GAL OSORIO DE PAIVA, 4356;, ; 4356;;;Queda;Luz do Dia;;;Meio de Quadra;;Longo da via;0;1;0;1;0;0;0;0;0;0;0;0;0;(-38.5932846 -3.79566063);
354963;2020-01-18 05:44:00;AVENIDA BEZERRA DE MENEZES, 1584;, ; 1584;;;Queda;Amanhecer;;;Meio de Quadra;;Longo da via;0;1;0;0;0;0;0;0;0;1;0;0;0;(-38.5586727 -3.73445356);
354962;2020-01-18 02:47:00;AVENIDA JOSE BASTOS, 1945;, ; 1945;;;Colisão;;;;Meio de Quadra;;Longo da via;1;0;0;1;0;0;0;0;0;0;0;0;0;(-38.54347 -3.73872);
354961;2020-01-18 02:17:00;AVENIDA DR SILAS MUNGUBA, ;, ; ;;;Colisão;;;;Meio de Quadra;;Longo da via;0;2;0;2;0;0;0;0;0;0;0;0;0;(0 0);
354960;2020-01-17 22:07:00;RUA JOAQUIM MARTINS, 500;, ; 500;;;Queda;;;;Meio de Quadra;;Longo da via;0;1;0;1;0;0;0;0;0;0;0;0;0;(-38.54124 -3.80517);
354959;2020-01-17 22:00:00;AVENIDA BEIRA MAR, 2580;, ; 2580;;;Queda;;;;Meio de Quadra;;Longo da via;0;1;0;0;0;0;0;0;0;1;0;0;0;(-38.497614 -3.725518);
354958;2020-01-17 21:26:00;AVENIDA A CJ CEARA, 926;, ; 926;;;Colisão;;;;Meio de Quadra;;Longo da via;0;2;0;1;1;0;0;0;0;0;0;0;0;(-38.603935 -3.768456);
354957;2020-01-17 21:02:00;RUA ANGELICA GURGEL, 505;, ; 505;;;Colisão;;;;Meio de Quadra;;Longo da via;0;2;0;1;1;0;0;0;0;0;0;0;0;(-38.4991078 -3.83686205);
354956;2020-01-17 20:53:00;RUA LICURGO MONTENEGRO, ;, ; ;;;Queda;;;;Meio de Quadra;;Longo da via;0;1;0;1;0;0;0;0;0;0;0;0;0;(0 0);
354953;2020-01-17 17:36:00;AVENIDA GAL OSORIO DE PAIVA, ;, ; ;;;Atropelamento;Anoitecer;;;Meio de Quadra;;Longo da via;0;1;1;0;1;0;0;0;0;0;0;0;0;(0 0);
354573;2020-01-17 17:00:00;RD CE-060, ;, ; ;;;Colisão;Anoitecer;;;Meio de Quadra;;Longo da via;0;2;0;0;2;0;0;0;0;0;0;0;0;(-38.582111 -3.834064);
354949;2020-01-17 16:58:00;AVENIDA GENIBAU, 764;, ; 764;;;Colisão;Luz do Dia;;;Meio de Quadra;;Longo da via;0;1;0;0;0;0;0;0;0;0;0;0;0;(-38.6016815 -3.760445);
354948;2020-01-17 16:38:00;RUA TULIPA NEGRA, 1935;, ; 1935;;;Colisão;Luz do Dia;;;Meio de Quadra;;Longo da via;0;2;0;0;1;0;0;0;0;1;0;0;0;(-38.596986 -3.819878);
354946;2020-01-17 16:30:00;RUA ITAJAI, ;RUA LONDRINA, ; ;;;Colisão;Luz do Dia;;;Cruz;Pare;Cruzamento;0;2;0;1;1;0;0;0;0;0;0;0;0;(-38.595597 -3.783176);
354945;2020-01-17 16:24:00;AVENIDA SGT HERMINIO SAMPAIO, ;AVENIDA GOV PARSIFAL BARROSO, ; ;;;Atropelamento;Luz do Dia;;;Cruz;Semáforo;Cruzamento;0;2;0;0;1;0;0;0;0;0;0;0;0;(-38.569276 -3.727916);
354931;2020-01-17 15:54:00;AVENIDA JOR THOMAZ COELHO, 519;, ; 519;;;Queda;Luz do Dia;;;Meio de Quadra;;Longo da via;0;1;0;1;0;0;0;0;0;0;0;0;0;(-38.5007889 -3.83236635);
354929;2020-01-17 15:42:00;RUA NEREU RAMOS, 535;, ; 535;;;Queda;Luz do Dia;;;Meio de Quadra;;Longo da via;0;1;0;1;0;0;0;0;0;0;0;0;0;(-38.5714807 -3.78554074);
354683;2020-01-17 14:20:00;AVENIDA BERNARDO MANUEL, 10070;, ; 10070;;;Colisão Traseira;Luz do Dia;Bom;Seca;Meio de Quadra;Não Há Controle;Longo da via;0;0;2;0;2;0;0;0;0;0;0;0;0;(-38.56059 -3.82966);
354927;2020-01-17 12:27:00;AVENIDA D CJ JOSE WALTER, 220;, ; 220;;;Atropelamento;Luz do Dia;;;Meio de Quadra;;Longo da via;0;1;1;0;1;0;0;0;0;0;0;0;0;(-38.56201 -3.84144);
354916;2020-01-17 11:45:00;AVENIDA PRS COSTA E SILVA, 1001;, ; 1001;;;Capotamento;Luz do Dia;;;Meio de Quadra;;Longo da via;0;1;0;0;1;0;0;0;0;0;0;0;0;(-38.5704971 -3.81325938);
354914;2020-01-17 10:36:00;AVENIDA AUGUSTO DOS ANJOS, 1865;, ; 1865;;;Colisão;Luz do Dia;;;Meio de Quadra;;Longo da via;0;2;0;1;1;0;0;0;0;0;0;0;0;(-38.581105617 -3.782406341);
354682;2020-01-17 10:05:00;RUA RAUL CABRAL, 847;, ; 847;;;Colisão Lateral;Luz do Dia;Bom;Seca;Meio de Quadra;Não Há Controle;Longo da via;0;1;1;1;1;0;0;0;0;0;0;0;0;(-38.546116 -3.767988);
354912;2020-01-17 09:44:00;RUA 1127 CJ CEARA, ;, ; ;;;Colisão;Luz do Dia;;;Meio de Quadra;;Longo da via;0;2;0;2;0;0;0;0;0;0;0;0;0;(0 0);
355577;2020-01-17 09:40:00;RUA MON LEOPOLDO FEITOSA, ;AVENIDA GAL OSORIO DE PAIVA, ; ;;;Não informado;Luz do Dia;;;Cruz;Pare;Cruzamento;0;2;0;0;2;0;0;0;0;0;0;0;0;(-38.562208 -3.771715);
354911;2020-01-17 09:05:00;AVENIDA GOV PARSIFAL BARROSO, 2840;, ; 2840;;;Colisão;Luz do Dia;;;Meio de Quadra;;Longo da via;0;1;1;1;1;0;0;0;0;0;0;0;0;(0 0);
354910;2020-01-17 08:27:00;RUA MAL DEODORO, 1274;, ; 1274;;;Colisão;Luz do Dia;;;Meio de Quadra;;Longo da via;0;2;0;1;1;0;0;0;0;0;0;0;0;(-38.53809 -3.746425);
354908;2020-01-17 06:52:00;RUA MON HIPOLITO BRASIL, 1198;, ; 1198;;;Colisão;Luz do Dia;;;Meio de Quadra;;Longo da via;0;1;1;1;0;0;0;0;0;1;0;0;0;(-38.57955 -3.75852);
354906;2020-01-17 06:21:00;AVENIDA OLIVEIRA PAIVA, ;, ; ;;;Colisão;Luz do Dia;;;Meio de Quadra;;Longo da via;0;3;0;0;1;0;0;2;0;0;0;0;0;(0 0);
354905;2020-01-17 00:02:00;RUA VIRGILIO BRANDAO, 600;, ; 600;;;Colisão;;;;Meio de Quadra;;Longo da via;0;3;0;2;0;0;0;0;0;0;0;0;0;(-38.59644 -3.75445);
355522;2020-01-16 23:43:00;RUA CURITIBA, ;RUA VIRGILIO BRANDAO, ; ;;;Colisão;;;;;;Cruzamento;0;1;0;0;0;0;0;0;0;0;1;0;0;(-38.596466 -3.754246);
355521;2020-01-16 23:35:00;RUA JOSE DANTAS VIEIRA, ;, ; ;;;Atropelamento;;;;Meio de Quadra;;Longo da via;0;2;0;0;0;0;0;0;0;1;0;0;0;(0 0);
355520;2020-01-16 22:53:00;AVENIDA ALM HENRIQUE SABOIA, ;, ; ;;;Atropelamento;;;;Meio de Quadra;;Longo da via;0;1;1;0;0;0;1;0;0;0;0;0;0;(0 0);
355519;2020-01-16 22:01:00;AVENIDA ALBERTO CRAVEIRO, 2901;, ; 2901;;;Colisão;;;;Meio de Quadra;;Longo da via;0;1;0;1;1;0;0;0;0;0;0;0;0;(-38.52447 -3.8067355);
355518;2020-01-16 20:04:00;AVENIDA LINEU MACHADO, ;, ; ;;;Colisão;;;;Meio de Quadra;;Longo da via;0;2;0;1;1;0;0;0;0;0;0;0;0;(0 0);
355517;2020-01-16 18:57:00;AVENIDA MOZART PINHEIRO DE LUCENA, 770;, ; 770;;;Colisão;;;;Meio de Quadra;;Longo da via;0;1;1;1;1;0;0;0;0;0;0;0;0;(-38.593136 -3.7094765);
355516;2020-01-16 18:49:00;AVENIDA DUQ CAXIAS, 1452;, ; 1452;;;Atropelamento;;;;Meio de Quadra;;Longo da via;0;2;0;0;1;0;0;0;0;0;0;0;0;(-38.537452 -3.729335);