COD_ACIDENTE;DATA;LOG1;LOG2;NUMERO;BAIRRO;AMC;NATUREZA;ILUMINACAO;TEMPO;SUPERFICIEPISTA;TIPOCRUZAMENTO;CONTROLETRAFEGO;USOSOLO;MORTOS;FERIDOS;ILESOS;MOTOCICLETA;AUTOMOVEL;MICROONIBUS;CAMINHAO;ONIBUS;CICLOMOTOR;BICICLETA;OUTROS;TREM;TRACAOANIMAL;COORDENADAS
355515;2020-01-16 18:17:00;RUA PRO HERIBALDO COSTA, ;RUA CURITIBA, ; ;;;Colisão;Anoitecer;;;;;Cruzamento;0;1;1;1;1;0;0;0;0;0;0;0;0;(-38.583853 -3.759992);
355514;2020-01-16 18:01:00;RUA PDE PEDRO DE ALENCAR, ;AVENIDA FRE CIRILO, ; ;;;Colisão;Anoitecer;;;T;Não Há Controle;Cruzamento;0;1;0;1;1;0;0;0;0;0;0;0;0;(-38.493485 -3.827783);
355513;2020-01-16 17:59:00;RUA ARGENTINA, ;RUA VIRIATO RIBEIRO, ; ;;;Colisão;Anoitecer;;;Cruz;Pare;Cruzamento;0;1;0;1;1;0;0;0;0;0;0;0;0;(-38.564284 -3.747181);
355574;2020-01-16 17:30:00;AVENIDA WASHINGTON SOARES, ;, ; ;;;Colisão;Anoitecer;;;Meio de Quadra;;Longo da via;0;3;0;1;1;1;0;0;0;0;0;0;0;(0 0);
355512;2020-01-16 17:10:00;RUA CEL MATOS DOURADO, ;, ; ;;;Colisão;Anoitecer;;;Meio de Quadra;;Longo da via;0;1;0;1;1;0;0;0;0;0;0;0;0;(0 0);
354681;2020-01-16 16:58:00;RUA GUSTAVO SAMPAIO, ;RUA MOREIRA DE SOUSA, ; ;;;Colisão;Luz do Dia;Bom;Seca;Cruz;Pare;Cruzamento;0;2;1;1;1;0;0;0;0;0;0;0;0;(-38.56665 -3.737367);
355511;2020-01-16 16:52:00;AVENIDA DEP PAULINO ROCHA, 2500;, ; 2500;;;Colisão;Luz do Dia;;;Meio de Quadra;;Longo da via;0;1;0;2;0;0;0;0;0;0;0;0;0;(-38.5183111 -3.81040761);
355510;2020-01-16 16:33:00;RUA 123 CJ CEARA, 7;, ; 7;;;Colisão;Luz do Dia;;;Meio de Quadra;;Longo da via;0;1;0;1;1;0;0;0;0;0;0;0;0;(-38.6084734 -3.77393814);
355509;2020-01-16 16:12:00;AVENIDA SGT HERMINIO SAMPAIO, 992;, ; 992;;;Atropelamento;Luz do Dia;;;Meio de Quadra;;Longo da via;0;1;1;1;0;0;0;0;0;0;0;0;0;(-38.549632 -3.724574);
355508;2020-01-16 16:02:00;RUA CARLOS CHAGAS, 901;, ; 901;;;Colisão;Luz do Dia;;;Meio de Quadra;;Longo da via;0;1;0;2;0;0;0;0;0;0;0;0;0;(-38.58826 -3.779273);
355495;2020-01-16 15:29:00;RUA NELSON COELHO, 600;, ; 600;;;Colisão;Luz do Dia;;;Meio de Quadra;;Longo da via;0;1;1;1;1;0;0;0;0;0;0;0;0;(-38.462225 -3.831294);
359433;2020-01-16 14:30:00;AVENIDA CASTELO DE CASTRO, ;, ; ;;;Choque c/ Obstáculo Fixo;Luz do Dia;;;Meio de Quadra;;Longo da via;1;0;0;1;0;0;0;0;0;0;0;0;0;(-38.521739 -3.841015);
354572;2020-01-16 14:28:00;RD CE-040, ;, ; ;;;Colisão;Luz do Dia;;;Meio de Quadra;;Longo da via;0;1;0;0;1;0;0;0;0;0;0;0;0;(-38.47873348 -3.809596804);
355493;2020-01-16 14:07:00;AVENIDA ENG SANTANA JUNIOR, ;, ; ;;;Colisão;Luz do Dia;;;Meio de Quadra;;Longo da via;0;1;0;1;1;0;0;0;0;0;0;0;0;(0 0);
355491;2020-01-16 14:01:00;RUA POMPILIO GOMES, 454;, ; 454;;;Choque c/ Obstáculo Fixo;Luz do Dia;;;Meio de Quadra;;Longo da via;1;0;0;1;1;0;0;0;0;0;0;0;0;(-38.520948 -3.815122);
355490;2020-01-16 13:17:00;AVENIDA DUQ CAXIAS, 135;, ; 135;;;Atropelamento;Luz do Dia;;;Meio de Quadra;;Longo da via;0;1;1;0;1;0;0;0;0;0;0;0;0;(-38.525781 -3.73311);
354680;2020-01-16 13:15:00;AVENIDA AGUANAMBI, ;AVENIDA DOMINGOS OLIMPIO, ; ;;;Colisão Traseira;Luz do Dia;Bom;Seca;Cruz;Semáforo;Cruzamento;0;1;1;1;1;0;0;0;0;0;0;0;0;(-38.524628 -3.738683);
355572;2020-01-16 11:00:00;RUA JOAQUIM MAGALHAES, 876;, ; 876;;;Colisão;Luz do Dia;;;Meio de Quadra;;Longo da via;0;2;0;1;1;0;0;0;0;0;0;0;0;(-38.5309 -3.73903);
355488;2020-01-16 09:57:00;AVENIDA BEIRA MAR, 900;, ; 900;;;Queda;Luz do Dia;;;Meio de Quadra;;Longo da via;0;1;0;0;0;0;0;0;0;1;0;0;0;(-38.511548 -3.72022955);
355476;2020-01-16 09:57:00;AVENIDA PRS COSTA E SILVA, 1732;, ; 1732;;;Colisão;Luz do Dia;;;Meio de Quadra;;Longo da via;0;1;0;0;0;0;0;0;0;0;1;0;0;(-38.565394 -3.817618);
355475;2020-01-16 08:43:00;RUA RAIMUNDO CORREIA, 1593;, ; 1593;;;Colisão;Luz do Dia;;;Meio de Quadra;;Longo da via;0;1;0;1;1;0;0;0;0;0;0;0;0;(0 0);
355474;2020-01-16 08:32:00;AVENIDA 13 DE MAIO, ;RUA MAL DEODORO, ; ;;;Atropelamento;Luz do Dia;;;Cruz;Semáforo;Cruzamento;0;2;0;1;0;0;0;0;0;0;0;0;0;(-38.536588 -3.743122);
355473;2020-01-16 07:53:00;AVENIDA CEL CARVALHO, 380;, ; 380;;;Colisão;Luz do Dia;;;Meio de Quadra;;Longo da via;0;1;0;1;1;0;0;0;0;0;0;0;0;(-38.5908655 -3.7060995);
355472;2020-01-16 07:44:00;AVENIDA JOSE BASTOS, 3390;, ; 3390;;;Atropelamento;Luz do Dia;;;Meio de Quadra;;Longo da via;0;2;0;1;0;0;0;0;0;0;0;0;0;(-38.5487826 -3.7482325);
355464;2020-01-16 07:38:00;RUA JAIME BENEVOLO, 876;, ; 876;;;Colisão;Luz do Dia;;;Meio de Quadra;;Longo da via;0;2;1;1;1;0;0;0;0;0;0;0;0;(-38.52791 -3.73996);
354679;2020-01-16 07:30:00;AVENIDA SGT HERMINIO SAMPAIO, 1998;, ; 1998;;;Colisão Frontal;Luz do Dia;Bom;Seca;Meio de Quadra;Não Há Controle;Longo da via;0;1;1;1;1;0;0;0;0;0;0;0;0;(-38.5582144 -3.7259488);
355463;2020-01-16 07:15:00;AVENIDA AUGUSTO DOS ANJOS, 2171;, ; 2171;;;Colisão;Luz do Dia;;;Meio de Quadra;;Longo da via;0;1;0;1;1;0;0;0;0;0;0;0;0;(-38.583225 -3.784861);
359435;2020-01-16 05:00:00;AVENIDA FRANCISCO SA, 1360;, ; 1360;;;Não informado;Amanhecer;;;Meio de Quadra;;Longo da via;1;0;0;1;0;0;0;0;0;0;0;0;0;(-38.5415 -3.72257);
354678;2020-01-16 01:56:00;RUA BAR SOBRAL, ;, ; ;;;Não informado;Via Iluminada;Bom;Seca;Cruz;Não Há Controle;Longo da via;0;1;0;0;2;0;0;0;0;0;0;0;0;(-38.5583585 -3.7647);
355570;2020-01-15 23:48:00;AVENIDA DR THEBERGE, ;, ; ;;;Colisão;;;;Meio de Quadra;;Longo da via;0;1;0;0;1;0;0;0;0;0;0;0;0;(0 0);
355462;2020-01-15 23:17:00;RUA EDUARDO PERDIGAO, ;, ; ;;;Atropelamento;;;;Meio de Quadra;;Longo da via;0;2;0;0;0;0;0;0;0;0;1;0;0;(0 0);
355459;2020-01-15 21:14:00;RUA ALVARO DE ALENCAR, ;RUA STA INES D20, ; ;;;Colisão;;;;;;Cruzamento;0;1;0;2;0;0;0;0;0;0;0;0;0;(-38.5564 -3.70871);
355441;2020-01-15 20:35:00;RUA HUMAITA D73, 1090;, ; 1090;;;Colisão;;;;Meio de Quadra;;Longo da via;0;1;0;0;0;0;0;0;0;0;1;0;0;(-38.5997459 -3.75589503);
355438;2020-01-15 18:49:00;AVENIDA DR SILAS MUNGUBA, ;, ; ;;;Colisão;;;;Meio de Quadra;;Longo da via;0;1;1;0;1;0;0;0;0;1;0;0;0;(0 0);
355434;2020-01-15 18:26:00;RUA ISRAEL BEZERRA, 149;, ; 149;;;Colisão;Anoitecer;;;Meio de Quadra;;Longo da via;0;1;0;1;1;0;0;0;0;0;0;0;0;(-38.5007517 -3.74799437);
354571;2020-01-15 17:00:00;RD CE-040, ;, ; ;;;Colisão;Anoitecer;;;Meio de Quadra;;Longo da via;0;2;0;1;0;0;1;0;0;0;0;0;0;(-38.47204254 -3.857690949);
354677;2020-01-15 16:00:00;RUA VER ZELIA C DE SOUZA, 393;, ; 393;;;Colisão Traseira;Luz do Dia;Bom;Seca;Meio de Quadra;Não Há Controle;Longo da via;0;1;1;1;1;0;0;0;0;0;0;0;0;(-38.55842 -3.81741);
355432;2020-01-15 15:11:00;AVENIDA JOR THOMAZ COELHO, ;, ; ;;;Colisão;Luz do Dia;;;Meio de Quadra;;Longo da via;0;2;0;0;0;0;0;0;0;0;1;0;0;(0 0);
355430;2020-01-15 15:00:00;AVENIDA SGT HERMINIO SAMPAIO, 1122;, ; 1122;;;Atropelamento;Luz do Dia;;;Meio de Quadra;;Longo da via;0;2;0;1;0;0;0;0;0;0;0;0;0;(-38.55060546 -3.724652808);
355571;2020-01-15 14:25:00;AVENIDA JOSE SABOIA, 500;, ; 500;;;Não informado;Luz do Dia;;;Meio de Quadra;;Longo da via;0;1;0;0;0;0;0;0;0;0;0;0;0;(-38.467502 -3.717084);
355412;2020-01-15 14:17:00;AVENIDA BEZERRA DE MENEZES, ;AVENIDA JOSE JATAHY, ; ;;;Queda;Luz do Dia;;;Cruz;Semáforo;Cruzamento;0;1;0;1;0;0;0;0;0;0;0;0;0;(-38.5450206 -3.7315183);
355404;2020-01-15 12:37:00;AVENIDA MON TABOSA, ;, ; ;;;Colisão;Luz do Dia;;;Meio de Quadra;;Longo da via;0;1;0;0;0;0;0;0;0;0;1;0;0;(0 0);
355403;2020-01-15 12:28:00;RUA ALFREDO MAMEDE, 119;, ; 119;;;Queda;Luz do Dia;;;Meio de Quadra;;Longo da via;0;1;0;1;0;0;0;0;0;0;0;0;0;(-38.57985 -3.80704);
354569;2020-01-15 12:00:00;RD CE-040, ;, ; ;;;Colisão;Luz do Dia;;;Meio de Quadra;;Longo da via;0;2;0;0;2;0;0;0;0;0;0;0;0;(-38.47873348 -3.809596804);
355402;2020-01-15 11:56:00;RUA EUCLIDES O DE SOUSA, ;RUA BILL CARTAXO, ; ;;;Colisão;Luz do Dia;;;Cruz;Pare;Cruzamento;0;1;0;2;0;0;0;0;0;0;0;0;0;(-38.473793 -3.79771);
355398;2020-01-15 11:35:00;AVENIDA SANTOS DUMONT, 4000;, ; 4000;;;Atropelamento;Luz do Dia;;;Meio de Quadra;;Longo da via;0;2;0;0;1;0;0;0;0;0;0;0;0;(-38.488638 -3.739368);
354570;2020-01-15 11:17:00;RD CE-040, ;, ; ;;;Colisão;Luz do Dia;;;Meio de Quadra;;Longo da via;0;2;0;0;2;0;0;0;0;0;0;0;0;(-38.47873348 -3.809596804);
355397;2020-01-15 10:13:00;AVENIDA PRO JOSE ARTHUR CARVALHO, 955;, ; 955;;;Colisão;Luz do Dia;;;Meio de Quadra;;Longo da via;0;1;0;0;1;0;0;0;0;1;0;0;0;(-38.45807 -3.82463);
354676;2020-01-15 08:44:00;AVENIDA PRS CASTELO BRANCO, 3385;, ; 3385;;;Colisão Traseira;Luz do Dia;Chuva;Molhada;Meio de Quadra;Não Há Controle;Longo da via;0;1;1;1;1;0;0;0;0;0;0;0;0;(-38.5614431 -3.71038321);
355395;2020-01-15 08:35:00;RUA VIRIATO RIBEIRO, ;RUA BOLIVIA, ; ;;;Queda;Luz do Dia;;;Cruz;Pare;Cruzamento;0;1;0;1;0;0;0;0;0;0;0;0;0;(-38.566071 -3.745355);
354675;2020-01-15 08:07:00;AVENIDA PDE ANTONIO TOMAS, ;RUA ARQ REGINALDO RANGEL, ; ;;;Choque c/ Obstáculo Fixo;Luz do Dia;Nublado;Molhada;Outros;Não Há Controle;Cruzamento;0;0;1;0;0;0;0;1;0;0;0;0;0;(-38.483578 -3.745383);
355373;2020-01-15 07:52:00;RUA JOAO A ALBUQUERQUE, ;RUA JOAO REGINO, ; ;;;Colisão;Luz do Dia;;;Cruz;Pare;Cruzamento;0;1;1;1;1;0;0;0;0;0;0;0;0;(-38.48261 -3.79439);
355364;2020-01-15 07:44:00;RUA ALM RUBIM, 1605;, ; 1605;;;Queda;Luz do Dia;;;Meio de Quadra;;Longo da via;0;1;0;1;0;0;0;0;0;0;0;0;0;(-38.5568663 -3.77153676);
355363;2020-01-15 07:29:00;AVENIDA FRE CIRILO, 3009;, ; 3009;;;Queda;Luz do Dia;;;Meio de Quadra;;Longo da via;0;1;0;0;0;0;0;0;0;1;0;0;0;(-38.5004314 -3.81072282);
354618;2020-01-15 06:10:00;AVENIDA MR HULL, 5633;, ; 5633;;;Atropelamento;Luz do Dia;Nublado;Molhada;Meio de Quadra;;Longo da via;0;2;0;1;0;0;0;0;0;0;0;0;0;(-38.594716 -3.740125);
354674;2020-01-15 03:00:00;AVENIDA CEL CARVALHO, 1166;, ; 1166;;;Colisão Lateral;Via Iluminada;Chuva;Molhada;Meio de Quadra;Não Há Controle;Longo da via;0;2;0;0;2;0;0;0;0;0;0;0;0;(-38.58910127 -3.712736545);
355357;2020-01-14 23:08:00;RUA BETEL, ;, ; ;;;Atropelamento;;;;Meio de Quadra;;Longo da via;0;2;0;0;1;0;0;0;0;0;0;0;0;(0 0);
354566;2020-01-14 22:17:00;RD CE-040, ;, ; ;;;Colisão;;;;Meio de Quadra;;Longo da via;0;3;0;1;2;0;0;0;0;0;0;0;0;(-38.4817994 -3.773616148);
354673;2020-01-14 21:31:00;RUA CEL QUEIROZ, 777;, ; 777;;;Colisão Lateral;Via Iluminada;Bom;Seca;Meio de Quadra;Semáforo;Longo da via;0;2;1;1;1;0;0;0;0;0;0;0;0;(-38.5689392 -3.8336841);
355350;2020-01-14 20:57:00;AVENIDA ANTONIO SALES, 130;, ; 130;;;Colisão;;;;Meio de Quadra;;Longo da via;0;1;0;1;1;0;0;0;0;0;0;0;0;(-38.52176 -3.73946);
354672;2020-01-14 19:50:00;AVENIDA SANTOS DUMONT, 5140;, ; 5140;;;Colisão Traseira;Via Iluminada;Bom;Seca;Meio de Quadra;Pare;Longo da via;0;1;2;1;1;0;0;0;0;0;0;0;0;(-38.48538275 -3.740424875);
355349;2020-01-14 19:13:00;RUA VITAL BRASIL, 1913;, ; 1913;;;Colisão;;;;Meio de Quadra;;Longo da via;0;1;0;0;0;0;0;0;0;0;1;0;0;(-38.597995 -3.778012);
355348;2020-01-14 18:32:00;AVENIDA CHANC EDSON QUEIROZ, 200;, ; 200;;;Colisão;;;;Meio de Quadra;;Longo da via;0;1;0;1;1;0;0;0;0;0;0;0;0;(-38.48695 -3.76724);
355347;2020-01-14 18:21:00;RUA PRIMEIRO DE JANEIRO, 963;, ; 963;;;Colisão;Anoitecer;;;Meio de Quadra;;Longo da via;0;2;0;2;0;0;0;0;0;0;0;0;0;(-38.5690173 -3.78414619);
355346;2020-01-14 18:15:00;RUA E VENEZA TROPICAL, 170;, ; 170;;;Colisão;Anoitecer;;;Meio de Quadra;;Longo da via;0;1;0;1;1;0;0;0;0;0;0;0;0;(-38.55562 -3.83479);
355345;2020-01-14 17:31:00;AVENIDA GODOFREDO MACIEL, ;, ; ;;;Colisão;Anoitecer;;;Meio de Quadra;;Longo da via;0;1;0;1;1;0;0;0;0;0;0;0;0;(0 0);
355344;2020-01-14 17:11:00;AVENIDA OLAVO BILAC, ;AVENIDA BEZERRA DE MENEZES, ; ;;;Colisão;Anoitecer;;;;;Cruzamento;0;1;0;1;1;0;0;0;0;0;0;0;0;(-38.564151 -3.735601);
354565;2020-01-14 16:40:00;RD CE-040, ;, ; ;;;Colisão;Luz do Dia;;;Meio de Quadra;;Longo da via;0;2;0;0;2;0;0;0;0;0;0;0;0;(-38.48246582 -3.834450897);
355301;2020-01-14 16:07:00;RUA PEREIRA VALENTE, 610;, ; 610;;;Colisão;Luz do Dia;;;Meio de Quadra;;Longo da via;0;1;0;1;2;0;0;0;0;0;0;0;0;(-38.49608 -3.732578);
355300;2020-01-14 16:05:00;AVENIDA PRS COSTA E SILVA, ;, ; ;;;Colisão;Luz do Dia;;;Meio de Quadra;;Longo da via;0;1;0;1;1;0;0;0;0;0;0;0;0;(0 0);
355275;2020-01-14 15:55:00;AVENIDA MAJ ASSIS, 2815;, ; 2815;;;Colisão;Luz do Dia;;;Meio de Quadra;;Longo da via;0;2;0;2;0;0;0;0;0;0;0;0;0;(-38.6049332 -3.71905677);
355273;2020-01-14 15:54:00;AVENIDA C CJ JOSE WALTER, ;AVENIDA I CJ JOSE WALTER, ; ;;;Colisão;Luz do Dia;;;T;Não Há Controle;Cruzamento;0;1;0;2;0;0;0;0;0;0;0;0;0;(-38.552161 -3.829824);
355271;2020-01-14 15:33:00;RUA MANUEL COSTA, 93;, ; 93;;;Colisão;Luz do Dia;;;Meio de Quadra;;Longo da via;0;2;0;1;0;0;1;0;0;0;0;0;0;(-38.49566 -3.85969);
354564;2020-01-14 15:00:00;RD CE-040, ;, ; ;;;Engavetamento;Luz do Dia;;;Meio de Quadra;;Longo da via;0;3;0;0;3;0;0;0;0;0;0;0;0;(-38.47953463 -3.800595823);
355263;2020-01-14 14:11:00;RUA LEONARDO MOTA, ;RUA CAROLINA SUCUPIRA, ; ;;;Colisão;Luz do Dia;;;Cruz;Pare;Cruzamento;0;1;0;1;1;0;0;0;0;0;0;0;0;(-38.497995 -3.741825);
354671;2020-01-14 14:05:00;RUA BARBOSA DE FREITAS, ;AVENIDA PDE ANTONIO TOMAS, ; ;;;Colisão Transversal;Luz do Dia;Nublado;Molhada;Cruz;Semáforo;Cruzamento;0;1;1;1;1;0;0;0;0;0;0;0;0;(-38.498619 -3.740495);
355566;2020-01-14 14:00:00;RUA CANAL, ;, ; ;;;Não informado;Luz do Dia;;;Meio de Quadra;;Longo da via;0;1;0;0;0;0;0;0;0;0;0;0;0;(0 0);
355563;2020-01-14 13:40:00;RUA JOSE FACANHA, 676;, ; 676;;;Não informado;Luz do Dia;;;Meio de Quadra;;Longo da via;0;1;0;0;0;0;0;0;0;0;0;0;0;(-38.557325 -3.75208);
354563;2020-01-14 12:53:00;RD CE-040, ;, ; ;;;Colisão;Luz do Dia;;;Meio de Quadra;;Longo da via;0;2;0;0;2;0;0;0;0;0;0;0;0;(-38.4810839 -3.782614325);
355259;2020-01-14 12:31:00;AVENIDA 13 DE MAIO, ;, ; ;;;Colisão;Luz do Dia;;;Meio de Quadra;;Longo da via;0;1;0;0;0;0;0;0;0;0;1;0;0;(0 0);
355564;2020-01-14 11:50:00;AVENIDA LUCIANO CARNEIRO, ;RUA DA SAUDADE (MONTESE), ; ;;;Não informado;Luz do Dia;;;;;Cruzamento;0;2;0;0;2;0;0;0;0;0;0;0;0;(-38.49019 -3.77621);
355256;2020-01-14 11:47:00;RUA METON DE ALENCAR, ;RUA VINTE E QUATRO DE MAIO, ; ;;;Colisão;Luz do Dia;;;Cruz;Pare;Cruzamento;0;1;0;1;1;0;0;0;0;0;0;0;0;(-38.533848 -3.732626);
355236;2020-01-14 10:00:00;RUA SOLON PINHEIRO, ;RUA JOAQUIM MAGALHAES, ; ;;;Colisão;Luz do Dia;;;Cruz;Pare;Cruzamento;0;1;0;0;0;0;0;0;0;0;1;0;0;(-38.529352 -3.73949);
355234;2020-01-14 09:53:00;AVENIDA GAL OSORIO DE PAIVA, 1127;, ; 1127;;;Colisão;Luz do Dia;;;Meio de Quadra;;Longo da via;0;1;0;0;1;0;0;0;0;1;0;0;0;(-38.57207319 -3.779145525);
354670;2020-01-14 09:33:00;RUA MARCELINO LOPES, ;RUA SALVADOR CORREIA SA, ; ;;;Colisão Transversal;Luz do Dia;Bom;Seca;Meio de Quadra;Pare;Cruzamento;0;1;1;1;1;0;0;0;0;0;0;0;0;(-38.475074 -3.792833);
355233;2020-01-14 09:14:00;RUA DO GUAJIRU D56, 249;, ; 249;;;Colisão;Luz do Dia;;;Meio de Quadra;;Longo da via;0;1;0;1;1;0;0;0;0;0;0;0;0;(-38.50755 -3.78127);
354669;2020-01-14 08:25:00;RUA SUECIA, ;RUA EQUADOR, ; ;;;Colisão Traseira;Luz do Dia;Bom;Molhada;T;Pare;Cruzamento;0;0;2;1;1;0;0;0;0;0;0;0;0;(-38.557111 -3.784449);
355224;2020-01-14 07:55:00;RUA SEN ALENCAR, 252;, ; 252;;;Colisão;Luz do Dia;;;Meio de Quadra;;Longo da via;0;2;0;1;1;0;0;0;0;0;0;0;0;(-38.5278201 -3.72485824);
355222;2020-01-14 07:48:00;AVENIDA LUCIANO CARNEIRO, ;AVENIDA BORGES DE MELO, ; ;;;Colisão;Luz do Dia;;;Cruz;Semáforo;Cruzamento;0;1;0;1;1;0;0;0;0;0;0;0;0;(-38.534097 -3.756465);
355216;2020-01-14 07:27:00;RUA NOGUEIRA ACIOLI, ;RUA COSTA BARROS, ; ;;;Colisão;Luz do Dia;;;Cruz;Pare;Cruzamento;0;1;0;1;1;0;0;0;0;0;0;0;0;(-38.51634 -3.7285428);
354562;2020-01-14 07:10:00;AVENIDA SEN CARLOS JEREISSATI (AEROPORTO), ;, ; ;;;Queda;Luz do Dia;;;Meio de Quadra;;Longo da via;0;2;0;1;0;0;0;0;0;0;0;0;0;(-38.550907 -3.77402);
355213;2020-01-14 07:02:00;AVENIDA SEN CARLOS JEREISSATI (AEROPORTO), 733;, ; 733;;;Queda;Luz do Dia;;;Meio de Quadra;;Longo da via;0;1;0;1;0;0;0;0;0;0;0;0;0;(-38.52685 -3.783753);
355198;2020-01-14 06:35:00;RUA BETEL, ;, ; ;;;Queda;Luz do Dia;;;Meio de Quadra;;Longo da via;0;1;0;1;0;0;0;0;0;0;0;0;0;(0 0);
355197;2020-01-14 01:53:00;RUA RUI MONTE, 624;, ; 624;;;Atropelamento;;;;Meio de Quadra;;Longo da via;0;2;0;0;1;0;0;0;0;0;0;0;0;(-38.587066 -3.74442039);
355195;2020-01-14 00:44:00;RUA LUIS GUIMARAES, 384;, ; 384;;;Colisão;;;;Meio de Quadra;;Longo da via;0;1;0;2;0;0;0;0;0;0;0;0;0;(-38.57111 -3.72226);
355560;2020-01-13 23:35:00;AVENIDA JOR THOMAZ COELHO, ;, ; ;;;Colisão;;;;Meio de Quadra;;Longo da via;0;2;0;0;2;0;0;0;0;0;0;0;0;(0 0);
355193;2020-01-13 23:22:00;RUA DOM CARLOTO TAVORA, ;RUA ALBERTO MAGNO, ; ;;;Colisão;;;;Cruz;Pare;Cruzamento;0;1;0;1;1;0;0;0;0;0;0;0;0;(-38.553495 -3.770832);
354668;2020-01-13 22:36:00;RUA CEL FRANCISCO ALVES RIBEIRO, ;, ; ;;;Colisão Traseira;Via Iluminada;Bom;Seca;T;Semáforo;Longo da via;0;0;2;0;2;0;0;0;0;0;0;0;0;(-38.509848 -3.832836);
355192;2020-01-13 21:48:00;RUA MANUEL ARRUDA, 991;, ; 991;;;Colisão;;;;Meio de Quadra;;Longo da via;0;1;0;0;0;0;0;0;0;0;1;0;0;(-38.50823 -3.82795);
355191;2020-01-13 20:24:00;RUA STA CECILIA (VILA VELHA), 54;, ; 54;;;Queda;;;;Meio de Quadra;;Longo da via;0;1;0;0;0;0;0;0;0;1;0;0;0;(-38.6048908 -3.7182266);
354667;2020-01-13 20:20:00;AVENIDA IMPERADOR, ;RUA PEDRO FERREIRA, ; ;;;Colisão Transversal;Via Iluminada;Bom;Seca;Meio de Quadra;Semáforo;Cruzamento;0;1;1;1;1;0;0;0;0;0;0;0;0;(-38.59923 -3.72286);
355183;2020-01-13 19:59:00;AVENIDA K CJ PLANALTO BARRA, 137;, ; 137;;;Queda;;;;Meio de Quadra;;Longo da via;0;1;1;1;0;0;0;0;0;0;0;0;0;(-38.5540561 -3.8242917);
355181;2020-01-13 19:43:00;RUA SALVADOR CORREIA SA, 740;, ; 740;;;Colisão;;;;Meio de Quadra;;Longo da via;0;2;0;1;1;0;0;0;0;0;0;0;0;(-38.47491 -3.79502);
355180;2020-01-13 19:36:00;RUA DO CARANGUEJO, 2233;, ; 2233;;;Atropelamento;;;;Meio de Quadra;;Longo da via;0;1;1;1;0;0;0;0;0;0;0;0;0;(-38.59875 -3.73278);
355178;2020-01-13 18:59:00;AVENIDA IMPERADOR, ;RUA PEDRO PEREIRA, ; ;;;Colisão;;;;Cruz;Semáforo;Cruzamento;0;1;0;1;1;0;0;0;0;0;0;0;0;(-38.534609 -3.727714);
355172;2020-01-13 18:58:00;RUA JOAO BRIGIDO, 2191;, ; 2191;;;Colisão;;;;Meio de Quadra;;Longo da via;0;1;0;2;0;0;0;0;0;0;0;0;0;(-38.5210685 -3.73894007);
355171;2020-01-13 18:39:00;RUA MARCELINO LOPES, ;RUA SALVADOR CORREIA SA, ; ;;;Colisão;;;;;;Cruzamento;0;1;0;1;1;0;0;0;0;0;0;0;0;(-38.475074 -3.792833);
355169;2020-01-13 17:19:00;ESTRADA DO FIO (MESSEJANA), 3000;, ; 3000;;;Colisão;Anoitecer;;;Meio de Quadra;;Longo da via;0;1;0;0;0;0;0;0;0;0;1;0;0;(0 0);
355168;2020-01-13 17:13:00;AVENIDA BEIRA MAR, ;, ; ;;;Queda;Anoitecer;;;Meio de Quadra;;Longo da via;0;1;0;0;0;0;0;0;0;1;0;0;0;(0 0);
355166;2020-01-13 16:49:00;RUA MAJ FACUNDO, 242;, ; 242;;;Colisão;Luz do Dia;;;Meio de Quadra;;Longo da via;0;1;0;0;0;0;0;0;0;0;1;0;0;(-38.52704 -3.72535);
355164;2020-01-13 16:47:00;AVENIDA GAL OSORIO DE PAIVA, 6652;, ; 6652;;;Colisão;Luz do Dia;;;Meio de Quadra;;Longo da via;0;1;0;1;1;0;0;0;0;0;0;0;0;(-38.608824 -3.811718);
355165;2020-01-13 16:47:00;AVENIDA PRS JUSCELINO KUBITSCHEK (PASSARÉ), 3653;, ; 3653;;;Colisão;Luz do Dia;;;Meio de Quadra;;Longo da via;0;3;0;2;0;0;0;0;0;0;0;0;0;(-38.53007125 -3.81415675);
355159;2020-01-13 16:46:00;AVENIDA DOS JANGADEIROS, 960;, ; 960;;;Atropelamento;Luz do Dia;;;Meio de Quadra;;Longo da via;0;2;0;1;0;0;0;0;0;0;0;0;0;(-38.47881 -3.72588);
355158;2020-01-13 16:34:00;AVENIDA GODOFREDO MACIEL, 606;, ; 606;;;Colisão;Luz do Dia;;;Meio de Quadra;;Longo da via;0;2;0;1;1;0;0;0;0;0;0;0;0;(-38.565316 -3.781495);
354665;2020-01-13 14:16:00;AVENIDA DOMINGOS OLIMPIO, 1265;, ; 1265;;;Colisão Traseira;Luz do Dia;Bom;Seca;Meio de Quadra;Não Há Controle;Longo da via;0;1;1;1;1;0;0;0;0;0;0;0;0;(-38.5348275 -3.73540132);
354666;2020-01-13 14:08:00;AVENIDA SANTOS DUMONT, ;AVENIDA DES MOREIRA, ; ;;;Colisão Lateral;Luz do Dia;Bom;Seca;Cruz;Semáforo;Cruzamento;0;1;1;0;1;1;0;0;0;0;0;0;0;(-38.498365 -3.736226);
355157;2020-01-13 13:02:00;RUA CON DE CASTRO, 1124;, ; 1124;;;Colisão;Luz do Dia;;;Meio de Quadra;;Longo da via;0;1;0;1;1;0;0;0;0;0;0;0;0;(-38.58761 -3.80027);