COD_ACIDENTE;DATA;LOG1;LOG2;NUMERO;BAIRRO;AMC;NATUREZA;ILUMINACAO;TEMPO;SUPERFICIEPISTA;TIPOCRUZAMENTO;CONTROLETRAFEGO;USOSOLO;MORTOS;FERIDOS;ILESOS;MOTOCICLETA;AUTOMOVEL;MICROONIBUS;CAMINHAO;ONIBUS;CICLOMOTOR;BICICLETA;OUTROS;TREM;TRACAOANIMAL;COORDENADAS
355156;2020-01-13 12:26:00;AVENIDA SEN CARLOS JEREISSATI (AEROPORTO), 121;, ; 121;;;Colisão;Luz do Dia;;;Meio de Quadra;;Longo da via;0;1;0;1;1;0;0;0;0;0;0;0;0;(-38.52685 -3.783753);
355155;2020-01-13 12:15:00;AVENIDA ALM HENRIQUE SABOIA, 164;, ; 164;;;Atropelamento;Luz do Dia;;;Meio de Quadra;;Longo da via;0;1;1;1;0;0;0;0;0;0;0;0;0;(-38.47999366 -3.723125806);
354561;2020-01-13 12:00:00;AVENIDA SEN CARLOS JEREISSATI (AEROPORTO), ;, ; ;;;Colisão;Luz do Dia;;;Meio de Quadra;;Longo da via;0;2;0;1;1;0;0;0;0;0;0;0;0;(-38.550907 -3.77402);
355154;2020-01-13 11:02:00;RUA VALPARAISO, 686;, ; 686;;;Colisão;Luz do Dia;;;Meio de Quadra;;Longo da via;0;2;0;1;1;0;0;0;0;0;0;0;0;(-38.52624986 -3.843831314);
355153;2020-01-13 10:40:00;RUA TEODOMIRO DE CASTRO, 4166;, ; 4166;;;Colisão;Luz do Dia;;;Meio de Quadra;;Longo da via;0;3;0;1;1;0;0;0;0;0;0;0;0;(-38.571404 -3.719221);
355152;2020-01-13 10:39:00;RUA VALPARAISO, 686;, ; 686;;;Colisão;Luz do Dia;;;Meio de Quadra;;Longo da via;0;1;0;1;1;0;0;0;0;0;0;0;0;(-38.52624986 -3.843831314);
355151;2020-01-13 10:28:00;AVENIDA CARNEIRO DE MENDONCA, ;, ; ;;;Colisão;Luz do Dia;;;Meio de Quadra;;Longo da via;0;1;0;1;1;0;0;0;0;0;0;0;0;(0 0);
354664;2020-01-13 09:45:00;RUA BAR RIO BRANCO, ;RUA PDE MIGUELINHO, ; ;;;Colisão Transversal;Luz do Dia;Bom;Seca;Cruz;Pare;Cruzamento;0;1;1;1;1;0;0;0;0;0;0;0;0;(-38.53346 -3.742749);
354663;2020-01-13 09:40:00;RUA PINTO MADEIRA, ;RUA GONCALVES LEDO, ; ;;;Colisão Transversal;Luz do Dia;Bom;Seca;Cruz;Pare;Cruzamento;0;1;2;1;2;0;0;0;0;0;0;0;0;(-38.516497 -3.732626);
355149;2020-01-13 08:23:00;RUA LEONARDO MOTA, 2597;, ; 2597;;;Colisão;Luz do Dia;;;Meio de Quadra;;Longo da via;0;1;0;0;0;0;0;0;0;0;1;0;0;(-38.5001196 -3.74847773);
355148;2020-01-13 07:37:00;AVENIDA GAL OSORIO DE PAIVA, 5374;, ; 5374;;;Colisão;Luz do Dia;;;Meio de Quadra;;Longo da via;0;1;0;0;0;0;0;0;0;0;1;0;0;(-38.60175088 -3.80440075);
354617;2020-01-13 06:50:00;RD BR 116, ;, ; ;;;Colisão Transversal;Luz do Dia;Bom;Seca;Meio de Quadra;;Longo da via;0;2;0;0;1;0;0;0;0;1;0;0;0;(-38.496066 -3.85574);
355147;2020-01-13 06:05:00;RUA MARIA JULIA, 1968;, ; 1968;;;Atropelamento;Luz do Dia;;;Meio de Quadra;;Longo da via;0;2;1;0;1;0;0;0;0;0;0;0;0;(-38.603688 -3.802773);
355135;2020-01-12 23:11:00;AVENIDA PRS JUSCELINO KUBITSCHEK (PASSARÉ), ;, ; ;;;Queda;;;;Meio de Quadra;;Longo da via;0;1;0;0;0;0;0;0;0;1;0;0;0;(0 0);
355133;2020-01-12 23:11:00;RUA ASTROGILDO FONTOURA, 680;, ; 680;;;Queda;;;;Meio de Quadra;;Longo da via;0;1;0;0;0;0;0;0;0;1;0;0;0;(-38.585095 -3.712063);
355131;2020-01-12 21:11:00;RUA SOUSA CARVALHO, 856;, ; 856;;;Queda;;;;Meio de Quadra;;Longo da via;0;1;0;1;0;0;0;0;0;0;0;0;0;(-38.5924372 -3.78254088);
355106;2020-01-12 20:07:00;RUA JOSE DANTAS VIEIRA, ;, ; ;;;Atropelamento;;;;Meio de Quadra;;Longo da via;0;2;0;0;0;0;0;0;0;0;1;0;0;(0 0);
355101;2020-01-12 19:54:00;RUA VICENTE LEITE, 909;, ; 909;;;Atropelamento;;;;Meio de Quadra;;Longo da via;0;2;0;0;0;0;0;0;0;0;1;0;0;(-38.4945448 -3.73444122);
355097;2020-01-12 19:44:00;AVENIDA SEN CARLOS JEREISSATI (AEROPORTO), 19;, ; 19;;;Atropelamento;;;;Meio de Quadra;;Longo da via;0;1;1;0;1;0;0;0;0;0;0;0;0;(0 0);
355094;2020-01-12 19:13:00;RUA FRANCISCO CALACA, 1403;, ; 1403;;;Queda;;;;Meio de Quadra;;Longo da via;0;1;0;0;0;0;0;0;0;1;0;0;0;(-38.5730172 -3.71416648);
355082;2020-01-12 18:42:00;RUA JULIO SILVA, 440;, ; 440;;;Queda;;;;Meio de Quadra;;Longo da via;0;1;0;0;0;0;0;0;0;1;0;0;0;(-38.45462 -3.74537);
355068;2020-01-12 18:19:00;AVENIDA ALBERTO NEPOMUCENO, ;RUA PESSOA ANTA, ; ;;;Atropelamento;Anoitecer;;;;;Cruzamento;0;1;1;1;0;0;0;0;0;0;0;0;0;(-38.523212 -3.721257);
355063;2020-01-12 18:07:00;RUA MAL DEODORO, 1264;, ; 1264;;;Colisão;Anoitecer;;;Meio de Quadra;;Longo da via;0;3;0;1;0;0;0;0;0;1;0;0;0;(-38.53809 -3.746425);
355013;2020-01-12 16:26:00;AVENIDA COS GOMES DE FREITAS (SAPIRANGA/COITE), 4160;, ; 4160;;;Queda;Luz do Dia;;;Meio de Quadra;;Longo da via;0;1;0;1;0;0;0;0;0;0;0;0;0;(-38.469716 -3.794842);
355012;2020-01-12 15:25:00;RUA SAO JOAO D34 (BONSUCESSO), ;RUA BUENO, ; ;;;Colisão;Luz do Dia;;;Cruz;Não Há Controle;Cruzamento;0;1;0;1;1;0;0;0;0;0;0;0;0;(-38.60362 -3.72451);
355011;2020-01-12 15:07:00;AVENIDA MOZART PINHEIRO DE LUCENA, 3344;, ; 3344;;;Queda;Luz do Dia;;;Meio de Quadra;;Longo da via;0;1;0;1;0;0;0;0;0;0;0;0;0;(-38.5999852 -3.73396518);
355010;2020-01-12 11:10:00;RUA HERMINIA BONAVIDES, 333;, ; 333;;;Queda;Luz do Dia;;;Meio de Quadra;;Longo da via;0;1;0;1;0;0;0;0;0;0;0;0;0;(-38.461171 -3.730144);
355009;2020-01-12 11:09:00;RUA ALUISIO AZEVEDO, 352;, ; 352;;;Queda;Luz do Dia;;;Meio de Quadra;;Longo da via;0;1;0;1;0;0;0;0;0;0;0;0;0;(-38.575842 -3.771975);
355008;2020-01-12 11:06:00;RUA MIGUEL GURGEL, ;, ; ;;;Acidente Pessoal;Luz do Dia;;;Meio de Quadra;;Longo da via;0;1;0;1;0;0;0;0;0;0;0;0;0;(0 0);
355007;2020-01-12 10:49:00;AVENIDA MOZART PINHEIRO DE LUCENA, 1850;, ; 1850;;;Colisão;Luz do Dia;;;Meio de Quadra;;Longo da via;0;1;0;1;1;0;0;0;0;0;0;0;0;(-38.59586 -3.71845);
355006;2020-01-12 10:46:00;AVENIDA SIQUEIRA CAMPOS, 836;, ; 836;;;Colisão;Luz do Dia;;;Meio de Quadra;;Longo da via;0;1;1;0;2;0;0;0;0;0;0;0;0;(-38.62288918 -3.817615642);
355005;2020-01-12 09:53:00;RUA DES PRAXEDES, 1084;, ; 1084;;;Colisão;Luz do Dia;;;Meio de Quadra;;Longo da via;0;1;0;1;1;0;0;0;0;0;0;0;0;(-38.54557 -3.76225);
355559;2020-01-12 08:26:00;RUA PRO HERIBALDO COSTA, ;, ; ;;;Não informado;Luz do Dia;;;Meio de Quadra;;Longo da via;0;2;0;0;1;0;0;0;1;0;0;0;0;(0 0);
354662;2020-01-12 06:30:00;AVENIDA SEN FERNANDES TAVORA, 500;, ; 500;;;Choque c/ Obstáculo Fixo;Luz do Dia;Bom;Seca;Meio de Quadra;Não Há Controle;Longo da via;0;2;0;0;1;0;0;0;0;0;0;0;0;(-38.5773533 -3.7647089);
355004;2020-01-12 06:16:00;RUA BETEL, ;, ; ;;;Colisão;Luz do Dia;;;Meio de Quadra;;Longo da via;0;1;0;0;0;0;0;0;0;0;1;0;0;(0 0);
354661;2020-01-12 04:30:00;AVENIDA GODOFREDO MACIEL, 418;, ; 418;;;Choque c/ Obstáculo Fixo;Luz do Dia;Bom;Seca;Meio de Quadra;Não Há Controle;Longo da via;0;1;0;0;1;0;0;0;0;0;0;0;0;(-38.5648069 -3.77985117);
354560;2020-01-11 23:15:00;RD CE-040, ;, ; ;;;Colisão;;;;Meio de Quadra;;Longo da via;0;2;0;0;2;0;0;0;0;0;0;0;0;(-38.47204254 -3.857690949);
355003;2020-01-11 22:38:00;RUA BERNARDO MANUEL, 11464;, ; 11464;;;Colisão;;;;Meio de Quadra;;Longo da via;0;1;0;1;0;0;0;0;0;0;0;0;0;(-38.5592142 -3.8256997);
355002;2020-01-11 21:26:00;RUA PDE MORORO, ;, ; ;;;Queda;;;;Meio de Quadra;;Longo da via;0;1;0;0;0;0;0;0;0;1;0;0;0;(-38.536187 -3.721227);
355001;2020-01-11 20:58:00;RUA ALBERTO MAGNO, 1304;, ; 1304;;;Colisão;;;;Meio de Quadra;;Longo da via;0;1;0;1;0;0;0;0;0;0;0;0;0;(-38.55022 -3.76508);
354660;2020-01-11 20:22:00;RUA DEP MOREIRA DA ROCHA, 49;, ; 49;;;Colisão Lateral;Via Iluminada;Bom;Seca;Meio de Quadra;Gesto;Longo da via;0;1;1;1;0;0;0;1;0;0;0;0;0;(-38.51326 -3.72646);
355000;2020-01-11 19:26:00;RUA TEN BENEVOLO, 49;, ; 49;;;Queda;;;;Meio de Quadra;;Longo da via;0;1;0;1;0;0;0;0;0;0;0;0;0;(-38.519977 -3.72451291);
354999;2020-01-11 18:40:00;AVENIDA BORGES DE MELO, 124;, ; 124;;;Atropelamento;;;;Meio de Quadra;;Longo da via;0;2;0;0;1;0;0;0;0;0;0;0;0;(-38.520039 -3.761342);
354998;2020-01-11 18:00:00;AVENIDA BEIRA MAR, ;, ; ;;;Colisão;Anoitecer;;;Meio de Quadra;;Longo da via;0;1;0;1;1;0;0;0;0;0;0;0;0;(0 0);
355555;2020-01-11 16:35:00;AVENIDA BAR STUDART, 777;, ; 777;;;Não informado;Luz do Dia;;;Meio de Quadra;;Longo da via;0;2;0;0;2;0;0;0;0;0;0;0;0;(-38.505386 -3.7310011);
354997;2020-01-11 16:01:00;AVENIDA AUGUSTO DOS ANJOS, 489;, ; 489;;;Colisão;Luz do Dia;;;Meio de Quadra;;Longo da via;0;1;0;1;1;0;0;0;0;0;0;0;0;(-38.5727921 -3.773047);
354559;2020-01-11 14:25:00;RD CE-060, ;, ; ;;;Colisão;Luz do Dia;;;Meio de Quadra;;Longo da via;0;2;0;0;1;0;0;0;0;0;0;0;0;(-38.5795 -3.826136);
354996;2020-01-11 13:58:00;RUA BERNARDO MANUEL, 13015;, ; 13015;;;Atropelamento;Luz do Dia;;;Meio de Quadra;;Longo da via;0;2;0;1;0;0;0;0;0;0;0;0;0;(-38.5613522 -3.8320018);
354995;2020-01-11 13:42:00;RUA JULIO BRAGA, 1542;, ; 1542;;;Colisão;Luz do Dia;;;Meio de Quadra;;Longo da via;0;1;1;1;1;0;0;0;0;0;0;0;0;(-38.584407 -3.773246);
355557;2020-01-11 13:30:00;AVENIDA PRS COSTA E SILVA, ;, ; ;;;Colisão;Luz do Dia;;;Meio de Quadra;;Longo da via;0;2;0;1;1;0;0;0;0;0;0;0;0;(0 0);
354987;2020-01-11 12:55:00;RUA MONTE PASCOAL, 225;, ; 225;;;Colisão;Luz do Dia;;;Meio de Quadra;;Longo da via;0;1;0;1;1;0;0;0;0;0;0;0;0;(-38.60005 -3.8045);
354986;2020-01-11 12:49:00;RUA CHILE, ;RUA VIRIATO RIBEIRO, ; ;;;Colisão;Luz do Dia;;;Cruz;Pare;Cruzamento;0;1;0;1;1;0;0;0;0;0;0;0;0;(-38.565276 -3.746178);
354984;2020-01-11 12:38:00;RUA CON DE CASTRO, 6050;, ; 6050;;;Colisão;Luz do Dia;;;Meio de Quadra;;Longo da via;0;1;0;1;1;0;0;0;0;0;0;0;0;(-38.599395 -3.815418);
354985;2020-01-11 12:38:00;RUA CONTORNO DA UNIFOR, 300;, ; 300;;;Atropelamento;Luz do Dia;;;Meio de Quadra;;Longo da via;0;2;0;0;0;0;0;0;0;0;1;0;0;(-38.5208734 -3.8045911);
354558;2020-01-11 12:00:00;RD CE-060, ;, ; ;;;Colisão;Luz do Dia;;;Meio de Quadra;;Longo da via;0;3;0;1;1;0;0;0;0;0;0;0;0;(-38.5795 -3.826136);
354983;2020-01-11 11:53:00;RUA FAUSTO CABRAL, 920;, ; 920;;;Colisão;Luz do Dia;;;Meio de Quadra;;Longo da via;0;1;1;1;1;0;0;0;0;0;0;0;0;(-38.4733028 -3.73456857);
354919;2020-01-11 11:47:00;RUA BAR RIO BRANCO, 2915;, ; 2915;;;Colisão;Luz do Dia;;;Meio de Quadra;;Longo da via;0;1;1;1;1;0;0;0;0;0;0;0;0;(-38.53376 -3.74376);
354917;2020-01-11 10:59:00;RUA JOSE EUCLIDES F GOMES, 145;, ; 145;;;Queda;Luz do Dia;;;Meio de Quadra;;Longo da via;0;1;0;1;0;0;0;0;0;0;0;0;0;(-38.4637 -3.82971);
354894;2020-01-11 10:23:00;RD QUARTO ANEL VIARIO, ;, ; ;;;Colisão;Luz do Dia;;;Meio de Quadra;;Longo da via;0;1;0;2;0;0;0;0;0;0;0;0;0;(0 0);
354893;2020-01-11 10:10:00;AVENIDA PRS COSTA E SILVA, ;, ; ;;;Colisão;Luz do Dia;;;Meio de Quadra;;Longo da via;0;1;0;1;1;0;0;0;0;0;0;0;0;(0 0);
354616;2020-01-11 10:00:00;RD BR 020, ;, ; ;;;Queda;Luz do Dia;Bom;Seca;Meio de Quadra;;Longo da via;0;1;1;2;0;0;0;0;0;0;0;0;0;(-38.508333 -3.868769);
354892;2020-01-11 09:53:00;AVENIDA G CJ JOSE WALTER, ;, ; ;;;Colisão;Luz do Dia;;;Meio de Quadra;;Longo da via;0;1;1;1;1;0;0;0;0;0;0;0;0;(0 0);
354891;2020-01-11 09:51:00;AVENIDA VICENTE DE CASTRO, ;, ; ;;;Colisão;Luz do Dia;;;Meio de Quadra;;Longo da via;0;1;1;0;0;0;1;0;0;1;0;0;0;(-38.474368 -3.71528);
354890;2020-01-11 08:50:00;AVENIDA JOSE BASTOS, ;AVENIDA 13 DE MAIO, ; ;;;Colisão;Luz do Dia;;;Com Via Férrea;Não Há Controle;Cruzamento;0;1;0;1;1;0;0;0;0;0;0;0;0;(-38.540204 -3.739993);
354889;2020-01-11 08:33:00;AVENIDA OLIVEIRA PAIVA, 2503;, ; 2503;;;Colisão;Luz do Dia;;;Meio de Quadra;;Longo da via;0;1;0;1;1;0;0;0;0;0;0;0;0;(-38.484139 -3.796087);
354888;2020-01-11 08:27:00;AVENIDA PRS CASTELO BRANCO, 70;, ; 70;;;Colisão;Luz do Dia;;;Meio de Quadra;;Longo da via;0;1;0;1;1;0;0;0;0;0;0;0;0;(-38.522493 -3.7229185);
354887;2020-01-11 06:52:00;RUA CON DE CASTRO, 2780;, ; 2780;;;Atropelamento;Luz do Dia;;;Meio de Quadra;;Longo da via;0;2;0;0;1;0;0;0;0;0;0;0;0;(-38.581343 -3.79356592);
354886;2020-01-11 05:33:00;RUA BERNARDO MANUEL, 9180;, ; 9180;;;Queda;Amanhecer;;;Meio de Quadra;;Longo da via;0;2;0;1;0;0;0;0;0;0;0;0;0;(-38.5517487 -3.79979146);
354885;2020-01-11 04:57:00;RD BR 116, ;, ; ;;;Queda;;;;Meio de Quadra;;Longo da via;0;1;0;0;0;0;0;0;0;1;0;0;0;(0 0);
354882;2020-01-11 02:25:00;AVENIDA GAL OSORIO DE PAIVA, ;RUA LEBOM MAIA, ; ;;;Colisão;;;;Cruz;Semáforo;Cruzamento;0;4;0;0;2;0;0;0;0;0;0;0;0;(-38.580471 -3.78448);
354880;2020-01-11 01:02:00;AVENIDA ENG HUMBERTO MONTE, 1005;, ; 1005;;;Colisão;;;;Meio de Quadra;;Longo da via;0;1;0;2;0;0;0;0;0;0;0;0;0;(-38.5596571 -3.75019551);
355558;2020-01-11 00:40:00;RUA PESSOA ANTA, ;RUA BORIS, ; ;;;Não informado;;;;;Não Há Controle;Cruzamento;0;1;0;1;0;0;0;0;0;0;0;0;0;(-38.521017 -3.720976);
354879;2020-01-11 00:28:00;RUA PRS PRUDENTE, ;, ; ;;;Colisão;;;;Meio de Quadra;;Longo da via;0;1;0;0;2;0;0;0;0;0;0;0;0;(0 0);
354877;2020-01-11 00:28:00;RUA PDE PERDIGAO SAMPAIO, 250;, ; 250;;;Capotamento;;;;Meio de Quadra;;Longo da via;0;1;0;0;1;0;0;0;0;0;0;0;0;(-38.594869 -3.7384305);
354557;2020-01-11 00:05:00;AVENIDA SEN CARLOS JEREISSATI (AEROPORTO), ;, ; ;;;Colisão;;;;Meio de Quadra;;Longo da via;0;2;0;0;2;0;0;0;0;0;0;0;0;(-38.52685 -3.783753);
354490;2020-01-10 23:30:00;RUA PESSOA ANTA, ;RUA BORIS, ; ;;;Colisão Lateral;Via Iluminada;Bom;Seca;;Não Há Controle;Cruzamento;0;1;1;1;1;0;0;0;0;0;0;0;0;(-38.521017 -3.720976);
354873;2020-01-10 22:10:00;RUA BAR SOBRAL, 583;, ; 583;;;Colisão;;;;Meio de Quadra;;Longo da via;0;1;0;1;0;0;0;0;0;0;0;0;0;(-38.554121 -3.767051);
355554;2020-01-10 22:00:00;RUA CEL JOSE EUCLIDES, ;, ; ;;;Colisão;;;;Meio de Quadra;;Longo da via;0;1;0;0;1;0;0;0;0;0;0;0;0;(0 0);
354872;2020-01-10 20:44:00;RUA SABIAGUABA, 1381;, ; 1381;;;Queda;;;;Meio de Quadra;;Longo da via;0;1;0;0;0;0;0;0;0;1;0;0;0;(-38.43703 -3.78234);
354871;2020-01-10 19:52:00;RUA ERETIDES MARTINS, 1044;, ; 1044;;;Queda;;;;Meio de Quadra;;Longo da via;0;1;0;0;0;0;0;0;0;1;0;0;0;(-38.5597209 -3.72839934);
354615;2020-01-10 19:50:00;RD BR 020, ;, ; ;;;Colisão Lateral;;Bom;Seca;Meio de Quadra;;Longo da via;0;1;1;1;1;0;0;0;0;0;0;0;0;(-38.515 -3.866);
354844;2020-01-10 19:41:00;RUA FLOR DE LIS, 202;, ; 202;;;Atropelamento;;;;Meio de Quadra;;Longo da via;0;2;0;0;1;0;0;0;0;0;0;0;0;(-38.55501 -3.77757);
354843;2020-01-10 19:21:00;AVENIDA BEZERRA DE MENEZES, 2099;, ; 2099;;;Atropelamento;;;;Meio de Quadra;;Longo da via;0;2;0;0;1;0;0;0;0;0;0;0;0;(-38.563357 -3.735428);
354842;2020-01-10 18:32:00;RUA ISABEL MADEIRA, 22;, ; 22;;;Queda;;;;Meio de Quadra;;Longo da via;0;1;0;1;0;0;0;0;0;0;0;0;0;(-38.4873318 -3.79001074);
354840;2020-01-10 17:55:00;RD QUARTO ANEL VIARIO, 2165;, ; 2165;;;Colisão;Anoitecer;;;Meio de Quadra;;Longo da via;0;1;0;0;0;0;0;0;0;0;1;0;0;(-38.5133481 -3.8666225);
354614;2020-01-10 17:40:00;RD BR 020, ;, ; ;;;Colisão Transversal;Anoitecer;Nublado;Seca;Meio de Quadra;;Longo da via;0;2;0;1;0;0;0;0;0;1;0;0;0;(-38.524 -3.863);
354839;2020-01-10 17:31:00;RUA AZEVEDO BOLAO, ;RUA MOREIRA DE SOUSA, ; ;;;Colisão;Anoitecer;;;Cruz;Pare;Cruzamento;0;1;1;1;1;0;0;0;0;0;0;0;0;(-38.566735 -3.738489);
354836;2020-01-10 17:15:00;RUA FLORIANO PEIXOTO, ;RUA DEP JOAO PONTES, ; ;;;Colisão;Anoitecer;;;Cruz;Pare;Cruzamento;0;1;0;0;0;0;0;0;0;0;1;0;0;(-38.533045 -3.745192);
354488;2020-01-10 14:50:00;AVENIDA SGT HERMINIO SAMPAIO, 1823;, ; 1823;;;Colisão Frontal;Luz do Dia;Bom;Seca;Meio de Quadra;Não Há Controle;Longo da via;0;1;0;1;1;0;0;0;0;0;0;0;0;(-38.557016 -3.725727);
355552;2020-01-10 14:40:00;AVENIDA PRS CASTELO BRANCO, 400;, ; 400;;;Colisão;Luz do Dia;;;Meio de Quadra;;Longo da via;0;1;0;0;1;0;0;0;0;0;0;0;0;(-38.529059 -3.720736);
354659;2020-01-10 14:30:00;RUA PDE IBIAPINA, 1680;, ; 1680;;;Colisão Traseira;Luz do Dia;Bom;Seca;Meio de Quadra;;Longo da via;0;1;1;1;1;0;0;0;0;0;0;0;0;(-38.5400285 -3.730033);
354833;2020-01-10 14:01:00;AVENIDA AUGUSTO DOS ANJOS, 806;, ; 806;;;Colisão;Luz do Dia;;;Meio de Quadra;;Longo da via;0;1;0;1;1;0;0;0;0;0;0;0;0;(-38.5746537 -3.77506659);
354657;2020-01-10 13:53:00;AVENIDA DUQ CAXIAS, ;RUA VINTE QUATRO DE MAIO, ; ;;;Colisão Transversal;Luz do Dia;Chuva;Molhada;Meio de Quadra;Semáforo;Cruzamento;0;1;1;0;1;0;0;0;1;0;0;0;0;(-38.533249 -3.730704);
354831;2020-01-10 13:50:00;AVENIDA DUQ CAXIAS, ;RUA GAL SAMPAIO, ; ;;;Atropelamento;Luz do Dia;;;Cruz;Semáforo;Cruzamento;0;1;1;0;1;0;0;0;0;0;0;0;0;(-38.532029 -3.731096);
354830;2020-01-10 13:37:00;RUA AUDISIO PINHEIRO, ;RUA PORTO VELHO, ; ;;;Colisão;Luz do Dia;;;Cruz;Pare;Cruzamento;0;1;0;1;1;0;0;0;0;0;0;0;0;(-38.59149 -3.76357);
354829;2020-01-10 12:41:00;RUA OSVALDO CRUZ (ALDEOTA), ;AVENIDA SANTOS DUMONT, ; ;;;Atropelamento;Luz do Dia;;;Cruz;Semáforo;Cruzamento;0;1;1;1;0;0;0;0;0;0;0;0;0;(-38.500317 -3.735602);
354658;2020-01-10 11:55:00;AVENIDA PRS CASTELO BRANCO, 400;, ; 400;;;Colisão Traseira;Luz do Dia;Bom;Seca;Meio de Quadra;Não Há Controle;Longo da via;0;0;2;0;2;0;0;0;0;0;0;0;0;(-38.529059 -3.720736);
354828;2020-01-10 10:41:00;AVENIDA ENG LEAL LIMA VERDE (SAPIRANGA/COITE), 2780;, ; 2780;;;Colisão;Luz do Dia;;;Meio de Quadra;;Longo da via;0;1;0;0;1;0;0;0;0;1;0;0;0;(-38.4744785 -3.8166635);
354656;2020-01-10 10:32:00;AVENIDA LUIZ VIEIRA, ;RUA ANTONIO COSTA MENDES, ; ;;;Não informado;Luz do Dia;Nublado;Seca;Cruz;Pare;Cruzamento;0;2;0;0;1;0;0;1;0;0;0;0;0;(-38.587444 -3.793987);
354813;2020-01-10 09:48:00;RUA STA MARLUCIA, 490;, ; 490;;;Colisão;Luz do Dia;;;Meio de Quadra;;Longo da via;0;1;0;0;1;0;0;1;0;0;0;0;0;(-38.5020712 -3.7837445);
354810;2020-01-10 09:28:00;RUA BENI DE CARVALHO, 666;, ; 666;;;Colisão;Luz do Dia;;;Meio de Quadra;;Longo da via;0;1;0;1;1;0;0;0;0;0;0;0;0;(-38.49407 -3.746301);
354809;2020-01-10 09:16:00;RUA CAP GUSTAVO, ;AVENIDA PONTES VIEIRA, ; ;;;Colisão;Luz do Dia;;;Cruz;Gesto;Cruzamento;0;1;0;2;0;0;0;0;0;0;0;0;0;(-38.517125 -3.753153);
354487;2020-01-10 08:50:00;AVENIDA CARAPINIMA, 2200;, ; 2200;;;Colisão Lateral;Luz do Dia;Chuva;Molhada;Meio de Quadra;Semáforo;Longo da via;0;1;1;1;0;0;0;1;0;0;0;0;0;(-38.5397075 -3.7394995);
354807;2020-01-10 07:59:00;RUA ARISTIDES BARCELOS, 839;, ; 839;;;Queda;Luz do Dia;;;Meio de Quadra;;Longo da via;0;1;0;0;0;0;0;0;0;1;0;0;0;(-38.46903 -3.72408);
354806;2020-01-10 07:38:00;AVENIDA LINEU MACHADO, 657;, ; 657;;;Colisão;Luz do Dia;;;Meio de Quadra;;Longo da via;0;1;0;1;1;0;0;0;0;0;0;0;0;(-38.577074 -3.766231);
354805;2020-01-10 07:03:00;AVENIDA H CJ CEARA, ;AVENIDA G CJ CEARA, ; ;;;Colisão;Luz do Dia;;;T;Pare;Cruzamento;0;1;0;0;1;0;0;0;0;1;0;0;0;(-38.610167 -3.775739);
354489;2020-01-10 03:50:00;AVENIDA DA UNIVERSIDADE, ;AVENIDA 13 DE MAIO, ; ;;;Colisão Transversal;Via Iluminada;Bom;Seca;Cruz;Semáforo;Cruzamento;1;0;1;1;0;0;1;0;0;0;0;0;0;(-38.539107 -3.740962);
354798;2020-01-09 23:26:00;AVENIDA JOAO PESSOA, ;RUA PDE CICERO, ; ;;;Colisão;;;;Cruz;Semáforo;Cruzamento;0;1;0;0;0;0;0;0;0;0;1;0;0;(-38.543518 -3.7458746);
354797;2020-01-09 23:14:00;AVENIDA DOMINGOS SAVIO, 266;, ; 266;;;Atropelamento;;;;Meio de Quadra;;Longo da via;0;2;0;1;0;0;0;0;0;0;0;0;0;(-38.4893772 -3.81769404);
354796;2020-01-09 20:47:00;RUA BOM JESUS (GRANJA LISBOA), ;RUA MARIA JULIA, ; ;;;Colisão;;;;Cruz;Pare;Cruzamento;0;1;0;1;1;0;0;0;0;0;0;0;0;(-38.600603 -3.79464);
354794;2020-01-09 19:54:00;AVENIDA WASHINGTON SOARES, 1550;, ; 1550;;;Colisão;;;;Meio de Quadra;;Longo da via;0;1;1;0;1;0;0;0;0;1;0;0;0;(-38.4818675 -3.7733375);
354791;2020-01-09 19:11:00;RUA BERNARDO MANUEL, ;, ; ;;;Colisão;;;;Meio de Quadra;;Longo da via;0;1;0;0;1;0;0;0;0;1;0;0;0;(0 0);
354790;2020-01-09 19:11:00;RUA ELVIRA PINHO, 370;, ; 370;;;Colisão;;;;Meio de Quadra;;Longo da via;0;2;0;1;1;0;0;0;0;0;0;0;0;(-38.55597 -3.76713);
354783;2020-01-09 19:10:00;AVENIDA DOS EXPEDICIONARIOS, ;, ; ;;;Colisão;;;;;;Longo da via;0;1;0;0;1;0;0;0;0;1;0;0;0;(0 0);
354782;2020-01-09 18:59:00;RUA BERNARDO MANUEL, ;, ; ;;;Atropelamento;;;;Meio de Quadra;;Longo da via;0;2;0;0;0;0;0;0;0;0;1;0;0;(0 0);
354613;2020-01-09 18:10:00;RD BR 116, ;, ; ;;;Colisão Traseira;Anoitecer;Nublado;Seca;Meio de Quadra;;Longo da via;0;1;1;0;2;0;0;0;0;0;0;0;0;(-38.503053 -3.804691);
354781;2020-01-09 16:56:00;AVENIDA 13 DE MAIO, 875;, ; 875;;;Atropelamento;Luz do Dia;;;Meio de Quadra;;Longo da via;0;2;0;1;0;0;0;0;0;0;0;0;0;(-38.527526 -3.75087);