COD_ACIDENTE;DATA;LOG1;LOG2;NUMERO;BAIRRO;AMC;NATUREZA;ILUMINACAO;TEMPO;SUPERFICIEPISTA;TIPOCRUZAMENTO;CONTROLETRAFEGO;USOSOLO;MORTOS;FERIDOS;ILESOS;MOTOCICLETA;AUTOMOVEL;MICROONIBUS;CAMINHAO;ONIBUS;CICLOMOTOR;BICICLETA;OUTROS;TREM;TRACAOANIMAL;COORDENADAS
354655;2020-01-09 15:51:00;AVENIDA GAL OSORIO DE PAIVA, 4545;, ; 4545;;;Colisão;Luz do Dia;Chuva;Molhada;Outros;Não Há Controle;Longo da via;0;1;1;1;1;0;0;0;0;0;0;0;0;(-38.595721 -3.798192444);
354780;2020-01-09 15:01:00;RUA PRC ISABEL, ;RUA METON DE ALENCAR, ; ;;;Colisão;Luz do Dia;;;Cruz;Pare;Cruzamento;0;1;0;2;0;0;0;0;0;0;0;0;0;(-38.536973 -3.731614);
354779;2020-01-09 14:54:00;AVENIDA SEN VIRGILIO TAVORA, ;AVENIDA ANTONIO SALES, ; ;;;Atropelamento;Luz do Dia;;;Cruz;Semáforo;Cruzamento;0;2;0;0;1;0;0;0;0;0;0;0;0;(-38.4965 -3.747279);
354778;2020-01-09 14:31:00;RUA GEORGE CAVALCANTE, ;RUA PEDRO SAMPAIO, ; ;;;Colisão;Luz do Dia;;;Cruz;Pare;Cruzamento;0;1;0;2;0;0;0;0;0;0;0;0;0;(-38.59316 -3.72472);
354653;2020-01-09 12:47:00;RUA AUDISIO PINHEIRO, 1365;, ; 1365;;;Colisão Frontal;Luz do Dia;Bom;Molhada;Meio de Quadra;;Longo da via;0;1;1;1;1;0;0;0;0;0;0;0;0;(-38.5914021 -3.76340267);
354777;2020-01-09 12:13:00;AVENIDA ODILON GUIMARAES, 3713;, ; 3713;;;Colisão;Luz do Dia;;;Meio de Quadra;;Longo da via;0;1;0;1;0;0;1;0;0;0;0;0;0;(-38.4685659 -3.81528907);
354776;2020-01-09 11:19:00;AVENIDA ALM HENRIQUE SABOIA, 2886;, ; 2886;;;Queda;Luz do Dia;;;Meio de Quadra;;Longo da via;0;1;0;1;0;0;0;0;0;0;0;0;0;(-38.4849305 -3.7353164);
355550;2020-01-09 11:00:00;RUA AUDISIO PINHEIRO, ;RUA PORTO VELHO, ; ;;;Colisão;Luz do Dia;;;Cruz;Pare;Cruzamento;0;1;0;1;0;0;0;0;0;0;0;0;0;(-38.59149 -3.76357);
354773;2020-01-09 10:56:00;AVENIDA ANTONIO SALES, 3407;, ; 3407;;;Queda;Luz do Dia;;;Meio de Quadra;;Longo da via;0;2;0;1;0;0;0;0;0;0;0;0;0;(-38.493642 -3.748174);
354772;2020-01-09 10:31:00;RUA SEBASTIAO DE ABREU, ;, ; ;;;Queda;Luz do Dia;;;Meio de Quadra;;Longo da via;0;1;0;1;0;0;0;0;0;0;0;0;0;(0 0);
354771;2020-01-09 09:57:00;AVENIDA SAPIRANGAS D59, 921;, ; 921;;;Colisão;Luz do Dia;;;Meio de Quadra;;Longo da via;0;1;1;0;1;0;0;0;0;0;0;0;0;(0 0);
354770;2020-01-09 09:34:00;RUA DO MERCADO, ;RUA DA SAPUCAIA, ; ;;;Colisão;Luz do Dia;;;;;Cruzamento;0;1;0;1;1;0;0;0;0;0;0;0;0;(-38.5091 -3.78148);
354768;2020-01-09 09:26:00;RUA MONTE LIBANO, ;RUA 1 CJ PEQ MONDUBIM, ; ;;;Colisão;Luz do Dia;;;T;Não Há Controle;Cruzamento;0;1;0;1;1;0;0;0;0;0;0;0;0;(-38.560651 -3.823071);
354767;2020-01-09 09:17:00;RUA BAR AQUIRAZ, 1840;, ; 1840;;;Colisão;Luz do Dia;;;Meio de Quadra;;Longo da via;0;1;0;1;1;0;0;0;0;0;0;0;0;(-38.482986 -3.84295);
354764;2020-01-09 09:05:00;AVENIDA PRO GOMES DE MATOS, 1899;, ; 1899;;;Colisão;Luz do Dia;;;Meio de Quadra;;Longo da via;0;1;0;0;0;0;0;0;0;0;1;0;0;(-38.5512384 -3.7676972);
354763;2020-01-09 08:53:00;RUA JULIO SILVA, 440;, ; 440;;;Colisão;Luz do Dia;;;Meio de Quadra;;Longo da via;0;1;0;0;0;0;0;0;0;0;1;0;0;(-38.45462 -3.74537);
354652;2020-01-09 08:26:00;AVENIDA LUIZ VIEIRA, 1255;, ; 1255;;;Tombamento;Luz do Dia;Bom;Seca;Meio de Quadra;Não Há Controle;Longo da via;0;0;1;0;0;1;0;0;0;0;0;0;0;(0 0);
354756;2020-01-09 08:05:00;RUA WILSON PEREIRA, ;RUA PRO JOSE HENRIQUE, ; ;;;Colisão;Luz do Dia;;;Cruz;Não Há Controle;Cruzamento;0;1;0;1;1;0;0;0;0;0;0;0;0;(-38.47779 -3.830787);
354755;2020-01-09 06:41:00;RUA JAIME BENEVOLO, ;RUA GAL CLARINDO DE QUEIROZ, ; ;;;Colisão;Luz do Dia;;;Cruz;Pare;Cruzamento;0;1;1;1;1;0;0;0;0;0;0;0;0;(-38.526017 -3.73406);
354754;2020-01-09 06:32:00;RUA NEREU RAMOS, 475;, ; 475;;;Queda;Luz do Dia;;;Meio de Quadra;;Longo da via;0;1;0;1;0;0;0;0;0;0;0;0;0;(-38.5711448 -3.78566285);
354753;2020-01-09 01:22:00;RUA ESPIRITO SANTO, 130;, ; 130;;;Queda;;;;Meio de Quadra;;Longo da via;0;1;0;1;0;0;0;0;0;0;0;0;0;(-38.5661589 -3.7497981);
355471;2020-01-08 22:20:00;AVENIDA H CJ CEARA, 2344;, ; 2344;;;Atropelamento;;;;Meio de Quadra;;Longo da via;0;2;0;1;0;0;0;0;0;0;0;0;0;(-38.619834 -3.776847);
355470;2020-01-08 22:20:00;AVENIDA BEZERRA DE MENEZES, 431;, ; 431;;;Queda;;;;Meio de Quadra;;Longo da via;0;1;0;0;0;0;0;0;0;1;0;0;0;(-38.548854 -3.7324346);
354651;2020-01-08 21:08:00;AVENIDA L CJ CEARA, ;, ; ;;;Não informado;Via Iluminada;Bom;Seca;;;Longo da via;0;1;1;1;0;0;0;1;0;0;0;0;0;(0 0);
355469;2020-01-08 20:30:00;AVENIDA SEN FERNANDES TAVORA, 2433;, ; 2433;;;Atropelamento;;;;Meio de Quadra;;Longo da via;0;2;1;1;0;0;0;0;0;0;0;0;0;(-38.593889 -3.755953);
355468;2020-01-08 19:46:00;AVENIDA L CJ CEARA, 11;, ; 11;;;Queda;;;;Meio de Quadra;;Longo da via;0;1;0;1;0;0;0;0;0;0;0;0;0;(-38.6064379 -3.770194);
355467;2020-01-08 19:39:00;RUA CEL VIRGILIO NOGUEIRA (BOM JARDIM), 1098;, ; 1098;;;Queda;;;;Meio de Quadra;;Longo da via;0;1;0;1;0;0;0;0;0;0;0;0;0;(-38.61019 -3.79315);
355466;2020-01-08 19:08:00;RUA VALPARAISO, ;, ; ;;;Colisão;;;;Meio de Quadra;;Longo da via;0;2;0;2;0;0;0;0;0;0;0;0;0;(0 0);
355465;2020-01-08 18:58:00;RUA ESTEVAO DE CAMPOS, 857;, ; 857;;;Colisão;;;;Meio de Quadra;;Longo da via;0;1;0;1;1;0;0;0;0;0;0;0;0;(-38.58274 -3.70368);
355461;2020-01-08 18:38:00;AVENIDA BORGES DE MELO, ;, ; ;;;Colisão;;;;Meio de Quadra;;Longo da via;0;2;0;0;0;0;0;0;0;0;0;0;0;(0 0);
354556;2020-01-08 18:00:00;RD CE-040, ;, ; ;;;Engavetamento;Anoitecer;;;Meio de Quadra;;Longo da via;0;4;0;0;3;0;0;1;0;0;0;0;0;(-38.4817994 -3.773616148);
355452;2020-01-08 17:29:00;AVENIDA AUGUSTO DOS ANJOS, 220;, ; 220;;;Atropelamento;Anoitecer;;;Meio de Quadra;;Longo da via;0;2;0;1;0;0;0;0;0;0;0;0;0;(-38.570965 -3.769376);
355451;2020-01-08 17:08:00;AVENIDA PERIMETRAL, 1070;, ; 1070;;;Colisão;Anoitecer;;;Meio de Quadra;;Longo da via;0;1;1;1;1;0;0;0;0;0;0;0;0;(-38.5899965 -3.785507);
355450;2020-01-08 16:02:00;AVENIDA SIQUEIRA CAMPOS, 836;, ; 836;;;Colisão;Luz do Dia;;;Meio de Quadra;;Longo da via;0;2;1;1;1;0;0;0;0;0;0;0;0;(-38.62288918 -3.817615642);
355448;2020-01-08 16:02:00;RUA TOMAS POMPEU, ;AVENIDA RUI BARBOSA, ; ;;;Colisão;Luz do Dia;;;Cruz;Pare;Cruzamento;0;1;0;0;1;0;0;0;0;1;0;0;0;(-38.50616 -3.725871);
355446;2020-01-08 15:03:00;RUA DOM XISTO ALBANO, 1850;, ; 1850;;;Queda;Luz do Dia;;;Meio de Quadra;;Longo da via;0;2;0;1;0;0;0;0;0;0;0;0;0;(-38.5874579 -3.79909142);
355444;2020-01-08 15:01:00;AVENIDA ENG LEAL LIMA VERDE (SAPIRANGA/COITE), 847;, ; 847;;;Colisão;Luz do Dia;;;Meio de Quadra;;Longo da via;0;1;0;1;1;0;0;0;0;0;0;0;0;(-38.4756166 -3.79651492);
355442;2020-01-08 14:59:00;RUA PDE PEDRO DE ALENCAR, 1900;, ; 1900;;;Atropelamento;Luz do Dia;;;Meio de Quadra;;Longo da via;0;1;1;0;1;0;0;0;0;0;0;0;0;(-38.494409 -3.8442255);
355439;2020-01-08 14:18:00;RUA DR THOMPSON BULCAO, ;, ; ;;;Colisão;Luz do Dia;;;;;Longo da via;0;1;1;2;0;0;0;0;0;0;0;0;0;(0 0);
355549;2020-01-08 13:30:00;AVENIDA ENG ALBERTO SA, 1314;, ; 1314;;;Colisão;Luz do Dia;;;Meio de Quadra;;Longo da via;0;1;0;0;1;0;0;0;0;0;0;0;0;(-38.47138 -3.735836);
354650;2020-01-08 13:22:00;RUA ANA BILHAR, ;RUA MANUEL JESUINO, ; ;;;Colisão Traseira;Luz do Dia;Bom;Seca;Cruz;Pare;Cruzamento;0;2;0;0;2;0;0;0;0;0;0;0;0;(-38.485014 -3.731424);
355429;2020-01-08 13:22:00;RUA ARARIPE PRATA, ;RUA STA JULIA, ; ;;;Colisão;Luz do Dia;;;Cruz;Pare;Cruzamento;0;1;0;1;1;0;0;0;0;0;0;0;0;(-38.569074 -3.775083);
355436;2020-01-08 13:14:00;RUA VIRGILIO BRIGIDO, 668;, ; 668;;;Colisão;Luz do Dia;;;Meio de Quadra;;Longo da via;0;1;0;1;1;0;0;0;0;0;0;0;0;(-38.5687602 -3.72278162);
354612;2020-01-08 12:40:00;RD BR 222, ;, ; ;;;Queda;Luz do Dia;Bom;Seca;Meio de Quadra;;Longo da via;0;1;1;1;1;0;0;0;0;0;0;0;0;(-38.5969961 -3.7403624);
355428;2020-01-08 12:12:00;RUA GUILHERME PERDIGAO, 315;, ; 315;;;Colisão;Luz do Dia;;;Meio de Quadra;;Longo da via;0;1;0;1;1;0;0;0;0;0;0;0;0;(-38.572749 -3.774841);
355425;2020-01-08 11:55:00;RUA SAO JOSE D03, 84;, ; 84;;;Colisão;Luz do Dia;;;Meio de Quadra;;Longo da via;0;1;0;1;1;0;0;0;0;0;0;0;0;(-38.47353 -3.83413);
355422;2020-01-08 11:26:00;AVENIDA HERACLITO GRACA, 33;, ; 33;;;Atropelamento;Luz do Dia;;;Meio de Quadra;;Longo da via;0;1;1;0;1;0;0;0;0;0;0;0;0;(-38.5243121 -3.73357475);
354649;2020-01-08 11:25:00;AVENIDA HERACLITO GRACA, 33;, ; 33;;;Colisão Traseira;Luz do Dia;Nublado;Molhada;Meio de Quadra;Semáforo;Longo da via;0;0;2;0;1;0;0;1;0;0;0;0;0;(-38.5243121 -3.73357475);
355419;2020-01-08 11:23:00;RUA ANTONIO MARTINS, ;RUA MAJ PEDRO SAMPAIO, ; ;;;Colisão;Luz do Dia;;;;;Cruzamento;0;1;0;1;1;0;0;0;0;0;0;0;0;(-38.55738 -3.75069);
354647;2020-01-08 09:45:00;RUA ERICO MOTA, 562;, ; 562;;;Não informado;Luz do Dia;Nublado;Molhada;Meio de Quadra;Dê Preferência;Longo da via;0;1;0;0;1;0;0;0;0;0;0;0;0;(-38.5617705 -3.741309);
354648;2020-01-08 09:37:00;RUA RIO GRANDE DO SUL, ;RUA SERGIPE, ; ;;;Colisão Transversal;Luz do Dia;Chuva;Molhada;Cruz;Pare;Cruzamento;0;1;1;1;1;0;0;0;0;0;0;0;0;(-38.569452 -3.76145);
354555;2020-01-08 09:30:00;AVENIDA SEN CARLOS JEREISSATI (AEROPORTO), ;, ; ;;;Colisão;Luz do Dia;;;Meio de Quadra;;Longo da via;0;3;0;0;3;0;0;0;0;0;0;0;0;(-38.52685 -3.783753);
355417;2020-01-08 09:02:00;RUA RIO GRANDE DO SUL, ;RUA SERGIPE, ; ;;;Colisão;Luz do Dia;;;Cruz;Pare;Cruzamento;0;1;0;1;1;0;0;0;0;0;0;0;0;(-38.569452 -3.76145);
355415;2020-01-08 08:08:00;AVENIDA DOMINGOS OLIMPIO, 1195;, ; 1195;;;Queda;Luz do Dia;;;Meio de Quadra;;Longo da via;0;1;0;1;0;0;0;0;0;0;0;0;0;(-38.534216 -3.735594);
355413;2020-01-08 07:52:00;AVENIDA COS GOMES DE FREITAS (SAPIRANGA/COITE), ;, ; ;;;Colisão;Luz do Dia;;;Meio de Quadra;;Longo da via;0;1;1;1;1;0;0;0;0;0;0;0;0;(0 0);
354486;2020-01-08 02:30:00;RUA RIO GRANDE DO SUL, ;RUA PERNAMBUCO, ; ;;;Colisão Lateral;;Bom;Seca;Cruz;Pare;Cruzamento;0;2;0;1;0;1;0;0;0;0;0;0;0;(-38.568467 -3.760011);
355410;2020-01-08 02:05:00;RUA RIO GRANDE DO SUL, 1344;, ; 1344;;;Colisão;;;;Meio de Quadra;;Longo da via;0;2;0;1;1;0;0;0;0;0;0;0;0;(-38.568467 -3.760011);
355409;2020-01-07 22:11:00;RUA MONTEVIDEU, 840;, ; 840;;;Queda;;;;Meio de Quadra;;Longo da via;0;1;0;1;0;0;0;0;0;0;0;0;0;(-38.549343 -3.785404);
355406;2020-01-07 21:48:00;RUA BERNARDO MANUEL, ;, ; ;;;Colisão;;;;Meio de Quadra;;Longo da via;0;2;0;0;0;0;0;0;0;0;0;0;0;(0 0);
354485;2020-01-07 21:00:00;AVENIDA ODILON GUIMARAES, 3801;, ; 3801;;;Colisão;Mal Iluminada;Bom;Seca;Meio de Quadra;Pare;Longo da via;0;1;1;1;1;0;0;0;0;0;0;0;0;(-38.46737 -3.81465);
355401;2020-01-07 19:09:00;AVENIDA WASHINGTON SOARES, ;, ; ;;;Colisão;;;;Meio de Quadra;;Longo da via;0;2;0;2;0;0;0;0;0;0;0;0;0;(0 0);
355400;2020-01-07 19:05:00;RUA MARIA CLARA, ;RUA MARIO CAMPOS, ; ;;;Atropelamento;;;;;;Cruzamento;0;1;1;0;1;0;0;0;0;0;0;0;0;(-38.58779 -3.7252);
355399;2020-01-07 18:21:00;AVENIDA CEL CARVALHO, ;, ; ;;;Colisão;Anoitecer;;;Meio de Quadra;;Longo da via;0;1;0;1;1;0;0;0;0;0;0;0;0;(0 0);
355396;2020-01-07 18:20:00;AVENIDA ABOLICAO, ;, ; ;;;Colisão;Anoitecer;;;Meio de Quadra;;Longo da via;0;1;0;1;1;0;0;0;0;0;0;0;0;(0 0);
355394;2020-01-07 17:37:00;AVENIDA DOS EXPEDICIONARIOS, 3368;, ; 3368;;;Colisão;Anoitecer;;;Meio de Quadra;;Longo da via;0;1;1;1;1;0;0;0;0;0;0;0;0;(-38.535932 -3.747745);
355393;2020-01-07 17:35:00;RUA PLANALTINA (PL AYRTON SENNA), ;RUA APOCALIPSE (MONDUBIM), ; ;;;Colisão;Anoitecer;;;Cruz;;Cruzamento;0;1;0;1;1;0;0;0;0;0;0;0;0;(-38.56715 -3.82824);
354646;2020-01-07 17:05:00;AVENIDA BORGES DE MELO, ;RUA JORGE DUMAR, ; ;;;Queda;Luz do Dia;Bom;Seca;Cruz;Semáforo;Cruzamento;0;1;0;1;0;0;0;0;0;0;0;0;0;(-38.539369 -3.752695);
354644;2020-01-07 15:00:00;AVENIDA JOSE BASTOS, 2864;, ; 2864;;;Colisão Lateral;Luz do Dia;Bom;Seca;Meio de Quadra;Semáforo;Longo da via;1;0;3;1;2;0;0;1;0;0;0;0;0;(-38.546583 -3.7461585);
355391;2020-01-07 14:51:00;AVENIDA JOSE BASTOS, 2866;, ; 2866;;;Colisão;Luz do Dia;;;Meio de Quadra;;Longo da via;0;1;0;1;0;0;1;0;0;0;0;0;0;(-38.546583 -3.7461585);
355388;2020-01-07 14:46:00;AVENIDA AUGUSTO DOS ANJOS, 2866;, ; 2866;;;Colisão;Luz do Dia;;;Meio de Quadra;;Longo da via;0;1;0;0;0;0;0;0;0;0;0;0;0;(0 0);
355386;2020-01-07 14:34:00;AVENIDA SEN CARLOS JEREISSATI (AEROPORTO), ;, ; ;;;Colisão;Luz do Dia;;;Meio de Quadra;;Longo da via;0;1;0;0;0;0;0;0;0;0;0;0;0;(0 0);
355384;2020-01-07 13:57:00;AVENIDA FRANCISCO SA, 3583;, ; 3583;;;Colisão;Luz do Dia;;;Meio de Quadra;;Longo da via;0;1;0;1;1;0;0;0;0;0;0;0;0;(-38.5575064 -3.71735033);
354554;2020-01-07 13:00:00;RD CE-040, ;, ; ;;;Não informado;Luz do Dia;;;Meio de Quadra;;Longo da via;0;2;0;1;1;0;0;0;0;0;0;0;0;(-38.48153832 -3.825515822);
354606;2020-01-07 13:00:00;AVENIDA MR HULL, ;, ; ;;;Colisão Lateral;Luz do Dia;Bom;Seca;Meio de Quadra;;Longo da via;0;1;2;0;0;0;1;1;0;0;0;0;0;(0 0);
354604;2020-01-07 10:30:00;RD BR 116, ;, ; ;;;Colisão Traseira;Luz do Dia;Bom;Seca;Meio de Quadra;;Longo da via;0;0;2;0;0;0;0;0;0;0;0;0;0;(-38.506787 -3.796502);
354643;2020-01-07 10:23:00;RUA PINDORAMA, ;RUA ESMERINDA MENDES, ; ;;;Colisão Transversal;Luz do Dia;Bom;Seca;Cruz;Não Há Controle;Cruzamento;0;1;1;1;1;0;0;0;0;0;0;0;0;(-38.50032 -3.77296);
355380;2020-01-07 09:47:00;RUA PINDORAMA, 207;, ; 207;;;Colisão;Luz do Dia;;;Meio de Quadra;;Longo da via;0;1;0;1;1;0;0;0;0;0;0;0;0;(-38.4922 -3.77458);
355377;2020-01-07 09:32:00;AVENIDA 13 DE MAIO, 793;, ; 793;;;Colisão;Luz do Dia;;;Meio de Quadra;;Longo da via;0;1;0;1;1;0;0;0;0;0;0;0;0;(-38.526969 -3.75134);
355375;2020-01-07 08:48:00;AVENIDA ALBERTO CRAVEIRO, ;, ; ;;;Queda;Luz do Dia;;;Meio de Quadra;;Longo da via;0;1;0;1;0;0;0;0;0;0;0;0;0;(0 0);
355372;2020-01-07 07:39:00;AVENIDA AGUANAMBI, ;, ; ;;;Queda;Luz do Dia;;;Meio de Quadra;;Longo da via;0;1;0;1;0;0;0;0;0;0;0;0;0;(0 0);
355370;2020-01-07 01:16:00;AVENIDA PERIMETRAL, 1772;, ; 1772;;;Queda;;;;Meio de Quadra;;Longo da via;0;1;0;1;0;0;0;0;0;0;0;0;0;(0 0);
355362;2020-01-06 22:30:00;RUA POMPILIO GOMES, 1237;, ; 1237;;;Colisão;;;;Meio de Quadra;;Longo da via;0;1;1;1;1;0;0;0;0;0;0;0;0;(0 0);
354440;2020-01-06 21:43:00;AVENIDA PRS CASTELO BRANCO, 5525;, ; 5525;;;Atropelamento;Mal Iluminada;Bom;Seca;Meio de Quadra;Outros;Longo da via;0;1;1;0;1;0;0;0;0;0;0;0;0;(-38.580385 -3.703494);
354641;2020-01-06 20:08:00;AVENIDA AGUANAMBI, ;RD BR 116, ; ;;;Colisão Transversal;Via Iluminada;Bom;Seca;Rotatória;Semáforo;Cruzamento;0;2;1;1;1;0;0;0;0;0;0;0;0;(-38.5237 -3.7566457);
355361;2020-01-06 19:59:00;RUA DAMASCENO GIRAO, 2044;, ; 2044;;;Colisão;;;;Meio de Quadra;;Longo da via;0;1;0;0;0;0;0;0;0;0;0;0;0;(-38.540309 -3.753853);
355360;2020-01-06 19:48:00;AVENIDA PASTEUR, 664;, ; 664;;;Colisão;;;;Meio de Quadra;;Longo da via;0;1;0;1;1;0;0;0;0;0;0;0;0;(-38.559072 -3.711863);
354469;2020-01-06 19:15:00;AVENIDA CARAPINIMA, 2415;, ; 2415;;;Colisão Lateral;Via Iluminada;Bom;Seca;Meio de Quadra;;Longo da via;0;2;0;1;1;0;0;0;0;0;0;0;0;(-38.54087518 -3.740639235);
354435;2020-01-06 19:00:00;RUA DOM SEBASTIAO LEME, ;RUA CEL PERGENTINO FERREIRA, ; ;;;Colisão Transversal;Luz do Dia;Bom;Seca;Cruz;Pare;Cruzamento;0;1;1;1;1;0;0;0;0;0;0;0;0;(-38.525757 -3.7488205);
355359;2020-01-06 18:59:00;RUA MARTINS CARVALHO, 176;, ; 176;;;Queda;;;;Meio de Quadra;;Longo da via;0;1;0;1;0;0;0;0;0;0;0;0;0;(-38.5969227 -3.79762181);
355358;2020-01-06 18:51:00;RUA FAUSTO AGUIAR, 730;, ; 730;;;Colisão;;;;Meio de Quadra;;Longo da via;0;1;0;1;1;0;0;0;0;0;0;0;0;(-38.49209 -3.81458);
354640;2020-01-06 18:20:00;AVENIDA DES GONZAGA, ;RUA JOAOZITO ARRUDA, ; ;;;Colisão Lateral;Via Iluminada;Bom;Seca;Rotatória;Dê Preferência;Cruzamento;0;0;2;0;1;0;0;1;0;0;0;0;0;(-38.496964 -3.801496);
355356;2020-01-06 17:34:00;AVENIDA SEN CARLOS JEREISSATI (AEROPORTO), ;, ; ;;;Queda;Anoitecer;;;Meio de Quadra;;Longo da via;0;1;0;0;0;0;0;0;0;1;0;0;0;(0 0);
355355;2020-01-06 17:14:00;RUA ANTERO QUENTAL, ;, ; ;;;Queda;Anoitecer;;;;;Longo da via;0;1;0;1;0;0;0;0;0;0;0;0;0;(0 0);
355354;2020-01-06 16:24:00;RD BR 020, ;, ; ;;;Queda;Luz do Dia;;;Meio de Quadra;;Longo da via;0;1;0;1;0;0;0;0;0;0;0;0;0;(0 0);
355353;2020-01-06 15:52:00;RUA 26 BATALHAO, 292;, ; 292;;;Colisão;Luz do Dia;;;Meio de Quadra;;Longo da via;0;1;0;1;1;0;0;0;0;0;0;0;0;(-38.56776 -3.80479);
355352;2020-01-06 15:50:00;AVENIDA CEL CARVALHO, 2423;, ; 2423;;;Colisão;Luz do Dia;;;Meio de Quadra;;Longo da via;0;1;0;1;1;0;0;0;0;0;0;0;0;(-38.586235 -3.72388);
354639;2020-01-06 15:45:00;AVENIDA PRO GOMES DE MATOS, ;RUA VASCO DA GAMA, ; ;;;Colisão Transversal;Luz do Dia;Bom;Seca;Cruz;Pare;Cruzamento;0;1;0;1;1;0;0;0;0;0;0;0;0;(-38.547335 -3.763166);
354642;2020-01-06 15:20:00;RUA MARCOS MACEDO, ;RUA CEL JUCA, ; ;;;Colisão Lateral;Não Informado;Bom;Seca;Cruz;Pare;Cruzamento;0;1;2;1;1;0;0;0;0;0;0;0;0;(-38.490901 -3.736456);
355331;2020-01-06 15:15:00;AVENIDA SGT HERMINIO SAMPAIO, ;RUA VIRGILIO BRIGIDO, ; ;;;Colisão;Luz do Dia;;;T;Semáforo Intermitente;Cruzamento;0;2;0;1;1;0;0;0;0;0;0;0;0;(-38.57034 -3.728096);
354450;2020-01-06 15:00:00;AVENIDA SGT HERMINIO SAMPAIO, ;RUA VIRGILIO BRIGIDO, ; ;;;Colisão Lateral;Luz do Dia;Bom;Seca;T;Semáforo Intermitente;Cruzamento;0;2;0;1;1;0;0;0;0;0;0;0;0;(-38.57034 -3.728096);
355329;2020-01-06 14:47:00;AVENIDA GODOFREDO MACIEL, 1191;, ; 1191;;;Colisão;Luz do Dia;;;Meio de Quadra;;Longo da via;0;1;0;0;2;0;0;0;0;0;0;0;0;(-38.56671 -3.78713);
355547;2020-01-06 13:45:00;AVENIDA MON TABOSA, ;RUA BAR ARACATI, ; ;;;Colisão;Luz do Dia;;;Cruz;Semáforo;Cruzamento;0;1;0;0;1;0;0;0;0;0;0;0;0;(-38.509158 -3.724226);
355328;2020-01-06 12:09:00;AVENIDA PRS COSTA E SILVA, ;, ; ;;;Atropelamento;Luz do Dia;;;Meio de Quadra;;Longo da via;0;2;0;1;0;0;0;0;0;0;0;0;0;(0 0);
355326;2020-01-06 11:53:00;AVENIDA PERIMETRAL, 1716;, ; 1716;;;Colisão;Luz do Dia;;;Meio de Quadra;;Longo da via;0;1;0;0;1;0;0;0;0;1;0;0;0;(0 0);
354638;2020-01-06 11:14:00;AVENIDA MON TABOSA, ;RUA BAR ARACATI, ; ;;;Colisão Lateral;Luz do Dia;Bom;Seca;Cruz;Semáforo;Cruzamento;0;2;0;1;1;0;0;0;0;0;0;0;0;(-38.509158 -3.724226);
354553;2020-01-06 10:25:00;AVENIDA SEN CARLOS JEREISSATI (AEROPORTO), ;, ; ;;;Colisão;Luz do Dia;;;Meio de Quadra;;Longo da via;0;2;0;0;1;0;0;0;0;0;0;0;0;(-38.52685 -3.783753);
355318;2020-01-06 09:33:00;RUA BERNARDO MANUEL, 771;, ; 771;;;Colisão;Luz do Dia;;;Meio de Quadra;;Longo da via;0;1;0;1;1;0;0;0;0;0;0;0;0;(-38.5659545 -3.7426091);
355316;2020-01-06 09:26:00;AVENIDA 13 DE MAIO, ;, ; ;;;Queda;Luz do Dia;;;Meio de Quadra;;Longo da via;0;1;0;1;0;0;0;0;0;0;0;0;0;(0 0);
355314;2020-01-06 08:46:00;AVENIDA ALBERTO CRAVEIRO, ;, ; ;;;Colisão;Luz do Dia;;;Meio de Quadra;;Longo da via;0;1;0;1;1;0;0;0;0;0;0;0;0;(0 0);
355313;2020-01-06 08:33:00;AVENIDA GOV RAUL BARBOSA, 5170;, ; 5170;;;Colisão;Luz do Dia;;;Meio de Quadra;;Longo da via;0;1;0;1;1;0;0;0;0;0;0;0;0;(-38.508887 -3.7644295);
355312;2020-01-06 08:22:00;AVENIDA DR SILAS MUNGUBA, 4997;, ; 4997;;;Queda;Luz do Dia;;;Meio de Quadra;;Longo da via;0;1;0;1;0;0;0;0;0;0;0;0;0;(-38.531678 -3.796992);
355310;2020-01-06 08:00:00;AVENIDA ENG HUMBERTO MONTE, 1657;, ; 1657;;;Atropelamento;Luz do Dia;;;Meio de Quadra;;Longo da via;0;1;1;1;0;0;0;0;0;0;0;0;0;(-38.5629568 -3.74616053);
355308;2020-01-06 07:18:00;AVENIDA MR HULL, 5556;, ; 5556;;;Colisão;Luz do Dia;;;Meio de Quadra;;Longo da via;0;1;0;2;0;0;0;0;0;0;0;0;0;(-38.594051 -3.740024);
355307;2020-01-06 05:41:00;AVENIDA PERIMETRAL, 2233;, ; 2233;;;Atropelamento;Amanhecer;;;Meio de Quadra;;Longo da via;0;2;0;1;0;0;0;0;0;0;0;0;0;(0 0);
355306;2020-01-06 05:29:00;RD BR 116, 110001;, ; 110001;;;Queda;Amanhecer;;;Meio de Quadra;;Longo da via;0;1;0;1;0;0;0;0;0;0;0;0;0;(-38.497176 -3.84716);
354474;2020-01-06 05:15:00;AVENIDA WENEFRIDO MELO, 281;, ; 281;;;Choque c/ Obstáculo Fixo;Amanhecer;Nublado;Seca;Meio de Quadra;Outros;Longo da via;0;1;0;0;1;0;0;0;0;0;0;0;0;(-38.5767444 -3.80992573);
354600;2020-01-06 05:00:00;RD BR 116, ;, ; ;;;Choque c/ Obstáculo Fixo;Amanhecer;Nublado;Molhada;Meio de Quadra;;Longo da via;0;2;0;1;0;0;0;0;0;0;0;0;0;(-38.503373 -3.834435);
355305;2020-01-06 04:06:00;AVENIDA PERIMETRAL, 281;, ; 281;;;Colisão;;;;Meio de Quadra;;Longo da via;0;2;0;0;0;0;0;0;0;0;1;0;0;(0 0);