COD_ACIDENTE;DATA;LOG1;LOG2;NUMERO;BAIRRO;AMC;NATUREZA;ILUMINACAO;TEMPO;SUPERFICIEPISTA;TIPOCRUZAMENTO;CONTROLETRAFEGO;USOSOLO;MORTOS;FERIDOS;ILESOS;MOTOCICLETA;AUTOMOVEL;MICROONIBUS;CAMINHAO;ONIBUS;CICLOMOTOR;BICICLETA;OUTROS;TREM;TRACAOANIMAL;COORDENADAS
355304;2020-01-05 23:27:00;RUA 30 DE MAIO D73, 420;, ; 420;;;Colisão;;;;Meio de Quadra;;Longo da via;0;1;0;1;1;0;0;0;0;0;0;0;0;(-38.6000277 -3.7631345);
355303;2020-01-05 22:25:00;AVENIDA PRO JOSE ARTHUR CARVALHO, 524;, ; 524;;;Colisão;;;;Meio de Quadra;;Longo da via;0;1;0;1;1;0;0;0;0;0;0;0;0;(-38.474263 -3.826336);
355302;2020-01-05 21:14:00;AVENIDA ROGACIANO LEITE, ;RUA PDE FRANCISCO PITA, ; ;;;Colisão;;;;Cruz;Semáforo;Cruzamento;0;1;0;1;1;0;0;0;0;0;0;0;0;(-38.501766 -3.78096);
355296;2020-01-05 20:03:00;RUA DUAS NACOES, ;RUA JOSE ABILIO, ; ;;;Colisão;;;;Cruz;Pare;Cruzamento;0;3;0;2;0;0;0;0;0;0;0;0;0;(-38.6036023 -3.7824353);
355545;2020-01-05 20:00:00;RUA DOM SEBASTIAO LEME, ;, ; ;;;Colisão;;;;Meio de Quadra;;Longo da via;0;1;0;0;0;0;0;0;0;0;0;0;0;(0 0);
355293;2020-01-05 19:56:00;RUA JACINTO MATOS, ;RUA MON DANTAS, ; ;;;Colisão;;;;Cruz;Semáforo;Cruzamento;0;1;0;1;1;0;0;0;0;0;0;0;0;(-38.5468 -3.719714);
355289;2020-01-05 19:55:00;AVENIDA PRS COSTA E SILVA, ;, ; ;;;Queda;;;;Meio de Quadra;;Longo da via;0;1;0;1;0;0;0;0;0;0;0;0;0;(0 0);
355282;2020-01-05 19:54:00;RUA JOSE ABILIO, ;, ; ;;;Colisão;;;;Meio de Quadra;;Longo da via;0;1;0;1;1;0;0;0;0;0;0;0;0;(0 0);
355281;2020-01-05 19:18:00;AVENIDA DOMINGOS OLIMPIO, 1195;, ; 1195;;;Queda;;;;Meio de Quadra;;Longo da via;0;2;0;0;0;0;0;0;0;1;0;0;0;(-38.534216 -3.735594);
355280;2020-01-05 19:10:00;AVENIDA FRANCISCO SA, 4642;, ; 4642;;;Atropelamento;;;;Meio de Quadra;;Longo da via;0;2;0;1;0;0;0;0;0;0;0;0;0;(-38.56553 -3.7146);
355278;2020-01-05 18:28:00;RUA PROF GLAUCO LOBO, ;, ; ;;;Colisão;Anoitecer;;;Meio de Quadra;;Longo da via;0;1;0;1;1;0;0;0;0;0;0;0;0;(0 0);
355276;2020-01-05 17:01:00;RUA ENG JOAO NOGUEIRA, 200;, ; 200;;;Colisão;Anoitecer;;;Meio de Quadra;;Longo da via;0;1;0;1;1;0;0;0;0;0;0;0;0;(-38.55838 -3.71326);
355274;2020-01-05 16:42:00;RUA LUCAS PINTO, 200;, ; 200;;;Colisão;Luz do Dia;;;Meio de Quadra;;Longo da via;0;1;0;0;2;0;0;0;0;0;0;0;0;(-38.558392 -3.713279);
355544;2020-01-05 15:45:00;AVENIDA PRS CASTELO BRANCO, 5478;, ; 5478;;;Colisão;Luz do Dia;;;Meio de Quadra;;Longo da via;0;1;0;0;0;0;0;0;0;0;0;0;0;(-38.58007 -3.70348);
355272;2020-01-05 14:42:00;RUA URUCUTUBA, 1541;, ; 1541;;;Colisão;Luz do Dia;;;Meio de Quadra;;Longo da via;0;1;0;2;0;0;0;0;0;0;0;0;0;(-38.608994 -3.797693);
355270;2020-01-05 13:16:00;AVENIDA JOVITA FEITOSA, ;RUA PRO RAIMUNDO ARRUDA, ; ;;;Colisão;Luz do Dia;;;Cruz;Semáforo;Cruzamento;0;1;0;0;2;0;0;0;0;0;0;0;0;(-38.550998 -3.738742);
354637;2020-01-05 13:01:00;AVENIDA DEP PAULINO ROCHA, ;RUA POMPILIO GOMES, ; ;;;Não informado;Luz do Dia;Nublado;Seca;T;Semáforo;Cruzamento;0;1;2;0;2;0;0;0;0;0;0;0;0;(-38.519652 -3.810076);
355268;2020-01-05 12:26:00;RUA JAMAICA, 25;, ; 25;;;Capotamento;Luz do Dia;;;Meio de Quadra;;Longo da via;0;1;0;0;0;0;0;0;0;0;0;0;0;(-38.44244 -3.77282);
355239;2020-01-05 11:13:00;RUA BAR AQUIRAZ, 840;, ; 840;;;Colisão;Luz do Dia;;;Meio de Quadra;;Longo da via;0;1;0;1;1;0;0;0;0;0;0;0;0;(-38.488909 -3.8360355);
355229;2020-01-05 08:27:00;RUA VERBENA, 1033;, ; 1033;;;Queda;Luz do Dia;;;Meio de Quadra;;Longo da via;0;1;0;0;0;0;0;0;0;1;0;0;0;(-38.5898976 -3.7850892);
355228;2020-01-05 05:28:00;RUA HOLANDA, 1717;, ; 1717;;;Queda;Amanhecer;;;Meio de Quadra;;Longo da via;0;1;0;1;0;0;0;0;0;0;0;0;0;(-38.55964 -3.80337);
355226;2020-01-05 04:35:00;RUA CARDOSO DE BARROS, 34;, ; 34;;;Queda;;;;Meio de Quadra;;Longo da via;0;1;0;1;0;0;0;0;0;0;0;0;0;(-38.5798187 -3.79112847);
355219;2020-01-05 04:35:00;RUA CHILE, 636;, ; 636;;;Queda;;;;Meio de Quadra;;Longo da via;0;1;0;1;0;0;0;0;0;0;0;0;0;(-38.5672889 -3.74801003);
355218;2020-01-05 00:28:00;RUA CEL JUCA, ;RUA GAL TERTULIANO POTYGUARA, ; ;;;Colisão;;;;Cruz;Pare;Cruzamento;0;1;1;1;1;0;0;0;0;0;0;0;0;(-38.493766 -3.745325);
355217;2020-01-04 22:43:00;RUA JOAQUIM FROTA, 1060;, ; 1060;;;Colisão;;;;Meio de Quadra;;Longo da via;0;1;0;0;0;0;0;0;0;0;1;0;0;(-38.468393 -3.801055);
355543;2020-01-04 20:39:00;AVENIDA WASHINGTON SOARES, ;, ; ;;;Colisão;Luz do Dia;;;Meio de Quadra;;Longo da via;0;1;0;1;0;0;0;0;0;0;0;0;0;(0 0);
355215;2020-01-04 20:03:00;RUA VALPARAISO, 300;, ; 300;;;Colisão;;;;Meio de Quadra;;Longo da via;0;1;0;2;0;0;0;0;0;0;0;0;0;(-38.5231621 -3.84594);
355214;2020-01-04 19:57:00;TRAVESSA VIA FERREA SOBRAL, 154;, ; 154;;;Queda;;;;Meio de Quadra;;Longo da via;0;1;0;0;0;0;0;0;0;1;0;0;0;(-38.5705853 -3.7238594);
354429;2020-01-04 18:10:00;AVENIDA JOAO PESSOA, 4447;, ; 4447;;;Colisão;Anoitecer;Bom;Seca;Meio de Quadra;Não Há Controle;Longo da via;1;0;1;0;0;0;0;1;0;1;0;0;0;(-38.54894 -3.75184);
355182;2020-01-04 16:55:00;RD BR 116, ;, ; ;;;Colisão;Luz do Dia;;;Meio de Quadra;;Longo da via;0;1;1;1;1;0;0;0;0;0;0;0;0;(0 0);
355176;2020-01-04 16:26:00;RUA VICENTE LEITE, ;RUA PRO FRANCISCO GONCALVES, ; ;;;Colisão;Luz do Dia;;;Cruz;Pare;Cruzamento;0;1;0;1;1;0;0;0;0;0;0;0;0;(-38.498773 -3.747615);
355174;2020-01-04 15:57:00;RUA DR JOSE LOURENCO, ;RUA PDE VALDEVINO, ; ;;;Colisão;Luz do Dia;;;Cruz;Semáforo;Cruzamento;0;1;0;1;1;0;0;0;0;0;0;0;0;(-38.509928 -3.741307);
355170;2020-01-04 15:11:00;AVENIDA SEN FERNANDES TAVORA, 325;, ; 325;;;Colisão;Luz do Dia;;;Meio de Quadra;;Longo da via;0;1;0;1;1;0;0;0;0;0;0;0;0;(-38.574916 -3.766094);
355167;2020-01-04 14:41:00;RUA VIRGILIO BRANDAO, 206;, ; 206;;;Colisão;Luz do Dia;;;Meio de Quadra;;Longo da via;0;1;0;1;1;0;0;0;0;0;0;0;0;(-38.5957966 -3.7507046);
355163;2020-01-04 14:09:00;RUA ROMEU MARTINS, 820;, ; 820;;;Colisão;Luz do Dia;;;Meio de Quadra;;Longo da via;0;1;0;1;1;0;0;0;0;0;0;0;0;(-38.55156 -3.76704);
355162;2020-01-04 13:59:00;AVENIDA AUGUSTO DOS ANJOS, 1170;, ; 1170;;;Colisão;Luz do Dia;;;Meio de Quadra;;Longo da via;0;1;0;1;1;0;0;0;0;0;0;0;0;(-38.576697 -3.777359);
355161;2020-01-04 12:53:00;RUA ANTONIO FIUZA, ;RUA TRES MARIAS D39 (MONTESE), ; ;;;Colisão;Luz do Dia;;;Cruz;Semáforo;Cruzamento;0;1;0;1;1;0;0;0;0;0;0;0;0;(-38.551464 -3.7682946);
355160;2020-01-04 12:50:00;AVENIDA GODOFREDO MACIEL, 227;, ; 227;;;Colisão;Luz do Dia;;;Meio de Quadra;;Longo da via;0;2;0;0;0;0;0;0;0;0;0;0;0;(-38.564490224 -3.778780449);
354636;2020-01-04 12:41:00;RUA ALBERTO MAGNO, ;RUA RAUL UCHOA, ; ;;;Colisão Transversal;Luz do Dia;Bom;Seca;Cruz;Pare;Cruzamento;0;1;1;1;1;0;0;0;0;0;0;0;0;(-38.545916 -3.760225);
355541;2020-01-04 11:40:00;AVENIDA GODOFREDO MACIEL, 4020;, ; 4020;;;Colisão;Luz do Dia;;;Meio de Quadra;;Longo da via;0;1;0;0;0;0;0;0;0;0;0;0;0;(-38.574085 -3.8099055);
354635;2020-01-04 11:40:00;AVENIDA GODOFREDO MACIEL, ;RUA OSCAR BENEVIDES, ; ;;;Colisão Lateral;Luz do Dia;Bom;Seca;T;Não Há Controle;Cruzamento;0;1;1;1;1;0;0;0;0;0;0;0;0;(-38.574192 -3.810115);
355115;2020-01-04 11:02:00;AVENIDA PERIMETRAL, 1212;, ; 1212;;;Colisão;Luz do Dia;;;Meio de Quadra;;Longo da via;0;1;0;1;1;0;0;0;0;0;0;0;0;(0 0);
355114;2020-01-04 10:48:00;RUA CHASTINET GUIMARAES, ;AVENIDA SGT HERMINIO SAMPAIO, ; ;;;Colisão;Luz do Dia;;;T;Pare;Cruzamento;0;1;0;2;0;0;0;0;0;0;0;0;0;(-38.564546 -3.727089);
355112;2020-01-04 10:38:00;AVENIDA BEIRA MAR, ;AVENIDA BAR STUDART, ; ;;;Queda;Luz do Dia;;;T;Pare;Cruzamento;0;1;0;0;0;0;0;0;0;1;0;0;0;(-38.503156 -3.723916);
355110;2020-01-04 08:48:00;AVENIDA PRS CASTELO BRANCO, ;, ; ;;;Colisão;Luz do Dia;;;Meio de Quadra;;Longo da via;0;1;0;0;0;0;0;0;0;0;1;0;0;(0 0);
354598;2020-01-04 08:45:00;RD BR 116, ;, ; ;;;Colisão Traseira;Luz do Dia;Nublado;Seca;Meio de Quadra;;Longo da via;0;1;3;0;2;0;0;0;0;0;0;0;0;(-38.499242 -3.873523);
355109;2020-01-04 08:36:00;AVENIDA CEL CARVALHO, 2257;, ; 2257;;;Colisão;Luz do Dia;;;Meio de Quadra;;Longo da via;0;1;0;1;1;0;0;0;0;0;0;0;0;(-38.58665356 -3.722280907);
355107;2020-01-04 08:09:00;AVENIDA JOAO PESSOA, 6174;, ; 6174;;;Colisão;Luz do Dia;;;Meio de Quadra;;Longo da via;0;2;0;2;0;0;0;0;0;0;0;0;0;(-38.558662 -3.764442);
355104;2020-01-04 07:18:00;AVENIDA PRS CASTELO BRANCO, 1223;, ; 1223;;;Colisão;Luz do Dia;;;Meio de Quadra;;Longo da via;0;1;0;1;1;0;0;0;0;0;0;0;0;(-38.535277 -3.718179);
355102;2020-01-04 06:15:00;AVENIDA I CJ JOSE WALTER, 920;, ; 920;;;Colisão;Luz do Dia;;;Meio de Quadra;;Longo da via;0;1;0;1;1;0;0;0;0;0;0;0;0;(-38.552957 -3.83244);
355542;2020-01-04 06:00:00;RUA MOCAMBIQUE, ;, ; ;;;Não informado;Luz do Dia;;;Meio de Quadra;;Longo da via;0;1;0;1;0;0;0;0;0;0;0;0;0;(0 0);
355096;2020-01-04 05:10:00;AVENIDA GAL OSORIO DE PAIVA, 3951;, ; 3951;;;Colisão;Amanhecer;;;Meio de Quadra;;Longo da via;0;1;0;1;1;0;0;0;0;0;0;0;0;(-38.590153 -3.792485);
355092;2020-01-04 01:52:00;RUA BAR CANINDE, 1615;, ; 1615;;;Atropelamento;;;;Meio de Quadra;;Longo da via;0;2;0;0;1;0;0;0;0;0;0;0;0;(-38.55758 -3.77085);
354427;2020-01-04 00:00:00;AVENIDA DOS EXPEDICIONARIOS, ;AVENIDA EDUARDO GIRAO, ; ;;;Choque c/ Obstáculo Fixo;Via Iluminada;Bom;Seca;Cruz;Semáforo;Cruzamento;0;0;2;0;2;0;0;0;0;0;0;0;0;(-38.536849 -3.750712);
355086;2020-01-03 23:25:00;AVENIDA GODOFREDO MACIEL, ;, ; ;;;Queda;;;;Meio de Quadra;;Longo da via;0;1;0;1;0;0;0;0;0;0;0;0;0;(0 0);
354360;2020-01-03 22:00:00;RUA WILSON PEREIRA, ;RUA PRO JOSE HENRIQUE, ; ;;;Colisão Transversal;Anoitecer;Bom;Seca;Cruz;Não Há Controle;Cruzamento;0;1;1;0;2;0;0;0;0;0;0;0;0;(-38.47779 -3.830787);
354419;2020-01-03 22:00:00;AVENIDA ENG SANTANA JUNIOR, ;RUA PRO SILAS RIBEIRO, ; ;;;Colisão Transversal;Mal Iluminada;Bom;Seca;Cruz;Semáforo;Cruzamento;0;0;2;0;2;0;0;0;0;0;0;0;0;(-38.482901 -3.736968);
355085;2020-01-03 19:43:00;AVENIDA CASTELO DE CASTRO, 681;, ; 681;;;Atropelamento;;;;Meio de Quadra;;Longo da via;0;2;0;0;1;0;0;0;0;0;0;0;0;(-38.5216395 -3.835346);
355084;2020-01-03 19:41:00;AVENIDA MON AMARILIO RODRIGUES, 681;, ; 681;;;Atropelamento;;;;Meio de Quadra;;Longo da via;0;1;1;0;1;0;0;0;0;0;0;0;0;(-38.5231705 -3.83515283);
355083;2020-01-03 19:30:00;RUA CEL MATOS DOURADO, ;, ; ;;;Queda;;;;Meio de Quadra;;Longo da via;0;1;0;1;0;0;0;0;0;0;0;0;0;(0 0);
355081;2020-01-03 19:12:00;AVENIDA CARNEIRO DE MENDONCA, 1648;, ; 1648;;;Queda;;;;Meio de Quadra;;Longo da via;0;1;0;1;0;0;0;0;0;0;0;0;0;(-38.573146 -3.760803);
355080;2020-01-03 18:20:00;AVENIDA L CJ CEARA, 1593;, ; 1593;;;Colisão;Anoitecer;;;Meio de Quadra;;Longo da via;0;2;0;1;1;0;0;0;0;0;0;0;0;(-38.5598 -3.83865);
354634;2020-01-03 18:12:00;AVENIDA GAL OSORIO DE PAIVA, 38;, ; 38;;;Atropelamento;Via Iluminada;Bom;Seca;Meio de Quadra;Não Há Controle;Longo da via;0;1;1;1;0;0;0;0;0;0;0;0;0;(-38.56255815 -3.772131848);
355540;2020-01-03 18:00:00;AVENIDA MAE LISBOA, ;, ; ;;;Colisão;Anoitecer;;;Meio de Quadra;;Longo da via;0;1;0;0;0;0;0;0;0;0;0;0;0;(0 0);
355074;2020-01-03 17:58:00;RUA EUZEBIO DE QUEIROS, ;RUA ROMEU MARTINS, ; ;;;Atropelamento;Anoitecer;;;Cruz;Pare;Cruzamento;0;1;1;0;1;0;0;0;0;0;0;0;0;(-38.553218 -3.765892);
355073;2020-01-03 17:19:00;RUA NICACIO PINTO, ;AVENIDA DIOGUINHO, ; ;;;Colisão;Anoitecer;;;Cruz;Não Há Controle;Cruzamento;0;1;0;0;0;0;0;0;0;0;0;0;0;(-38.45625 -3.736265);
355071;2020-01-03 16:31:00;RUA PRO ALVARO COSTA, 1195;, ; 1195;;;Colisão;Luz do Dia;;;Meio de Quadra;;Longo da via;0;1;1;1;1;0;0;0;0;0;0;0;0;(-38.47334 -3.72734);
355070;2020-01-03 16:05:00;AVENIDA GAL OSORIO DE PAIVA, 5390;, ; 5390;;;Colisão;Luz do Dia;;;Meio de Quadra;;Longo da via;0;1;0;0;1;0;0;0;0;1;0;0;0;(-38.602059 -3.804708);
354633;2020-01-03 15:08:00;AVENIDA A CJ JOSE WALTER, ;AVENIDA M CJ JOSE WALTER, ; ;;;Colisão Transversal;Luz do Dia;Bom;Seca;Outros;Pare;Cruzamento;0;0;2;0;1;0;0;1;0;0;0;0;0;(-38.555667 -3.824397);
355069;2020-01-03 15:00:00;RUA CEL MATOS DOURADO, 901;, ; 901;;;Colisão;Luz do Dia;;;Meio de Quadra;;Longo da via;0;1;0;1;1;0;0;0;0;0;0;0;0;(-38.584821 -3.746788);
354551;2020-01-03 14:35:00;RD CE-025, ;, ; ;;;Colisão;Luz do Dia;;;Meio de Quadra;;Longo da via;0;2;0;2;0;0;0;0;0;0;0;0;0;(-38.46108452 -3.807634505);
355539;2020-01-03 14:30:00;RUA DR HELIO VIANA, 240;, ; 240;;;Colisão;Luz do Dia;;;Meio de Quadra;;Longo da via;0;1;0;0;0;0;0;0;0;0;0;0;0;(-38.5622869 -3.72899292);
355067;2020-01-03 14:24:00;AVENIDA ALBERTO CRAVEIRO, ;RUA ARISTIDES LOBO, ; ;;;Colisão;Luz do Dia;;;Meio de Quadra;Pare;Cruzamento;0;1;0;0;0;0;0;0;0;0;1;0;0;(-38.51819 -3.79594);
355065;2020-01-03 12:46:00;AVENIDA AMERICO BARREIRA, 5470;, ; 5470;;;Colisão;Luz do Dia;;;Meio de Quadra;;Longo da via;0;1;0;2;0;0;0;0;0;0;0;0;0;(-38.56422 -3.75992);
355064;2020-01-03 10:46:00;RUA ALMEIDA PRADO, 154;, ; 154;;;Queda;Luz do Dia;;;Meio de Quadra;;Longo da via;0;1;0;1;0;0;0;0;0;0;0;0;0;(-38.47314 -3.73732);
355059;2020-01-03 10:32:00;RUA RAIMUNDO NERY, 10;, ; 10;;;Atropelamento;Luz do Dia;;;Meio de Quadra;;Longo da via;0;1;1;0;1;0;0;0;0;0;0;0;0;(-38.5879584 -3.7904938);
354632;2020-01-03 10:28:00;AVENIDA H CJ CEARA, 1280;AVENIDA G CJ CEARA, ; 1280;;;Colisão Lateral;Luz do Dia;Bom;Seca;;;Cruzamento;0;1;1;1;0;0;0;1;0;0;0;0;0;(-38.610167 -3.775739);
355058;2020-01-03 10:18:00;RUA 1157 CJ CEARA, ;, ; ;;;Colisão;Luz do Dia;;;Meio de Quadra;;Longo da via;0;1;0;2;0;0;0;0;0;0;0;0;0;(0 0);
354631;2020-01-03 10:00:00;AVENIDA FRANCISCO SA, ;TRAVESSA ARATANHA, ; ;;;Colisão;Luz do Dia;Bom;Seca;T;Pare;Cruzamento;0;2;0;1;1;0;0;0;0;0;0;0;0;(-38.582182 -3.708679);
355057;2020-01-03 09:22:00;RUA GONTRAN GIFFONI, ;RUA JOR CESAR MAGALHAES, ; ;;;Colisão;Luz do Dia;;;Cruz;Pare;Cruzamento;0;1;0;1;1;0;0;0;0;0;0;0;0;(-38.489127 -3.769449);
355056;2020-01-03 08:50:00;AVENIDA GOV RAUL BARBOSA, 7255;, ; 7255;;;Colisão;Luz do Dia;;;Meio de Quadra;;Longo da via;0;1;0;0;1;0;0;0;0;1;0;0;0;(-38.51293 -3.7756093);
355029;2020-01-03 08:07:00;RUA JOAQUIM NABUCO, 1224;, ; 1224;;;Colisão;Luz do Dia;;;Meio de Quadra;;Longo da via;0;1;0;0;1;0;0;1;0;0;0;0;0;(-38.4981338 -3.7259561);
355028;2020-01-03 07:55:00;AVENIDA CEL CARVALHO, 2675;, ; 2675;;;Queda;Luz do Dia;;;Meio de Quadra;;Longo da via;0;1;0;1;0;0;0;0;0;0;0;0;0;(-38.585556 -3.726383286);
355027;2020-01-03 07:42:00;AVENIDA MOZART PINHEIRO DE LUCENA, 2316;, ; 2316;;;Colisão;Luz do Dia;;;Meio de Quadra;;Longo da via;0;1;0;0;0;0;0;0;0;0;1;0;0;(-38.597226 -3.723515);
354550;2020-01-03 07:30:00;RD CE-040, ;, ; ;;;Colisão;Luz do Dia;;;Meio de Quadra;;Longo da via;0;2;0;1;1;0;0;0;0;0;0;0;0;(-38.47953463 -3.800595823);
355026;2020-01-03 07:26:00;AVENIDA GODOFREDO MACIEL, 3399;, ; 3399;;;Colisão;Luz do Dia;;;Meio de Quadra;;Longo da via;0;1;0;1;1;0;0;0;0;0;0;0;0;(-38.572536 -3.804857);
354630;2020-01-03 07:15:00;RUA MANUEL ARRUDA, ;RUA HERBENE, ; ;;;Colisão Lateral;Luz do Dia;Bom;Seca;Cruz;Pare;Cruzamento;0;2;2;0;2;0;0;0;0;0;0;0;0;(-38.504019 -3.828948);
354982;2020-01-03 00:36:00;RUA ARTUR DE CARVALHO, 1001;, ; 1001;;;Atropelamento;;;;Meio de Quadra;;Longo da via;0;1;1;0;1;0;0;0;0;0;0;0;0;(-38.470223 -3.827022);
354981;2020-01-02 22:18:00;RUA MIN ABNER VASCONCELOS, 825;, ; 825;;;Atropelamento;;;;Meio de Quadra;;Longo da via;0;2;0;0;0;0;0;1;0;0;0;0;0;(-38.47888 -3.79626);
354355;2020-01-02 22:00:00;AVENIDA DOS EXPEDICIONARIOS, ;RUA STA LUZIA, ; ;;;Colisão Transversal;Anoitecer;Bom;Seca;Cruz;Pare;Cruzamento;0;2;0;1;1;0;0;0;0;0;0;0;0;(-38.539744 -3.760177);
354980;2020-01-02 21:52:00;RUA 1 CAMPO DOS INGLESES, 10;, ; 10;;;Atropelamento;;;;Meio de Quadra;;Longo da via;0;2;0;0;1;0;0;0;0;0;0;0;0;(-38.5660288 -3.80071535);
354979;2020-01-02 20:37:00;RUA ALBERTO FERREIRA, 250;, ; 250;;;Colisão;;;;Meio de Quadra;;Longo da via;0;2;0;2;0;0;0;0;0;0;0;0;0;(-38.58299 -3.71923);
354629;2020-01-02 20:21:00;AVENIDA CASTELO DE CASTRO, 130;, ; 130;;;Choque c/ Obstáculo Fixo;Via Iluminada;Bom;Seca;Meio de Quadra;Não Há Controle;Longo da via;0;2;1;0;3;0;0;0;0;0;0;0;0;(-38.521465 -3.830081);
354978;2020-01-02 20:18:00;RUA L CJ VILA VELHA, ;, ; ;;;Colisão;;;;Meio de Quadra;;Longo da via;0;1;0;0;0;0;0;0;0;0;1;0;0;(0 0);
354628;2020-01-02 19:58:00;AVENIDA SANTOS DUMONT, ;RUA DR JOSE LOURENCO, ; ;;;Colisão Transversal;Via Iluminada;Bom;Molhada;Cruz;Gesto;Cruzamento;0;2;0;0;2;0;0;0;0;0;0;0;0;(-38.50738 -3.733299);
354352;2020-01-02 19:40:00;RUA DOM MANUEL DE MEDEIROS, ;RUA JOSE SOMBRA, ; ;;;Colisão Transversal;Via Iluminada;Bom;Seca;Cruz;Pare;Cruzamento;0;1;1;1;0;1;0;0;0;0;0;0;0;(-38.54678 -3.735546);
354354;2020-01-02 19:30:00;RUA DES OTACILIO PEIXOTO, ;AVENIDA DR SILAS MUNGUBA, ; ;;;Colisão Lateral;;Bom;Seca;T;Semáforo;Cruzamento;0;1;1;1;1;0;0;0;0;0;0;0;0;(-38.530329 -3.800419);
354977;2020-01-02 18:46:00;RUA PAPI JUNIOR, 2270;, ; 2270;;;Queda;;;;Meio de Quadra;;Longo da via;0;1;0;0;0;0;0;0;0;1;0;0;0;(-38.5596705 -3.75451686);
354972;2020-01-02 18:20:00;AVENIDA SGT HERMINIO SAMPAIO, ;AVENIDA JOSE BASTOS, ; ;;;Colisão;Anoitecer;;;Cruz;Semáforo;Cruzamento;0;3;0;2;0;0;0;0;0;0;0;0;0;(-38.56815 -3.72779);
354971;2020-01-02 18:17:00;AVENIDA HEROIS DO ACRE, 456;, ; 456;;;Colisão;Anoitecer;;;Meio de Quadra;;Longo da via;0;1;0;1;1;0;0;0;0;0;0;0;0;(-38.5330122 -3.80316024);
354968;2020-01-02 17:57:00;AVENIDA CASTELO DE CASTRO, ;, ; ;;;Atropelamento;Anoitecer;;;Meio de Quadra;;Longo da via;0;1;1;0;1;0;0;0;0;0;0;0;0;(0 0);
354955;2020-01-02 17:06:00;AVENIDA H CJ CEARA, 1832;, ; 1832;;;Colisão;Anoitecer;;;Meio de Quadra;;Longo da via;0;1;0;0;2;0;0;0;0;0;0;0;0;(-38.615228 -3.776383);
354954;2020-01-02 17:02:00;RD BR 116, ;, ; ;;;Queda;Anoitecer;;;Meio de Quadra;;Longo da via;0;2;0;1;0;0;0;0;0;0;0;0;0;(0 0);
354952;2020-01-02 16:45:00;RUA SAO LUIZ DO OESTE, 495;, ; 495;;;Atropelamento;Luz do Dia;;;Meio de Quadra;;Longo da via;0;2;0;1;0;0;0;0;0;0;0;0;0;(-38.61051 -3.78372);
354627;2020-01-02 15:42:00;AVENIDA DOS EXPEDICIONARIOS, ;RUA ANDRE CHAVES, ; ;;;Colisão Lateral;Luz do Dia;Nublado;Seca;Cruz;Semáforo;Cruzamento;0;1;1;1;1;0;0;0;0;0;0;0;0;(-38.538903 -3.757345);
354951;2020-01-02 15:32:00;RD BR 116, 2524;, ; 2524;;;Queda;Luz do Dia;;;Meio de Quadra;;Longo da via;0;1;0;1;0;0;0;0;0;0;0;0;0;(-38.503053 -3.804691);
354654;2020-01-02 15:00:00;AVENIDA BENJAMIM BRASIL, 1445;, ; 1445;;;Colisão;Luz do Dia;Bom;Não informado;Meio de Quadra;Não Há Controle;Longo da via;0;3;0;1;1;0;0;0;0;0;0;0;0;(-38.56247 -3.80635);
354626;2020-01-02 11:26:00;AVENIDA DEP PAULINO ROCHA, 1901;, ; 1901;;;Colisão Traseira;Luz do Dia;Nublado;Seca;Meio de Quadra;Não Há Controle;Longo da via;0;1;1;1;1;0;0;0;0;0;0;0;0;(-38.51469325 -3.811296657);
354280;2020-01-02 10:45:00;RUA BERNARDO MANUEL, 7616;, ; 7616;;;Colisão Traseira;Luz do Dia;Chuva;Molhada;Meio de Quadra;Semáforo;Longo da via;0;1;1;1;1;0;0;0;0;0;0;0;0;(-38.547231 -3.7850955);
354947;2020-01-02 10:34:00;RUA PAULINO ROCHA D32, 1851;, ; 1851;;;Colisão;Luz do Dia;;;Meio de Quadra;;Longo da via;0;1;1;1;1;0;0;0;0;0;0;0;0;(-38.6259294 -3.78842189);
354915;2020-01-02 10:15:00;RUA PINTO MADEIRA, 1236;, ; 1236;;;Colisão;Luz do Dia;;;Meio de Quadra;;Longo da via;0;2;1;1;1;0;0;0;0;0;0;0;0;(-38.51439 -3.733285);
354913;2020-01-02 09:55:00;RUA TEN JURANDIR ALENCAR, 105;, ; 105;;;Colisão;Luz do Dia;;;Meio de Quadra;;Longo da via;0;1;0;0;0;0;0;0;0;0;1;0;0;(-38.49463 -3.83164);
354356;2020-01-02 08:55:00;RUA TEN JURANDIR ALENCAR, 105;, ; 105;;;Colisão Transversal;Luz do Dia;Nublado;Seca;Meio de Quadra;Não Há Controle;Longo da via;0;1;1;1;0;0;0;1;0;0;0;0;0;(-38.49463 -3.83164);
354909;2020-01-02 06:52:00;AVENIDA CEL CARVALHO, 920;, ; 920;;;Colisão;Luz do Dia;;;Meio de Quadra;;Longo da via;0;2;0;1;1;0;0;0;0;0;0;0;0;(-38.58976 -3.71063);
354596;2020-01-02 06:10:00;RD BR 116, ;, ; ;;;Não informado;Luz do Dia;Chuva;Molhada;Meio de Quadra;;Longo da via;0;0;1;0;0;0;1;0;0;0;0;0;0;(-38.503869 -3.802354);
354907;2020-01-02 01:03:00;RUA OSCAR BEZERRA ARAUJO, 1280;, ; 1280;;;Choque c/ Obstáculo Fixo;;;;Meio de Quadra;;Longo da via;0;1;0;0;1;0;0;0;0;0;0;0;0;(0 0);